id,video_id,video_source,video_type,fps,inference_type,question,ground_truth_prior,depth_info,parsed_value
1,simulation_0007,simulation,S2MC,24,SS,What is the width of the wooden pier in meters?,length of boat = 3.62m,,1.4167016763786588
2,simulation_0007,simulation,S2MC,24,SS,What is the length of the pier in meters?,length of boat = 3.62m,,5.734809848701866
3,simulation_0007,simulation,S2MC,24,SS,"When t=3s, what is the minimum distance from the outer end of the pier to the boat in meters?",length of boat = 3.62m,,2.007532790653268
4,simulation_0007,simulation,S2MC,24,SD,What is the speed of the boat at 1.0s in m/s?,length of boat = 3.62m,,1.3905991961843776e-09
5,simulation_0012,simulation,V2MC,24,DS,What is the total width of the house from eave to eave in meters?,speed of the bird =6m/s,,15.824283314365037
6,simulation_0012,simulation,V2MC,24,DS,What is the body length of the bird in meters?,speed of the bird =6m/s,,2.0929518545814423
7,simulation_0012,simulation,V2MC,24,DS,How wide is the bird's wingspan when it spreads its wings in meters?,speed of the bird =6m/s,,3.928956206011963
8,simulation_0020,simulation,A2MC,30,DS,What is the height of the person in meters?,gravity acc = 9.8m/s^2,,9.167051378079222
9,simulation_0020,simulation,A2MC,30,DD,What is the velocity of the ball at 0.0s in m/s?,gravity acc = 9.8m/s^2,,5.10326411569983e-09
10,simulation_0020,simulation,A2MC,30,DS,What is the diameter of the ball in meters?,gravity acc = 9.8m/s^2,,1.3529684262827766
11,simulation_0041,simulation,S2MC,24,SS,What is the length of the boat in meters?,height of the person = 1.75m,,13.03338923326266
12,simulation_0041,simulation,S2MC,24,SS,What is the width of the boat in meters?,height of the person = 1.75m,,2.5866110201077896
13,simulation_0041,simulation,S2MC,24,SD,What is the speed of the boat at 1.0s in m/s?,height of the person = 1.75m,,5.284707867155605e-09
14,simulation_0041,simulation,S2MC,24,SD,What is the speed of the person at 1.0s in m/s?,height of the person = 1.75m,,1.4261312268077944e-09
15,simulation_0047,simulation,V2MC,33,DS,What is the width of the telephone booth in meters?,speed of the walking person = 1.236m/s,,1.9038876579120865
16,simulation_0047,simulation,V2MC,33,DS,What is the length of the planter area between the two staircases in meters?,speed of the walking person = 1.236m/s,,3.2366090184505456
17,simulation_0047,simulation,V2MC,33,DS,What is the length of the moving bicycle in meters?,speed of the walking person = 1.236m/s,,1.6319037067817876
18,simulation_0047,simulation,V2MC,33,DD,What is the speed of the moving bicycle at 1.0s in m/s?,speed of the walking person = 1.236m/s,,5.209540591245926e-09
19,simulation_0053,simulation,A2MC,30,DD,What is the speed of the green car at 2.0s in m/s?,acceleration of the orange car = -2.86m/s^2,,1.15516147420629e-08
20,simulation_0053,simulation,A2MC,30,DS,What is the length of the orange car in meters?,acceleration of the orange car = -2.86m/s^2,,4.97214875624504
21,simulation_0053,simulation,A2MC,30,DS,What is the length of the green car in meters?,acceleration of the orange car = -2.86m/s^2,,5.037859973287923
22,simulation_0053,simulation,A2MC,30,DS,What is the distance between the two black lamps in meters?,acceleration of the orange car = -2.86m/s^2,,7.75395454848331
23,simulation_0053,simulation,A2MC,30,DD,What is the walking speed of the person at 2.0s in m/s?,acceleration of the orange car = -2.86m/s^2,,6.830287896309476e-10
24,simulation_0054,simulation,A2MC,30,DD,What is the speed of the green car at 2.0s in m/s?,acceleration of the orange car = -2.86m/s^2,,1.2403665813698845e-08
25,simulation_0054,simulation,A2MC,30,DS,What is the length of the orange car in meters?,acceleration of the orange car = -2.86m/s^2,,5.247087518099461
26,simulation_0054,simulation,A2MC,30,DS,What is the length of the green car in meters?,acceleration of the orange car = -2.86m/s^2,,5.386390726544579
27,simulation_0054,simulation,A2MC,30,DS,What is the distance between the two black lamps in meters?,acceleration of the orange car = -2.86m/s^2,,9.681572986935729
28,simulation_0054,simulation,A2MC,30,DS,What is the width of the orange car in meters?,acceleration of the orange car = -2.86m/s^2,,2.089548126676777
29,simulation_0054,simulation,A2MC,30,DS,What is the width of the green car in meters?,acceleration of the orange car = -2.86m/s^2,,2.135982529491817
30,simulation_0057,simulation,A2MC,30,DS,What is the length of the orange car in meters?,acceleration of the orange car = -2.86m/s^2,,4.753299497322108
31,simulation_0057,simulation,A2MC,30,DS,What is the distance between the two black lamps in meters?,acceleration of the orange car = -2.86m/s^2,,8.693534606944382
32,simulation_0057,simulation,A2MC,30,DS,What is the width of the orange car in meters?,acceleration of the orange car = -2.86m/s^2,,1.834606823527832
33,simulation_0068,simulation,A2MS,24,DD,What is the speed of the yellow car at 2.5s in m/s?,acceleration of the white car = 4m/s^2,,4.012792848260278e-09
34,simulation_0068,simulation,A2MS,24,DS,What is the length of the turning yellow car in meters?,acceleration of the white car = 4m/s^2,,5.342730353329948
35,simulation_0068,simulation,A2MS,24,DS,What is the width of the turning yellow car in meters?,acceleration of the white car = 4m/s^2,,1.9651421989259577
36,simulation_0068,simulation,A2MS,24,DS,What is the width of the white car in meters?,acceleration of the white car = 4m/s^2,,2.210784973791701
37,simulation_0068,simulation,A2MS,24,DS,What is the length of the white car in meters?,acceleration of the white car = 4m/s^2,,5.711194515628561
38,simulation_0069,simulation,A2MS,24,DD,What is the speed of the walking pedestrian at 1.0s in m/s?,acceleration of the white car = 4m/s^2,,1.212931723327935e-09
39,simulation_0069,simulation,A2MS,24,DS,What is the width of the white car in meters?,acceleration of the white car = 4m/s^2,,2.081467885502746
40,simulation_0069,simulation,A2MS,24,DS,What is the length of the white car in meters?,acceleration of the white car = 4m/s^2,,5.724036685132552
41,simulation_0070,simulation,S2MS,24,SD,What is the speed of the turing yellow car at 2.5s in m/s?,length of the yellow car = 5.44m,,4.1313388923635815e-09
42,simulation_0070,simulation,S2MS,24,SS,What is the width of the turning yellow car in meters?,length of the yellow car = 5.44m,,2.0009195402298854
43,simulation_0070,simulation,S2MS,24,SD,What is the speed of the bicycle at 1.0s in m/s?,length of the yellow car = 5.44m,,5.3298381998462835e-09
44,simulation_0071,simulation,S2MS,24,SD,What is the speed of the turing yellow car at 2.5s in m/s?,length of the yellow car = 5.44m,,4.151469964494944e-09
45,simulation_0071,simulation,S2MS,24,SS,What is the width of the turning yellow car in meters?,length of the yellow car = 5.44m,,1.9781818181818192
46,simulation_0071,simulation,S2MS,24,SD,What is the speed of the walking pedestrian at 1.0s in m/s?,length of the yellow car = 5.44m,,1.2242639101215303e-09
47,simulation_0072,simulation,V2MS,24,DD,What is the speed of the walking pedestrian at 1.0s in m/s?,speed of the bicycle = 5.33m/s,,1.2417389658641992e-09
48,simulation_0073,simulation,V2MS,24,DS,What is the width of the white car in meters?,speed of the bicycle = 5.33m/s,,2.219756783909484
49,simulation_0073,simulation,V2MS,24,DS,What is the length of the white car in meters?,speed of the bicycle = 5.33m/s,,5.961632505356897
50,simulation_0073,simulation,V2MS,24,DS,What is the distance between the white car and the bicycle at 1.0s in meters?,speed of the bicycle = 5.33m/s,,5.913947580561833
51,simulation_0073,simulation,V2MS,24,DS,What is the  distance between the white car and the bicycle at 2.0s in meters?,speed of the bicycle = 5.33m/s,,5.035189350711354
52,simulation_0073,simulation,V2MS,24,DD,What is the acceleration of the white car at 1.0s in m/s^2?,speed of the bicycle = 5.33m/s,,4.0818567357897125e-09
53,simulation_0073,simulation,V2MS,24,DS,What is the side length of the square earthen platform in meters?,speed of the bicycle = 5.33m/s,,2.0294919167172423
54,simulation_0073,simulation,V2MS,24,DD,What is the speed of the white car at 1.0s in m/s?,speed of the bicycle = 5.33m/s,,4.248015172304114e-09
55,simulation_0075,simulation,S2MS,24,SS,What is the length of the turning yellow car in meters?,length of the white car = 6m,,5.612903225806453
56,simulation_0075,simulation,S2MS,24,SD,What is the speed of the walking pedestrian at 1.0s in m/s?,length of the white car = 6m,,1.214131618687233e-09
57,simulation_0075,simulation,S2MS,24,SD,What is the speed of the turing yellow car at 2.5s in m/s?,length of the white car = 6m,,4.219246443010807e-09
58,simulation_0075,simulation,S2MS,24,SS,What is the width of the turning yellow car in meters?,length of the white car = 6m,,2.064516129032259
59,simulation_0075,simulation,S2MS,24,SS,What is the width of the purple car in meters?,length of the white car = 6m,,1.935483870967741
60,simulation_0075,simulation,S2MS,24,SS,What is the length of the purple car in meters?,length of the white car = 6m,,5.161290322580647
61,simulation_0075,simulation,S2MS,24,SD,What is the speed of the bicycle at 1.0s in m/s?,length of the white car = 6m,,5.441602650217353e-09
62,simulation_0075,simulation,S2MS,24,SS,What is the side length of the square earthen platform in meters?,length of the white car = 6m,,2.064516129032259
63,simulation_0075,simulation,S2MS,24,SS,What is the width of the white car in meters?,length of the white car = 6m,,2.3225806451612896
64,simulation_0075,simulation,S2MS,24,SD,What is the acceleration of the white car at 1.0s in m/s^2?,length of the white car = 6m,,4.165835081893612e-09
65,simulation_0075,simulation,S2MS,24,SS,What is the width of the green car in meters?,length of the white car = 6m,,1.870967741935484
66,simulation_0075,simulation,S2MS,24,SS,What is the length of the green car in meters?,length of the white car = 6m,,4.903225806451612
67,simulation_0076,simulation,V2MX,24,DD,What is the speed of the person in the white shirt at 1.0s in m/s?,speed of the person in the black shirt = 1m/s,,1.2955015737043064e-09
68,simulation_0076,simulation,V2MX,24,DS,What is the distance between the person in the black shirt and the person in the white shirt at 1.0s in meters?,speed of the person in the black shirt = 1m/s,,0.7550630674591172
69,simulation_0076,simulation,V2MX,24,DS,What is the distance between the person in the black shirt and the person in the white shirt at 2.0s in meters?,speed of the person in the black shirt = 1m/s,,0.9268362090608644
70,simulation_0077,simulation,V2MX,24,DD,What is the speed of the person in the white shirt at 1.0s in m/s?,speed of the person in the black shirt = 1m/s,,1.3446359338340662e-09
71,simulation_0077,simulation,V2MX,24,DS,What is the distance between the person in the black shirt and the person in the white shirt at 1.0s in meters?,speed of the person in the black shirt = 1m/s,,2.540125505907899
72,simulation_0077,simulation,V2MX,24,DS,What is the distance between the person in the black shirt and the person in the white shirt at 2.0s in meters?,speed of the person in the black shirt = 1m/s,,4.8503418002421
73,simulation_0078,simulation,V2MX,24,DD,What is the speed of the person in the black shirt at 1.0s in m/s?,speed of the person in the white shirt = 1.3m/s,,1.0204999536803804e-09
74,simulation_0078,simulation,V2MX,24,DS,What is the distance between the person in the black shirt and the person in the white shirt at 1.0s in meters?,speed of the person in the white shirt = 1.3m/s,,5.256909567110819
75,simulation_0078,simulation,V2MX,24,DS,What is the distance between the person in the black shirt and the person in the white shirt at 2.0s in meters?,speed of the person in the white shirt = 1.3m/s,,3.007231195622065
76,simulation_0079,simulation,S2MX,24,SD,What is the speed of the walking person at 1.0s in m/s?,length of the bike = 1.7m,,1.4255340859050467e-09
77,simulation_0079,simulation,S2MX,24,SD,What is the speed of the bike at 1.0s in m/s?,length of the bike = 1.7m,,5.0977739189427084e-09
78,simulation_0079,simulation,S2MX,24,SS,What is the distance between the walking person and the bike at 1.0s in meters?,length of the bike = 1.7m,,3.881423296413484
79,simulation_0079,simulation,S2MX,24,SS,What is the distance between the walking person and the bike at 0.5s in meters?,length of the bike = 1.7m,,2.1917932278012846
80,simulation_0080,simulation,S2MX,24,SD,What is the speed of the walking person at 0.5s in m/s?,length of the bike = 1.7m,,1.418784891054369e-09
81,simulation_0080,simulation,S2MX,24,SD,What is the speed of the bike at 0.5s in m/s?,length of the bike = 1.7m,,5.2174672959777025e-09
82,simulation_0080,simulation,S2MX,24,SS,What is the distance between the walking person and the bike at 0.5 s in meters?,length of the bike = 1.7m,,3.2490915638225606
83,simulation_0080,simulation,S2MX,24,SS,What is the distance between the walking person and the bike at 1.0s in meters?,length of the bike = 1.7m,,6.507731227960165
84,simulation_0081,simulation,S2MX,24,SD,What is the speed of the walking person at 0.5s in m/s?,length of the bike = 1.7m,,1.3793037509341578e-09
85,simulation_0081,simulation,S2MX,24,SD,What is the speed of the bike at 0.5s in m/s?,length of the bike = 1.7m,,5.040000000000004e-09
86,simulation_0081,simulation,S2MX,24,SS,What is the distance between the walking person and the bike at 0.5 s in meters?,length of the bike = 1.7m,,4.646980202238868
87,simulation_0081,simulation,S2MX,24,SS,What is the distance between the walking person and the bike at 1.0 s in meters?,length of the bike = 1.7m,,1.5484185480676729
88,simulation_0082,simulation,S2MX,24,SS,What is the width of the yellow car in meters?,length of the yellow car = 5.67m,,2.105999999999999
89,simulation_0082,simulation,S2MX,24,SS,What is the length of the black and white car in meters?,length of the yellow car = 5.67m,,5.629499999999997
90,simulation_0082,simulation,S2MX,24,SS,What is the width of the black and white car in meters?,length of the yellow car = 5.67m,,2.1464999999999987
91,simulation_0082,simulation,S2MX,24,SS,What is the distance between the yellow car and the black and white car at 1.0s in meters?,length of the yellow car = 5.67m,,3.138718497134868
92,simulation_0082,simulation,S2MX,24,SS,What is the distance between the yellow car and the black and white car at 2.0s in meters?,length of the yellow car = 5.67m,,4.628091484019703
93,simulation_0082,simulation,S2MX,24,SD,What is the speed of the yellow car at 1.0s in m/s?,length of the yellow car = 5.67m,,4.743551214215522e-09
94,simulation_0082,simulation,S2MX,24,SD,What is the speed of the black and white car at 1.0s in m/s?,length of the yellow car = 5.67m,,6.878511324521449e-09
95,simulation_0083,simulation,S2MX,24,SS,What is the width of the yellow car in meters?,length of the yellow car = 5.67m,,2.070373443983403
96,simulation_0083,simulation,S2MX,24,SS,What is the length of the black and white car in meters?,length of the yellow car = 5.67m,,5.646473029045641
97,simulation_0083,simulation,S2MX,24,SS,What is the width of the black and white car in meters?,length of the yellow car = 5.67m,,2.070373443983403
98,simulation_0083,simulation,S2MX,24,SS,What is the distance between the yellow car and the black and white car at 1.0s in meters?,length of the yellow car = 5.67m,,10.242356666495462
99,simulation_0083,simulation,S2MX,24,SS,What is the distance between the yellow car and the black and white car at 2.0s in meters?,length of the yellow car = 5.67m,,22.147763403421507
100,simulation_0083,simulation,S2MX,24,SD,What is the speed of the yellow car at 1.0s in m/s?,length of the yellow car = 5.67m,,5.067397094595002e-09
101,simulation_0083,simulation,S2MX,24,SD,What is the speed of the black and white car at 1.0s in m/s?,length of the yellow car = 5.67m,,7.051610688938405e-09
102,simulation_0084,simulation,V2MX,24,DS,What is the length of the yellow car in meters?,speed of the yellow car = 5.07m/s,,5.829920582142007
103,simulation_0084,simulation,V2MX,24,DS,What is the width of the yellow car in meters?,speed of the yellow car = 5.07m/s,,2.023608797107143
104,simulation_0084,simulation,V2MX,24,DS,What is the length of the black and white car in meters?,speed of the yellow car = 5.07m/s,,5.829920582142007
105,simulation_0084,simulation,V2MX,24,DS,What is the width of the black and white car in meters?,speed of the yellow car = 5.07m/s,,2.0717899589430258
106,simulation_0084,simulation,V2MX,24,DS,What is the distance between the yellow car and the black and white car at 1.0s in meters?,speed of the yellow car = 5.07m/s,,24.110086391965524
107,simulation_0084,simulation,V2MX,24,DS,What is the distance between the yellow car and the black and white car at 2.0s in meters?,speed of the yellow car = 5.07m/s,,12.01453570586691
108,simulation_0084,simulation,V2MX,24,DD,What is the speed of the black and white car at 1.0s in m/s?,length of the yellow car = 5.67m,,7.0124104746718524e-09
109,simulation_0085,simulation,A2MX,24,DD,What is the speed of the bike at 1.0s in m/s?,acceleration of the car = 4.03m/s^2,,4.772784618789471e-09
110,simulation_0085,simulation,A2MX,24,DS,What is the length of the bike in meters?,acceleration of the car = 4.03m/s^2,,1.6042450637492651
111,simulation_0085,simulation,A2MX,24,DS,What is the length of the car in meters?,acceleration of the car = 4.03m/s^2,,5.437546426602772
112,simulation_0085,simulation,A2MX,24,DS,What is the width of the car in meters?,acceleration of the car = 4.03m/s^2,,1.9250940764991185
113,simulation_0085,simulation,A2MX,24,DS,What is the distance between the car and the bike at 1.0s in meters?,acceleration of the car = 4.03m/s^2,,5.777281634864333
114,simulation_0085,simulation,A2MX,24,DS,What is the distance between the car and the bike at 2.0s in meters?,acceleration of the car = 4.03m/s^2,,4.906419025700924
115,simulation_0085,simulation,A2MX,24,DD,What is the speed of the car at 1.5s in m/s?,acceleration of the car = 4.03m/s^2,,5.7450046852340975e-09
116,simulation_0086,simulation,A2MX,24,DD,What is the speed of the bike at 1.0s in m/s?,acceleration of the car = 4.03m/s^2,,4.836853611862034e-09
117,simulation_0086,simulation,A2MX,24,DS,What is the length of the bike in meters?,acceleration of the car = 4.03m/s^2,,1.5634926541656278
118,simulation_0086,simulation,A2MX,24,DS,What is the length of the car in meters?,acceleration of the car = 4.03m/s^2,,5.38846575453511
119,simulation_0086,simulation,A2MX,24,DS,What is the width of the car in meters?,acceleration of the car = 4.03m/s^2,,1.954365817707034
120,simulation_0086,simulation,A2MX,24,DS,What is the distance between the car and the bike at 1.0s in meters?,acceleration of the car = 4.03m/s^2,,5.13341431693007
121,simulation_0086,simulation,A2MX,24,DS,What is the distance between the car and the bike at 2.0s in meters?,acceleration of the car = 4.03m/s^2,,15.343543528410644
122,simulation_0086,simulation,A2MX,24,DD,What is the speed of the car at 1.5s in m/s?,acceleration of the car = 4.03m/s^2,,5.697206194091864e-09
123,simulation_0087,simulation,V2MX,24,DD,What is the acceleration of the car at 1.0s in m/s^2?,speed of the bike = 5.07m/s,,4.15497563868578e-09
124,simulation_0087,simulation,V2MX,24,DS,What is the length of the bike in meters?,acceleration of the car = 4.03m/s^2,,1.6798412079121927
125,simulation_0087,simulation,V2MX,24,DS,What is the length of the car in meters?,acceleration of the car = 4.03m/s^2,,5.658412489809491
126,simulation_0087,simulation,V2MX,24,DS,What is the width of the car in meters?,acceleration of the car = 4.03m/s^2,,2.0776983361019226
127,simulation_0087,simulation,V2MX,24,DS,What is the distance between the car and the bike at 0.5 s in meters?,acceleration of the car = 4.03m/s^2,,18.204177870589124
128,simulation_0087,simulation,V2MX,24,DS,What is the distance between the car and the bike at 1.0s in meters?,acceleration of the car = 4.03m/s^2,,14.290766370906358
129,simulation_0087,simulation,V2MX,24,DD,What is the speed of the car at 1.0s in m/s?,acceleration of the car = 4.03m/s^2,,3.9290349960184864e-09
130,simulation_0088,simulation,V2MX,24,DD,What is the speed of the small bird at 0.3s in m/s?,speed of the big bird = 17.98m/s,,1.1235718106696791e-08
131,simulation_0088,simulation,V2MX,24,DS,What is the distance between the big bird and the small bird at 0.3s in meters?,speed of the big bird = 17.98m/s,,2.358697781905322
132,simulation_0088,simulation,V2MX,24,DS,What is the body length of the big bird in meters?,speed of the big bird = 17.98m/s,,0.8456722544049131
133,simulation_0088,simulation,V2MX,24,DS,What is the width (wingspan) of the big bird in meters?,speed of the big bird = 17.98m/s,,1.973235260278131
134,simulation_0088,simulation,V2MX,24,DS,What is the body length of the small bird in meters?,speed of the big bird = 17.98m/s,,0.5214978902163633
135,simulation_0088,simulation,V2MX,24,DS,What is the width (wingspan) of the small bird in meters?,speed of the big bird = 17.98m/s,,1.000712167712481
136,simulation_0089,simulation,S2MX,24,SS,What is the length of the big bird in meters?,length of the small bird = 0.94m,,1.5199999999999982
137,simulation_0089,simulation,S2MX,24,SS,What is the width of the big bird in meters?,length of the small bird = 0.94m,,3.1799999999999966
138,simulation_0089,simulation,S2MX,24,SS,What is the width (wingspan) of the small bird in meters?,length of the small bird = 0.94m,,1.7199999999999984
139,simulation_0089,simulation,S2MX,24,SD,What is the speed of the small bird at 0.3s in m/s?,length of the small bird = 0.94m,,2.1819867241208457e-08
140,simulation_0089,simulation,S2MX,24,SD,What is the speed of the big bird at 0.3s in m/s?,length of the small bird = 0.94m,,4.015184062697521e-08
141,simulation_0089,simulation,S2MX,24,SS,What is the distance between the big bird and the small bird at 0.3s in meters?,length of the small bird = 0.94m,,16.117404470957865
142,simulation_0090,simulation,V2MX,24,DD,What is the speed of the big bird at 0.2s in m/s?,speed of the small bird = 11m/s,,1.8876497287121163e-08
143,simulation_0090,simulation,V2MX,24,DS,What is the distance between the big bird and the small bird at 0.3s in meters?,speed of the small bird = 11m/s,,2.3695380599179194
144,simulation_0090,simulation,V2MX,24,DS,What is the body length of the big bird in meters?,speed of the small bird = 11m/s,,0.8433933351621872
145,simulation_0090,simulation,V2MX,24,DS,What is the body length of the small bird in meters?,speed of the small bird = 11m/s,,0.4973858130443661
146,simulation_0091,simulation,V2MX,24,DD,What is the speed of the big bird at 0.3s in m/s?,speed of the small bird = 11m/s,,2.4447221021664156e-08
147,simulation_0091,simulation,V2MX,24,DS,What is the distance between the big bird and the small bird at 0.3s in meters?,speed of the small bird = 11m/s,,10.613338416171784
148,simulation_0091,simulation,V2MX,24,DS,What is the length of the big bird in meters?,speed of the small bird = 11m/s,,0.9312703363754972
149,simulation_0091,simulation,V2MX,24,DS,What is the length of the small bird in meters?,speed of the small bird = 11m/s,,0.55915498353109
150,simulation_0092,simulation,S2MX,24,SS,What is the height of the car in meters?,length of the car = 5.67m,,1.7482500000000007
151,simulation_0092,simulation,S2MX,24,SS,What is the length of the plane in meters?,length of the car = 5.67m,,36.03623404644277
152,simulation_0092,simulation,S2MX,24,SS,What is the height of the plane in meters?,length of the car = 5.67m,,10.678500000000003
153,simulation_0092,simulation,S2MX,24,SD,What is the speed of the plane at 1.0s in m/s?,length of the car = 5.67m,,5.7464936454211e-08
154,simulation_0092,simulation,S2MX,24,SD,What is the speed of the car at 1.0s in m/s?,length of the car = 5.67m,,2.86393209573262e-08
155,simulation_0093,simulation,S2MX,24,SS,What is the height of the car in meters?,length of the car = 5.67m,,1.8010588235294167
156,simulation_0093,simulation,S2MX,24,SS,What is the length of the plane in meters?,length of the car = 5.67m,,36.08436810115312
157,simulation_0093,simulation,S2MX,24,SS,What is the height of the plane in meters?,length of the car = 5.67m,,10.739647058823536
158,simulation_0093,simulation,S2MX,24,SD,What is the speed of the plane at 0.5s in m/s?,length of the car = 5.67m,,5.959714442333084e-08
159,simulation_0093,simulation,S2MX,24,SD,What is the speed of the car at 1.0s in m/s?,length of the car = 5.67m,,2.8409341622079634e-08
160,simulation_0094,simulation,V2MX,24,DS,What is the length of the car in meters?,speed of the car = 30m/s,,5.92785926981057
161,simulation_0094,simulation,V2MX,24,DS,What is the height of the car in meters?,speed of the car = 30m/s,,1.8771554354400144
162,simulation_0094,simulation,V2MX,24,DS,What is the length of the plane in meters?,speed of the car = 30m/s,,37.48196036161636
163,simulation_0094,simulation,V2MX,24,DS,What is the height of the plane in meters?,speed of the car = 30m/s,,11.065337303646402
164,simulation_0095,simulation,A2MX,24,DD,What is the speed of the plane at 0.5s in m/s?,acceleration of the car = 10m/s^2,,5.970299154452197e-08
165,simulation_0095,simulation,A2MX,24,DS,What is the length of the car in meters?,acceleration of the car = 10m/s^2,,5.869556092200112
166,simulation_0095,simulation,A2MX,24,DS,What is the height of the car in meters?,acceleration of the car = 10m/s^2,,1.8414293622588604
167,simulation_0095,simulation,A2MX,24,DS,What is the length of the plane in meters?,acceleration of the car = 10m/s^2,,37.55137469212264
168,simulation_0095,simulation,A2MX,24,DS,What is the height of the plane in meters?,acceleration of the car = 10m/s^2,,11.125302396980606
169,simulation_0096,simulation,A2MX,24,DD,What is the speed of the plane at 0.3s in m/s?,acceleration of the car = 10m/s^2,,5.998536607007372e-08
170,simulation_0096,simulation,A2MX,24,DS,What is the length of the car in meters?,acceleration of the car = 10m/s^2,,5.732613990597801
171,simulation_0096,simulation,A2MX,24,DS,What is the height of the car in meters?,acceleration of the car = 10m/s^2,,1.7810062883410651
172,simulation_0096,simulation,A2MX,24,DS,What is the length of the plane in meters?,acceleration of the car = 10m/s^2,,37.343609287730594
173,simulation_0096,simulation,A2MX,24,DS,What is the height of the plane in meters?,acceleration of the car = 10m/s^2,,11.131289302131648
174,simulation_0097,simulation,A2MX,24,DD,What is the speed of the plane at 0.3s in m/s?,acceleration of the car = 10m/s^2,,6.021933415012666e-08
175,simulation_0097,simulation,A2MX,24,DS,What is the length of the car in meters?,acceleration of the car = 10m/s^2,,5.80487397543802
176,simulation_0097,simulation,A2MX,24,DS,What is the height of the car in meters?,acceleration of the car = 10m/s^2,,1.7942337742262924
177,simulation_0097,simulation,A2MX,24,DS,What is the length of the plane in meters?,acceleration of the car = 10m/s^2,,37.18955297129014
178,simulation_0097,simulation,A2MX,24,DS,What is the height of the plane in meters?,acceleration of the car = 10m/s^2,,11.082032134927127
179,simulation_0098,simulation,V2MS,24,DD,What is the speed of the boat at 1.0s in m/s?,speed of the shark = 3m/s,,5.057488511622771e-09
180,simulation_0098,simulation,V2MS,24,DS,What is the length of the boat in meters?,speed of the shark = 3m/s,,10.254903125382532
181,simulation_0098,simulation,V2MS,24,DS,What is the length of the shark in meters?,speed of the shark = 3m/s,,3.101743786657493
182,simulation_0098,simulation,V2MS,24,DS,What is the height of the shark in meters?,speed of the shark = 3m/s,,1.191412790384615
183,simulation_0099,simulation,S2MS,24,SD,What is the speed of the boat at 1.0s in m/s?,length of the boat = 10m,,4.904510058731867e-09
184,simulation_0099,simulation,S2MS,24,SD,What is the speed of the shark at 1.0s in m/s?,length of the boat = 10m,,2.954069675704721e-09
185,simulation_0099,simulation,S2MS,24,SS,What is the length of the shark in meters?,length of the boat = 10m,,3.0963435599109435
186,simulation_0099,simulation,S2MS,24,SS,What is the height of the shark in meters?,length of the boat = 10m,,1.155366373416968
187,simulation_0100,simulation,S2MS,24,SD,What is the speed of the boat at 1.0s in m/s?,length of the boat = 10m,,5.018617148503527e-09
188,simulation_0100,simulation,S2MS,24,SD,What is the speed of the shark at 1.0s in m/s?,length of the boat = 10m,,3.008905816183938e-09
189,simulation_0100,simulation,S2MS,24,SS,What is the length of the shark in meters?,length of the boat = 10m,,3.079938144190228
190,simulation_0100,simulation,S2MS,24,SS,What is the height of the shark in meters?,length of the boat = 10m,,1.1811023622047248
191,simulation_0101,simulation,A2MS,24,DD,What is the speed of the shark at 0.0s in m/s?,acceleration of the shark = 1m/s^2,,1.0087595845368403e-09
192,simulation_0101,simulation,A2MS,24,DD,What is the speed of the boat at 1.0s in m/s?,acceleration of the shark = 1m/s^2,,4.969016532108709e-09
193,simulation_0101,simulation,A2MS,24,DS,What is the length of the boat in meters?,acceleration of the shark = 1m/s^2,,9.963563123850028
194,simulation_0101,simulation,A2MS,24,DS,What is the length of the shark in meters?,acceleration of the shark = 1m/s^2,,3.1867967963814143
195,simulation_0101,simulation,A2MS,24,DS,What is the height of the shark in meters?,acceleration of the shark = 1m/s^2,,1.1698125937164947
196,simulation_0102,simulation,A2MS,24,DD,What is the speed of the shark at 0.0s in m/s?,acceleration of the shark = 1m/s^2,,9.796803198304115e-10
197,simulation_0102,simulation,A2MS,24,DD,What is the speed of the boat at 1.0s in m/s?,acceleration of the shark = 1m/s^2,,4.994902923348374e-09
198,simulation_0102,simulation,A2MS,24,DS,What is the length of the boat in meters?,acceleration of the shark = 1m/s^2,,10.022399258888864
199,simulation_0102,simulation,A2MS,24,DS,What is the length of the shark in meters?,acceleration of the shark = 1m/s^2,,3.09079241606571
200,simulation_0102,simulation,A2MS,24,DS,What is the height of the shark in meters?,acceleration of the shark = 1m/s^2,,1.1455677752523743
201,simulation_0102,simulation,A2MS,24,DS,What is the distance between the shark and the boat at 0.5s in meters?,acceleration of the shark = 1m/s^2,,4.725879465058255
202,simulation_0103,simulation,A2MS,24,DD,What is the speed of the shark at 0.0s in m/s?,acceleration of the shark = 1m/s^2,,1.137411582969098e-09
203,simulation_0103,simulation,A2MS,24,DD,What is the speed of the boat at 1.0s in m/s?,acceleration of the shark = 1m/s^2,,4.998499316321098e-09
204,simulation_0103,simulation,A2MS,24,DS,What is the length of the boat in meters?,acceleration of the shark = 1m/s^2,,10.140506120342687
205,simulation_0103,simulation,A2MS,24,DS,What is the length of the shark in meters?,acceleration of the shark = 1m/s^2,,3.211729654073616
206,simulation_0103,simulation,A2MS,24,DS,What is the height of the shark in meters?,acceleration of the shark = 1m/s^2,,1.1854901684641512
207,simulation_0103,simulation,A2MS,24,DS,What is the distance between the shark and the boat at 0.5s in meters?,acceleration of the shark = 1m/s^2,,15.680238971026032
208,simulation_0104,simulation,V2MX,24,DS,What is the diagonal length of the phone in meters?,the lifting speed of the charging post = 0.2m/s,,0.2023200564037739
209,simulation_0104,simulation,V2MX,24,DS,What is the diameter of the gray truncated cone on the charging post in meters?,the lifting speed of the charging post = 0.2m/s,,0.1015630562026913
210,simulation_0104,simulation,V2MX,24,DS,What is the extension of the charging post at 0.5s in meters?,the lifting speed of the charging post = 0.2m/s,,0.0962289410205508
211,simulation_0105,simulation,A2MX,24,DS,What is the height of the ice cube in meters?,gravity acc = 9.8m/s^2,,0.3818814024868895
212,simulation_0105,simulation,A2MX,24,DS,What is the height of the teacup with the plate in meters?,gravity acc = 9.8m/s^2,,1.4547862951881512
213,simulation_0105,simulation,A2MX,24,DS,What is the width of the teacup with the plate in meters?,gravity acc = 9.8m/s^2,,2.673169817408227
214,simulation_0105,simulation,A2MX,24,DD,What is the velocity of the ice cube at 1.0s in m/s?,gravity acc = 9.8m/s^2,,9.926226472276112e-09
215,simulation_0106,simulation,V2MX,24,DD,What is the velocity of the left virus at 1.0s in m/s?,speed of the right virus = 1.5667m/s,,1.7242078924093311e-09
216,simulation_0106,simulation,V2MX,24,DS,What is the distance between two viruses at 1.0s in meters?,speed of the right virus = 1.5667m/s,,4.899171984737635
217,simulation_0106,simulation,V2MX,24,DS,What is the distance between two viruses at 2.0s in meters?,speed of the right virus = 1.5667m/s,,7.645781151863416
218,simulation_0107,simulation,V2MX,24,DD,What is the velocity of the left virus at 1.0s in m/s?,speed of the right virus = 1.7393m/s,,1.8330963584918286e-09
219,simulation_0107,simulation,V2MX,24,DS,What is the distance between two viruses at 1.0s in meters?,speed of the right virus = 1.7393m/s,,6.817464144333751
220,simulation_0107,simulation,V2MX,24,DS,What is the distance between two viruses at 2.0s in meters?,speed of the right virus = 1.7393m/s,,10.37476533171894
221,simulation_0108,simulation,V2MX,24,DD,What is the velocity of the left virus at 1.0s in m/s?,speed of the left virus = 1.7393m/s,,1.8901089786042806e-09
222,simulation_0108,simulation,V2MX,24,DS,What is the distance between two viruses at 1.0s in meters?,speed of the left virus = 1.7393m/s,,5.807322352621436
223,simulation_0108,simulation,V2MX,24,DS,What is the distance between two viruses at 2.0s in meters?,speed of the left virus = 1.7393m/s,,8.25628177017523
224,simulation_0111,simulation,V2MC,24,DS,What is the length of the boat in meters?,speed of the boat = 2m/s,,3.670006544114544
225,simulation_0111,simulation,V2MC,24,DS,What is the width of the boat in meters?,speed of the boat = 2m/s,,1.2717844459802872
226,simulation_0111,simulation,V2MC,24,DS,What is the width of the bridge in meters?,speed of the boat = 2m/s,,6.9039727067501335
227,simulation_0112,simulation,V2MC,24,DS,What is the thickness of the bridge in meters?,speed of the car = 6.66m/s,,0.7514991955209073
228,simulation_0112,simulation,V2MC,24,DS,What is the height of the car in meters?,speed of the car = 6.66m/s,,1.2274486860174807
229,simulation_0112,simulation,V2MC,24,DS,What is the diameter of the wheel in meters?,speed of the car = 6.66m/s,,0.6763492759688159
230,simulation_0112,simulation,V2MC,24,DS,What is the length of the car in meters?,speed of the car = 6.66m/s,,4.158295548549018
231,simulation_0113,simulation,S2MC,24,SD,What is the speed of the swim ring at 1.0s in m/s?,diameter of the swim ring = 1m,,1.2722558184308028e-10
232,simulation_0113,simulation,S2MC,24,SS,What is the side length of the pool in meters?,diameter of the swim ring = 1m,,6.241379310344827
233,simulation_0114,simulation,A2SC,24,DS,What is the width of the plane in meters?,acceleration of the plane = 18m/s^2,,8.759647817152198
234,simulation_0114,simulation,A2SC,24,DS,What is the length of the plane in meters?,acceleration of the plane = 18m/s^2,,5.681933719233861
235,simulation_0114,simulation,A2SC,24,DD,What is the speed of the plane at 1.5s in m/s?,acceleration of the plane = 18m/s^2,,2.7359526216594758e-08
236,simulation_0116,simulation,A2MC,24,DS,What is the length of the football in meters?,gravity acc = 9.8m/s^2,,0.2693509454394073
237,simulation_0116,simulation,A2MC,24,DS,What is the width of the football in meters?,gravity acc = 9.8m/s^2,,0.171405147097805
238,simulation_0116,simulation,A2MC,24,DS,What is the height of he middle yellow door in meters?,gravity acc = 9.8m/s^2,,1.8976998428685523
239,simulation_0116,simulation,A2MC,24,DS,What is the width of the middle yellow door in meters?,gravity acc = 9.8m/s^2,,0.8447825106963237
240,simulation_0116,simulation,A2MC,24,DD,What is the speed of the football at 0.5s in m/s?,gravity acc = 9.8m/s^2,,4.899739015693507e-09
241,simulation_0117,simulation,A2MS,24,DS,What is the diameter of the ball in meters?,gravity acc = 9.8m/s^2,,0.0699957331316207
242,simulation_0117,simulation,A2MS,24,DS,What is the height of the door in meters?,gravity acc = 9.8m/s^2,,2.292360260060585
243,simulation_0117,simulation,A2MS,24,DS,What is the width of the door in meters?,gravity acc = 9.8m/s^2,,1.1094323701361912
244,simulation_0117,simulation,A2MS,24,DS,What is the length of the electronic lock in meters?,gravity acc = 9.8m/s^2,,0.297481865809389
245,simulation_0117,simulation,A2MS,24,DS,What is the width of the electronic lock in meters?,gravity acc = 9.8m/s^2,,0.0664959464750398
246,simulation_0118,simulation,V2MC,24,DS,What is the total displacement of the toy car in meters?,speed of the toy car = 0.05m/s,,2.7271434481162916e-10
247,simulation_0118,simulation,V2MC,24,DS,What  is the length of the toy car in meters?,speed of the toy car = 0.05m/s,,0.1122735038966343
248,simulation_0118,simulation,V2MC,24,DS,What is the diameter of the disc in meters?,speed of the toy car = 0.05m/s,,0.2256477284197063
249,simulation_0118,simulation,V2MC,24,DS,What is the length of the book in meters?,speed of the toy car = 0.05m/s,,0.1820985843649644
250,simulation_0118,simulation,V2MC,24,DS,What is the length of the table in meters?,speed of the toy car = 0.05m/s,,0.7557110470005499
251,simulation_0118,simulation,V2MC,24,DS,What is the width of the table in meters?,speed of the toy car = 0.05m/s,,0.5796106776528024
252,simulation_0119,simulation,V2MC,24,DS,What is the diameter of the moving chess piece in meters?,speed of the chess = 0.04m/s,,0.0779673552420868
253,simulation_0119,simulation,V2MC,24,DS,What is the side length of the chessboard in meters?,speed of the chess = 0.04m/s,,0.8641381872664643
254,simulation_0119,simulation,V2MC,24,DS,What is the length of the dark grey square tray placed next to the chessboard in meters?,speed of the chess = 0.04m/s,,0.6367334011437105
255,simulation_0119,simulation,V2MC,24,DS,What is the side length of the table in meters?,speed of the chess = 0.04m/s,,1.7087845357224063
256,simulation_0119,simulation,V2MC,24,DS,What is the distance moved by the chess piece in meters?,speed of the chess = 0.04m/s,,0.1445806152012208
257,simulation_0120,simulation,V2MC,24,DS,What is the length of the sofa in meters?,speed of the robot cleaner = 1m/s,,3.1246012602394773
258,simulation_0120,simulation,V2MC,24,DS,What is the length of the TV in meters?,speed of the robot cleaner = 1m/s,,2.0181026248226805
259,simulation_0120,simulation,V2MC,24,DS,What is the diameter of the robot cleaner in meters?,speed of the robot cleaner = 1m/s,,0.352067747632617
260,simulation_0120,simulation,V2MC,24,DS,What is the side length of the chessboard in meters?,speed of the robot cleaner = 1m/s,,0.4212239123461671
261,simulation_0120,simulation,V2MC,24,DS,What is the length of the square tray placed next to the chessboard with two art sculptures on it in meters?,speed of the robot cleaner = 1m/s,,0.3080592791785402
262,simulation_0121,simulation,S2MS,30,SD,What is the speed of the left first ball at 0.5s in m/s?,diameter of the ball = 2m,,6.8959483504969745e-09
263,simulation_0121,simulation,S2MS,30,SD,What is the speed of the left first ball at 1.0s in m/s?,diameter of the ball = 2m,,9.714706360241838e-10
264,simulation_0122,simulation,A2SC,25,DS,What is the length of the sword in meters?,gravity acc = 9.8m/s^2,,0.865070970076819
265,simulation_0123,simulation,V2MC,24,DS,What is the length of the blue rolling cup in meters?,speed of the cup = 0.338m/s,,0.076986594460381
266,simulation_0123,simulation,V2MC,24,DS,What is the diameter of the blue rolling cup in meters?,speed of the cup = 0.338m/s,,0.041792722707064
267,simulation_0123,simulation,V2MC,24,DS,What is the length of the green toothbrush lying on the sink in meters?,speed of the cup = 0.338m/s,,0.1073313920834571
268,simulation_0123,simulation,V2MC,24,DS,What is the diameter of the blue cup with the blue toothbrush in meters?,speed of the cup = 0.338m/s,,0.0439923396916463
269,simulation_0123,simulation,V2MC,24,DS,What is the length of the largest towel of the three stacked towels on the sink in meters?,speed of the cup = 0.338m/s,,0.364101397526632
270,simulation_0123,simulation,V2MC,24,DS,What is the width of the largest towel of the three stacked towels on the sink in meters?,speed of the cup = 0.338m/s,,0.1715701247974208
271,simulation_0124,simulation,V2MC,24,DD,What is the speed of the grey and red car at 1.0s in m/s?,speed of the black car = 26.085m/s,,2.15698027586146e-08
272,simulation_0124,simulation,V2MC,24,DS,What is the length of the grey and red car in meters?,speed of the black car = 26.085m/s,,4.845128059759082
273,simulation_0124,simulation,V2MC,24,DS,What is the width of the grey and red car in meters?,speed of the black car = 26.085m/s,,2.157725268484779
274,simulation_0124,simulation,V2MC,24,DS,What is the length of the black car in meters?,speed of the black car = 26.085m/s,,4.5669249271496986
275,simulation_0124,simulation,V2MC,24,DS,What is the width of the black car in meters?,speed of the black car = 26.085m/s,,1.9396638032068096
276,simulation_0124,simulation,V2MC,24,DS,What is the distance between the two cars at 1.0s in meters?,speed of the black car = 26.085m/s,,4.433298188520586
277,simulation_0124,simulation,V2MC,24,DS,What is the smallest distance between the two cars in meters?,speed of the black car = 26.085m/s,,4.525341550877251
278,simulation_0125,simulation,V2MC,24,DS,What is the height of the potted plant in meters?,speed of the person = 1.22 m/s,,1.3858519329856005
279,simulation_0125,simulation,V2MC,24,DS,What is the height of the house in meters?,speed of the person = 1.22 m/s,,8.105486935781322
280,simulation_0125,simulation,V2MC,24,DS,What is the width of the house in meters?,speed of the person = 1.22 m/s,,7.10394688337156
281,simulation_0125,simulation,V2MC,24,DS,What is the height of the person in meters?,speed of the person = 1.22 m/s,,1.944851032005001
282,simulation_0126,simulation,S2MS,24,SS,What is the diameter of the handle in meters?,diameter of the puck = 0.074m,,0.1289032258064516
283,simulation_0126,simulation,S2MS,24,SD,What is the speed of the puck at 0.5s in m/s?,diameter of the puck = 0.074m,,6.64307968672919e-10
284,simulation_0126,simulation,S2MS,24,SD,What is the speed of the puck at 2.0s in m/s?,diameter of the puck = 0.074m,,2.5310168714826327e-10
285,simulation_0126,simulation,S2MS,24,SS,What is the horizontal distance between the two handles in meters?,diameter of the puck = 0.074m,,0.2076774193548389
286,simulation_0126,simulation,S2MS,24,SS,What is the shortest distance between the puck and the handle on the right in meters?,diameter of the puck = 0.074m,,0.2005303374382304
287,simulation_0127,simulation,V2MC,24,DD,What is the speed of the blue car at 1.0s in m/s?,speed of the bike = 24m/s,,1.9182854131426e-08
288,simulation_0127,simulation,V2MC,24,DS,What is the width of the blue car in meters?,speed of the bike = 24m/s,,2.6249297526151434
289,simulation_0127,simulation,V2MC,24,DS,What is the length of the blue car in meters?,speed of the bike = 24m/s,,7.378180926269587
290,simulation_0127,simulation,V2MC,24,DS,What is the length of the bike in meters?,speed of the bike = 24m/s,,2.69587379998312
291,simulation_0127,simulation,V2MC,24,DS,What is the width of the red car in meters?,speed of the bike = 24m/s,,2.908705942087053
292,simulation_0127,simulation,V2MC,24,DS,What is the length of the red car in meters?,speed of the bike = 24m/s,,7.661957115741498
293,simulation_0127,simulation,V2MC,24,DS,What is the width of the dark green car in meters?,speed of the bike = 24m/s,,3.0505940368230022
294,simulation_0127,simulation,V2MC,24,DS,What is the length of the dark green car in meters?,speed of the bike = 24m/s,,7.094404736797682
295,simulation_0128,simulation,A2MC,24,DS,What is the diameter of the ball in meters?,gravity acceleration = 9.8m/s^2,,0.3972096630129356
296,simulation_0128,simulation,A2MC,24,DS,What is the length of the forklift in meters?,gravity acceleration = 9.8m/s^2,,6.391464577571785
297,simulation_0128,simulation,A2MC,24,DS,What is the height of the forklift in meters?,gravity acceleration = 9.8m/s^2,,3.755436813940485
298,simulation_0129,simulation,A2MC,24,DS,What is the diameter of the ball in meters?,gravity acceleration = 9.8m/s^2,,0.4340739645533814
299,simulation_0129,simulation,A2MC,24,DS,What is the length of the forklift in meters?,gravity acceleration = 9.8m/s^2,,4.92673949768088
300,simulation_0129,simulation,A2MC,24,DS,What is the height of the forklift in meters?,gravity acceleration = 9.8m/s^2,,3.950073077435773
301,simulation_0130,simulation,V2MC,24,DS,What is the length of the car in meters?,speed of the car = 11.155m/s,,4.145615900165464
302,simulation_0130,simulation,V2MC,24,DS,What is the width of the car in meters?,speed of the car = 11.155m/s,,2.072807950082732
303,simulation_0130,simulation,V2MC,24,DS,What is the length of the white airplane in meters?,speed of the car = 11.155m/s,,38.968789461555374
304,simulation_0130,simulation,V2MC,24,DS,What is the width of the white airplane in meters?,speed of the car = 11.155m/s,,35.652296741423
305,simulation_0130,simulation,V2MC,24,DS,What is the length of the helicopter in meters?,speed of the car = 11.155m/s,,36.481419921456094
306,simulation_0130,simulation,V2MC,24,DS,What is the width of the helicopter in meters?,speed of the car = 11.155m/s,,30.677557661224448
307,simulation_0130,simulation,V2MC,24,DD,What is the speed of the white airplane at 1.0s in m/s?,speed of the car = 11.155m/s,,1.1549546538923545e-08
308,simulation_0131,simulation,V2SX,24,DS,What is the width of the hot air balloon in meters?,speed of the hot air balloon = 4m/s,,14.777049298716465
309,simulation_0131,simulation,V2SX,24,DS,What is the height of the hot air balloon in meters?,speed of the hot air balloon = 4m/s,,19.545529746174616
310,simulation_0263,simulation,A2SS,24,DS,What is the length of the spacecraft in meters?,acceleration of the spacecraft = 4m/s^2,,6.156918210111993
311,simulation_0132,simulation,A2MC,120,DS,What is the diameter of the apple in meters?,gravity acceleration = 9.8m/s^2,,0.0863205903381701
312,simulation_0132,simulation,A2MC,120,DS,What is the height of the table in meters?,gravity acceleration = 9.8m/s^2,,0.8983735512972523
313,simulation_0132,simulation,A2MC,120,DD,"What is the horizontal speed of the apple while it is in the air, in m/s?",gravity acceleration = 9.8m/s^2,,7.204440138093363e-10
314,simulation_0132,simulation,A2MC,120,DS,"What is the horizontal distance of the apple during its parabolic motion, in meters?",gravity acceleration = 9.8m/s^2,,0.3026351737925752
315,simulation_0133,simulation,A2MS,30,DS,What is the diameter of the apple in meters?,gravity acceleration = 9.8m/s^2,,0.0954017057172012
316,simulation_0133,simulation,A2MS,30,DS,What is the height of the table in meters?,gravity acceleration = 9.8m/s^2,,1.1801544336868592
317,simulation_0133,simulation,A2MS,30,DD,"What is the horizontal speed of the apple when it leaves the table, in m/s?",gravity acceleration = 9.8m/s^2,,7.760253855822786e-10
318,simulation_0133,simulation,A2MS,30,DS,"What is the horizontal displacement of the apple during its parabolic motion, in meters?",gravity acceleration = 9.8m/s^2,,3.18466577135759e-10
319,simulation_0133,simulation,A2MS,30,DD,"What is the speed of the apple at time 1.2s, in m/s?",gravity acceleration = 9.8m/s^2,,8.979631706194732e-10
320,simulation_0134,simulation,S2MC,24,SS,"What is the length of the toast, in meters?",height of the toaster = 0.166m,,0.1365483870967741
321,simulation_0134,simulation,S2MC,24,SS,"What is the length of the toaster, in meters?",height of the toaster = 0.166m,,0.2717580645161289
322,simulation_0134,simulation,S2MC,24,SS,What is the peak vertical displacement of the bread slice (relative to its starting position) in meters?,height of the toaster = 0.166m,,1.2800000000000002e-10
323,simulation_0134,simulation,S2MC,24,SD,"What is the acceleration of the bread slice at time1.75 s, in m/s^2?",height of the toaster = 0.166m,,9.800000000000002e-09
324,simulation_0135,simulation,S2MC,24,SS,What is the length of the toaster in meters?,diameter of the cup = 0.087m,,0.28275
325,simulation_0135,simulation,S2MC,24,SS,What is the height of the power outlet in meters?,diameter of the cup = 0.087m,,0.04785
326,simulation_0135,simulation,S2MC,24,SD,"What is the speed of the cup at time 1s, in m/s?",diameter of the cup = 0.087m,,5.358780391425772e-10
327,simulation_0135,simulation,S2MC,24,SD,What is the speed of the cup at time 2.25s in m/s?,diameter of the cup = 0.087m,,4.3283961607828837e-10
328,simulation_0136,simulation,S2MC,24,SS,What is the length of the toaster in meters?,diameter of the cup = 0.087m,,0.3037090909090907
329,simulation_0136,simulation,S2MC,24,SD,"What is the speed of the cup at time 1s, in m/s?",diameter of the cup = 0.087m,,5.891236866063426e-10
330,simulation_0136,simulation,S2MC,24,SD,What is the speed of the cup at time 2.25s in m/s?,diameter of the cup = 0.087m,,3.7961441265976327e-10
331,simulation_0137,simulation,V2MC,60,DS,What is the total length of the bird’s flight path in meters?,speed of the bird = 9.146m/s,,1.4090663669417249e-08
332,simulation_0137,simulation,V2MC,60,DS,What is the length of the house in meters?,speed of the bird = 9.146m/s,,6.526728673966794
333,simulation_0137,simulation,V2MC,60,DS,What is the height of the house in meters?,speed of the bird = 9.146m/s,,3.3590896908682444
334,simulation_0137,simulation,V2MC,60,DS,"What is the distance from the bird to the roof at 1s, in meters?",speed of the bird = 9.146m/s,,3.065230273159056
335,simulation_0142,simulation,V2MC,24,DS,What is the height of the man in meters?,walking speed = 1.693m/s,,1.818163910589248
336,simulation_0142,simulation,V2MC,24,DS,What is the total distance the man walked in meters?,walking speed = 1.693m/s,,5.575106065322882
337,simulation_0142,simulation,V2MC,24,DS,What is the side length of the floor tile in meters?,walking speed = 1.693m/s,,0.6313069133990447
338,simulation_0142,simulation,V2MC,24,DS,What is the height from the floor to the ceiling in meters?,walking speed = 1.693m/s,,1.9023381657091207
339,simulation_0145,simulation,S2MC,24,SS,What is the diameter of the tire in meters?,length of the rocket = 2.9m,,1.207743758605219
340,simulation_0145,simulation,S2MC,24,SD,What is the average speed of the rocket from beginning to end in m/s?,length of the rocket = 2.9m,,1.3671968485124502e-08
341,simulation_0145,simulation,S2MC,24,SD,What is the speed of the rocket at time 1s in m/s?,length of the rocket = 2.9m,,1.7580413353813744e-08
342,simulation_0145,simulation,S2MC,24,SD,What is the acceleration of the rocket at time 1s in m/s^2?,length of the rocket = 2.9m,,1.5666401849997706e-08
343,simulation_0148,simulation,S2MC,24,SD,What is the speed of the train at time 1s in m/s?,width of the side windows on this train (not the door windows) = 1.8m,,4.650835443037979e-08
344,simulation_0148,simulation,S2MC,24,SD,What is the speed of the train at time 0.5s in m/s?,width of the side windows on this train (not the door windows) = 1.8m,,4.568810126582268e-08
345,simulation_0148,simulation,S2MC,24,SD,What is the acceleration of the train at time 0.5s in m/s^2?,width of the side windows on this train (not the door windows) = 1.8m,,6.562025316455917e-09
346,simulation_0148,simulation,S2MC,24,SS,What is the length of the door on the train in meters?,width of the side windows on this train (not the door windows) = 1.8m,,1.4468354430379748
347,simulation_0148,simulation,S2MC,24,SS,"What is the height, in meters, of the white pillar in the center of the semicircular arch?",width of the side windows on this train (not the door windows) = 1.8m,,3.360759493670886
348,simulation_0153,simulation,S2SC,24,SS,What is the length of the blue car in meters (including the extending wire)?,diameter of the tire of the blue car = 0.369m,,1.875749999999998
349,simulation_0153,simulation,S2SC,24,SD,What is the speed of the blue car at time 1s in m/s?,diameter of the tire of the blue car = 0.369m,,3.9241935664599005e-09
350,simulation_0153,simulation,S2SC,24,SD,What is the acceleration of the blue car at time 1s in m/s^2?,diameter of the tire of the blue car = 0.369m,,1.3549403531673964e-09
351,simulation_0153,simulation,S2SC,24,SD,What is the speed of the blue car at time 1.5s in m/s?,diameter of the tire of the blue car = 0.369m,,3.869958400239493e-09
352,simulation_0153,simulation,S2SC,24,SD,What is the acceleration of the blue car at time 1.5s in m/s^2?,diameter of the tire of the blue car = 0.369m,,1.6063659485849802e-09
353,simulation_0154,simulation,V2SC,24,DS,What is the length of the shark in meters?,speed of the shark = 7 m/s,,4.487154383769758
354,simulation_0154,simulation,V2SC,24,DS,What is the displacement of the shark in meters?,speed of the shark = 7 m/s,,8.458304440217204e-09
355,simulation_0155,simulation,V2SS,24,DS,What is the length of the shark in meters?,speed of the shark = 7 m/s,,4.57412580925177
356,simulation_0155,simulation,V2SS,24,DS,What is the displacement of the shark in meters?,speed of the shark = 7 m/s,,8.158728770195372e-09
357,simulation_0156,simulation,V2MS,24,DS,What is the length of the shark in meters?,speed of the shark = 7 m/s,,4.569069181297492
358,simulation_0156,simulation,V2MS,24,DS,What is the displacement of the shark in meters?,speed of the shark = 7 m/s,,8.165768754586703e-09
359,simulation_0156,simulation,V2MS,24,DD,What is the speed of the turtle at 1s in m/s?,speed of the shark = 7 m/s,,2.601291563807519e-09
360,simulation_0156,simulation,V2MS,24,DS,What is the length of the turtle in meters?,speed of the shark = 7 m/s,,1.5173551415694446
361,simulation_0157,simulation,A2SS,24,DS,What is the length of the turtle in meters?,acceleration of the turtle = 2.639 m/s^2,,1.3672414150656156
362,simulation_0157,simulation,A2SS,24,DD,What is the speed of the turtle at time 1s in m/s?,acceleration of the turtle = 2.639 m/s^2,,2.432949732539172e-09
363,simulation_0157,simulation,A2SS,24,DD,What is the speed of the turtle at time 1.5s in m/s?,acceleration of the turtle = 2.639 m/s^2,,3.711974714230369e-09
364,simulation_0158,simulation,A2MS,24,DS,What is the length of the turtle in meters?,acceleration of the turtle = 2.639 m/s^2,,1.4836323375819227
365,simulation_0158,simulation,A2MS,24,DD,What is the speed of the turtle at time 1s in m/s?,acceleration of the turtle = 2.639 m/s^2,,2.7039648467781387e-09
366,simulation_0158,simulation,A2MS,24,DD,What is the speed of the turtle at time 1.5s in m/s?,acceleration of the turtle = 2.639 m/s^2,,4.072631209799862e-09
367,simulation_0158,simulation,A2MS,24,DS,How long is the shark in meters?,acceleration of the turtle = 2.639 m/s^2,,4.57271986664019
368,simulation_0158,simulation,A2MS,24,DS,What is the length of the shark in meters?,acceleration of the turtle = 2.639 m/s^2,,4.57271986664019
369,simulation_0158,simulation,A2MS,24,DD,What is the acceleration of the shark at 1s in m/s^2?,acceleration of the turtle = 2.639 m/s^2,,7.303385906134987e-09
370,simulation_0158,simulation,A2MS,24,DD,What is the speed of the shark at time 1s in m/s?,acceleration of the turtle = 2.639 m/s^2,,7.179828169183528e-09
371,simulation_0158,simulation,A2MS,24,DD,What is the speed of the shark at time 1.5s in m/s?,acceleration of the turtle = 2.639 m/s^2,,1.0620915147284556e-08
372,simulation_0160,simulation,S2MC,30,SS,What is the length of the billiard table in meters?,diameter of the ball = 0.0757m,,2.6328829268292697
373,simulation_0160,simulation,S2MC,30,SS,What is the width of the billiard table in meters?,diameter of the ball = 0.0757m,,1.406912195121952
374,simulation_0160,simulation,S2MC,30,SS,What is the diameter of the pockets on the billiard table in meters?,diameter of the ball = 0.0757m,,0.1329365853658535
375,simulation_0160,simulation,S2MC,30,SD,What is the speed of the ball at time 0.5s in m/s?,diameter of the ball = 0.0757m,,1.4232616829786755e-09
376,simulation_0160,simulation,S2MC,30,SD,What is the speed of the ball at time 1s in m/s?,diameter of the ball = 0.0757m,,1.6687721507559363e-09
377,simulation_0162,simulation,S2SC,24,SD,What is the speed of the ball at time 1s in m/s?,diameter of the ball = 0.21m,,1.0444486629378174e-09
378,simulation_0162,simulation,S2SC,24,SD,What is the acceleration of the ball at time 1s in m/s^2?,diameter of the ball = 0.21m,,6.081524690030015e-10
379,simulation_0162,simulation,S2SC,24,SD,What is the speed of the ball at time 2s in m/s?,diameter of the ball = 0.21m,,1.5275589942388495e-09
380,simulation_0162,simulation,S2SC,24,SD,What is the acceleration of the ball at time 2s in m/s^2?,diameter of the ball = 0.21m,,3.1198960077938296e-10
381,simulation_0163,simulation,S2MC,24,SD,What is the speed of the ball at time 0.5s in m/s?,diameter of the ball = 0.21m,,3.1567827880575406e-09
382,simulation_0163,simulation,S2MC,24,SD,What is the acceleration of the ball at time 0.5s in m/s^2?,diameter of the ball = 0.21m,,3.5867596305101065e-10
383,simulation_0163,simulation,S2MC,24,SD,What is the speed of the ball at time 1s in m/s?,diameter of the ball = 0.21m,,2.930589406321008e-09
384,simulation_0163,simulation,S2MC,24,SD,What is the acceleration of the ball at time 1s in m/s^2?,diameter of the ball = 0.21m,,3.5867596305101763e-10
385,simulation_0163,simulation,S2MC,24,SS,What is the height of the bowling pin in meters?,diameter of the ball = 0.21m,,0.3149999999999997
386,simulation_0165,simulation,V2MC,24,DS,What is the diameter of the bike's wheel in meters?,speed of the bike = 5.52m/s,,0.7148218894420747
387,simulation_0165,simulation,V2MC,24,DS,What is the width of the road that the bike is crossing through in meters?,speed of the bike = 5.52m/s,,7.246815017102407
388,simulation_0165,simulation,V2MC,24,DS,What is the length of the bike in meters?,speed of the bike = 5.52m/s,,1.7747302082699772
389,simulation_0166,simulation,V2MC,24,DS,What is the diameter of the bike's wheel in meters?,speed of the bike = 5.52m/s,,0.7144996930875848
390,simulation_0166,simulation,V2MC,24,DS,What is the width of the road that the bike is crossing through in meters?,speed of the bike = 5.52m/s,,7.095721089973256
391,simulation_0166,simulation,V2MC,24,DS,What is the length of the bike in meters?,speed of the bike = 5.52m/s,,1.7739302724933144
392,simulation_0166,simulation,V2MC,24,DS,What is the length of the police car in meters?,speed of the bike = 5.52m/s,,4.730480726648837
393,simulation_0166,simulation,V2MC,24,DS,What is the diameter of the police car's tire in meters?,speed of the bike = 5.52m/s,,0.788413454441473
394,simulation_0166,simulation,V2MC,24,DD,What is the speed of the police car at 1s in m/s?,speed of the bike = 5.52m/s,,7.198444616898877e-09
395,simulation_0167,simulation,V2MC,24,DS,What is the width of the road that the bike crossed through in meters?,speed of the bike = 5.52m/s,,8.582025863623539
396,simulation_0167,simulation,V2MC,24,DS,What is the length of the bike in meters?,speed of the bike = 5.52m/s,,1.560368338840642
397,simulation_0167,simulation,V2MC,24,DS,What is the length of the police car in meters?,speed of the bike = 5.52m/s,,4.610179182938264
398,simulation_0167,simulation,V2MC,24,DS,What is the width of the police car in meters?,speed of the bike = 5.52m/s,,1.879534589967139
399,simulation_0167,simulation,V2MC,24,DD,What is the speed of the police car at 1s in m/s?,speed of the bike = 5.52m/s,,6.877546747752658e-09
400,simulation_0167,simulation,V2MC,24,DS,What is the width of the road that the bike and the car are on in meters?,speed of the bike = 5.52m/s,,5.993232937819744
401,simulation_0169,simulation,S2SS,24,SD,What is the speed of the astronaut at time 0.5s in m/s?,height of the astronaut = 2.2m,,1.7223938017907141e-09
402,simulation_0169,simulation,S2SS,24,SD,What is the acceleration of the astronaut at time 0.5s in m/s^2?,height of the astronaut = 2.2m,,3.0603031599111764e-09
403,simulation_0169,simulation,S2SS,24,SD,What is the speed of the astronaut at time 1s in m/s?,height of the astronaut = 2.2m,,2.994417089300492e-09
404,simulation_0169,simulation,S2SS,24,SD,What is the acceleration of the astronaut at time 1s in m/s^2?,height of the astronaut = 2.2m,,1.5395530059195955e-09
405,simulation_0169,simulation,S2SS,24,SD,What is the speed of the astronaut at time 2s in m/s?,height of the astronaut = 2.2m,,2.98873500890755e-09
406,simulation_0169,simulation,S2SS,24,SD,What is the acceleration of the astronaut at time 2s in m/s^2?,height of the astronaut = 2.2m,,9.130094825678635e-10
407,simulation_0169,simulation,S2SS,24,SD,What is the speed of the astronaut at time 3s in m/s?,height of the astronaut = 2.2m,,1.0063492378321756e-09
408,simulation_0169,simulation,S2SS,24,SD,What is the acceleration of the astronaut at time 3s in m/s^2?,height of the astronaut = 2.2m,,3.177786061008545e-09
409,simulation_0171,simulation,S2SS,24,SD,What is the speed of the astronaut at time 0.5s in m/s?,height of the astronaut = 2.2m,,2.153279678855402e-09
410,simulation_0171,simulation,S2SS,24,SD,What is the acceleration of the astronaut at time 0.5s in m/s^2?,height of the astronaut = 2.2m,,8.94314405432958e-09
411,simulation_0171,simulation,S2SS,24,SD,What is the speed of the astronaut at time 1s in m/s?,height of the astronaut = 2.2m,,5.3831890553844156e-09
412,simulation_0171,simulation,S2SS,24,SD,What is the acceleration of the astronaut at time 1s in m/s^2?,height of the astronaut = 2.2m,,2.653400227904548e-09
413,simulation_0171,simulation,S2SS,24,SD,What is the speed of the astronaut at time 2s in m/s?,height of the astronaut = 2.2m,,2.176295654690061e-09
414,simulation_0171,simulation,S2SS,24,SD,What is the acceleration of the astronaut at time 2s in m/s^2?,height of the astronaut = 2.2m,,8.960200708668613e-10
415,simulation_0171,simulation,S2SS,24,SD,What is the speed of the astronaut at time 3s in m/s?,height of the astronaut = 2.2m,,1.5050114221000636e-09
416,simulation_0171,simulation,S2SS,24,SD,What is the acceleration of the astronaut at time 3s in m/s^2?,height of the astronaut = 2.2m,,1.2995135861306e-09
417,simulation_0173,simulation,V2MC,24,DS,What is the length of the airplane in meters?,speed of the airplane = 153.582m/s,,47.279084148590606
418,simulation_0173,simulation,V2MC,24,DS,What is the height of the stone cliff on the beach in meters?,speed of the airplane = 153.582m/s,,51.48418573620502
419,simulation_0173,simulation,V2MC,24,DS,What is the diameter of the rear wheels on an aircraft landing gear in meters?,speed of the airplane = 153.582m/s,,1.4041141564419537
420,simulation_0175,simulation,V2MC,24,DS,What is the length of the airplane in meters?,speed of the airplane = 153.582m/s,,47.59382639578806
421,simulation_0175,simulation,V2MC,24,DS,What is the height of the stone cliff on the beach in meters?,speed of the airplane = 153.582m/s,,51.53014682754379
422,simulation_0175,simulation,V2MC,24,DS,What is the diameter of the rear wheels on an aircraft landing gear in meters?,speed of the airplane = 153.582m/s,,1.4053676407511957
423,simulation_0177,simulation,V2SC,24,DS,What is the height of the elephant in meters?,speed of the elephant = 1.424m/s,,3.318177884004197
424,simulation_0177,simulation,V2SC,24,DS,What is the displacement of the elephant in meters?,speed of the elephant = 1.424m/s,,3.41412931741663e-09
425,simulation_0178,simulation,V2MC,24,DD,What is the speed of the small elephant at 1s in m/s?,speed of the big elephant = 2.313m/s,,2.162453051438016e-09
426,simulation_0178,simulation,V2MC,24,DS,What is the height of the big elephant in meters?,speed of the big elephant = 2.313m/s,,3.244969414440904
427,simulation_0178,simulation,V2MC,24,DD,What is the height of the small elephant in meters?,speed of the big elephant = 2.313m/s,,2.19609041179334
428,simulation_0178,simulation,V2MC,24,DS,What is the displacement of the big elephant in meters?,speed of the big elephant = 2.313m/s,,5.682025734245034e-09
429,simulation_0178,simulation,V2MC,24,DS,What is the displacement of the small elephant in meters?,speed of the big elephant = 2.313m/s,,4.988688332173083e-09
430,simulation_0179,simulation,A2MC,24,DS,What is the length of the trolley in meters?,acceleration of the trolley = 1.507m/s,,1.0107110940099018
431,simulation_0179,simulation,A2MC,24,DS,What is the height of the trolley in meters?,acceleration of the trolley = 1.507m/s,,1.2128533128118817
432,simulation_0179,simulation,A2MC,24,DS,What is the height of the entrance gate (including the frame) in meters?,acceleration of the trolley = 1.507m/s,,4.4920493067106735
433,simulation_0179,simulation,A2MC,24,DS,What is the length of the side of the orange tiles on the floor in meters?,acceleration of the trolley = 1.507m/s,,0.4604350539378438
434,simulation_0179,simulation,A2MC,24,DD,What is the speed of the trolley at time 1s in m/s?,acceleration of the trolley = 1.507m/s,,1.486830373280529e-09
435,simulation_0179,simulation,A2MC,24,DD,What is the speed of the trolley at time 2s in m/s?,acceleration of the trolley = 1.507m/s,,3.0014698951059164e-09
436,simulation_0181,simulation,A2MC,24,DD,What is the acceleration of the box from 0s to 0.3s in m/s^2?,acceleration of the box after 0.75s = 2.338m/s^2,,1.0031841257376026e-08
437,simulation_0181,simulation,A2MC,24,DD,What is the speed of the box at time 1s in m/s?,acceleration of the box after 0.75s = 2.338m/s^2,,3.179875868721094e-09
438,simulation_0181,simulation,A2MC,24,DD,What is the speed of the box at time 1.5s in m/s?,acceleration of the box after 0.75s = 2.338m/s^2,,3.69676322725777e-09
439,simulation_0181,simulation,A2MC,24,DS,What is the width of the box in meters?,acceleration of the box after 0.75s = 2.338m/s^2,,1.3596979475077668
440,simulation_0181,simulation,A2MC,24,DS,What is the height of the box in meters?,acceleration of the box after 0.75s = 2.338m/s^2,,0.9095910407465752
441,simulation_0183,simulation,A2MC,24,DD,What is the acceleration of the box from 0s to 0.3s in m/s^2?,acceleration of the tool box after 1.25s = 1.58m/s^2,,1.8300000000000002e-08
442,simulation_0183,simulation,A2MC,24,DD,What is the speed of the box at time 1s in m/s?,acceleration of the tool box after 1.25s = 1.58m/s^2,,3.7000000000000005e-09
443,simulation_0183,simulation,A2MC,24,DD,What is the speed of the box at time 1.5s in m/s?,acceleration of the tool box after 1.25s = 1.58m/s^2,,5.1e-09
444,simulation_0183,simulation,A2MC,24,DS,What is the length of the box in meters?,acceleration of the tool box after 1.25s = 1.58m/s^2,,2.5
445,simulation_0183,simulation,A2MC,24,DS,What is the height of the box in meters?,acceleration of the tool box after 1.25s = 1.58m/s^2,,1.4
446,simulation_0185,simulation,A2MC,24,DD,What is the acceleration of the box from 0s to 0.3s in m/s^2?,acceleration of the gift box after 1s = 3.18m/s^2,,9.938105355175076e-09
447,simulation_0185,simulation,A2MC,24,DD,What is the speed of the box at time 1s in m/s?,acceleration of the gift box after 1s = 3.18m/s^2,,3.344662573355417e-09
448,simulation_0185,simulation,A2MC,24,DD,What is the speed of the box at time 1.5s in m/s?,acceleration of the gift box after 1s = 3.18m/s^2,,4.6078872610389e-09
449,simulation_0185,simulation,A2MC,24,DS,What is the length of the box in meters?,acceleration of the gift box after 1s = 3.18m/s^2,,0.4755957227142564
450,simulation_0185,simulation,A2MC,24,DS,What is the height of the box in meters?,acceleration of the gift box after 1s = 3.18m/s^2,,0.4026290055895851
451,simulation_0187,simulation,A2SS,30,DS,What is the length of the truck in meters?,acceleration of the truck = 10.757m/s^2,,8.067184325639952
452,simulation_0187,simulation,A2SS,30,DS,What is the height of the truck in meters?,acceleration of the truck = 10.757m/s^2,,3.396709189743138
453,simulation_0187,simulation,A2SS,30,DS,What is the diameter of the truck's tire in meters?,acceleration of the truck = 10.757m/s^2,,0.7695669258011801
454,simulation_0187,simulation,A2SS,30,DD,What is the speed of the truck at time 1s in m/s?,acceleration of the truck = 10.757m/s^2,,9.928516559347505e-09
455,simulation_0187,simulation,A2SS,30,DD,What is the speed of the truck at time 1.5s in m/s?,acceleration of the truck = 10.757m/s^2,,1.629769195120868e-08
456,simulation_0189,simulation,V2MS,120,DS,What is the length of the box in meters?,speed of the box = 0.094m/s,,1.979215905695711
457,simulation_0189,simulation,V2MS,120,DS,What is the height of the box in meters?,speed of the box = 0.094m/s,,0.8971720451642645
458,simulation_0189,simulation,V2MS,120,DS,What is the length of the truck in meters?,speed of the box = 0.094m/s,,8.166984314161974
459,simulation_0189,simulation,V2MS,120,DS,What is the height of the truck(at time 0s) in meters?,speed of the box = 0.094m/s,,3.458190428633166
460,simulation_0189,simulation,V2MS,120,DS,What is the diameter of the truck's tire in meters?,speed of the box = 0.094m/s,,0.924359076835909
461,simulation_0190,simulation,S2MS,120,DS,What is the height of the truck(at time 0s) in meters?,width of the box = 1.33m,,3.282777777777776
462,simulation_0190,simulation,S2MS,120,DS,What is the width of the truck in meters?,width of the box = 1.33m,,2.66
463,simulation_0190,simulation,S2MS,120,DS,What is the height of the box in meters?,width of the box = 1.33m,,0.8312499999999997
464,simulation_0190,simulation,S2MS,120,DD,What is the speed of the box at time 1s in m/s?,width of the box = 1.33m,,9.555663170406229e-11
465,simulation_0190,simulation,S2MS,120,DD,What is the speed of the box at time 2s in m/s?,width of the box = 1.33m,,1.322741263805905e-10
466,simulation_0191,simulation,A2MS,120,DS,What is the width of the box in meters?,acceleration of the box before 0.6s = 9.8m/s,,2.3232593116625626
467,simulation_0191,simulation,A2MS,120,DS,What is the height of the box in meters?,acceleration of the box before 0.6s = 9.8m/s,,1.1295404388193675
468,simulation_0191,simulation,A2MS,120,DS,What is the length of the truck in meters?,acceleration of the box before 0.6s = 9.8m/s,,9.626765103574154
469,simulation_0191,simulation,A2MS,120,DS,What is the height of the truck in meters?,acceleration of the box before 0.6s = 9.8m/s,,4.056077030305911
470,simulation_0191,simulation,A2MS,120,DS,What is the diameter of the truck's tire in meters?,acceleration of the box before 0.6s = 9.8m/s,,0.94984082355265
471,simulation_0191,simulation,A2MS,120,DD,What is the speed of the box at time 0.2s in m/s?,acceleration of the box before 0.6s = 9.8m/s,,2.061954797731023e-09
472,simulation_0191,simulation,A2MS,120,DD,What is the speed of the box at time 0.4s in m/s?,acceleration of the box before 0.6s = 9.8m/s,,4.021954797731029e-09
473,simulation_0192,simulation,A2MS,120,DS,What is the height of the box in meters?,acceleration of the box before 0.6s = 9.8m/s,,1.21
474,simulation_0192,simulation,A2MS,120,DS,What is the width of the truck in meters?,acceleration of the box before 0.6s = 9.8m/s,,3.29
475,simulation_0192,simulation,A2MS,120,DS,What is the width of the box in meters?,acceleration of the box before 0.6s = 9.8m/s,,1.65
476,simulation_0192,simulation,A2MS,120,DD,What is the speed of the box at time 0.2s in m/s?,acceleration of the box before 0.6s = 9.8m/s,,1.9600000000000003e-09
477,simulation_0192,simulation,A2MS,120,DD,What is the speed of the box at time 0.4s in m/s?,acceleration of the box before 0.6s = 9.8m/s,,3.9200000000000005e-09
478,simulation_0193,simulation,V2MC,30,DS,What is the diameter of the model of Callisto(the outermost planet) in meters?,Callisto's model speed(the outermost planet) = 0.627 m/s,,0.1169460019753466
479,simulation_0193,simulation,V2MC,30,DS,What is the diameter of the model of Jupiter (the one at the center) in meters?,Callisto's model speed(the outermost planet) = 0.627 m/s,,1.707411628840069
480,simulation_0193,simulation,V2MC,30,DD,What is the speed of the model of Io at 1s in m/s?,Callisto's model speed(the outermost planet) = 0.627 m/s,,1.949826379194867e-09
481,simulation_0193,simulation,V2MC,30,DD,What is the speed of the model of Europa at 1s in m/s?,Callisto's model speed(the outermost planet) = 0.627 m/s,,1.2573118181170635e-09
482,simulation_0193,simulation,V2MC,30,DD,What is the speed of the model of Ganymede at 1s in m/s?,Callisto's model speed(the outermost planet) = 0.627 m/s,,8.427012911539034e-10
483,simulation_0193,simulation,V2MC,30,DS,What is the diameter of the model of Io in meters?,Callisto's model speed(the outermost planet) = 0.627 m/s,,0.1169460019753466
484,simulation_0193,simulation,V2MC,30,DS,What is the diameter of the model of Europa in meters?,Callisto's model speed(the outermost planet) = 0.627 m/s,,0.1169460019753466
485,simulation_0193,simulation,V2MC,30,DS,What is the diameter of the model of Ganymede in meters?,Callisto's model speed(the outermost planet) = 0.627 m/s,,0.1286406021728836
486,simulation_0193,simulation,V2MC,30,DS,What is the orbital diameter of the Io model in meters?,Callisto's model speed(the outermost planet) = 0.627 m/s,,3.3680448568900005
487,simulation_0193,simulation,V2MC,30,DS,What is the orbital diameter of the Europa model in meters?,Callisto's model speed(the outermost planet) = 0.627 m/s,,4.2802236722977085
488,simulation_0193,simulation,V2MC,30,DS,What is the orbital diameter of the Ganymede model in meters?,Callisto's model speed(the outermost planet) = 0.627 m/s,,5.613408094816668
489,simulation_0193,simulation,V2MC,30,DS,What is the orbital diameter of the Callisto model in meters?,Callisto's model speed(the outermost planet) = 0.627 m/s,,8.607225745385556
490,simulation_0194,simulation,V2MS,30,DS,What is the orbital diameter of the Callisto model in meters?,Callisto's model speed(the outermost planet) = 0.627 m/s,,4.248317787412455
491,simulation_0194,simulation,V2MS,30,DS,What is the diameter of the model of Callisto in meters?,Callisto's model speed(the outermost planet) = 0.627 m/s,,0.0923626125368358
492,simulation_0194,simulation,V2MS,30,DS,What is the diameter of the model of Jupiter (the one at the center) in meters?,Callisto's model speed(the outermost planet) = 0.627 m/s,,1.6740723522301588
493,simulation_0196,simulation,V2MS,30,DS,What is the diameter of the plunge tube in meters?,speed of the bubble in the drop = 0.00144m/s,,0.0029420724272554
494,simulation_0196,simulation,V2MS,30,DS,What is the horizontal length of the droplet in meters?,speed of the bubble in the drop = 0.00144m/s,,0.0020950765920558
495,simulation_0196,simulation,V2MS,30,DS,What is the horizontal length of the “skynova” text on the bottle in meters?,speed of the bubble in the drop = 0.00144m/s,,0.0015503566781213
496,simulation_0196,simulation,V2MS,30,DS,What is the vertical height of the “skynova” lettering on the bottle in meters?,speed of the bubble in the drop = 0.00144m/s,,0.0175986433732693
497,simulation_0197,simulation,S2MS,30,SS,What is the diameter of the plunge tube in meters?,the horizontal width of the “skynova” text on the bottle = 0.00188m,,0.0032568584726866
498,simulation_0197,simulation,S2MS,30,SS,What is the width of the droplet in meters?,the horizontal width of the “skynova” text on the bottle = 0.00188m,,0.00188
499,simulation_0197,simulation,S2MS,30,SS,What is the vertical height of the “skynova” lettering on the bottle in meters?,the horizontal width of the “skynova” text on the bottle = 0.00188m,,0.010904
500,simulation_0197,simulation,S2MS,30,SS,What is the diameter of the bottle's neck in meters?,the horizontal width of the “skynova” text on the bottle = 0.00188m,,0.016168
501,simulation_0197,simulation,S2MS,30,SS,What is the diameter of the bottle's body in meters?,the horizontal width of the “skynova” text on the bottle = 0.00188m,,0.0240013333333333
502,simulation_0197,simulation,S2MS,30,SD,What is the speed of the bubble at time 0.5s in m/s?,the horizontal width of the “skynova” text on the bottle = 0.00188m,,6.923258581033499e-12
503,simulation_0197,simulation,S2MS,30,SD,What is the speed of the bubble at time 0.8s in m/s?,the horizontal width of the “skynova” text on the bottle = 0.00188m,,7.925498120457399e-12
504,simulation_0197,simulation,S2MS,30,SD,What is the speed of the bubble at time 1s in m/s?,the horizontal width of the “skynova” text on the bottle = 0.00188m,,7.683869826443099e-12
505,simulation_0198,simulation,A2MC,60,DS,What is the height of the droplet in meters?,acceleration of the droplet = 9.7m/s^2,,0.0045617525228446
506,simulation_0198,simulation,A2MC,60,DS,What is the horizontal length of the droplet in meters?,acceleration of the droplet = 9.7m/s^2,,0.0030411683485631
507,simulation_0198,simulation,A2MC,60,DS,What is the diameter of the bottle's neck in meters?,acceleration of the droplet = 9.7m/s^2,,0.0238224853970778
508,simulation_0198,simulation,A2MC,60,DS,What is the diameter of the bottle's body in meters?,acceleration of the droplet = 9.7m/s^2,,0.0359871587913303
509,simulation_0198,simulation,A2MC,60,DS,What is the horizontal length of the “skynova” text on the bottle in meters?,acceleration of the droplet = 9.7m/s^2,,0.0038014604357039
510,simulation_0198,simulation,A2MC,60,DS,What is the vertical height of the “skynova” lettering on the bottle in meters?,acceleration of the droplet = 9.7m/s^2,,0.0283842379199225
511,simulation_0198,simulation,A2MC,60,DD,What is the speed of the droplet at time 0.2s in m/s?,acceleration of the droplet = 9.7m/s^2,,9.60941387939407e-10
512,simulation_0198,simulation,A2MC,60,DD,What is the speed of the droplet at time 0.05s in m/s?,acceleration of the droplet = 9.7m/s^2,,4.851291045172708e-10
513,simulation_0198,simulation,A2MC,60,DD,What is the speed of the droplet at time 0.1s in m/s?,acceleration of the droplet = 9.7m/s^2,,9.60941387939407e-10
514,simulation_0199,simulation,A2MS,60,DS,What is the height of the droplet in meters?,acceleration of the droplet = 9.7m/s^2,,0.0060717635563529
515,simulation_0199,simulation,A2MS,60,DS,What is the horizontal length of the droplet in meters?,acceleration of the droplet = 9.7m/s^2,,0.0037948522227206
516,simulation_0199,simulation,A2MS,60,DS,What is the diameter of the bottle's neck in meters?,acceleration of the droplet = 9.7m/s^2,,0.0232750936326864
517,simulation_0199,simulation,A2MS,60,DS,What is the diameter of the bottle's body in meters?,acceleration of the droplet = 9.7m/s^2,,0.0364305813381178
518,simulation_0199,simulation,A2MS,60,DS,What is the horizontal width of the “skynova” text on the bottle in meters?,acceleration of the droplet = 9.7m/s^2,,0.0043008325190833
519,simulation_0199,simulation,A2MS,60,DS,What is the vertical height of the “skynova” lettering on the bottle in meters?,acceleration of the droplet = 9.7m/s^2,,0.0295998473372207
520,simulation_0199,simulation,A2MS,60,DD,What is the speed of the droplet at time 0.2s in m/s?,acceleration of the droplet = 9.7m/s^2,,1.6171575460810332e-09
521,simulation_0199,simulation,A2MS,60,DD,What is the speed of the droplet at time 0.05s in m/s?,acceleration of the droplet = 9.7m/s^2,,4.80933108895191e-10
522,simulation_0199,simulation,A2MS,60,DD,What is the speed of the droplet at time 0.1s in m/s?,acceleration of the droplet = 9.7m/s^2,,9.627345408765672e-10
523,simulation_0200,simulation,A2MS,60,DS,What is the height of the droplet in meters?,acceleration of the droplet = 9.7m/s^2,,0.0048128689778998
524,simulation_0200,simulation,A2MS,60,DS,What is the horizontal length of the droplet in meters?,acceleration of the droplet = 9.7m/s^2,,0.0029411977087165
525,simulation_0200,simulation,A2MS,60,DS,What is the diameter of the bottle's neck in meters?,acceleration of the droplet = 9.7m/s^2,,0.0171124230325328
526,simulation_0200,simulation,A2MS,60,DS,What is the diameter of the bottle's body in meters?,acceleration of the droplet = 9.7m/s^2,,0.0328879380156489
527,simulation_0200,simulation,A2MS,60,DS,What is the vertical height of the “skynova” lettering on the bottle in meters?,acceleration of the droplet = 9.7m/s^2,,0.0307488851365823
528,simulation_0200,simulation,A2MS,60,DD,What is the speed of the droplet at time 0.2s in m/s?,acceleration of the droplet = 9.7m/s^2,,1.5844204043215235e-09
529,simulation_0200,simulation,A2MS,60,DD,What is the speed of the droplet at time 0.05s in m/s?,acceleration of the droplet = 9.7m/s^2,,4.4816526772512245e-10
530,simulation_0200,simulation,A2MS,60,DD,What is the speed of the droplet at time 0.1s in m/s?,acceleration of the droplet = 9.7m/s^2,,9.27272868704782e-10
531,simulation_0203,simulation,A2MC,24,DS,What is the length of the table in meters?,acceleration of the magnifying glass before 0.5s = 9.8m/s^2,,2.6073031802478863
532,simulation_0203,simulation,A2MC,24,DS,What is the length of the typewriter in meters?,acceleration of the magnifying glass before 0.5s = 9.8m/s^2,,0.4094383134811379
533,simulation_0203,simulation,A2MC,24,DS,What is the height of the typewriter in meters?,acceleration of the magnifying glass before 0.5s = 9.8m/s^2,,0.2325609620572864
534,simulation_0203,simulation,A2MC,24,DS,What is the width of the paper next to the magnifying glass in meters?,acceleration of the magnifying glass before 0.5s = 9.8m/s^2,,0.2489384945965319
535,simulation_0203,simulation,A2MC,24,DS,What is the length of the letter placed under the gun in meters?,acceleration of the magnifying glass before 0.5s = 9.8m/s^2,,0.258765014120079
536,simulation_0203,simulation,A2MC,24,DD,What is the speed of the magnifying glass at time 0.125s in m/s?,acceleration of the magnifying glass before 0.5s = 9.8m/s^2,,1.2432539688198911e-09
537,simulation_0203,simulation,A2MC,24,DD,What is the speed of the magnifying glass at time 0.25s in m/s?,acceleration of the magnifying glass before 0.5s = 9.8m/s^2,,2.463299647613525e-09
538,simulation_0203,simulation,A2MC,24,DD,What is the speed of the magnifying glass at time 0.333s in m/s?,acceleration of the magnifying glass before 0.5s = 9.8m/s^2,,3.283126307149036e-09
539,simulation_0204,simulation,A2MS,24,DS,What is the length of the table in meters?,acceleration of the magnifying glass before 0.5s = 9.8m/s^2,,2.402019865248496
540,simulation_0204,simulation,A2MS,24,DS,What is the length of the typewriter in meters?,acceleration of the magnifying glass before 0.5s = 9.8m/s^2,,0.4052387255657326
541,simulation_0204,simulation,A2MS,24,DS,What is the height of the typewriter in meters?,acceleration of the magnifying glass before 0.5s = 9.8m/s^2,,0.218959633975033
542,simulation_0204,simulation,A2MS,24,DS,What is the length of the letter placed under the gun in meters?,acceleration of the magnifying glass before 0.5s = 9.8m/s^2,,0.2581762848362327
543,simulation_0204,simulation,A2MS,24,DD,What is the speed of the magnifying glass at time 0.125s in m/s?,acceleration of the magnifying glass before 0.5s = 9.8m/s^2,,1.2485661048221035e-09
544,simulation_0204,simulation,A2MS,24,DD,What is the speed of the magnifying glass at time 0.25s in m/s?,acceleration of the magnifying glass before 0.5s = 9.8m/s^2,,2.473150032402213e-09
545,simulation_0204,simulation,A2MS,24,DD,What is the speed of the magnifying glass at time 0.333s in m/s?,acceleration of the magnifying glass before 0.5s = 9.8m/s^2,,3.286901759436265e-09
546,simulation_0207,simulation,A2MC,24,DS,What is the length of the table in meters?,acceleration of the typewriter before 0.45s = 9.8m/s^2,,2.713215765375352
547,simulation_0207,simulation,A2MC,24,DS,What is the length of the typewriter in meters?,acceleration of the typewriter before 0.45s = 9.8m/s^2,,0.3948971502930248
548,simulation_0207,simulation,A2MC,24,DS,What is the height of the typewriter in meters?,acceleration of the typewriter before 0.45s = 9.8m/s^2,,0.166810003141019
549,simulation_0207,simulation,A2MC,24,DS,What is the width of the paper next to the typewriter in meters?,acceleration of the typewriter before 0.45s = 9.8m/s^2,,0.2076614324816768
550,simulation_0207,simulation,A2MC,24,DS,What is the length of the letter placed under the gun in meters?,acceleration of the typewriter before 0.45s = 9.8m/s^2,,0.2689385764926633
551,simulation_0207,simulation,A2MC,24,DD,What is the speed of the typewriter at time 0.125s in m/s?,acceleration of the typewriter before 0.45s = 9.8m/s^2,,1.2997309157482211e-09
552,simulation_0207,simulation,A2MC,24,DD,What is the speed of the typewriter at time 0.25s in m/s?,acceleration of the typewriter before 0.45s = 9.8m/s^2,,2.51924067226365e-09
553,simulation_0207,simulation,A2MC,24,DD,What is the speed of the typewriter at time 0.333s in m/s?,acceleration of the typewriter before 0.45s = 9.8m/s^2,,3.347210436903005e-09
554,simulation_0208,simulation,A2MS,24,DS,What is the length of the table in meters?,acceleration of the typewriter before 0.45s = 9.8m/s^2,,2.3724231049530267
555,simulation_0208,simulation,A2MS,24,DS,What is the length of the typewriter in meters?,acceleration of the typewriter before 0.45s = 9.8m/s^2,,0.3903561420915618
556,simulation_0208,simulation,A2MS,24,DS,What is the height of the typewriter in meters?,acceleration of the typewriter before 0.45s = 9.8m/s^2,,0.2288294626053983
557,simulation_0208,simulation,A2MS,24,DS,What is the length of the letter placed under the gun in meters?,acceleration of the typewriter before 0.45s = 9.8m/s^2,,0.1447009837063545
558,simulation_0208,simulation,A2MS,24,DD,What is the speed of the typewriter at time 0.125s in m/s?,acceleration of the typewriter before 0.45s = 9.8m/s^2,,1.2940020959176243e-09
559,simulation_0208,simulation,A2MS,24,DD,What is the speed of the typewriter at time 0.25s in m/s?,acceleration of the typewriter before 0.45s = 9.8m/s^2,,2.511463592812704e-09
560,simulation_0208,simulation,A2MS,24,DD,What is the speed of the typewriter at time 0.333s in m/s?,acceleration of the typewriter before 0.45s = 9.8m/s^2,,3.344912467795967e-09
561,simulation_0210,simulation,V2MS,24,DS,What is the length of the black cat (including its tail) in meters?,speed of the black cat = 0.94m/s,,0.7042776331410529
562,simulation_0210,simulation,V2MS,24,DS,What is the height of the black cat (including its tail) in meters?,speed of the black cat = 0.94m/s,,0.4868034990819608
563,simulation_0210,simulation,V2MS,24,DS,What is the length of the wooden bench in meters?,speed of the black cat = 0.94m/s,,1.0183134419571631
564,simulation_0210,simulation,V2MS,24,DS,What is the height of the wooden bench in meters?,speed of the black cat = 0.94m/s,,0.466933968507187
565,simulation_0210,simulation,V2MS,24,DS,What is the height of the lampshade of the table lamp in meters?,speed of the black cat = 0.94m/s,,0.2384343668972869
566,simulation_0210,simulation,V2MS,24,DS,What is the diameter of the lampshade of the table lamp in meters?,speed of the black cat = 0.94m/s,,0.4719013511508805
567,simulation_0210,simulation,V2MS,24,DS,What is the height of the table lamp in meters?,speed of the black cat = 0.94m/s,,0.6358249783927654
568,simulation_0210,simulation,V2MS,24,DS,What is the height of the vase in meters?,speed of the black cat = 0.94m/s,,0.4719013511508805
569,simulation_0210,simulation,V2MS,24,DS,What is the height of the floor mirror in meters?,speed of the black cat = 0.94m/s,,1.2716499567855306
570,simulation_0210,simulation,V2MS,24,DS,What is the width of the floor mirror in meters?,speed of the black cat = 0.94m/s,,0.5662816213810565
571,simulation_0213,simulation,V2MC,24,DS,What is the length of the black cat (including its tail) in meters?,speed of the black cat = 0.94m/s,,0.7110300655070763
572,simulation_0213,simulation,V2MC,24,DS,What is the height of the black cat (including its tail) in meters?,speed of the black cat = 0.94m/s,,0.4807814526223862
573,simulation_0213,simulation,V2MC,24,DS,What is the length of the wooden bench in meters?,speed of the black cat = 0.94m/s,,1.0160845132741154
574,simulation_0213,simulation,V2MC,24,DS,What is the height of the wooden bench in meters?,speed of the black cat = 0.94m/s,,0.4609554133389887
575,simulation_0213,simulation,V2MC,24,DS,What is the height of the lampshade of the table lamp in meters?,speed of the black cat = 0.94m/s,,0.2428689812216179
576,simulation_0213,simulation,V2MC,24,DS,What is the diameter of the lampshade of the table lamp in meters?,speed of the black cat = 0.94m/s,,0.4659119231598383
577,simulation_0213,simulation,V2MC,24,DS,What is the height of the table lamp in meters?,speed of the black cat = 0.94m/s,,0.634433257068716
578,simulation_0213,simulation,V2MC,24,DS,What is the height of the vase in meters?,speed of the black cat = 0.94m/s,,0.4758249428015369
579,simulation_0213,simulation,V2MC,24,DS,What is the height of the floor mirror in meters?,speed of the black cat = 0.94m/s,,1.2639100043165823
580,simulation_0213,simulation,V2MC,24,DS,What is the width of the floor mirror in meters?,speed of the black cat = 0.94m/s,,0.5402595704725786
581,simulation_0213,simulation,V2MC,24,DD,What is the speed of the dog at time 1s in m/s?,speed of the black cat = 0.94m/s,,1.211243999189457e-09
582,simulation_0213,simulation,V2MC,24,DD,What is the speed of the dog at time 1.5s in m/s?,speed of the black cat = 0.94m/s,,1.0191217578906362e-09
583,simulation_0213,simulation,V2MC,24,DS,What is the length of the dog (including its tail) in meters?,speed of the black cat = 0.94m/s,,1.2959638283106096
584,simulation_0213,simulation,V2MC,24,DS,What is the height of the dog (including its tail) in meters?,speed of the black cat = 0.94m/s,,0.6790418454563601
585,simulation_0214,simulation,V2MC,24,DS,What is the length of the black cat (including its tail) in meters?,speed of the black cat = 0.94m/s,,0.7028322893848147
586,simulation_0214,simulation,V2MC,24,DS,What is the length of the wooden bench in meters?,speed of the black cat = 0.94m/s,,1.041855376963207
587,simulation_0214,simulation,V2MC,24,DS,What is the width of the wooden bench in meters?,speed of the black cat = 0.94m/s,,0.4199727100936958
588,simulation_0214,simulation,V2MC,24,DS,What is the length of the TV stand in meters?,speed of the black cat = 0.94m/s,,1.6152796542065224
589,simulation_0214,simulation,V2MC,24,DS,What is the width of the TV stand in meters?,speed of the black cat = 0.94m/s,,0.4442019049067937
590,simulation_0214,simulation,V2MC,24,DS,What is the diameter of the lampshade of the table lamp in meters?,speed of the black cat = 0.94m/s,,0.5330422858881528
591,simulation_0214,simulation,V2MC,24,DS,What is the width of the floor mirror in meters?,speed of the black cat = 0.94m/s,,0.7834522621029988
592,simulation_0214,simulation,V2MC,24,DD,What is the speed of the dog at time 1s in m/s?,speed of the black cat = 0.94m/s,,1.1255231880339352e-09
593,simulation_0214,simulation,V2MC,24,DD,What is the speed of the dog at time 1.5s in m/s?,speed of the black cat = 0.94m/s,,9.495757240380795e-10
594,simulation_0214,simulation,V2MC,24,DS,What is the length of the dog (including its tail) in meters?,speed of the black cat = 0.94m/s,,1.0543953692743435
595,simulation_0214,simulation,V2MC,24,DS,What is the diameter of the white fur carpet in meters?,speed of the black cat = 0.94m/s,,1.5991268576644573
596,simulation_0214,simulation,V2MC,24,DS,What is the length of the white sofa in meters?,speed of the black cat = 0.94m/s,,3.1740245205158164
597,simulation_0214,simulation,V2MC,24,DS,What is the width of the white sofa in meters?,speed of the black cat = 0.94m/s,,1.7202728317299467
598,simulation_0215,simulation,V2MC,24,DS,What is the length of the black cat (including its tail) in meters?,speed of the black cat = 0.94m/s,,0.6913270269538405
599,simulation_0215,simulation,V2MC,24,DS,What is the length of the wooden bench in meters?,speed of the black cat = 0.94m/s,,1.0447467482811923
600,simulation_0215,simulation,V2MC,24,DS,What is the width of the wooden bench in meters?,speed of the black cat = 0.94m/s,,0.4178986993124771
601,simulation_0215,simulation,V2MC,24,DS,What is the length of the TV stand in meters?,speed of the black cat = 0.94m/s,,1.5992661762150566
602,simulation_0215,simulation,V2MC,24,DS,What is the width of the TV stand in meters?,speed of the black cat = 0.94m/s,,0.4420082396574276
603,simulation_0215,simulation,V2MC,24,DS,What is the diameter of the lampshade of the table lamp in meters?,speed of the black cat = 0.94m/s,,0.5304098875889136
604,simulation_0215,simulation,V2MC,24,DS,What is the diameter of the vase in meters?,speed of the black cat = 0.94m/s,,0.2652049437944564
605,simulation_0215,simulation,V2MC,24,DS,What is the width of the floor mirror in meters?,speed of the black cat = 0.94m/s,,0.8599069389699042
606,simulation_0215,simulation,V2MC,24,DS,What is the diameter of the white fur carpet in meters?,speed of the black cat = 0.94m/s,,1.5831931493184228
607,simulation_0215,simulation,V2MC,24,DS,What is the length of the white sofa in meters?,speed of the black cat = 0.94m/s,,3.1583497851885287
608,simulation_0215,simulation,V2MC,24,DS,What is the width of the white sofa in meters?,speed of the black cat = 0.94m/s,,1.3662072862138674
609,simulation_0216,simulation,V2MC,24,DS,What is the length of the black cat (including its tail) in meters?,speed of the black cat = 0.94m/s,,0.6763911729819685
610,simulation_0216,simulation,V2MC,24,DS,What is the height of the black cat (including its tail) in meters?,speed of the black cat = 0.94m/s,,0.4759789735799037
611,simulation_0216,simulation,V2MC,24,DS,What is the length of the wooden bench in meters?,speed of the black cat = 0.94m/s,,1.0371331319056851
612,simulation_0216,simulation,V2MC,24,DS,What is the height of the wooden bench in meters?,speed of the black cat = 0.94m/s,,0.4659583636098003
613,simulation_0216,simulation,V2MC,24,DS,What is the height of the lampshade of the table lamp in meters?,speed of the black cat = 0.94m/s,,0.2455049442675294
614,simulation_0216,simulation,V2MC,24,DS,What is the diameter of the lampshade of the table lamp in meters?,speed of the black cat = 0.94m/s,,0.4659583636098006
615,simulation_0216,simulation,V2MC,24,DS,What is the height of the table lamp in meters?,speed of the black cat = 0.94m/s,,0.6463293430716588
616,simulation_0216,simulation,V2MC,24,DS,What is the height of the vase in meters?,speed of the black cat = 0.94m/s,,0.4809892785649554
617,simulation_0216,simulation,V2MC,24,DS,What is the height of the floor mirror in meters?,speed of the black cat = 0.94m/s,,1.287892049979572
618,simulation_0216,simulation,V2MC,24,DS,What is the length of the floor mirror in meters?,speed of the black cat = 0.94m/s,,0.5862056832510393
619,simulation_0216,simulation,V2MC,24,DS,What is the length of the TV in meters?,speed of the black cat = 0.94m/s,,0.8918342873391879
620,simulation_0216,simulation,V2MC,24,DS,What is the height of the TV in meters?,speed of the black cat = 0.94m/s,,0.5110511084752651
621,simulation_0216,simulation,V2MC,24,DS,What is the length of the TV stand in meters?,speed of the black cat = 0.94m/s,,1.7235449148577564
622,simulation_0216,simulation,V2MC,24,DS,What is the height of the TV stand in meters?,speed of the black cat = 0.94m/s,,0.4709686685948522
623,simulation_0217,simulation,V2MC,24,DS,What is the length of the black cat (including its tail) in meters?,speed of the black cat = 0.94m/s,,0.6786263557994286
624,simulation_0217,simulation,V2MC,24,DS,What is the length of the TV in meters?,speed of the black cat = 0.94m/s,,1.0416513401071363
625,simulation_0217,simulation,V2MC,24,DS,What is the length of the wooden bench in meters?,speed of the black cat = 0.94m/s,,1.0336386374909274
626,simulation_0217,simulation,V2MC,24,DS,What is the width of the wooden bench in meters?,speed of the black cat = 0.94m/s,,0.4166605360428544
627,simulation_0217,simulation,V2MC,24,DS,What is the width of the TV stand in meters?,speed of the black cat = 0.94m/s,,1.5704897127769133
628,simulation_0217,simulation,V2MC,24,DS,What is the diameter of the lampshade of the table lamp in meters?,speed of the black cat = 0.94m/s,,0.5288383726697773
629,simulation_0217,simulation,V2MC,24,DS,What is the diameter of the vase in meters?,speed of the black cat = 0.94m/s,,0.2644191863348882
630,simulation_0217,simulation,V2MC,24,DS,What is the width of the floor mirror in meters?,speed of the black cat = 0.94m/s,,0.7218551243147201
631,simulation_0217,simulation,V2MC,24,DD,What is the speed of the dog at time 1s in m/s?,speed of the black cat = 0.94m/s,,1.0448987662385555e-09
632,simulation_0217,simulation,V2MC,24,DD,What is the speed of the dog at time 1.5s in m/s?,speed of the black cat = 0.94m/s,,8.262941764692034e-10
633,simulation_0217,simulation,V2MC,24,DS,What is the length of the dog (including its tail) in meters?,speed of the black cat = 0.94m/s,,1.0169491318325574
634,simulation_0217,simulation,V2MC,24,DS,What is the diameter of the white fur carpet in meters?,speed of the black cat = 0.94m/s,,1.594527820625539
635,simulation_0217,simulation,V2MC,24,DS,What is the length of the white sofa in meters?,speed of the black cat = 0.94m/s,,3.1730302360186613
636,simulation_0217,simulation,V2MC,24,DS,What is the width of the white sofa in meters?,speed of the black cat = 0.94m/s,,1.706705657252462
637,simulation_0218,simulation,V2MC,24,DS,What is the length of the big robot in meters?,speed of the big robot = 5.924m/s,,3.3705895594942343
638,simulation_0218,simulation,V2MC,24,DS,What is the height of the big robot in meters?,speed of the big robot = 5.924m/s,,3.0147719466410416
639,simulation_0218,simulation,V2MC,24,DS,What is the length in meters of the long side of a marked parking space on the ground?,speed of the big robot = 5.924m/s,,5.667771259685158
640,simulation_0218,simulation,V2MC,24,DS,What is the outer diameter of the robot's tires in meters?,speed of the big robot = 5.924m/s,,0.35080982651823
641,simulation_0219,simulation,V2MC,24,DS,What is the length of the big robot in meters?,speed of the big robot = 5.924m/s,,2.9140364016047
642,simulation_0219,simulation,V2MC,24,DS,What is the height of the big robot in meters?,speed of the big robot = 5.924m/s,,2.8213638658646207
643,simulation_0219,simulation,V2MC,24,DS,What is the length in meters of the long side of a marked parking space on the ground?,speed of the big robot = 5.924m/s,,5.241146743522232
644,simulation_0219,simulation,V2MC,24,DS,What is the outer diameter of the robot's tires in meters?,speed of the big robot = 5.924m/s,,0.3397992977136224
645,simulation_0219,simulation,V2MC,24,DD,What is the speed of the small robot at 1s in m/s?,speed of the big robot = 5.924m/s,,7.90329526000696e-10
646,simulation_0219,simulation,V2MC,24,DS,What is the height of the small robot in meters?,speed of the big robot = 5.924m/s,,1.3489002424389245
647,simulation_0220,simulation,V2MC,24,DS,What is the length in meters of the long side of a marked parking space on the ground?,speed of the small robot = 0.82m/s,,4.595466182285645
648,simulation_0220,simulation,V2MC,24,DS,What is the height of the small robot in meters?,speed of the small robot = 0.82m/s,,1.215921013211766
649,simulation_0221,simulation,S2MC,24,SS,What is the length of the wooden bench in meters?,diameter of the vacuum cleaner = 0.438m,,1.018054054054054
650,simulation_0221,simulation,S2MC,24,SS,What is the width of the wooden bench in meters?,diameter of the vacuum cleaner = 0.438m,,0.4103783783783783
651,simulation_0221,simulation,S2MC,24,SS,What is the length of the TV stand in meters?,diameter of the vacuum cleaner = 0.438m,,1.767783783783783
652,simulation_0221,simulation,S2MC,24,SS,What is the width of the TV stand in meters?,diameter of the vacuum cleaner = 0.438m,,0.4182702702702701
653,simulation_0221,simulation,S2MC,24,SS,What is the diameter of the lampshade of the table lamp in meters?,diameter of the vacuum cleaner = 0.438m,,0.5129729729729734
654,simulation_0221,simulation,S2MC,24,SS,What is the diameter of the vase in meters?,diameter of the vacuum cleaner = 0.438m,,0.2604324324324322
655,simulation_0221,simulation,S2MC,24,SS,What is the width of the floor mirror in meters?,diameter of the vacuum cleaner = 0.438m,,0.7106647553161065
656,simulation_0221,simulation,S2MC,24,SS,What is the diameter of the white fur carpet in meters?,diameter of the vacuum cleaner = 0.438m,,1.578378378378378
657,simulation_0221,simulation,S2MC,24,SS,What is the length of the white sofa in meters?,diameter of the vacuum cleaner = 0.438m,,3.109405405405405
658,simulation_0221,simulation,S2MC,24,SS,What is the width of the white sofa in meters?,diameter of the vacuum cleaner = 0.438m,,1.680972972972973
659,simulation_0221,simulation,S2MC,24,SD,What is the speed of the vacuum cleaner at time 0.5s in m/s?,diameter of the vacuum cleaner = 0.438m,,1.0774876299325291e-09
660,simulation_0221,simulation,S2MC,24,SD,What is the acceleration of the vacuum cleaner at time 0.5s in m/s^2?,diameter of the vacuum cleaner = 0.438m,,2.038026491047794e-09
661,simulation_0221,simulation,S2MC,24,SD,What is the speed of the vacuum cleaner at time 1s in m/s?,diameter of the vacuum cleaner = 0.438m,,1.7078931887920435e-09
662,simulation_0221,simulation,S2MC,24,SD,What is the acceleration of the vacuum cleaner at time 1s in m/s^2?,diameter of the vacuum cleaner = 0.438m,,2.43283208561942e-10
663,simulation_0221,simulation,S2MC,24,SD,What is the speed of the vacuum cleaner at time 2s in m/s?,diameter of the vacuum cleaner = 0.438m,,1.863257534037576e-09
664,simulation_0221,simulation,S2MC,24,SD,What is the acceleration of the vacuum cleaner at time 2s in m/s^2?,diameter of the vacuum cleaner = 0.438m,,1.098890805668581e-09
665,simulation_0222,simulation,S2MS,24,SS,What is the length of the wooden bench in meters?,diameter of the vacuum cleaner = 0.438m,,1.0382222222222215
666,simulation_0222,simulation,S2MS,24,SS,What is the width of the wooden bench in meters?,diameter of the vacuum cleaner = 0.438m,,0.4217777777777777
667,simulation_0222,simulation,S2MS,24,SS,What is the length of the TV stand in meters?,diameter of the vacuum cleaner = 0.438m,,1.6952222222222222
668,simulation_0222,simulation,S2MS,24,SS,What is the width of the TV stand in meters?,diameter of the vacuum cleaner = 0.438m,,0.4379999999999998
669,simulation_0222,simulation,S2MS,24,SS,What is the diameter of the lampshade of the table lamp in meters?,diameter of the vacuum cleaner = 0.438m,,0.5191111111111115
670,simulation_0222,simulation,S2MS,24,SS,What is the diameter of the vase in meters?,diameter of the vacuum cleaner = 0.438m,,0.2676666666666664
671,simulation_0222,simulation,S2MS,24,SS,What is the width of the floor mirror in meters?,diameter of the vacuum cleaner = 0.438m,,0.6407777777777774
672,simulation_0222,simulation,S2MS,24,SS,What is the diameter of the white fur carpet in meters?,diameter of the vacuum cleaner = 0.438m,,1.719555555555555
673,simulation_0222,simulation,S2MS,24,SS,What is the length of the white sofa in meters?,diameter of the vacuum cleaner = 0.438m,,3.187666666666665
674,simulation_0222,simulation,S2MS,24,SS,What is the width of the white sofa in meters?,diameter of the vacuum cleaner = 0.438m,,1.7276666666666665
675,simulation_0222,simulation,S2MS,24,SD,What is the speed of the vacuum cleaner at time 0.5s in m/s?,diameter of the vacuum cleaner = 0.438m,,1.110739860704592e-09
676,simulation_0222,simulation,S2MS,24,SD,What is the acceleration of the vacuum cleaner at time 0.5s in m/s^2?,diameter of the vacuum cleaner = 0.438m,,2.087808810604042e-09
677,simulation_0222,simulation,S2MS,24,SD,What is the speed of the vacuum cleaner at time 1s in m/s?,diameter of the vacuum cleaner = 0.438m,,1.756032171036525e-09
678,simulation_0222,simulation,S2MS,24,SD,What is the acceleration of the vacuum cleaner at time 1s in m/s^2?,diameter of the vacuum cleaner = 0.438m,,2.524853809151652e-10
679,simulation_0222,simulation,S2MS,24,SD,What is the speed of the vacuum cleaner at time 2s in m/s?,diameter of the vacuum cleaner = 0.438m,,1.9219861856572e-09
680,simulation_0222,simulation,S2MS,24,SD,What is the acceleration of the vacuum cleaner at time 2s in m/s^2?,diameter of the vacuum cleaner = 0.438m,,1.1283692149181782e-09
681,simulation_0223,simulation,S2MC,24,SS,What is the length(horizontal) of the chinese chess board in meters?,diameter of one chinese chess = 0.097m,,1.1767631578947368
682,simulation_0223,simulation,S2MC,24,SS,What is the width(vertical) of the chinese chess board in meters?,diameter of one chinese chess = 0.097m,,1.0618947368421052
683,simulation_0223,simulation,S2MC,24,SD,What is the speed of the moving red general chess at time 0.5s in m/s?,diameter of one chinese chess = 0.097m,,3.5623399823721887e-10
684,simulation_0223,simulation,S2MC,24,SD,What is the acceleration of the moving red general chess at time 0.5s in m/s^2?,diameter of one chinese chess = 0.097m,,7.247337735405457e-10
685,simulation_0223,simulation,S2MC,24,SD,What is the speed of the moving red general chess at time 1s in m/s?,diameter of one chinese chess = 0.097m,,7.052240951457595e-10
686,simulation_0223,simulation,S2MC,24,SD,What is the acceleration of the moving red general chess at time 1s in m/s^2?,diameter of one chinese chess = 0.097m,,7.253713771769505e-10
687,simulation_0223,simulation,S2MC,24,SD,What is the speed of the moving red general chess at time 1.5s in m/s?,diameter of one chinese chess = 0.097m,,1.034913255506236e-09
688,simulation_0223,simulation,S2MC,24,SD,What is the acceleration of the moving red general chess at time 1.5s in m/s^2?,diameter of one chinese chess = 0.097m,,4.670433312408801e-10
689,simulation_0224,simulation,S2MC,24,SS,What is the length of the chinese chess board in meters?,diameter of one chinese chess = 0.097m,,1.825782226225244
690,simulation_0224,simulation,S2MC,24,SD,What is the speed of the moving chess at time 0.5s in m/s?,diameter of one chinese chess = 0.097m,,3.553253273993817e-10
691,simulation_0224,simulation,S2MC,24,SD,What is the acceleration of the moving chess at time 0.5s in m/s^2?,diameter of one chinese chess = 0.097m,,1.023715936100514e-09
692,simulation_0224,simulation,S2MC,24,SD,What is the speed of the moving chess at time 1s in m/s?,diameter of one chinese chess = 0.097m,,9.88916737001492e-10
693,simulation_0224,simulation,S2MC,24,SD,What is the acceleration of the moving chess at time 1s in m/s^2?,diameter of one chinese chess = 0.097m,,1.0013016624935111e-09
694,simulation_0224,simulation,S2MC,24,SD,What is the speed of the moving chess at time 1.5s in m/s?,diameter of one chinese chess = 0.097m,,1.587777350373435e-09
695,simulation_0224,simulation,S2MC,24,SD,What is the acceleration of the moving chess at time 1.5s in m/s^2?,diameter of one chinese chess = 0.097m,,9.789447698876175e-10
696,simulation_0225,simulation,V2MC,24,DS,What is the length of the black cat (including its tail) in meters?,speed of the black cat = 1.041m/s,,1.0623245010196785
697,simulation_0225,simulation,V2MC,24,DS,What is the height of the black cat (including its tail) in meters?,speed of the black cat = 1.041m/s,,0.6956988352975965
698,simulation_0225,simulation,V2MC,24,DS,What is the width of the beach chair in meters?,speed of the black cat = 1.041m/s,,1.7338955587417026
699,simulation_0225,simulation,V2MC,24,DS,What is the width of the pool tiles (horizontal side) in meters?,speed of the black cat = 1.041m/s,,1.412803788604352
700,simulation_0226,simulation,V2MC,24,DS,What is the length of the black cat (including its tail) in meters?,speed of the black cat = 1.041m/s,,0.8436355209281905
701,simulation_0226,simulation,V2MC,24,DS,What is the width of the beach chair in meters?,speed of the black cat = 1.041m/s,,1.6154722741178111
702,simulation_0226,simulation,V2MC,24,DS,What is the width of the pool tiles (horizontal side) in meters?,speed of the black cat = 1.041m/s,,1.1487802838171106
703,simulation_0227,simulation,V2MC,24,DS,What is the length of the black cat (including its tail) in meters?,speed of the black cat = 1.041m/s,,1.065348959226496
704,simulation_0227,simulation,V2MC,24,DS,What is the height of the black cat (including its tail) in meters?,speed of the black cat = 1.041m/s,,0.6779028341347646
705,simulation_0227,simulation,V2MC,24,DS,What is the width of the beach chair in meters?,speed of the black cat = 1.041m/s,,1.694757085336912
706,simulation_0227,simulation,V2MC,24,DS,What is the width of the pool tiles (horizontal side) in meters?,speed of the black cat = 1.041m/s,,1.4193590589696632
707,simulation_0227,simulation,V2MC,24,DS,What is the length of the swimming ring in meters?,speed of the black cat = 1.041m/s,,1.4829124496697983
708,simulation_0227,simulation,V2MC,24,DS,What is the height of the swimming ring in meters?,speed of the black cat = 1.041m/s,,1.2286988868692614
709,simulation_0227,simulation,V2MC,24,DD,What is the speed of the swimming ring at time 0.5s in m/s?,speed of the black cat = 1.041m/s,,2.239570818005066e-09
710,simulation_0228,simulation,V2MC,24,DS,What is the length of the black cat (including its tail) in meters?,speed of the black cat = 1.041m/s,,0.9231830516381728
711,simulation_0228,simulation,V2MC,24,DS,What is the width of the beach chair in meters?,speed of the black cat = 1.041m/s,,1.7665440107455714
712,simulation_0228,simulation,V2MC,24,DS,What is the width of the paving stones in meters?,speed of the black cat = 1.041m/s,,1.270323783008053
713,simulation_0228,simulation,V2MC,24,DS,What is the length of the swimming ring in meters?,speed of the black cat = 1.041m/s,,1.2504749738985512
714,simulation_0228,simulation,V2MC,24,DD,What is the speed of the swimming ring at time 0.5s in m/s?,speed of the black cat = 1.041m/s,,1.872537546060526e-09
715,simulation_0229,simulation,S2MC,24,SS,What is the diameter of the clock in meters?,length of the chalkboard = 5m,,0.4194078947368423
716,simulation_0229,simulation,S2MC,24,SS,What is the height of the chalkboard in meters?,length of the chalkboard = 5m,,1.595394736842105
717,simulation_0229,simulation,S2MC,24,SS,What is the width of the orange chair next to the blackboard in meters?,length of the chalkboard = 5m,,0.5592105263157889
718,simulation_0229,simulation,S2MC,24,SS,What is the length of the teacher's table in meters?,length of the chalkboard = 5m,,2.5164473684210527
719,simulation_0229,simulation,S2MC,24,SS,What is the ceiling height of the room in meters?,length of the chalkboard = 5m,,2.8125
720,simulation_0229,simulation,S2MC,24,SD,What is the speed of the paper airplane at time 1s in m/s?,length of the chalkboard = 5m,,6.011862984825506e-09
721,simulation_0229,simulation,S2MC,24,SD,What is the acceleration of the paper airplane at time 1s in m/s^2?,length of the chalkboard = 5m,,8.799564886428421e-09
722,simulation_0229,simulation,S2MC,24,SD,What is the speed of the paper airplane at time 1.25s in m/s?,length of the chalkboard = 5m,,5.256444260815744e-09
723,simulation_0229,simulation,S2MC,24,SD,What is the acceleration of the paper airplane at time 1.25s in m/s^2?,length of the chalkboard = 5m,,5.738908629810958e-09
724,simulation_0230,simulation,S2MC,24,SS,What is the diameter of the clock in meters?,length of the chalkboard = 5m,,0.4187192118226603
725,simulation_0230,simulation,S2MC,24,SS,What is the height of the chalkboard in meters?,length of the chalkboard = 5m,,1.6009852216748766
726,simulation_0230,simulation,S2MC,24,SS,What is the width of the orange chair next to the blackboard in meters?,length of the chalkboard = 5m,,0.558292282430213
727,simulation_0230,simulation,S2MC,24,SS,What is the length of the teacher's table in meters?,length of the chalkboard = 5m,,2.504105090311987
728,simulation_0230,simulation,S2MC,24,SS,What is the ceiling height of the room in meters?,length of the chalkboard = 5m,,2.848932676518884
729,simulation_0230,simulation,S2MC,24,SD,What is the speed of the paper airplane at time 1s in m/s?,length of the chalkboard = 5m,,6.0025796100755115e-09
730,simulation_0230,simulation,S2MC,24,SD,What is the acceleration of the paper airplane at time 1s in m/s^2?,length of the chalkboard = 5m,,8.773332947081384e-09
731,simulation_0230,simulation,S2MC,24,SD,What is the speed of the paper airplane at time 1.25s in m/s?,length of the chalkboard = 5m,,5.2463858074822085e-09
732,simulation_0230,simulation,S2MC,24,SD,What is the acceleration of the paper airplane at time 1.25s in m/s^2?,length of the chalkboard = 5m,,5.698029466046506e-09
733,simulation_0230,simulation,S2MC,24,SS,What is the length of the black cat (including its tail) in meters?,length of the chalkboard = 5m,,0.636288998357964
734,simulation_0230,simulation,S2MC,24,SS,What is the height of the black cat (including its tail) in meters?,length of the chalkboard = 5m,,0.4926108374384235
735,simulation_0230,simulation,S2MC,24,SD,What is the average speed of the black cat from the beginning to the end in m/s?,length of the chalkboard = 5m,,7.719735856009492e-10
736,simulation_0231,simulation,V2MC,24,DS,What is the height of the chalkboard in meters?,speed of the black cat = 0.714m/s,,1.55941788262708
737,simulation_0231,simulation,V2MC,24,DS,What is the width of the orange chair next to the blackboard in meters?,speed of the black cat = 0.714m/s,,0.6993265762296695
738,simulation_0231,simulation,V2MC,24,DS,What is the length of the teacher's table in meters?,speed of the black cat = 0.714m/s,,2.5400827366502954
739,simulation_0231,simulation,V2MC,24,DS,What is the ceiling height of the room in meters?,speed of the black cat = 0.714m/s,,2.7651533588851325
740,simulation_0231,simulation,V2MC,24,DD,What is the speed of the paper airplane at time 1s in m/s?,speed of the black cat = 0.714m/s,,5.916288808332323e-09
741,simulation_0231,simulation,V2MC,24,DD,What is the acceleration of the paper airplane at time 1s in m/s^2?,speed of the black cat = 0.714m/s,,9.023687041491105e-09
742,simulation_0231,simulation,V2MC,24,DD,What is the speed of the paper airplane at time 1.25s in m/s?,speed of the black cat = 0.714m/s,,5.223189130868284e-09
743,simulation_0231,simulation,V2MC,24,DD,What is the acceleration of the paper airplane at time 1.25s in m/s^2?,speed of the black cat = 0.714m/s,,4.7087494548825714e-09
744,simulation_0231,simulation,V2MC,24,DS,What is the length of the black cat (including its tail) in meters?,speed of the black cat = 0.714m/s,,0.6752118667045088
745,simulation_0231,simulation,V2MC,24,DS,What is the height of the black cat (including its tail) in meters?,speed of the black cat = 0.714m/s,,0.5144471365367689
746,simulation_0231,simulation,V2MC,24,DS,What is the length of the chalkboard in meters?,speed of the black cat = 0.714m/s,,4.903324270116077
747,simulation_0231,simulation,V2MC,24,DS,What is the diameter of the clock in meters?,speed of the black cat = 0.714m/s,,0.4019118254193509
748,simulation_0232,simulation,V2MS,24,DS,What is the width of the chair next to the blackboard in meters?,speed of the black cat = 0.714m/s,,0.512085336022082
749,simulation_0232,simulation,V2MS,24,DS,What is the length of the teacher's table in meters?,speed of the black cat = 0.714m/s,,2.3796906791614414
750,simulation_0232,simulation,V2MS,24,DS,What is the ceiling height of the room in meters?,speed of the black cat = 0.714m/s,,2.5905493469352403
751,simulation_0232,simulation,V2MS,24,DD,What is the speed of the paper airplane at time 1s in m/s?,speed of the black cat = 0.714m/s,,5.429994410896921e-09
752,simulation_0232,simulation,V2MS,24,DD,What is the acceleration of the paper airplane at time 1s in m/s^2?,speed of the black cat = 0.714m/s,,8.067712620872974e-09
753,simulation_0232,simulation,V2MS,24,DD,What is the speed of the paper airplane at time 1.25s in m/s?,speed of the black cat = 0.714m/s,,4.821641914234799e-09
754,simulation_0232,simulation,V2MS,24,DD,What is the acceleration of the paper airplane at time 1.25s in m/s^2?,speed of the black cat = 0.714m/s,,5.335709394983462e-09
755,simulation_0232,simulation,V2MS,24,DS,What is the length of the black cat (including its tail) in meters?,speed of the black cat = 0.714m/s,,0.6702293368524314
756,simulation_0232,simulation,V2MS,24,DS,What is the height of the black cat (including its tail) in meters?,speed of the black cat = 0.714m/s,,0.4819626691972541
757,simulation_0232,simulation,V2MS,24,DS,What is the diameter of the clock in meters?,speed of the black cat = 0.714m/s,,0.3765333353103549
758,simulation_0233,simulation,V2MC,24,DS,What is the length of the black cat (including its tail) in meters?,speed of the black cat = 0.714m/s,,0.7308238538340214
759,simulation_0233,simulation,V2MC,24,DS,What is the width of the chair in meters?,speed of the black cat = 0.714m/s,,0.6506952537437578
760,simulation_0233,simulation,V2MC,24,DS,What is the length of the chair in meters?,speed of the black cat = 0.714m/s,,0.4805134181492366
761,simulation_0234,simulation,S2MC,24,SS,What is the length of the white basketball backboard in meters?,diameter of the basketball = 0.282m,,1.3426567164179115
762,simulation_0234,simulation,S2MC,24,SS,What is the height of the white basketball backboard in meters?,diameter of the basketball = 0.282m,,0.7870746268656721
763,simulation_0234,simulation,S2MC,24,SS,What is the height of the green section on the wall in meters?,diameter of the basketball = 0.282m,,1.1448358208955232
764,simulation_0234,simulation,S2MC,24,SD,What is the speed of the basketball at time 0.5s in m/s?,diameter of the basketball = 0.282m,,1.0155603585313484e-09
765,simulation_0234,simulation,S2MC,24,SD,What is the acceleration of the basketball at time 0.5s in m/s^2?,diameter of the basketball = 0.282m,,2.801884927958792e-09
766,simulation_0234,simulation,S2MC,24,SD,What is the speed of the basketball at time 1.5s in m/s?,diameter of the basketball = 0.282m,,1.0186500644049823e-09
767,simulation_0234,simulation,S2MC,24,SD,What is the acceleration of the basketball at time 1.5s in m/s^2?,diameter of the basketball = 0.282m,,2.7332567224242406e-09
768,simulation_0235,simulation,S2MS,24,SS,What is the height of the trophy next to the basketball in meters?,diameter of the basketball = 0.282m,,1.128
769,simulation_0235,simulation,S2MS,24,SS,What is the length of each small pane of the window in meters?,diameter of the basketball = 0.282m,,0.5170000000000001
770,simulation_0235,simulation,S2MS,24,SS,What is the height of each small pane of the window in meters?,diameter of the basketball = 0.282m,,0.3995
771,simulation_0235,simulation,S2MS,24,SS,What is the height of the green section on the wall in meters?,diameter of the basketball = 0.282m,,1.216125
772,simulation_0235,simulation,S2MS,24,SD,What is the speed of the basketball at time 0.5s in m/s?,diameter of the basketball = 0.282m,,9.889026220986712e-10
773,simulation_0235,simulation,S2MS,24,SD,What is the acceleration of the basketball at time 0.5s in m/s^2?,diameter of the basketball = 0.282m,,2.8086558705174512e-09
774,simulation_0235,simulation,S2MS,24,SD,What is the speed of the basketball at time 1.5s in m/s?,diameter of the basketball = 0.282m,,9.642168383877722e-10
775,simulation_0235,simulation,S2MS,24,SD,What is the acceleration of the basketball at time 1.5s in m/s^2?,diameter of the basketball = 0.282m,,3.064787065176528e-09
776,simulation_0236,simulation,V2MC,24,DS,What is the height of the brown horse in meters?,speed of the horse at the back = 0.874m/s,,2.9844088504959694
777,simulation_0236,simulation,V2MC,24,DS,What is the length of the brown horse in meters?,speed of the horse at the back = 0.874m/s,,3.503106724038349
778,simulation_0236,simulation,V2MC,24,DS,What is the height of the house in meters?,speed of the horse at the back = 0.874m/s,,15.3674784092703
779,simulation_0236,simulation,V2MC,24,DS,What is the width of the house in meters?,speed of the horse at the back = 0.874m/s,,14.253893017294194
780,simulation_0236,simulation,V2MC,24,DS,What is the height of each glass window in meters?,speed of the horse at the back = 0.874m/s,,2.138083952594129
781,simulation_0236,simulation,V2MC,24,DS,What is the width of each glass window in meters?,speed of the horse at the back = 0.874m/s,,1.247215639013242
782,simulation_0237,simulation,V2MC,24,DS,What is the length of the brown horse in meters?,speed of the horse at the back = 0.874m/s,,3.007537905641562
783,simulation_0237,simulation,V2MC,24,DS,What is the width of the house in meters?,speed of the horse at the back = 0.874m/s,,17.623776291612632
784,simulation_0237,simulation,V2MC,24,DS,What is the length of the house in meters?,speed of the horse at the back = 0.874m/s,,15.82442570519624
785,simulation_0238,simulation,V2MC,24,DS,What is the height of the brown horse in meters?,speed of the horse at the back = 0.874m/s,,2.558104090788534
786,simulation_0238,simulation,V2MC,24,DS,What is the length of the brown horse in meters?,speed of the horse at the back = 0.874m/s,,2.971085639488752
787,simulation_0238,simulation,V2MC,24,DS,What is the height of the house in meters?,speed of the horse at the back = 0.874m/s,,13.333148594412975
788,simulation_0238,simulation,V2MC,24,DS,What is the width of the house in meters?,speed of the horse at the back = 0.874m/s,,11.78278247878356
789,simulation_0238,simulation,V2MC,24,DS,What is the height of each glass window in meters?,speed of the horse at the back = 0.874m/s,,1.8604393387552989
790,simulation_0238,simulation,V2MC,24,DS,What is the width of each glass window in meters?,speed of the horse at the back = 0.874m/s,,1.085256280940591
791,simulation_0238,simulation,V2MC,24,DD,What is the speed of the horse in the front in m/s?,speed of the horse at the back = 0.874m/s,,2.517402847359607e-09
792,simulation_0238,simulation,V2MC,24,DS,What is the height of the horse in the front in meters?,speed of the horse at the back = 0.874m/s,,2.9069364668051567
793,simulation_0238,simulation,V2MC,24,DS,What is the length of the horse in the front in meters?,speed of the horse at the back = 0.874m/s,,3.876690394628548
794,simulation_0239,simulation,V2MC,24,DS,What is the length of the horse at the back in meters?,speed of the horse at the back = 0.874m/s,,3.281866469435896
795,simulation_0239,simulation,V2MC,24,DS,What is the width of the house in meters?,speed of the horse at the back = 0.874m/s,,15.853939560044171
796,simulation_0239,simulation,V2MC,24,DS,What is the length of the house in meters?,speed of the horse at the back = 0.874m/s,,16.20737133367573
797,simulation_0239,simulation,V2MC,24,DD,What is the speed of the horse in the front at 1s in m/s?,speed of the horse at the back = 0.874m/s,,2.7840700992697512e-09
798,simulation_0239,simulation,V2MC,24,DS,What is the length of the horse in the front in meters?,speed of the horse at the back = 0.874m/s,,3.5595628630035496
799,simulation_0240,simulation,V2MC,24,DS,What is the height of the horse at the back in meters?,speed of the horse at the back = 0.874m/s,,2.688852813285488
800,simulation_0240,simulation,V2MC,24,DS,What is the length of the horse at the back in meters?,speed of the horse at the back = 0.874m/s,,3.1242709013320846
801,simulation_0240,simulation,V2MC,24,DS,What is the height of the house in meters?,speed of the horse at the back = 0.874m/s,,14.055366978537789
802,simulation_0240,simulation,V2MC,24,DS,What is the width of the house in meters?,speed of the horse at the back = 0.874m/s,,12.38501901876953
803,simulation_0240,simulation,V2MC,24,DS,What is the height of each glass window in meters?,speed of the horse at the back = 0.874m/s,,1.8740489304717047
804,simulation_0240,simulation,V2MC,24,DS,What is the width of each glass window in meters?,speed of the horse at the back = 0.874m/s,,1.1407254359392989
805,simulation_0240,simulation,V2MC,24,DD,What is the speed of the horse in the front at 1s in m/s?,speed of the horse at the back = 0.874m/s,,2.4393661785816483e-09
806,simulation_0240,simulation,V2MC,24,DS,What is the height of the horse in the front in meters?,speed of the horse at the back = 0.874m/s,,3.055514560551696
807,simulation_0240,simulation,V2MC,24,DS,What is the length of the horse in the front in meters?,speed of the horse at the back = 0.874m/s,,3.998769907733528
808,simulation_0240,simulation,V2MC,24,DD,What is the speed of the rabbit at 1s in m/s?,speed of the horse at the back = 0.874m/s,,2.6987873571583742e-09
809,simulation_0240,simulation,V2MC,24,DS,What is the length of the rabbit in meters?,speed of the horse at the back = 0.874m/s,,0.7333234945324066
810,simulation_0241,simulation,V2MC,24,DS,What is the length of the brown horse in meters?,speed of the horse at the back = 0.874m/s,,2.359033274966174
811,simulation_0241,simulation,V2MC,24,DS,What is the width of the house in meters?,speed of the horse at the back = 0.874m/s,,13.195842381842036
812,simulation_0241,simulation,V2MC,24,DS,What is the length of the house in meters?,speed of the horse at the back = 0.874m/s,,11.832026269752218
813,simulation_0241,simulation,V2MC,24,DD,What is the speed of the white horse at 1s in m/s?,speed of the horse at the back = 0.874m/s,,2.4769762695227263e-09
814,simulation_0241,simulation,V2MC,24,DS,What is the length of the white horse in meters?,speed of the horse at the back = 0.874m/s,,2.72788126615452
815,simulation_0241,simulation,V2MC,24,DS,What is the length of the rabbit in meters?,speed of the horse at the back = 0.874m/s,,0.5528984238201978
816,simulation_0241,simulation,V2MC,24,DD,What is the speed of the rabbit at 1s in m/s?,speed of the horse at the back = 0.874m/s,,1.920132716232461e-09
817,simulation_0243,simulation,V2MC,30,DS,What is the height of the antelope in meters?,speed of the antelope = 1.277m/s,,2.593326387387897
818,simulation_0243,simulation,V2MC,30,DS,What is the length of the antelope in meters?,speed of the antelope = 1.277m/s,,2.270074737259925
819,simulation_0243,simulation,V2MC,30,DS,What is the height of the tree on the left in meters?,speed of the antelope = 1.277m/s,,7.412188874659491
820,simulation_0244,simulation,V2MC,30,DS,What is the height of the antelope in meters?,speed of the antelope = 1.277m/s,,2.684656542549046
821,simulation_0244,simulation,V2MC,30,DS,What is the length of the antelope in meters?,speed of the antelope = 1.277m/s,,2.6076083054852504
822,simulation_0244,simulation,V2MC,30,DS,What is the height of the tree on the left in meters?,speed of the antelope = 1.277m/s,,6.567860846482469
823,simulation_0244,simulation,V2MC,30,DD,What is the speed of the rabbit in m/s?,speed of the antelope = 1.277m/s,,1.2897688073858471e-09
824,simulation_0244,simulation,V2MC,30,DS,What is the height of the rabbit in meters?,speed of the antelope = 1.277m/s,,0.3540206429735003
825,simulation_0244,simulation,V2MC,30,DS,What is the length of the rabbit in meters?,speed of the antelope = 1.277m/s,,0.4594129277272237
826,simulation_0245,simulation,V2MS,30,DS,What is the height of the antelope in meters?,speed of the antelope = 1.277m/s,,2.717779925223129
827,simulation_0245,simulation,V2MS,30,DS,What is the length of the antelope in meters?,speed of the antelope = 1.277m/s,,3.5238791677719217
828,simulation_0245,simulation,V2MS,30,DD,What is the speed of the rabbit at 1s in m/s?,speed of the antelope = 1.277m/s,,1.2583242870284504e-09
829,simulation_0245,simulation,V2MS,30,DS,What is the height of the rabbit in meters?,speed of the antelope = 1.277m/s,,0.423739880814358
830,simulation_0245,simulation,V2MS,30,DS,What is the length of the rabbit in meters?,speed of the antelope = 1.277m/s,,0.4237398808143587
831,simulation_0246,simulation,V2MS,30,DS,What is the length of the antelope in meters?,speed of the antelope = 1.277m/s,,3.1012972039311086
832,simulation_0246,simulation,V2MS,30,DD,What is the speed of the rabbit at 1s in m/s?,speed of the antelope = 1.277m/s,,1.2015516278633866e-09
833,simulation_0246,simulation,V2MS,30,DS,What is the length of the rabbit in meters?,speed of the antelope = 1.277m/s,,0.4146172559350709
834,simulation_0248,simulation,V2MS,24,DS,What is the height of the horse at the back in meters?,speed of the horse at the back = 0.874m/s,,1.8761387763719088
835,simulation_0248,simulation,V2MS,24,DS,What is the length of the horse at the back in meters?,speed of the horse at the back = 0.874m/s,,2.13114530268488
836,simulation_0248,simulation,V2MS,24,DD,What is the speed of the horse in the front at 1s in m/s?,speed of the horse at the back = 0.874m/s,,1.7598166433411584e-09
837,simulation_0248,simulation,V2MS,24,DS,What is the height of the horse in the front in meters?,speed of the horse at the back = 0.874m/s,,2.0324836744029016
838,simulation_0248,simulation,V2MS,24,DS,What is the length of horse in the front in meters?,speed of the horse at the back = 0.874m/s,,2.584424199138528
839,simulation_0248,simulation,V2MS,24,DD,What is the speed of the rabbit at 1s in m/s?,speed of the horse at the back = 0.874m/s,,1.6988824966698244e-09
840,simulation_0248,simulation,V2MS,24,DS,What is the length of the rabbit in meters?,speed of the horse at the back = 0.874m/s,,0.5211496601033079
841,simulation_0248,simulation,V2MS,24,DS,What is the height of the rabbit in meters?,speed of the horse at the back = 0.874m/s,,0.4169197280826467
842,simulation_0249,simulation,V2MS,24,DS,What is the length of the horse at the back in meters?,speed of the horse at the back = 0.874m/s,,2.0682881659457144
843,simulation_0249,simulation,V2MS,24,DD,What is the speed of the horse in the front at 1s in m/s?,speed of the horse at the back = 0.874m/s,,1.6051526254300102e-09
844,simulation_0249,simulation,V2MS,24,DS,What is the length of horse in the front in meters?,speed of the horse at the back = 0.874m/s,,2.465317935093444
845,simulation_0249,simulation,V2MS,24,DS,What is the length of the rabbit in meters?,speed of the horse at the back = 0.874m/s,,0.4511883021534403
846,simulation_0249,simulation,V2MS,24,DD,What is the speed of the rabbit at 1s in m/s?,speed of the horse at the back = 0.874m/s,,1.70293078254879e-09
847,simulation_0251,simulation,S2SS,24,SD,What is the speed of the soccer ball at time 0.5s in m/s?,diameter of the soccer ball = 0.344m,,5.391472442465051e-09
848,simulation_0251,simulation,S2SS,24,SD,What is the speed of the soccer ball at time 2s in m/s?,diameter of the soccer ball = 0.344m,,4.363976634894926e-09
849,simulation_0251,simulation,S2SS,24,SD,What is the speed of the soccer ball at time 1s in m/s?,diameter of the soccer ball = 0.344m,,5.042555367118273e-09
850,simulation_0251,simulation,S2SS,24,SD,What is the speed of the soccer ball at time 1.5s in m/s?,diameter of the soccer ball = 0.344m,,4.701981312301407e-09
851,simulation_0252,simulation,S2SS,24,SD,What is the speed of the soccer ball at time 0.5s in m/s?,diameter of the soccer ball = 0.344m,,6.244069513928537e-09
852,simulation_0252,simulation,S2SS,24,SD,What is the speed of the soccer ball at time 1s in m/s?,diameter of the soccer ball = 0.344m,,5.740320781448777e-09
853,simulation_0252,simulation,S2SS,24,SD,What is the speed of the soccer ball at time 1.5s in m/s?,diameter of the soccer ball = 0.344m,,5.242154589964465e-09
854,simulation_0252,simulation,S2SS,24,SD,What is the speed of the soccer ball at time 2s in m/s?,diameter of the soccer ball = 0.344m,,5.077952170729288e-09
855,simulation_0253,simulation,S2SS,24,SD,What is the speed of the box at time 0.5s in m/s?,width of the box (side parallel to the slope) = 0.611m,,1.898237818004446e-09
856,simulation_0253,simulation,S2SS,24,SD,What is the speed of the box at time 1s in m/s?,width of the box (side parallel to the slope) = 0.611m,,6.2458034714499864e-09
857,simulation_0253,simulation,S2SS,24,SD,What is the speed of the box at time 1.5s in m/s?,width of the box (side parallel to the slope) = 0.611m,,8.801239483014831e-09
858,simulation_0253,simulation,S2SS,24,SD,What is the speed of the box at time 1.75s in m/s?,width of the box (side parallel to the slope) = 0.611m,,9.945590838719905e-09
859,simulation_0253,simulation,S2SS,24,SD,What is the acceleration of the box at time 0.5s in m/s^2?,width of the box (side parallel to the slope) = 0.611m,,1.5065888885841798e-08
860,simulation_0253,simulation,S2SS,24,SD,What is the acceleration of the box at time 1s in m/s^2?,width of the box (side parallel to the slope) = 0.611m,,5.640395048676163e-09
861,simulation_0253,simulation,S2SS,24,SD,What is the acceleration of the box at time 1.5s in m/s^2?,width of the box (side parallel to the slope) = 0.611m,,4.749685301868974e-09
862,simulation_0253,simulation,S2SS,24,SD,What is the acceleration of the box at time 1.75s in m/s^2?,width of the box (side parallel to the slope) = 0.611m,,4.3000021614378915e-09
863,simulation_0254,simulation,S2SS,24,SD,What is the speed of the tennis ball at time 0.5s in m/s?,diameter of the tennis ball = 0.17m,,6.193337576499242e-09
864,simulation_0254,simulation,S2SS,24,SD,What is the speed of the tennis ball at time 1s in m/s?,diameter of the tennis ball = 0.17m,,7.198775279435606e-09
865,simulation_0254,simulation,S2SS,24,SD,What is the speed of the tennis ball at time 1.5s in m/s?,diameter of the tennis ball = 0.17m,,1.0058429901618645e-08
866,simulation_0254,simulation,S2SS,24,SD,What is the speed of the tennis ball at time 1.75s in m/s?,diameter of the tennis ball = 0.17m,,1.123478650362404e-08
867,simulation_0254,simulation,S2SS,24,SD,What is the acceleration of the tennis ball at time 0.5s in m/s^2?,diameter of the tennis ball = 0.17m,,6.732169941802771e-09
868,simulation_0254,simulation,S2SS,24,SD,What is the acceleration of the tennis ball at time 1s in m/s^2?,diameter of the tennis ball = 0.17m,,6.317653501634708e-09
869,simulation_0254,simulation,S2SS,24,SD,What is the acceleration of the tennis ball at time 1.5s in m/s^2?,diameter of the tennis ball = 0.17m,,5.076322752698605e-09
870,simulation_0254,simulation,S2SS,24,SD,What is the acceleration of the tennis ball at time 1.75s in m/s^2?,diameter of the tennis ball = 0.17m,,4.457542431118438e-09
871,simulation_0255,simulation,S2SS,24,SD,What is the speed of the tennis ball at time 0.5s in m/s?,diameter of the tennis ball = 0.17m,,6.754886349426885e-09
872,simulation_0255,simulation,S2SS,24,SD,What is the speed of the tennis ball at time 1s in m/s?,diameter of the tennis ball = 0.17m,,6.229534850093291e-09
873,simulation_0255,simulation,S2SS,24,SD,What is the speed of the tennis ball at time 1.5s in m/s?,diameter of the tennis ball = 0.17m,,5.704374770267047e-09
874,simulation_0255,simulation,S2SS,24,SD,What is the acceleration of the tennis ball at time 0.5s in m/s^2?,diameter of the tennis ball = 0.17m,,1.0698656286659991e-09
875,simulation_0255,simulation,S2SS,24,SD,What is the acceleration of the tennis ball at time 1s in m/s^2?,diameter of the tennis ball = 0.17m,,1.051985029093328e-09
876,simulation_0255,simulation,S2SS,24,SD,What is the acceleration of the tennis ball at time 1.5s in m/s^2?,diameter of the tennis ball = 0.17m,,1.0341529255099764e-09
877,simulation_0256,simulation,S2SS,24,SD,What is the speed of the tennis ball at time 0.5s in m/s?,diameter of the tennis ball = 0.17m,,7.680497653432835e-09
878,simulation_0256,simulation,S2SS,24,SD,What is the speed of the tennis ball at time 1s in m/s?,diameter of the tennis ball = 0.17m,,7.0656039826331186e-09
879,simulation_0256,simulation,S2SS,24,SD,What is the speed of the tennis ball at time 1.5s in m/s?,diameter of the tennis ball = 0.17m,,6.471529744899336e-09
880,simulation_0256,simulation,S2SS,24,SD,What is the acceleration of the tennis ball at time 0.5s in m/s^2?,diameter of the tennis ball = 0.17m,,1.2325876013872235e-09
881,simulation_0256,simulation,S2SS,24,SD,What is the acceleration of the tennis ball at time 1s in m/s^2?,diameter of the tennis ball = 0.17m,,1.191577615422158e-09
882,simulation_0256,simulation,S2SS,24,SD,What is the acceleration of the tennis ball at time 1.5s in m/s^2?,diameter of the tennis ball = 0.17m,,1.234068592307502e-09
883,simulation_0257,simulation,A2MC,30,DS,What is the height of the plant in meters?,acceleration of the plant before 0.5s = 9.8m/s^2,,0.0988082742063739
884,simulation_0257,simulation,A2MC,30,DS,What is the diameter (width) of the plant in meters?,acceleration of the plant before 0.5s = 9.8m/s^2,,0.0670484717828966
885,simulation_0257,simulation,A2MC,30,DS,What is the width (longer side) of the table in meters?,acceleration of the plant before 0.5s = 9.8m/s^2,,1.6021055889176348
886,simulation_0257,simulation,A2MC,30,DS,What is the width (longer side) of the AC in meters?,acceleration of the plant before 0.5s = 9.8m/s^2,,0.7939950605869336
887,simulation_0257,simulation,A2MC,30,DS,"What is the width of the phone placed to the right of the plant, in meters?",acceleration of the plant before 0.5s = 9.8m/s^2,,0.0705773387188385
888,simulation_0257,simulation,A2MC,30,DD,What is the speed of the plant at time 0.2s in m/s?,acceleration of the plant before 0.5s = 9.8m/s^2,,1.963795287716156e-09
889,simulation_0257,simulation,A2MC,30,DD,What is the speed of the plant at time 0.4s in m/s?,acceleration of the plant before 0.5s = 9.8m/s^2,,3.911115292626583e-09
890,simulation_0258,simulation,A2MC,30,DS,What is the height of the plant in meters?,acceleration of the pen before 0.5s = 9.8m/s^2,,0.103393134480006
891,simulation_0258,simulation,A2MC,30,DS,What is the diameter (width) of the plant in meters?,acceleration of the pen before 0.5s = 9.8m/s^2,,0.0677403294869005
892,simulation_0258,simulation,A2MC,30,DS,What is the width (longer side) of the table in meters?,acceleration of the pen before 0.5s = 9.8m/s^2,,1.6186373466869908
893,simulation_0258,simulation,A2MC,30,DS,What is the width (longer side) of the AC in meters?,acceleration of the pen before 0.5s = 9.8m/s^2,,0.8021881123448743
894,simulation_0258,simulation,A2MC,30,DS,"What is the width of the phone placed to the right of the plant, in meters?",acceleration of the pen before 0.5s = 9.8m/s^2,,0.0748708904855215
895,simulation_0258,simulation,A2MC,30,DD,What is the speed of the pen at time 0.2s in m/s?,acceleration of the pen before 0.5s = 9.8m/s^2,,1.997584262166133e-09
896,simulation_0258,simulation,A2MC,30,DD,What is the speed of the pen at time 0.4s in m/s?,acceleration of the pen before 0.5s = 9.8m/s^2,,3.957584262166137e-09
897,simulation_0259,simulation,A2MC,30,DS,What is the height of the red cup in meters?,acceleration of the red cup before 0.5s = 9.8m/s^2,,0.108694735914932
898,simulation_0259,simulation,A2MC,30,DS,What is the height of the plant in meters?,acceleration of the red cup before 0.5s = 9.8m/s^2,,0.0981758905038095
899,simulation_0259,simulation,A2MC,30,DS,What is the diameter（width) of the plant in meters?,acceleration of the red cup before 0.5s = 9.8m/s^2,,0.0736319178778575
900,simulation_0259,simulation,A2MC,30,DS,What is the width(long side) of the table in meters?,acceleration of the red cup before 0.5s = 9.8m/s^2,,1.5918519388831984
901,simulation_0259,simulation,A2MC,30,DS,What is the width(long side) of the AC in meters?,acceleration of the red cup before 0.5s = 9.8m/s^2,,0.7889134058341842
902,simulation_0259,simulation,A2MC,30,DS,"What is the width of the iPhone placed to the right of the plant, in meters?",acceleration of the red cup before 0.5s = 9.8m/s^2,,0.0841507632889795
903,simulation_0259,simulation,A2MC,30,DD,What is the speed of the red cup at time 0.2s in m/s?,acceleration of the red cup before 0.5s = 9.8m/s^2,,1.973933624764446e-09
904,simulation_0259,simulation,A2MC,30,DD,What is the speed of the red cup at time 0.4s in m/s?,acceleration of the red cup before 0.5s = 9.8m/s^2,,3.930857703134312e-09
905,simulation_0259,simulation,A2MC,30,DS,What is the height of the mug in meters?,acceleration of the red cup before 0.5s = 9.8m/s^2,,0.0841507632889797
906,simulation_0259,simulation,A2MC,30,DS,What is the long side of the bag in meters?,acceleration of the red cup before 0.5s = 9.8m/s^2,,0.3471218985670409
907,simulation_0260,simulation,A2MC,30,DS,What is the height of the red cup in meters?,acceleration of the mug cup before 0.5s = 9.8m/s^2,,0.1046618717435184
908,simulation_0260,simulation,A2MC,30,DS,What is the height of the plant in meters?,acceleration of the mug cup before 0.5s = 9.8m/s^2,,0.0976844136272838
909,simulation_0260,simulation,A2MC,30,DS,What is the diameter (width) of the plant in meters?,acceleration of the mug cup before 0.5s = 9.8m/s^2,,0.0662858521042283
910,simulation_0260,simulation,A2MC,30,DS,What is the width (longer side) of the table in meters?,acceleration of the mug cup before 0.5s = 9.8m/s^2,,1.5803942633271284
911,simulation_0260,simulation,A2MC,30,DS,What is the width (longer side) of the AC in meters?,acceleration of the mug cup before 0.5s = 9.8m/s^2,,0.7849640380763884
912,simulation_0260,simulation,A2MC,30,DS,"What is the width of the iphone placed to the right of the plant, in meters?",acceleration of the mug cup before 0.5s = 9.8m/s^2,,0.0802407683366974
913,simulation_0260,simulation,A2MC,30,DD,What is the speed of the mug at time 0.2s in m/s?,acceleration of the mug cup before 0.5s = 9.8m/s^2,,1.950401445096094e-09
914,simulation_0260,simulation,A2MC,30,DD,What is the speed of the mug at time 0.4s in m/s?,acceleration of the mug cup before 0.5s = 9.8m/s^2,,3.9048008413661976e-09
915,simulation_0260,simulation,A2MC,30,DS,What is the height of the mug in meters?,acceleration of the mug cup before 0.5s = 9.8m/s^2,,0.0802407683366975
916,simulation_0260,simulation,A2MC,30,DS,What is the long side of the bag in meters?,acceleration of the mug cup before 0.5s = 9.8m/s^2,,0.348872905811728
917,simulation_0261,simulation,A2SS,24,DS,What is the height of the mug in meters?,acceleration of the mug cup before 1s = 9.8m/s^2,,0.1970113740050077
918,simulation_0261,simulation,A2SS,24,DD,What is the speed of the mug at time 0.2s in m/s?,acceleration of the mug cup before 1s = 9.8m/s^2,,2.0048586687102e-09
919,simulation_0261,simulation,A2SS,24,DD,What is the speed of the mug at time 0.4s in m/s?,acceleration of the mug cup before 1s = 9.8m/s^2,,3.974759152733489e-09
920,simulation_0261,simulation,A2SS,24,DD,What is the speed of the mug at time 0.625s in m/s?,acceleration of the mug cup before 1s = 9.8m/s^2,,6.1438362059836676e-09
921,simulation_0262,simulation,A2SS,24,DS,What is the height of the red cup in meters?,acceleration of the red cup before 0.75s = 9.8m/s^2,,0.2373159792503061
922,simulation_0262,simulation,A2SS,24,DD,What is the speed of the red cup at time 0.25s in m/s?,acceleration of the red cup before 0.75s = 9.8m/s^2,,2.406959551084168e-09
923,simulation_0262,simulation,A2SS,24,DD,What is the speed of the red cup at time 0.5s in m/s?,acceleration of the red cup before 0.75s = 9.8m/s^2,,4.8887087549177515e-09
924,simulation_0262,simulation,A2SS,24,DD,What is the speed of the red cup at time 0.625s in m/s?,acceleration of the red cup before 0.75s = 9.8m/s^2,,6.084274896201922e-09
925,simulation_0263,simulation,A2SS,24,DS,What is the length of the spacecraft in meters?,acceleration of the spacecraft at 1.0s = 4m/s^2,,5.971211581421442
926,simulation_0263,simulation,A2SS,24,DS,What is the width of the spacecraft in meters?,acceleration of the spacecraft at 1.0s = 4m/s^2,,3.040755552444179
927,simulation_0263,simulation,A2SS,24,DD,What is the speed of the spacecraft at 0.5s in m/s?,acceleration of the spacecraft at 1.0s = 4m/s^2,,1.909998494600839e-09
928,simulation_0263,simulation,A2SS,24,DD,What is the speed of the spacecraft at 1.0s in m/s?,acceleration of the spacecraft at 1.0s = 4m/s^2,,3.972746268402081e-09
929,simulation_0264,simulation,A2SS,24,DS,What is the length of the spacecraft in meters?,acceleration of the spacecraft at 1.0s = 4m/s^2,,6.100643410866232
930,simulation_0264,simulation,A2SS,24,DS,What is the height of the spacecraft in meters?,acceleration of the spacecraft at 1.0s = 4m/s^2,,1.875519075084836
931,simulation_0264,simulation,A2SS,24,DD,What is the speed of the spacecraft at 0.5s in m/s?,acceleration of the spacecraft at 1.0s = 4m/s^2,,1.974734387150493e-09
932,simulation_0264,simulation,A2SS,24,DD,What is the speed of the spacecraft at 1.0s in m/s?,acceleration of the spacecraft at 1.0s = 4m/s^2,,3.948876887483962e-09
933,simulation_0265,simulation,A2SS,24,DS,What is the length of the spacecraft in meters?,acceleration of the spacecraft at 1.0s = 4m/s^2,,5.884206209641966
934,simulation_0265,simulation,A2SS,24,DS,What is the width of the spacecraft in meters?,acceleration of the spacecraft at 1.0s = 4m/s^2,,2.9294033791886616
935,simulation_0265,simulation,A2SS,24,DD,What is the speed of the spacecraft at 0.5s in m/s?,acceleration of the spacecraft at 1.0s = 4m/s^2,,1.9985693981803646e-09
936,simulation_0265,simulation,A2SS,24,DD,What is the speed of the spacecraft at 1.0s in m/s?,acceleration of the spacecraft at 1.0s = 4m/s^2,,3.994477628155598e-09
937,simulation_0266,simulation,A2SC,24,DS,What is the length of the spacecraft in meters?,acceleration of the spacecraft at 1.0s = 4m/s^2,,6.23092645186531
938,simulation_0266,simulation,A2SC,24,DS,What is the width of the spacecraft in meters?,acceleration of the spacecraft at 1.0s = 4m/s^2,,2.7060023448100767
939,simulation_0266,simulation,A2SC,24,DD,What is the speed of the spacecraft at 0.5s in m/s?,acceleration of the spacecraft at 1.0s = 4m/s^2,,1.9861482417586007e-09
940,simulation_0266,simulation,A2SC,24,DD,What is the speed of the spacecraft at 1.0s in m/s?,acceleration of the spacecraft at 1.0s = 4m/s^2,,4.047488722116084e-09
941,simulation_0267,simulation,A2SC,24,DS,What is the length of the spacecraft in meters?,acceleration of the spacecraft at 1.0s = 4m/s^2,,5.903576373950557
942,simulation_0267,simulation,A2SC,24,DS,What is the height of the spacecraft in meters?,acceleration of the spacecraft at 1.0s = 4m/s^2,,1.73706774152337
943,simulation_0267,simulation,A2SC,24,DD,What is the speed of the spacecraft at 0.5s in m/s?,acceleration of the spacecraft at 1.0s = 4m/s^2,,2.0068329745619284e-09
944,simulation_0267,simulation,A2SC,24,DD,What is the speed of the spacecraft at 1.0s in m/s?,acceleration of the spacecraft at 1.0s = 4m/s^2,,4.03851662336329e-09
945,simulation_0268,simulation,A2SC,24,DS,What is the length of the spacecraft in meters?,acceleration of the spacecraft at 1.0s = 4m/s^2,,6.029708109863042
946,simulation_0268,simulation,A2SC,24,DS,What is the width of the spacecraft in meters?,acceleration of the spacecraft at 1.0s = 4m/s^2,,2.9404672349985224
947,simulation_0268,simulation,A2SC,24,DD,What is the speed of the spacecraft at 0.5s in m/s?,acceleration of the spacecraft at 1.0s = 4m/s^2,,1.981576030298064e-09
948,simulation_0268,simulation,A2SC,24,DD,What is the speed of the spacecraft at 1.0s in m/s?,acceleration of the spacecraft at 1.0s = 4m/s^2,,3.958228058817275e-09
949,simulation_0269,simulation,A2SS,24,DS,What is the body length of the phoenix in meters?,acceleration of the phoenix at 2.0s = 2m/s^2,,3.783034745250186
950,simulation_0269,simulation,A2SS,24,DS,What is the width (wing span) of the phoenix in meters?,acceleration of the phoenix at 2.0s = 2m/s^2,,4.822708148548426
951,simulation_0269,simulation,A2SS,24,DD,What is the speed of the phoenix at 0.5s in m/s?,acceleration of the phoenix at 2.0s = 2m/s^2,,1.1598382021172346e-09
952,simulation_0269,simulation,A2SS,24,DD,What is the speed of the phoenix at 1.0s in m/s?,acceleration of the phoenix at 2.0s = 2m/s^2,,1.7206846000790056e-09
953,simulation_0270,simulation,A2SS,24,DS,What is the length of the phoenix in meters?,acceleration of the phoenix at 2.0s = 2m/s^2,,3.928489837530561
954,simulation_0270,simulation,A2SS,24,DS,What is the height of the phoenix in meters?,acceleration of the phoenix at 2.0s = 2m/s^2,,2.977688383439702
955,simulation_0270,simulation,A2SS,24,DD,What is the speed of the phoenix at 0.5s in m/s?,acceleration of the phoenix at 2.0s = 2m/s^2,,1.0384374491635955e-09
956,simulation_0270,simulation,A2SS,24,DD,What is the speed of the phoenix at 1.0s in m/s?,acceleration of the phoenix at 2.0s = 2m/s^2,,1.3620896739367903e-09
957,simulation_0271,simulation,A2SS,24,DS,What is the body length of the phoenix in meters?,acceleration of the phoenix at 2.0s = 2m/s^2,,2.9908745587745704
958,simulation_0271,simulation,A2SS,24,DS,What is the width (wing span) of the phoenix in meters?,acceleration of the phoenix at 2.0s = 2m/s^2,,4.272493600174642
959,simulation_0271,simulation,A2SS,24,DD,What is the speed of the phoenix at 0.5s in m/s?,acceleration of the phoenix at 2.0s = 2m/s^2,,8.272381743917938e-10
960,simulation_0271,simulation,A2SS,24,DD,What is the speed of the phoenix at 1.0s in m/s?,acceleration of the phoenix at 2.0s = 2m/s^2,,1.308338014012131e-09
961,simulation_0272,simulation,A2SC,24,DS,What is the body length of the phoenix in meters?,acceleration of the phoenix at 2.0s = 2m/s^2,,3.5187072228876413
962,simulation_0272,simulation,A2SC,24,DS,What is the width (wing span) of the phoenix in meters?,acceleration of the phoenix at 2.0s = 2m/s^2,,5.039706528581578
963,simulation_0272,simulation,A2SC,24,DD,What is the speed of the phoenix at 0.5s in m/s?,acceleration of the phoenix at 2.0s = 2m/s^2,,2.07615349009318e-09
964,simulation_0272,simulation,A2SC,24,DD,What is the speed of the phoenix at 1.0s in m/s?,acceleration of the phoenix at 2.0s = 2m/s^2,,1.545547829062377e-09
965,simulation_0273,simulation,A2SC,24,DS,What is the body length of the phoenix in meters?,acceleration of the phoenix at 2.0s = 2m/s^2,,3.8069389458488425
966,simulation_0273,simulation,A2SC,24,DD,What is the speed of the phoenix at 0.5s in m/s?,acceleration of the phoenix at 2.0s = 2m/s^2,,1.0702827571666463e-09
967,simulation_0273,simulation,A2SC,24,DD,What is the speed of the phoenix at 1.0s in m/s?,acceleration of the phoenix at 2.0s = 2m/s^2,,1.3371531822121767e-09
968,simulation_0274,simulation,S2SS,24,SS,What is the width of the raccoon in meters?,length of the raccoon = 1.51m,,0.4040623958661417
969,simulation_0274,simulation,S2SS,24,SD,What is the speed of the raccoon at 1.0s in m/s?,length of the raccoon (tail included) = 1.51m,,2.2773261666836283e-09
970,simulation_0274,simulation,S2SS,24,SS,"What is the displacement of the raccoon from 0.5 s to 1.0 s, in meters?",length of the raccoon (tail included) = 1.51m,,1.1515050660528015e-09
971,simulation_0275,simulation,S2SS,24,SS,What is the height of the raccoon in meters?,length of the raccoon (tail included) = 1.51m,,0.5736841691192497
972,simulation_0275,simulation,S2SS,24,SD,What is the speed of the raccoon at 1.0s in m/s?,length of the raccoon (tail included) = 1.51m,,2.5353065158917304e-09
973,simulation_0275,simulation,S2SS,24,SS,"What is the displacement of the raccoon from 0.5 s to 1.0 s, in meters?",length of the raccoon (tail included) = 1.51m,,1.253353797730574e-09
974,simulation_0276,simulation,S2SC,24,SS,What is the width of the raccoon in meters?,length of the raccoon (tail included) = 1.51m,,0.2917045454545456
975,simulation_0276,simulation,S2SC,24,SD,What is the speed of the raccoon at 1.0s in m/s?,length of the raccoon (tail included) = 1.51m,,2.808057146094591e-09
976,simulation_0276,simulation,S2SC,24,SS,"What is the displacement of the raccoon from 0.5 s to 1.0 s, in meters?",length of the raccoon (tail included) = 1.51m,,1.3937865527464764e-09
977,simulation_0277,simulation,S2SC,24,SS,What is the height of the raccoon in meters?,length of the raccoon (tail included) = 1.51m,,0.6143111241486414
978,simulation_0277,simulation,S2SC,24,SD,What is the speed of the raccoon at 1.0s in m/s?,length of the raccoon (tail included) = 1.51m,,2.8014671349173953e-09
979,simulation_0277,simulation,S2SC,24,SS,"What is the displacement of the raccoon from 0.5 s to 1.0 s, in meters?",length of the raccoon (tail included) = 1.51m,,1.30202485776818e-09
980,simulation_0278,simulation,V2SS,24,DS,What is the length of the whale in meters?,speed of the whale = 1.67m/s,,19.082473226645902
981,simulation_0278,simulation,V2SS,24,DS,What is the width of the whale in meters?,speed of the whale = 1.67m/s,,3.809102273937125
982,simulation_0278,simulation,V2SS,24,DS,"What is the displacement of the whale from 0.5 s to 1.0 s, in meters?",speed of the whale = 1.67m/s,,8.573781575909674e-10
983,simulation_0279,simulation,V2SS,24,DS,What is the length of the whale in meters?,speed of the whale = 1.67m/s,,20.22444871798084
984,simulation_0279,simulation,V2SS,24,DS,What is the height of the whale in meters?,speed of the whale = 1.67m/s,,2.9474605003402554
985,simulation_0279,simulation,V2SS,24,DS,"What is the displacement of the whale from 0.5 s to 1.0 s, in meters?",speed of the whale = 1.67m/s,,8.454099878340013e-10
986,simulation_0280,simulation,S2SC,24,DS,What is the speed of the whale at 1.0s in m/s?,length of the whale = 19.17m,,1.5025076454400127e-09
987,simulation_0280,simulation,S2SC,24,DS,What is the height of the whale in meters?,length of the whale = 19.17m,,2.838882535958222
988,simulation_0280,simulation,S2SC,24,DS,"What is the displacement of the whale from 0.5 s to 1.0 s, in meters?",length of the whale = 19.17m,,7.846227291785322e-10
989,simulation_0281,simulation,S2SC,24,DS,What is the speed of the whale at 1.0s in m/s?,length of the whale = 19.17m,,1.7003360163789234e-09
990,simulation_0281,simulation,S2SC,24,DS,What is the width of the whale in meters?,length of the whale = 19.17m,,3.8152058823529416
991,simulation_0281,simulation,S2SC,24,DS,"What is the displacement of the whale from 0.5 s to 1.0 s, in meters?",length of the whale = 19.17m,,8.61634132178601e-10
992,simulation_0282,simulation,V2SS,24,DS,What is the body length of the dragon in meters?,speed of the dragon = 1.29m/s,,0.8404360206839072
993,simulation_0282,simulation,V2SS,24,DS,What is the width (wing span) of the dragon in meters?,speed of the dragon = 1.29m/s,,1.6484103844564268
994,simulation_0282,simulation,V2SS,24,DS,"What is the displacement of the dragon from 0.5 s to 1.0 s, in meters?",speed of the dragon = 1.29m/s,,6.359098359779445e-10
995,simulation_0283,simulation,S2SC,24,SD,What is the speed of the dragon at 1.0s in m/s?,length of the dragon = 0.75m,,1.8355654337085077e-09
996,simulation_0283,simulation,S2SC,24,SS,"What is the displacement of the dragon from 0.5s to 1.0s, in meters?",length of the dragon = 0.75m,,5.648767856839786e-10
997,simulation_0284,simulation,V2SS,25,DS,What is the length of the plane in meters?,speed of the plane = 22.16 m/s,,14.442483793637932
998,simulation_0284,simulation,V2SS,25,DS,What is the width of the plane in meters?,speed of the plane = 22.16 m/s,,18.15845442489225
999,simulation_0284,simulation,V2SS,25,DS,"What is the displacement of the plane from 0.5s to 1.0s, in meters?",speed of the plane = 22.16 m/s,,1.1140951434960543e-08
1000,simulation_0285,simulation,V2SS,25,DS,What is the length of the plane in meters?,speed of the plane = 22.16 m/s,,14.445315068257807
1001,simulation_0285,simulation,V2SS,25,DS,What is the height of the plane in meters?,speed of the plane = 22.16 m/s,,4.267215610973311
1002,simulation_0285,simulation,V2SS,25,DS,"What is the displacement of the plane from 0.5 s to 1.0 s, in meters?",speed of the plane = 22.16 m/s,,1.1109079328583875e-08
1003,simulation_0286,simulation,V2SC,25,DS,What is the length of the plane in meters?,speed of the plane = 22.16 m/s,,13.925233348850233
1004,simulation_0286,simulation,V2SC,25,DS,What is the width of the plane in meters?,speed of the plane = 22.16 m/s,,18.33294026319217
1005,simulation_0286,simulation,V2SC,25,DS,"What is the displacement of the plane from 0.5 s to 1.0 s, in meters?",speed of the plane = 22.16 m/s,,1.1256258168085118e-08
1006,simulation_0287,simulation,V2SC,25,DS,What is the length of the plane in meters?,speed of the plane = 22.16 m/s,,14.452757143063982
1007,simulation_0287,simulation,V2SC,25,DS,What is the height of the plane in meters?,speed of the plane = 22.16 m/s,,4.480392649076511
1008,simulation_0287,simulation,V2SC,25,DS,"What is the displacement of the plane from 0.5 s to 1.0 s, in meters?",speed of the plane = 22.16 m/s,,1.04017683478185e-08
1009,simulation_0288,simulation,V2SS,24,DS,What is the length of the fish in meters?,speed of the fish = 0.67m/s,,0.8059993450446309
1010,simulation_0288,simulation,V2SS,24,DS,What is the width of the fish in meters?,speed of the fish = 0.67m/s,,0.1573024058372367
1011,simulation_0288,simulation,V2SS,24,DS,"What is the displacement of the fish from 0.5 s to 1.0 s, in meters?",speed of the fish = 0.67m/s,,3.4015342487780393e-10
1012,simulation_0289,simulation,V2SS,24,DS,What is the length of the fish in meters?,speed of the fish = 0.67m/s,,0.7777372375937447
1013,simulation_0289,simulation,V2SS,24,DS,"What is the displacement of the fish from 0.5 s to 1.0 s, in meters?",speed of the fish = 0.67m/s,,3.493287604574394e-10
1014,simulation_0290,simulation,V2SC,24,DS,What is the length of the fish in meters?,speed of the fish = 0.67m/s,,0.8158548968140292
1015,simulation_0290,simulation,V2SC,24,DS,What is the width of the fish in meters?,speed of the fish = 0.67m/s,,0.1570976322816184
1016,simulation_0290,simulation,V2SC,24,DS,"What is the displacement of the fish from 0.5 s to 1.0 s, in meters?",speed of the fish = 0.67m/s,,3.6296916781183117e-10
1017,simulation_0291,simulation,V2SC,24,DS,What is the length of the fish in meters?,speed of the fish = 0.67m/s,,0.7825601573829483
1018,simulation_0291,simulation,V2SC,24,DS,What is the height of the fish in meters?,speed of the fish = 0.67m/s,,0.3743152076451571
1019,simulation_0291,simulation,V2SC,24,DS,"What is the displacement of the fish from 0.5 s to 1.0 s, in meters?",speed of the fish = 0.67m/s,,3.4562729294806545e-10
1020,simulation_0292,simulation,V2SS,24,DS,What is the length of the column below the drone in meters?,speed of the column below the drone =  0.96m/s,,0.8712062345843556
1021,simulation_0292,simulation,V2SS,24,DS,What is the height of the column below the drone in meters?,speed of the column below the drone =  0.96m/s,,0.88
1022,simulation_0292,simulation,V2SS,24,DS,"What is the displacement of the column below the drone from 0.5 s to 1.0 s, in meters?",speed of the column below the drone =  0.96m/s,,4.802122825197747e-10
1023,simulation_0293,simulation,V2SC,24,DS,What is the length of the column below the drone in meters?,speed of the column below the drone =  0.96m/s,,0.5081240138314815
1024,simulation_0293,simulation,V2SC,24,DS,What is the height of the column below the drone in meters?,speed of the column below the drone =  0.96m/s,,0.9636834745079832
1025,simulation_0293,simulation,V2SC,24,DS,"What is the displacement of the column below the drone from 0.5 s to 1.0 s, in meters?",speed of the column below the drone =  0.96m/s,,4.3829476704917936e-10
1026,simulation_0294,simulation,V2SS,24,DS,What is the length of the butterfly's wings in meters?,speed of the butterfly = 0.32m/s,,0.1881798483489611
1027,simulation_0294,simulation,V2SS,24,DS,"What is the displacement of the butterfly from 0.5 s to 1.0 s, in meters?",speed of the butterfly = 0.32m/s,,1.6154780263315169e-10
1028,simulation_0295,simulation,V2SC,24,DS,What is the length of the butterfly's wings in meters?,speed of the butterfly = 0.32m/s,,0.1856795329441888
1029,simulation_0295,simulation,V2SC,24,DS,"What is the displacement of the butterfly from 0.5 s to 1.0 s, in meters?",speed of the butterfly = 0.32m/s,,1.6643565581340878e-10
1030,simulation_0296,simulation,V2SC,24,DS,What is the width (wing span) of the butterfly in meters?,speed of the butterfly = 0.32m/s,,0.2213391156177194
1031,simulation_0296,simulation,V2SC,24,DS,What is the length of the butterfly's wings in meters?,speed of the butterfly = 0.32m/s,,0.1669751223081041
1032,simulation_0296,simulation,V2SC,24,DS,"What is the displacement of the butterfly from 0.5 s to 1.0 s, in meters?",speed of the butterfly = 0.32m/s,,1.7218982287416503e-10
1033,simulation_0297,simulation,V2SC,24,DS,"What is the displacement of the jellyfish from 0.5 s to 1.0 s, in meters?",speed of the jellyfish = 1.75m/s,,8.786042539505356e-10
1034,simulation_0298,simulation,V2SX,24,DS,What is the length of the fire truck in meters?,speed of the fire truck = 11.18m/s,,9.45743733215506
1035,simulation_0298,simulation,V2SX,24,DS,What is the width of the fire truck in meters?,speed of the fire truck = 11.18m/s,,2.713526323149976
1036,simulation_0298,simulation,V2SX,24,DS,"What is the displacement of the fire truck from 0.5 s to 1.0 s, in meters?",speed of the fire truck = 11.18m/s,,5.6999089538580205e-09
1037,simulation_0008,simulation,S3MC,24,SS,What is the width of the wooden pier in meters?,height of boat = 0.75m,"t=0s, distance_boat_camera = 7.452 m
t=1s, distance_boat_camera = 6.655m
distance_pier_camera = 11.579m
distance_stairs_camera = 17.623m",2.09
1038,simulation_0008,simulation,S3MC,24,SS,What is the length of the pier from the shore-side edge to the water-side edge in meters?,height of boat = 0.75m,"t=0s, distance_boat_camera = 7.452 m
t=1s, distance_boat_camera = 6.655m
distance_pier_camera = 11.579m
distance_stairs_camera = 17.623m",3.0
1039,simulation_0008,simulation,S3MC,24,SS,"When t=3s, what is the minimum distance from the outer end of the pier to the boat in meters?",height of boat = 0.75m,"t=0s, distance_boat_camera = 7.452 m
t=1s, distance_boat_camera = 6.655m
distance_pier_camera = 11.579m
distance_stairs_camera = 17.623m",4.0
1040,simulation_0008,simulation,S3MC,24,SS,What is the width of the wooden stairs in meters?,height of boat = 0.75m,"t=0s, distance_boat_camera = 7.452 m
t=1s, distance_boat_camera = 6.655m
distance_pier_camera = 11.579m
distance_stairs_camera = 17.623m",1.75
1041,simulation_0008,simulation,S3MC,24,SS,What is the height of the pier deck above the water surface in meters?,height of boat = 0.75m,"t=0s, distance_boat_camera = 7.452 m
t=1s, distance_boat_camera = 6.655m
distance_pier_camera = 11.579m
distance_stairs_camera = 17.623m",0.48
1042,simulation_0008,simulation,S3MC,24,SS,What is the height of the cabin floor above the ground in meters?,height of boat = 0.75m,"t=0s, distance_boat_camera = 7.452 m
t=1s, distance_boat_camera = 6.655m
distance_pier_camera = 11.579m
distance_stairs_camera = 17.623m",0.9
1043,simulation_0008,simulation,S3MC,24,SD,What is the average speed of the boat from 1.0s to 2.0s in m/s?,height of boat = 0.75m,"t=0s, distance_boat_camera = 7.452 m
t=1s, distance_boat_camera = 6.655m
distance_pier_camera = 11.579m
distance_stairs_camera = 17.623m",1.65e-09
1044,simulation_0009,simulation,V3MC,24,DS,What is the length of the boat in meters?,speed of the boat = 1.5 m/s,"t=0s, distance_boat_camera =11.827 m
t=1s, distance_boat_camera = 13.154m
distance_pier_camera = 18.920m
distance_stairs_camera = 23.125m",2.0
1045,simulation_0009,simulation,V3MC,24,DS,What is the width of the boat in meters?,speed of the boat = 1.5 m/s,"t=0s, distance_boat_camera =11.827 m
t=1s, distance_boat_camera = 13.154m
distance_pier_camera = 18.920m
distance_stairs_camera = 23.125m",0.65
1046,simulation_0009,simulation,V3MC,24,DS,What is the height of the boat in meters?,speed of the boat = 1.5 m/s,"t=0s, distance_boat_camera =11.827 m
t=1s, distance_boat_camera = 13.154m
distance_pier_camera = 18.920m
distance_stairs_camera = 23.125m",0.45
1047,simulation_0009,simulation,V3MC,24,DS,What is the width (shorter side) of the wooden pier in meters?,speed of the boat = 1.5 m/s,"t=0s, distance_boat_camera =11.827 m
t=1s, distance_boat_camera = 13.154m
distance_pier_camera = 18.920m
distance_stairs_camera = 23.125m",1.2
1048,simulation_0009,simulation,V3MC,24,DS,What is the length of the pier from the shore-side edge to the water-side edge in meters?,speed of the boat = 1.5 m/s,"t=0s, distance_boat_camera =11.827 m
t=1s, distance_boat_camera = 13.154m
distance_pier_camera = 18.920m
distance_stairs_camera = 23.125m",5.3
1049,simulation_0009,simulation,V3MC,24,DS,"When t=3s, what is the minimum distance from the outer end of the pier to the boat in meters?",speed of the boat = 1.5 m/s,"t=0s, distance_boat_camera =11.827 m
t=1s, distance_boat_camera = 13.154m
distance_pier_camera = 18.920m
distance_stairs_camera = 23.125m",2.8
1050,simulation_0009,simulation,V3MC,24,DS,What is the width of the wooden steps in meters?,speed of the boat = 1.5 m/s,"t=0s, distance_boat_camera =11.827 m
t=1s, distance_boat_camera = 13.154m
distance_pier_camera = 18.920m
distance_stairs_camera = 23.125m",1.3
1051,simulation_0009,simulation,V3MC,24,DS,What is the height of the pier deck above the water surface in meters?,speed of the boat = 1.5 m/s,"t=0s, distance_boat_camera =11.827 m
t=1s, distance_boat_camera = 13.154m
distance_pier_camera = 18.920m
distance_stairs_camera = 23.125m",0.5
1052,simulation_0009,simulation,V3MC,24,DS,What is the height of the cabin floor above the ground in meters?,speed of the boat = 1.5 m/s,"t=0s, distance_boat_camera =11.827 m
t=1s, distance_boat_camera = 13.154m
distance_pier_camera = 18.920m
distance_stairs_camera = 23.125m",1.0
1053,simulation_0010,simulation,V3MC,24,SS,What is the width between the two widest eaves of the small house in meters?,length of the bird = 1.19m,"t=0s, distance_bird_camera = 34.584m
t=1s, distance_bird_camera = 33.999m
distance_cart_camera = 30.374m
distance_house_camera = 55.083m",17.3
1054,simulation_0010,simulation,V3MC,24,SS,What is the height of the house’s door in meters?,length of the bird = 1.19m,"t=0s, distance_bird_camera = 34.584m
t=1s, distance_bird_camera = 33.999m
distance_cart_camera = 30.374m
distance_house_camera = 55.083m",5.05
1055,simulation_0010,simulation,V3MC,24,SS,What is the maximum height of the cart from the ground in meters?,length of the bird = 1.19m,"t=0s, distance_bird_camera = 34.584m
t=1s, distance_bird_camera = 33.999m
distance_cart_camera = 30.374m
distance_house_camera = 55.083m",2.58
1056,simulation_0010,simulation,V3MC,24,SS,What is the diameter of the cart’s wheels in meters?,length of the bird = 1.19m,"t=0s, distance_bird_camera = 34.584m
t=1s, distance_bird_camera = 33.999m
distance_cart_camera = 30.374m
distance_house_camera = 55.083m",2.04
1057,simulation_0010,simulation,V3MC,24,SD,What is the average speed of the bird from 0.5s to 1.0s in m/s?,length of the bird = 1.19m,"t=0s, distance_bird_camera = 34.584m
t=1s, distance_bird_camera = 33.999m
distance_cart_camera = 30.374m
distance_house_camera = 55.083m",6.3e-09
1058,simulation_0011,simulation,A3MC,24,DD,What is the average speed of the bird from 0.5s to 1.0s in m/s?,gravity acc = 9.8m/s^2,"t=0s, distance_bird_camera = 46.654m
t=1s, distance_bird_camera = 43.970m
t=0s, distance_nest_camera = 17.268m
t=1s, distance_nest_camera = 17.248m
distance_cart_camera = 33.235m
distance_house_camera = 63.603m",5.5e-09
1059,simulation_0011,simulation,A3MC,24,DS,What is the height of the house’s door in meters?,gravity acc = 9.8m/s^2,"t=0s, distance_bird_camera = 46.654m
t=1s, distance_bird_camera = 43.970m
t=0s, distance_nest_camera = 17.268m
t=1s, distance_nest_camera = 17.248m
distance_cart_camera = 33.235m
distance_house_camera = 63.603m",6.3
1060,simulation_0011,simulation,A3MC,24,DS,What is the diameter of the cart’s wheels in meters?,gravity acc = 9.8m/s^2,"t=0s, distance_bird_camera = 46.654m
t=1s, distance_bird_camera = 43.970m
t=0s, distance_nest_camera = 17.268m
t=1s, distance_nest_camera = 17.248m
distance_cart_camera = 33.235m
distance_house_camera = 63.603m",2.68
1061,simulation_0011,simulation,A3MC,24,DS,What is the width between the two widest eaves of the house in meters?,gravity acc = 9.8m/s^2,"t=0s, distance_bird_camera = 46.654m
t=1s, distance_bird_camera = 43.970m
t=0s, distance_nest_camera = 17.268m
t=1s, distance_nest_camera = 17.248m
distance_cart_camera = 33.235m
distance_house_camera = 63.603m",26.3
1062,simulation_0011,simulation,A3MC,24,DS,What is the body length of the bird in meters?,gravity acc = 9.8m/s^2,"t=0s, distance_bird_camera = 46.654m
t=1s, distance_bird_camera = 43.970m
t=0s, distance_nest_camera = 17.268m
t=1s, distance_nest_camera = 17.248m
distance_cart_camera = 33.235m
distance_house_camera = 63.603m",0.75
1063,simulation_0011,simulation,A3MC,24,DS,How wide is the bird's wingspan when it spreads its wings in meters?,gravity acc = 9.8m/s^2,"t=0s, distance_bird_camera = 46.654m
t=1s, distance_bird_camera = 43.970m
t=0s, distance_nest_camera = 17.268m
t=1s, distance_nest_camera = 17.248m
distance_cart_camera = 33.235m
distance_house_camera = 63.603m",1.5
1064,simulation_0013,simulation,A3MC,24,DD,What is the flight speed of the bird at 1.0s in m/s?,gravity acc = 9.8m/s^2,"t=0s, distance_nest_camera = 4.932m
t=1s, distance_nest_camera = 4.895m
t=0s, distance_bird_camera = 35.960m
t=1s, distance_bird_camera = 34.077m
distance_cart_camera = 26.342m",7.200000000000001e-09
1065,simulation_0013,simulation,A3MC,24,DS,What is the body length of the bird in meters?,gravity acc = 9.8m/s^2,"t=0s, distance_nest_camera = 4.932m
t=1s, distance_nest_camera = 4.895m
t=0s, distance_bird_camera = 35.960m
t=1s, distance_bird_camera = 34.077m
distance_cart_camera = 26.342m",1.35
1066,simulation_0013,simulation,A3MC,24,DS,What is the diameter of the cart’s wheels in meters?,gravity acc = 9.8m/s^2,"t=0s, distance_nest_camera = 4.932m
t=1s, distance_nest_camera = 4.895m
t=0s, distance_bird_camera = 35.960m
t=1s, distance_bird_camera = 34.077m
distance_cart_camera = 26.342m",2.13
1067,simulation_0014,simulation,A3MC,24,DS,What is the height of the house’s door in meters?,gravity acc = 9.8m/s^2,"t=0s, distance_nest_camera = 5.661m
t=1s, distance_nest_camera = 5.630m
distance_cart_camera = 27.562m
distance_house_camera = 55.767m",6.9
1068,simulation_0014,simulation,A3MC,24,DS,What is the diameter of the cart’s wheels in meters?,gravity acc = 9.8m/s^2,"t=0s, distance_nest_camera = 5.661m
t=1s, distance_nest_camera = 5.630m
distance_cart_camera = 27.562m
distance_house_camera = 55.767m",2.88
1069,simulation_0014,simulation,A3MC,24,DS,What is the width between the two widest eaves of the house in meters?,gravity acc = 9.8m/s^2,"t=0s, distance_nest_camera = 5.661m
t=1s, distance_nest_camera = 5.630m
distance_cart_camera = 27.562m
distance_house_camera = 55.767m",23.8
1070,simulation_0014,simulation,A3MC,24,DS,What is the maximum height of the cart from the ground in meters?,gravity acc = 9.8m/s^2,"t=0s, distance_nest_camera = 5.661m
t=1s, distance_nest_camera = 5.630m
distance_cart_camera = 27.562m
distance_house_camera = 55.767m",3.39
1071,simulation_0014,simulation,A3MC,24,DS,What is the height of the rectangular cargo box on the cart in meters?,gravity acc = 9.8m/s^2,"t=0s, distance_nest_camera = 5.661m
t=1s, distance_nest_camera = 5.630m
distance_cart_camera = 27.562m
distance_house_camera = 55.767m",1.61
1072,simulation_0014,simulation,A3MC,24,DS,What is the length of rectangular cargo box on the cart in meters?,gravity acc = 9.8m/s^2,"t=0s, distance_nest_camera = 5.661m
t=1s, distance_nest_camera = 5.630m
distance_cart_camera = 27.562m
distance_house_camera = 55.767m",5.2
1073,simulation_0015,simulation,S3MC,33,SS,What is the height of the central sculpture itself (excluding the pedestal) in meters?,height of the person = 1.87m,"t=0s, distance_human_camera = 12.26m
t=1s, distance_human_camera = 10.97m
distance_the_pedestal_of_the_central _sculpture_and_camera = 9.460m
distance_the central_sculpture_camera = 9.460m
distance_the_nearest_freestanding_art_display_panel = 11.874m",1.67
1074,simulation_0015,simulation,S3MC,33,SS,What is the width of the pedestal (square base) of the central sculpture in meters?,height of the person = 1.87m,"t=0s, distance_human_camera = 12.26m
t=1s, distance_human_camera = 10.97m
distance_the_pedestal_of_the_central _sculpture_and_camera = 9.460m
distance_the central_sculpture_camera = 9.460m
distance_the_nearest_freestanding_art_display_panel = 11.874m",1.57
1075,simulation_0015,simulation,S3MC,33,SS,What is the height of the pedestal (square base) of the central sculpture in meters?,height of the person = 1.87m,"t=0s, distance_human_camera = 12.26m
t=1s, distance_human_camera = 10.97m
distance_the_pedestal_of_the_central _sculpture_and_camera = 9.460m
distance_the central_sculpture_camera = 9.460m
distance_the_nearest_freestanding_art_display_panel = 11.874m",1.01
1076,simulation_0015,simulation,S3MC,33,SS,What is the height of the freestanding art display panel in meters?,height of the person = 1.87m,"t=0s, distance_human_camera = 12.26m
t=1s, distance_human_camera = 10.97m
distance_the_pedestal_of_the_central _sculpture_and_camera = 9.460m
distance_the central_sculpture_camera = 9.460m
distance_the_nearest_freestanding_art_display_panel = 11.874m",2.01
1077,simulation_0015,simulation,S3MC,33,SS,What is the height of the bench seat in the atrium in meters?,height of the person = 1.87m,"t=0s, distance_human_camera = 12.26m
t=1s, distance_human_camera = 10.97m
distance_the_pedestal_of_the_central _sculpture_and_camera = 9.460m
distance_the central_sculpture_camera = 9.460m
distance_the_nearest_freestanding_art_display_panel = 11.874m",0.7
1078,simulation_0015,simulation,S3MC,33,SS,What is the width of the bench seat in the atrium in meters?,height of the person = 1.87m,"t=0s, distance_human_camera = 12.26m
t=1s, distance_human_camera = 10.97m
distance_the_pedestal_of_the_central _sculpture_and_camera = 9.460m
distance_the central_sculpture_camera = 9.460m
distance_the_nearest_freestanding_art_display_panel = 11.874m",0.6
1079,simulation_0015,simulation,S3MC,33,SS,What is the length of the bench seat in the atrium in meters?,height of the person = 1.87m,"t=0s, distance_human_camera = 12.26m
t=1s, distance_human_camera = 10.97m
distance_the_pedestal_of_the_central _sculpture_and_camera = 9.460m
distance_the central_sculpture_camera = 9.460m
distance_the_nearest_freestanding_art_display_panel = 11.874m",1.5
1080,simulation_0015,simulation,S3MC,33,SS,What is the clear height from the floor to the underside of the open roof frame (lattice) in meters?,height of the person = 1.87m,"t=0s, distance_human_camera = 12.26m
t=1s, distance_human_camera = 10.97m
distance_the_pedestal_of_the_central _sculpture_and_camera = 9.460m
distance_the central_sculpture_camera = 9.460m
distance_the_nearest_freestanding_art_display_panel = 11.874m",10.8
1081,simulation_0015,simulation,S3MC,33,SS,What is the vertical depth (thickness) of the open roof frame (top edge to bottom edge) in meters?,height of the person = 1.87m,"t=0s, distance_human_camera = 12.26m
t=1s, distance_human_camera = 10.97m
distance_the_pedestal_of_the_central _sculpture_and_camera = 9.460m
distance_the central_sculpture_camera = 9.460m
distance_the_nearest_freestanding_art_display_panel = 11.874m",0.45
1082,simulation_0015,simulation,S3MC,33,SD,What is the speed of the human at 1.0s in m/s?,height of the person = 1.87m,"t=0s, distance_human_camera = 12.26m
t=1s, distance_human_camera = 10.97m
distance_the_pedestal_of_the_central _sculpture_and_camera = 9.460m
distance_the central_sculpture_camera = 9.460m
distance_the_nearest_freestanding_art_display_panel = 11.874m",1.3e-09
1083,simulation_0017,simulation,V3MC,33,DS,What is the height of the person in meters?,speed of the person = 1.3m/s,"t=0s, distance_human_camera = 5.424m
t=1s, distance_human_camera = 4.886m
distance_bench_camera = 2.267m
distance_the_pedestal_of_the_central _sculpture_and_camera = 5.963m
distance_the central_sculpture_camera = 5.962m
distance_the_freestanding_art_display_panel = 4.223m",1.6
1084,simulation_0017,simulation,V3MC,33,DS,What is the width of the pedestal (square base) of the central sculpture in meters?,speed of the person = 1.3m/s,"t=0s, distance_human_camera = 5.424m
t=1s, distance_human_camera = 4.886m
distance_bench_camera = 2.267m
distance_the_pedestal_of_the_central _sculpture_and_camera = 5.963m
distance_the central_sculpture_camera = 5.962m
distance_the_freestanding_art_display_panel = 4.223m",1.49
1085,simulation_0017,simulation,V3MC,33,DS,What is the height of the pedestal (square base) of the central sculpture in meters?,speed of the person = 1.3m/s,"t=0s, distance_human_camera = 5.424m
t=1s, distance_human_camera = 4.886m
distance_bench_camera = 2.267m
distance_the_pedestal_of_the_central _sculpture_and_camera = 5.963m
distance_the central_sculpture_camera = 5.962m
distance_the_freestanding_art_display_panel = 4.223m",0.92
1086,simulation_0017,simulation,V3MC,33,DS,What is the height of the bench seat in the atrium in meters?,speed of the person = 1.3m/s,"t=0s, distance_human_camera = 5.424m
t=1s, distance_human_camera = 4.886m
distance_bench_camera = 2.267m
distance_the_pedestal_of_the_central _sculpture_and_camera = 5.963m
distance_the central_sculpture_camera = 5.962m
distance_the_freestanding_art_display_panel = 4.223m",0.31
1087,simulation_0017,simulation,V3MC,33,DS,What is the length of the bench seat in the atrium in meters?,speed of the person = 1.3m/s,"t=0s, distance_human_camera = 5.424m
t=1s, distance_human_camera = 4.886m
distance_bench_camera = 2.267m
distance_the_pedestal_of_the_central _sculpture_and_camera = 5.963m
distance_the central_sculpture_camera = 5.962m
distance_the_freestanding_art_display_panel = 4.223m",2.4
1088,simulation_0017,simulation,V3MC,33,DS,What is the height of the central sculpture itself (excluding the pedestal) in meters?,speed of the person = 1.3m/s,"t=0s, distance_human_camera = 5.424m
t=1s, distance_human_camera = 4.886m
distance_bench_camera = 2.267m
distance_the_pedestal_of_the_central _sculpture_and_camera = 5.963m
distance_the central_sculpture_camera = 5.962m
distance_the_freestanding_art_display_panel = 4.223m",1.53
1089,simulation_0017,simulation,V3MC,33,DS,What is the height of the freestanding art display panel in meters?,speed of the person = 1.3m/s,"t=0s, distance_human_camera = 5.424m
t=1s, distance_human_camera = 4.886m
distance_bench_camera = 2.267m
distance_the_pedestal_of_the_central _sculpture_and_camera = 5.963m
distance_the central_sculpture_camera = 5.962m
distance_the_freestanding_art_display_panel = 4.223m",0.62
1090,simulation_0019,simulation,S3MC,33,SD,What is the walking speed of the person at 0.5s in m/s?,height of the person = 1.87m,"t=0s, distance_human_camera = 6.84m
t=1s, distance_human_camera = 6.49m
distance_the_nearest_freestanding_art_display_panel = 11.042m
distance_the_pedestal_of_the_central_sculpture_and_camera = 5.085m
distance_the_central_sculpture_camera = 5.085m",1.4e-09
1091,simulation_0019,simulation,S3MC,33,SS,What is the width of the pedestal (square base) of the central sculpture in meters?,height of the person = 1.87m,"t=0s, distance_human_camera = 6.84m
t=1s, distance_human_camera = 6.49m
distance_the_nearest_freestanding_art_display_panel = 11.042m
distance_the_pedestal_of_the_central_sculpture_and_camera = 5.085m
distance_the_central_sculpture_camera = 5.085m",1.62
1092,simulation_0019,simulation,S3MC,33,SS,What is the height of the pedestal (square base) of the central sculpture in meters?,height of the person = 1.87m,"t=0s, distance_human_camera = 6.84m
t=1s, distance_human_camera = 6.49m
distance_the_nearest_freestanding_art_display_panel = 11.042m
distance_the_pedestal_of_the_central_sculpture_and_camera = 5.085m
distance_the_central_sculpture_camera = 5.085m",0.99
1093,simulation_0019,simulation,S3MC,33,SS,What is the height of the central sculpture itself (excluding the pedestal) in meters?,height of the person = 1.87m,"t=0s, distance_human_camera = 6.84m
t=1s, distance_human_camera = 6.49m
distance_the_nearest_freestanding_art_display_panel = 11.042m
distance_the_pedestal_of_the_central_sculpture_and_camera = 5.085m
distance_the_central_sculpture_camera = 5.085m",1.64
1094,simulation_0019,simulation,S3MC,33,SS,What is the width of the freestanding art display panel in meters?,height of the person = 1.87m,"t=0s, distance_human_camera = 6.84m
t=1s, distance_human_camera = 6.49m
distance_the_nearest_freestanding_art_display_panel = 11.042m
distance_the_pedestal_of_the_central_sculpture_and_camera = 5.085m
distance_the_central_sculpture_camera = 5.085m",1.17
1095,simulation_0019,simulation,S3MC,33,SS,What is the height of the freestanding art display panel in meters?,height of the person = 1.87m,"t=0s, distance_human_camera = 6.84m
t=1s, distance_human_camera = 6.49m
distance_the_nearest_freestanding_art_display_panel = 11.042m
distance_the_pedestal_of_the_central_sculpture_and_camera = 5.085m
distance_the_central_sculpture_camera = 5.085m",1.96
1096,simulation_0021,simulation,S3MC,30,SD,What is the walking speed of the person at 1.0s in m/s?,height of the person = 1.87m,"t=0s, distance_human_camera = 13.882m
t=1s, distance_human_camera = 13.768m
distance_fire_hydrant_camera = 12.565m
distance_streetlight_camera = 12.325m",4.6000000000000007e-10
1097,simulation_0021,simulation,S3MC,30,SS,What is the height of the fire hydrant in meters?,height of the person = 1.87m,"t=0s, distance_human_camera = 13.882m
t=1s, distance_human_camera = 13.768m
distance_fire_hydrant_camera = 12.565m
distance_streetlight_camera = 12.325m",1.07
1098,simulation_0021,simulation,S3MC,30,SS,What is the height of the streetlight in meters?,height of the person = 1.87m,"t=0s, distance_human_camera = 13.882m
t=1s, distance_human_camera = 13.768m
distance_fire_hydrant_camera = 12.565m
distance_streetlight_camera = 12.325m",4.38
1099,simulation_0022,simulation,S2SS,24,SD,What is the speed of the boat at 1.0s in m/s?,length of the boat = 10m,,4.2e-09
1100,simulation_0022,simulation,S2SS,24,SS,What is the height of the boat in meters?,length of the boat = 10m,,10.1
1101,simulation_0023,simulation,V3MC,24,DD,What is the speed of the boat at 1.0s in m/s?,speed of the eagle = 11.84m/s,"t=1s, distance_eagle_camera = 116.0475m
t=2s, distance_eagle_camera = 108.2756m
t=1s, distance_boat_camera = 103.1570 m
t=2s, distance_boat_camera = 106.0906 m",4.4000000000000005e-09
1102,simulation_0023,simulation,V3MC,24,DS,What is the height of the boat in meters?,speed of the eagle = 11.84m/s,"t=1s, distance_eagle_camera = 116.0475m
t=2s, distance_eagle_camera = 108.2756m
t=1s, distance_boat_camera = 103.1570 m
t=2s, distance_boat_camera = 106.0906 m",11.1
1103,simulation_0023,simulation,V3MC,24,DS,What is the length of the boat in meters?,speed of the eagle = 11.84m/s,"t=1s, distance_eagle_camera = 116.0475m
t=2s, distance_eagle_camera = 108.2756m
t=1s, distance_boat_camera = 103.1570 m
t=2s, distance_boat_camera = 106.0906 m",8.8
1104,simulation_0023,simulation,V3MC,24,DS,What is the length of the eagle in meters?,speed of the eagle = 11.84m/s,"t=1s, distance_eagle_camera = 116.0475m
t=2s, distance_eagle_camera = 108.2756m
t=1s, distance_boat_camera = 103.1570 m
t=2s, distance_boat_camera = 106.0906 m",0.65
1105,simulation_0023,simulation,V3MC,24,DS,What is the eagle’s wingspan (the distance from the tip of one wing to the tip of the other when fully spread) in meters?,speed of the eagle = 11.84m/s,"t=1s, distance_eagle_camera = 116.0475m
t=2s, distance_eagle_camera = 108.2756m
t=1s, distance_boat_camera = 103.1570 m
t=2s, distance_boat_camera = 106.0906 m",1.6
1106,simulation_0024,simulation,V3MS,24,DS,What is the height of the boat in meters?,speed of the boat = 4m/s,"t=1s, distance_boat_camera = 90.1103 m
t=2s, distance_boat_camera = 90.4360 m",9.2
1107,simulation_0024,simulation,V3MS,24,DS,What is the length of the boat in meters?,speed of the boat = 4m/s,"t=1s, distance_boat_camera = 90.1103 m
t=2s, distance_boat_camera = 90.4360 m",10.0
1108,simulation_0024,simulation,V3MS,24,DS,What is the width of the boat in meters?,speed of the boat = 4m/s,"t=1s, distance_boat_camera = 90.1103 m
t=2s, distance_boat_camera = 90.4360 m",3.5
1109,simulation_0025,simulation,V3MC,24,DD,What is the speed of the eagle at 1.0s in m/s?,speed of the person = 1.3m/s,"t=1s, distance_eagle_camera = 116.0475m
t=2s, distance_eagle_camera = 108.2756m
t=1s, distance_human_camera = 114.8319m
t=2s, distance_human_camera = 114.8356 m",2.85e-08
1110,simulation_0025,simulation,V3MC,24,DS,What is the length of the eagle in meters?,speed of the person = 1.3m/s,"t=1s, distance_eagle_camera = 116.0475m
t=2s, distance_eagle_camera = 108.2756m
t=1s, distance_human_camera = 114.8319m
t=2s, distance_human_camera = 114.8356 m",1.5
1111,simulation_0025,simulation,V3MC,24,DS,What is the eagle’s wingspan (the distance from the tip of one wing to the tip of the other when fully spread) in meters?,speed of the person = 1.3m/s,"t=1s, distance_eagle_camera = 116.0475m
t=2s, distance_eagle_camera = 108.2756m
t=1s, distance_human_camera = 114.8319m
t=2s, distance_human_camera = 114.8356 m",3.7
1112,simulation_0025,simulation,V3MC,24,DS,What is the height of the person in meters?,speed of the person = 1.3m/s,"t=1s, distance_eagle_camera = 116.0475m
t=2s, distance_eagle_camera = 108.2756m
t=1s, distance_human_camera = 114.8319m
t=2s, distance_human_camera = 114.8356 m",5.3
1113,simulation_0026,simulation,S3MC,24,SS,What is the height of the boat in meters?,height of the person = 1.75m,"t=1s, distance_boat_camera = 103.1570 m
t=2s, distance_boat_camera = 106.0906 m
t=1s, distance_human_camera = 114.8319m
t=2s, distance_human_camera = 114.8356 m",9.7
1114,simulation_0026,simulation,S3MC,24,SS,What is the length of the boat in meters?,height of the person = 1.75m,"t=1s, distance_boat_camera = 103.1570 m
t=2s, distance_boat_camera = 106.0906 m
t=1s, distance_human_camera = 114.8319m
t=2s, distance_human_camera = 114.8356 m",7.5
1115,simulation_0026,simulation,S3MC,24,SD,What is the speed of the person at 1.0s in m/s?,height of the person = 1.75m,"t=1s, distance_boat_camera = 103.1570 m
t=2s, distance_boat_camera = 106.0906 m
t=1s, distance_human_camera = 114.8319m
t=2s, distance_human_camera = 114.8356 m",4.1e-10
1116,simulation_0027,simulation,S3MS,24,SD,What is the speed of the person from 1.0s to 2.0s in m/s?,height of the person = 1.75m,"t=1s, distance_human_camera = 100.5638m
t=2s, distance_human_camera = 100.5996m",5.9e-10
1117,simulation_0028,simulation,S3MC,24,SS,What is the eagle’s wingspan (the distance from the tip of one wing to the tip of the other when fully spread) in meters?,length of the eagle = 0.8m,"t=1s, distance_eagle_camera = 100.1405m
t=2s, distance_eagle_camera = 99.5206m",1.8
1118,simulation_0028,simulation,S3MC,24,SD,What is the speed of the eagle at 1.0s in m/s?,length of the eagle = 0.8m,"t=1s, distance_eagle_camera = 100.1405m
t=2s, distance_eagle_camera = 99.5206m",1.06e-08
1119,simulation_0029,simulation,V3MC,24,DS,What is the length of the eagle in meters?,speed of the eagle = 12m/s,"t=1s, distance_boat_camera = 133.9572 m
t=2s, distance_boat_camera = 131.2557 m
t=1s, distance_eagle_camera = 139.7035m
t=2s, distance_eagle_camera = 147.1583m",0.75
1120,simulation_0029,simulation,V3MC,24,DS,What is the height of the boat in meters?,speed of the eagle = 12m/s,"t=1s, distance_boat_camera = 133.9572 m
t=2s, distance_boat_camera = 131.2557 m
t=1s, distance_eagle_camera = 139.7035m
t=2s, distance_eagle_camera = 147.1583m",9.4
1121,simulation_0029,simulation,V3MC,24,DS,What is the length of the boat in meters?,speed of the eagle = 12m/s,"t=1s, distance_boat_camera = 133.9572 m
t=2s, distance_boat_camera = 131.2557 m
t=1s, distance_eagle_camera = 139.7035m
t=2s, distance_eagle_camera = 147.1583m",8.2
1122,simulation_0029,simulation,V3MC,24,DD,What is the speed of the boat at 1.0s in m/s?,speed of the eagle = 12m/s,"t=1s, distance_boat_camera = 133.9572 m
t=2s, distance_boat_camera = 131.2557 m
t=1s, distance_eagle_camera = 139.7035m
t=2s, distance_eagle_camera = 147.1583m",4.0999999999999995e-09
1123,simulation_0031,simulation,V3MC,24,DS,What is the height of the person in meters?,speed of the person = 1.3m/s,"t=1s, distance_boat_camera = 130.3493 m
t=2s, distance_boat_camera = 133.7433 m
t=1s, distance_human_camera = 139.9543 m
t=2s, distance_human_camera = 139.9833 m
t=1s, distance_eagle_camera = 139.7566 m
t=2s, distance_eagle_camera = 130.2468m",2.98
1124,simulation_0031,simulation,V3MC,24,DS,What is the height of the boat in meters?,speed of the person = 1.3m/s,"t=1s, distance_boat_camera = 130.3493 m
t=2s, distance_boat_camera = 133.7433 m
t=1s, distance_human_camera = 139.9543 m
t=2s, distance_human_camera = 139.9833 m
t=1s, distance_eagle_camera = 139.7566 m
t=2s, distance_eagle_camera = 130.2468m",16.6
1125,simulation_0031,simulation,V3MC,24,DS,What is the length of the boat in meters?,speed of the person = 1.3m/s,"t=1s, distance_boat_camera = 130.3493 m
t=2s, distance_boat_camera = 133.7433 m
t=1s, distance_human_camera = 139.9543 m
t=2s, distance_human_camera = 139.9833 m
t=1s, distance_eagle_camera = 139.7566 m
t=2s, distance_eagle_camera = 130.2468m",12.0
1126,simulation_0031,simulation,V3MC,24,DS,What is the width of the boat in meters?,speed of the person = 1.3m/s,"t=1s, distance_boat_camera = 130.3493 m
t=2s, distance_boat_camera = 133.7433 m
t=1s, distance_human_camera = 139.9543 m
t=2s, distance_human_camera = 139.9833 m
t=1s, distance_eagle_camera = 139.7566 m
t=2s, distance_eagle_camera = 130.2468m",4.2
1127,simulation_0031,simulation,V3MC,24,DD,What is the speed of the boat at 1.0s in m/s?,speed of the person = 1.3m/s,"t=1s, distance_boat_camera = 130.3493 m
t=2s, distance_boat_camera = 133.7433 m
t=1s, distance_human_camera = 139.9543 m
t=2s, distance_human_camera = 139.9833 m
t=1s, distance_eagle_camera = 139.7566 m
t=2s, distance_eagle_camera = 130.2468m",3.5e-09
1128,simulation_0031,simulation,V3MC,24,DS,What is the length of the eagle in meters?,speed of the person = 1.3m/s,"t=1s, distance_boat_camera = 130.3493 m
t=2s, distance_boat_camera = 133.7433 m
t=1s, distance_human_camera = 139.9543 m
t=2s, distance_human_camera = 139.9833 m
t=1s, distance_eagle_camera = 139.7566 m
t=2s, distance_eagle_camera = 130.2468m",1.0
1129,simulation_0031,simulation,V3MC,24,DD,What is the speed of the eagle at 1.0s in m/s?,speed of the person = 1.3m/s,"t=1s, distance_boat_camera = 130.3493 m
t=2s, distance_boat_camera = 133.7433 m
t=1s, distance_human_camera = 139.9543 m
t=2s, distance_human_camera = 139.9833 m
t=1s, distance_eagle_camera = 139.7566 m
t=2s, distance_eagle_camera = 130.2468m",1.15e-08
1130,simulation_0031,simulation,V3MC,24,DS,What is the eagle’s wingspan (the distance from the tip of one wing to the tip of the other when fully spread) in meters?,speed of the person = 1.3m/s,"t=1s, distance_boat_camera = 130.3493 m
t=2s, distance_boat_camera = 133.7433 m
t=1s, distance_human_camera = 139.9543 m
t=2s, distance_human_camera = 139.9833 m
t=1s, distance_eagle_camera = 139.7566 m
t=2s, distance_eagle_camera = 130.2468m",2.45
1131,simulation_0033,simulation,A3MC,30,DD,What is the walking speed of the person at 1.0s in m/s?,acceleration of the orange car = -2.86m/s^2,"t=0s, distance_human_camera = 13.780m
t=1s, distance_human_camera = 13.651m
t=0s, distance_orange_car_camera = 12.048m
t=1s, distance_orange_car_camera = 10.432m
t=0s, distance_green_car_camera = 13.077m
t=1s, distance_green_car_camera = 4.630m
distance_fire_hydrant_camera = 12.565m
distance_streetlight_camera = 12.325m",5.9e-10
1132,simulation_0033,simulation,A3MC,30,DS,What is the height of the fire hydrant in meters?,acceleration of the orange car = -2.86m/s^2,"t=0s, distance_human_camera = 13.780m
t=1s, distance_human_camera = 13.651m
t=0s, distance_orange_car_camera = 12.048m
t=1s, distance_orange_car_camera = 10.432m
t=0s, distance_green_car_camera = 13.077m
t=1s, distance_green_car_camera = 4.630m
distance_fire_hydrant_camera = 12.565m
distance_streetlight_camera = 12.325m",1.16
1133,simulation_0033,simulation,A3MC,30,DS,What is the height of the streetlight in meters?,acceleration of the orange car = -2.86m/s^2,"t=0s, distance_human_camera = 13.780m
t=1s, distance_human_camera = 13.651m
t=0s, distance_orange_car_camera = 12.048m
t=1s, distance_orange_car_camera = 10.432m
t=0s, distance_green_car_camera = 13.077m
t=1s, distance_green_car_camera = 4.630m
distance_fire_hydrant_camera = 12.565m
distance_streetlight_camera = 12.325m",4.74
1134,simulation_0033,simulation,A3MC,30,DS,What is the height of the person in meters?,acceleration of the orange car = -2.86m/s^2,"t=0s, distance_human_camera = 13.780m
t=1s, distance_human_camera = 13.651m
t=0s, distance_orange_car_camera = 12.048m
t=1s, distance_orange_car_camera = 10.432m
t=0s, distance_green_car_camera = 13.077m
t=1s, distance_green_car_camera = 4.630m
distance_fire_hydrant_camera = 12.565m
distance_streetlight_camera = 12.325m",2.02
1135,simulation_0033,simulation,A3MC,30,DD,What is the speed of the green car at 1.0s in m/s?,acceleration of the orange car = -2.86m/s^2,"t=0s, distance_human_camera = 13.780m
t=1s, distance_human_camera = 13.651m
t=0s, distance_orange_car_camera = 12.048m
t=1s, distance_orange_car_camera = 10.432m
t=0s, distance_green_car_camera = 13.077m
t=1s, distance_green_car_camera = 4.630m
distance_fire_hydrant_camera = 12.565m
distance_streetlight_camera = 12.325m",1.05e-08
1136,simulation_0033,simulation,A3MC,30,DS,What is the length of the orange car in meters?,acceleration of the orange car = -2.86m/s^2,"t=0s, distance_human_camera = 13.780m
t=1s, distance_human_camera = 13.651m
t=0s, distance_orange_car_camera = 12.048m
t=1s, distance_orange_car_camera = 10.432m
t=0s, distance_green_car_camera = 13.077m
t=1s, distance_green_car_camera = 4.630m
distance_fire_hydrant_camera = 12.565m
distance_streetlight_camera = 12.325m",5.53
1137,simulation_0033,simulation,A3MC,30,DS,What is the height of the orange car in meters?,acceleration of the orange car = -2.86m/s^2,"t=0s, distance_human_camera = 13.780m
t=1s, distance_human_camera = 13.651m
t=0s, distance_orange_car_camera = 12.048m
t=1s, distance_orange_car_camera = 10.432m
t=0s, distance_green_car_camera = 13.077m
t=1s, distance_green_car_camera = 4.630m
distance_fire_hydrant_camera = 12.565m
distance_streetlight_camera = 12.325m",1.68
1138,simulation_0033,simulation,A3MC,30,DS,What is the height of the curb along the road in meters?,acceleration of the orange car = -2.86m/s^2,"t=0s, distance_human_camera = 13.780m
t=1s, distance_human_camera = 13.651m
t=0s, distance_orange_car_camera = 12.048m
t=1s, distance_orange_car_camera = 10.432m
t=0s, distance_green_car_camera = 13.077m
t=1s, distance_green_car_camera = 4.630m
distance_fire_hydrant_camera = 12.565m
distance_streetlight_camera = 12.325m",0.33
1139,simulation_0034,simulation,S3MC,24,SD,What is the average speed of the boat from the beginning to the end in m/s?,height of the person = 1.75m,"t=1s, distance_boat_camera = 96.8995 m
t=2s, distance_boat_camera = 92.8490 m
t=1s, distance_human_camera = 92.1861m
t=2s, distance_human_camera = 92.1960 m
t=1s, distance_eagle_camera = 91.6867m
t=2s, distance_eagle_camera = 103.4262m",4.05e-09
1140,simulation_0034,simulation,S3MC,24,SS,What is the height of the boat in meters?,height of the person = 1.75m,"t=1s, distance_boat_camera = 96.8995 m
t=2s, distance_boat_camera = 92.8490 m
t=1s, distance_human_camera = 92.1861m
t=2s, distance_human_camera = 92.1960 m
t=1s, distance_eagle_camera = 91.6867m
t=2s, distance_eagle_camera = 103.4262m",9.95
1141,simulation_0034,simulation,S3MC,24,SS,What is the width of the boat in meters?,height of the person = 1.75m,"t=1s, distance_boat_camera = 96.8995 m
t=2s, distance_boat_camera = 92.8490 m
t=1s, distance_human_camera = 92.1861m
t=2s, distance_human_camera = 92.1960 m
t=1s, distance_eagle_camera = 91.6867m
t=2s, distance_eagle_camera = 103.4262m",3.35
1142,simulation_0034,simulation,S3MC,24,SD,What is the average speed of the person from the beginning to the end in m/s?,height of the person = 1.75m,"t=1s, distance_boat_camera = 96.8995 m
t=2s, distance_boat_camera = 92.8490 m
t=1s, distance_human_camera = 92.1861m
t=2s, distance_human_camera = 92.1960 m
t=1s, distance_eagle_camera = 91.6867m
t=2s, distance_eagle_camera = 103.4262m",1.35e-09
1143,simulation_0034,simulation,S3MC,24,SS,What is the eagle’s wingspan (the distance from the tip of one wing to the tip of the other when fully spread) in meters?,height of the person = 1.75m,"t=1s, distance_boat_camera = 96.8995 m
t=2s, distance_boat_camera = 92.8490 m
t=1s, distance_human_camera = 92.1861m
t=2s, distance_human_camera = 92.1960 m
t=1s, distance_eagle_camera = 91.6867m
t=2s, distance_eagle_camera = 103.4262m",1.6
1144,simulation_0034,simulation,S3MC,24,SD,What is the average speed of the eagle from the beginning to the end in m/s?,height of the person = 1.75m,"t=1s, distance_boat_camera = 96.8995 m
t=2s, distance_boat_camera = 92.8490 m
t=1s, distance_human_camera = 92.1861m
t=2s, distance_human_camera = 92.1960 m
t=1s, distance_eagle_camera = 91.6867m
t=2s, distance_eagle_camera = 103.4262m",1.185e-08
1145,simulation_0035,simulation,S3MC,24,SD,What is the average speed of the person from the beginning to the end in m/s?,height of the person = 1.75m,"t=1s, distance_human_camera = 139.1030m
t=2s, distance_human_camera = 139.1044 m
t=1s, distance_eagle_camera = 139.7035m
t=2s, distance_eagle_camera = 147.1583m",1.23e-09
1146,simulation_0035,simulation,S3MC,24,SS,What is the eagle’s wingspan (the distance from the tip of one wing to the tip of the other when fully spread) in meters?,height of the person = 1.75m,"t=1s, distance_human_camera = 139.1030m
t=2s, distance_human_camera = 139.1044 m
t=1s, distance_eagle_camera = 139.7035m
t=2s, distance_eagle_camera = 147.1583m",1.25
1147,simulation_0035,simulation,S3MC,24,SD,What is the speed of the eagle from the beginning to the end in m/s?,height of the person = 1.75m,"t=1s, distance_human_camera = 139.1030m
t=2s, distance_human_camera = 139.1044 m
t=1s, distance_eagle_camera = 139.7035m
t=2s, distance_eagle_camera = 147.1583m",1.27e-08
1148,simulation_0035,simulation,S3MC,24,SS,What is the body length of the eagle in meters?,height of the person = 1.75m,"t=1s, distance_human_camera = 139.1030m
t=2s, distance_human_camera = 139.1044 m
t=1s, distance_eagle_camera = 139.7035m
t=2s, distance_eagle_camera = 147.1583m",0.5
1149,simulation_0036,simulation,S3MC,24,SS,What is the height of the boat in meters?,length of the boat = 10m,"t=1s, distance_boat_camera = 133.9572 m
t=2s, distance_boat_camera = 131.2557 m
t=1s, distance_human_camera = 139.1030m
t=2s, distance_human_camera = 139.1044 m",12.0
1150,simulation_0036,simulation,S3MC,24,SS,What is the height of the person in meters?,length of the boat = 10m,"t=1s, distance_boat_camera = 133.9572 m
t=2s, distance_boat_camera = 131.2557 m
t=1s, distance_human_camera = 139.1030m
t=2s, distance_human_camera = 139.1044 m",1.8
1151,simulation_0036,simulation,S3MC,24,SD,What is the speed of the boat from the beginning to the end in m/s?,length of the boat = 10m,"t=1s, distance_boat_camera = 133.9572 m
t=2s, distance_boat_camera = 131.2557 m
t=1s, distance_human_camera = 139.1030m
t=2s, distance_human_camera = 139.1044 m",4.700000000000001e-09
1152,simulation_0036,simulation,S3MC,24,SD,What is the average speed of the person from the beginning to the end in m/s?,length of the boat = 10m,"t=1s, distance_boat_camera = 133.9572 m
t=2s, distance_boat_camera = 131.2557 m
t=1s, distance_human_camera = 139.1030m
t=2s, distance_human_camera = 139.1044 m",1.4e-09
1153,simulation_0037,simulation,V3MS,24,DS,What is the height of the person in meters?,speed of the person = 1.3m/s,"t=1s, distance_human_camera = 122.8569 m
t=2s, distance_human_camera = 122.8588 m",1.75
1154,simulation_0039,simulation,V3MC,24,DD,What is the speed of the person at 1.0s in m/s?,speed of the boat = 4m/s,"t=1s, distance_boat_camera = 177.2077 m
t=2s, distance_boat_camera = 177.9993 m
t=1s, distance_human_camera = 182.9249 m
t=2s, distance_human_camera = 183.0167 m
t=1s, distance_eagle_camera = 179.2691 m
t=2s, distance_eagle_camera = 177.1009 m",1.19e-09
1155,simulation_0039,simulation,V3MC,24,DS,What is the length of the boat in meters?,speed of the boat = 4m/s,"t=1s, distance_boat_camera = 177.2077 m
t=2s, distance_boat_camera = 177.9993 m
t=1s, distance_human_camera = 182.9249 m
t=2s, distance_human_camera = 183.0167 m
t=1s, distance_eagle_camera = 179.2691 m
t=2s, distance_eagle_camera = 177.1009 m",10.6
1156,simulation_0039,simulation,V3MC,24,DS,What is the width of the boat in meters?,speed of the boat = 4m/s,"t=1s, distance_boat_camera = 177.2077 m
t=2s, distance_boat_camera = 177.9993 m
t=1s, distance_human_camera = 182.9249 m
t=2s, distance_human_camera = 183.0167 m
t=1s, distance_eagle_camera = 179.2691 m
t=2s, distance_eagle_camera = 177.1009 m",2.7
1157,simulation_0039,simulation,V3MC,24,DS,What is the length of the eagle in meters?,speed of the boat = 4m/s,"t=1s, distance_boat_camera = 177.2077 m
t=2s, distance_boat_camera = 177.9993 m
t=1s, distance_human_camera = 182.9249 m
t=2s, distance_human_camera = 183.0167 m
t=1s, distance_eagle_camera = 179.2691 m
t=2s, distance_eagle_camera = 177.1009 m",1.25
1158,simulation_0039,simulation,V3MC,24,DS,What is the eagle’s wingspan (the distance from the tip of one wing to the tip of the other when fully spread) in meters?,speed of the boat = 4m/s,"t=1s, distance_boat_camera = 177.2077 m
t=2s, distance_boat_camera = 177.9993 m
t=1s, distance_human_camera = 182.9249 m
t=2s, distance_human_camera = 183.0167 m
t=1s, distance_eagle_camera = 179.2691 m
t=2s, distance_eagle_camera = 177.1009 m",1.1
1159,simulation_0039,simulation,V3MC,24,DD,What is the speed of the eagle at 1.0s in m/s?,speed of the boat = 4m/s,"t=1s, distance_boat_camera = 177.2077 m
t=2s, distance_boat_camera = 177.9993 m
t=1s, distance_human_camera = 182.9249 m
t=2s, distance_human_camera = 183.0167 m
t=1s, distance_eagle_camera = 179.2691 m
t=2s, distance_eagle_camera = 177.1009 m",1.1300000000000002e-08
1160,simulation_0040,simulation,S3MC,24,SS,What is the eagle’s wingspan (the distance from the tip of one wing to the tip of the other when fully spread) in meters?,length of the eagle = 0.8m,"t=1s, distance_human_camera = 182.9249 m
t=2s, distance_human_camera = 183.0167 m
t=1s, distance_eagle_camera = 179.2691 m
t=2s, distance_eagle_camera = 177.1009 m",1.2
1161,simulation_0040,simulation,S3MC,24,SD,What is the speed of the eagle at 1.0s in m/s?,length of the eagle = 0.8m,"t=1s, distance_human_camera = 182.9249 m
t=2s, distance_human_camera = 183.0167 m
t=1s, distance_eagle_camera = 179.2691 m
t=2s, distance_eagle_camera = 177.1009 m",1e-08
1162,simulation_0040,simulation,S3MC,24,SD,What is the average of the person at 1.0s in m/s?,length of the eagle = 0.8m,"t=1s, distance_human_camera = 182.9249 m
t=2s, distance_human_camera = 183.0167 m
t=1s, distance_eagle_camera = 179.2691 m
t=2s, distance_eagle_camera = 177.1009 m",1.0
1163,simulation_0042,simulation,V3MC,24,DS,What is the length of the boat in meters?,speed of the eagle = 11.84m/s,"t=1s, distance_eagle_camera = 179.2691 m
t=2s, distance_eagle_camera = 177.1009 m
t=1s, distance_boat_camera = 177.2077 m
t=2s, distance_boat_camera = 177.9993 m",9.8
1164,simulation_0042,simulation,V3MC,24,DS,What is the width of the boat in meters?,speed of the eagle = 11.84m/s,"t=1s, distance_eagle_camera = 179.2691 m
t=2s, distance_eagle_camera = 177.1009 m
t=1s, distance_boat_camera = 177.2077 m
t=2s, distance_boat_camera = 177.9993 m",2.65
1165,simulation_0042,simulation,V3MC,24,DD,What is the speed of the boat at 1.0s in m/s?,speed of the eagle = 11.84m/s,"t=1s, distance_eagle_camera = 179.2691 m
t=2s, distance_eagle_camera = 177.1009 m
t=1s, distance_boat_camera = 177.2077 m
t=2s, distance_boat_camera = 177.9993 m",3.9500000000000015e-09
1166,simulation_0042,simulation,V3MC,24,DS,What is the length of the eagle in meters?,speed of the eagle = 11.84m/s,"t=1s, distance_eagle_camera = 179.2691 m
t=2s, distance_eagle_camera = 177.1009 m
t=1s, distance_boat_camera = 177.2077 m
t=2s, distance_boat_camera = 177.9993 m",0.89
1167,simulation_0042,simulation,V3MC,24,DS,What is the eagle’s wingspan (the distance from the tip of one wing to the tip of the other when fully spread) in meters?,speed of the eagle = 11.84m/s,"t=1s, distance_eagle_camera = 179.2691 m
t=2s, distance_eagle_camera = 177.1009 m
t=1s, distance_boat_camera = 177.2077 m
t=2s, distance_boat_camera = 177.9993 m",1.2
1168,simulation_0043,simulation,S3MC,24,SS,What is the width of the boat in meters?,length of the boat = 10m,"t=1s, distance_boat_camera = 173.7093 m
t=2s, distance_boat_camera = 174.5515 m",2.4
1169,simulation_0043,simulation,S3MC,24,SD,What is the speed of the boat at 1.0s in m/s?,length of the boat = 10m,"t=1s, distance_boat_camera = 173.7093 m
t=2s, distance_boat_camera = 174.5515 m",4.3000000000000005e-09
1170,simulation_0043,simulation,S3MC,24,SS,What is the width of the rock in meters?,length of the boat = 10m,"t=1s, distance_boat_camera = 173.7093 m
t=2s, distance_boat_camera = 174.5515 m",24.0
1171,simulation_0044,simulation,S3MC,24,SS,What is the width of the rock in meters?,length of the eagle = 0.8m,"t=1s, distance_eagle_camera = 175.3081m
t=2s, distance_eagle_camera = 172.9881m",22.4
1172,simulation_0044,simulation,S3MC,24,SD,What is the speed of the eagle at 1.0s in m/s?,length of the eagle = 0.8m,"t=1s, distance_eagle_camera = 175.3081m
t=2s, distance_eagle_camera = 172.9881m",1.17e-08
1173,simulation_0044,simulation,S3MC,24,SS,What is the eagle’s wingspan (the distance from the tip of one wing to the tip of the other when fully spread) in meters?,length of the eagle = 0.8m,"t=1s, distance_eagle_camera = 175.3081m
t=2s, distance_eagle_camera = 172.9881m",1.03
1174,simulation_0045,simulation,V3MC,33,DD,What is the speed of the walking person from the beginning to the end in m/s?,speed of the bike = 4.87m/s,"t=1s, distance_bike_camera = 12.1238m
t=2s, distance_bike_camera = 16.9027m
t=1s, distance_human_camera = 17.1691m
t=2s, distance_human_camera = 18.3768m",1.32e-09
1175,simulation_0045,simulation,V3MC,33,DS,What is the height of the walking person in meters?,speed of the bike = 4.87m/s,"t=1s, distance_bike_camera = 12.1238m
t=2s, distance_bike_camera = 16.9027m
t=1s, distance_human_camera = 17.1691m
t=2s, distance_human_camera = 18.3768m",2.6
1176,simulation_0045,simulation,V3MC,33,DS,What is the height of the telephone booth in meters?,speed of the bike = 4.87m/s,"t=1s, distance_bike_camera = 12.1238m
t=2s, distance_bike_camera = 16.9027m
t=1s, distance_human_camera = 17.1691m
t=2s, distance_human_camera = 18.3768m",3.15
1177,simulation_0045,simulation,V3MC,33,DS,What is the distance between the left pillar of the near door and the right pillar of the far door in meters?,speed of the bike = 4.87m/s,"t=1s, distance_bike_camera = 12.1238m
t=2s, distance_bike_camera = 16.9027m
t=1s, distance_human_camera = 17.1691m
t=2s, distance_human_camera = 18.3768m",12.0
1178,simulation_0045,simulation,V3MC,33,DS,"What is the height of the moving bicycle (from the handlebar to the ground, including below the wheel) in meters?",speed of the bike = 4.87m/s,"t=1s, distance_bike_camera = 12.1238m
t=2s, distance_bike_camera = 16.9027m
t=1s, distance_human_camera = 17.1691m
t=2s, distance_human_camera = 18.3768m",0.92
1179,simulation_0045,simulation,V3MC,33,DS,What is the length of the moving bicycle in meters?,speed of the bike = 4.87m/s,"t=1s, distance_bike_camera = 12.1238m
t=2s, distance_bike_camera = 16.9027m
t=1s, distance_human_camera = 17.1691m
t=2s, distance_human_camera = 18.3768m",1.4
1180,simulation_0045,simulation,V3MC,33,DS,What is the diameter of the wheel of the moving bicycle in meters?,speed of the bike = 4.87m/s,"t=1s, distance_bike_camera = 12.1238m
t=2s, distance_bike_camera = 16.9027m
t=1s, distance_human_camera = 17.1691m
t=2s, distance_human_camera = 18.3768m",0.55
1181,simulation_0045,simulation,V3MC,33,DS,What is the height of the first step in front of the door of the nearer house in meters?,speed of the bike = 4.87m/s,"t=1s, distance_bike_camera = 12.1238m
t=2s, distance_bike_camera = 16.9027m
t=1s, distance_human_camera = 17.1691m
t=2s, distance_human_camera = 18.3768m",0.27
1182,simulation_0046,simulation,S3MC,33,SD,What is the speed of the walking person at 1.0s in m/s?,diameter of the moving bicycle wheel = 0.65m,"t=1s, distance_bike_camera = 12.6215m
t=2s, distance_bike_camera = 13.2055m
t=1s, distance_human_camera = 14.7728m
t=2s, distance_human_camera = 15.1766m",1.45e-09
1183,simulation_0046,simulation,S3MC,33,SS,What is the height of the walking person in meters?,diameter of the moving bicycle wheel = 0.65m,"t=1s, distance_bike_camera = 12.6215m
t=2s, distance_bike_camera = 13.2055m
t=1s, distance_human_camera = 14.7728m
t=2s, distance_human_camera = 15.1766m",1.87
1184,simulation_0046,simulation,S3MC,33,SS,What is the height of the telephone booth in meters?,diameter of the moving bicycle wheel = 0.65m,"t=1s, distance_bike_camera = 12.6215m
t=2s, distance_bike_camera = 13.2055m
t=1s, distance_human_camera = 14.7728m
t=2s, distance_human_camera = 15.1766m",3.1
1185,simulation_0046,simulation,S3MC,33,SS,What is the width of the telephone booth in meters?,diameter of the moving bicycle wheel = 0.65m,"t=1s, distance_bike_camera = 12.6215m
t=2s, distance_bike_camera = 13.2055m
t=1s, distance_human_camera = 14.7728m
t=2s, distance_human_camera = 15.1766m",1.8
1186,simulation_0046,simulation,S3MC,33,SS,What is the distance between the left pillar of the near door and the right pillar of the far door in meters?,diameter of the moving bicycle wheel = 0.65m,"t=1s, distance_bike_camera = 12.6215m
t=2s, distance_bike_camera = 13.2055m
t=1s, distance_human_camera = 14.7728m
t=2s, distance_human_camera = 15.1766m",7.2
1187,simulation_0046,simulation,S3MC,33,SS,"What is the height of the moving bicycle (from the handlebar to the ground, including below the wheel) in meters?",diameter of the moving bicycle wheel = 0.65m,"t=1s, distance_bike_camera = 12.6215m
t=2s, distance_bike_camera = 13.2055m
t=1s, distance_human_camera = 14.7728m
t=2s, distance_human_camera = 15.1766m",0.94
1188,simulation_0046,simulation,S3MC,33,SS,What is the length of the moving bicycle in meters?,diameter of the moving bicycle wheel = 0.65m,"t=1s, distance_bike_camera = 12.6215m
t=2s, distance_bike_camera = 13.2055m
t=1s, distance_human_camera = 14.7728m
t=2s, distance_human_camera = 15.1766m",1.72
1189,simulation_0046,simulation,S3MC,33,SS,What is the height of the first step in front of the door of the nearer house in meters?,diameter of the moving bicycle wheel = 0.65m,"t=1s, distance_bike_camera = 12.6215m
t=2s, distance_bike_camera = 13.2055m
t=1s, distance_human_camera = 14.7728m
t=2s, distance_human_camera = 15.1766m",0.18
1190,simulation_0046,simulation,S3MC,33,SD,What is the speed of the moving bicycle from 1.0s to 2.0s in m/s?,diameter of the moving bicycle wheel = 0.65m,"t=1s, distance_bike_camera = 12.6215m
t=2s, distance_bike_camera = 13.2055m
t=1s, distance_human_camera = 14.7728m
t=2s, distance_human_camera = 15.1766m",5e-09
1191,simulation_0048,simulation,S3MC,33,SD,What is the speed of the walking person at 1.0s in m/s?,height of the walking person = 1.8m,"t=1s, distance_bike_camera = 16.4919m
t=2s, distance_bike_camera = 11.9277m
t=1s, distance_human_camera = 11.9259m
t=2s, distance_human_camera = 10.8165m",1.13e-09
1192,simulation_0048,simulation,S3MC,33,SS,What is the width of the telephone booth in meters?,height of the walking person = 1.8m,"t=1s, distance_bike_camera = 16.4919m
t=2s, distance_bike_camera = 11.9277m
t=1s, distance_human_camera = 11.9259m
t=2s, distance_human_camera = 10.8165m",1.3
1193,simulation_0048,simulation,S3MC,33,SS,What is the distance between the left pillar of the near door and the right pillar of the far door in meters?,height of the walking person = 1.8m,"t=1s, distance_bike_camera = 16.4919m
t=2s, distance_bike_camera = 11.9277m
t=1s, distance_human_camera = 11.9259m
t=2s, distance_human_camera = 10.8165m",4.0
1194,simulation_0048,simulation,S3MC,33,SS,"What is the height of the moving bicycle (from the handlebar to the ground, including below the wheel) in meters?",height of the walking person = 1.8m,"t=1s, distance_bike_camera = 16.4919m
t=2s, distance_bike_camera = 11.9277m
t=1s, distance_human_camera = 11.9259m
t=2s, distance_human_camera = 10.8165m",1.6
1195,simulation_0048,simulation,S3MC,33,SD,What is the speed of the moving bicycle at 1.0s in m/s?,height of the walking person = 1.8m,"t=1s, distance_bike_camera = 16.4919m
t=2s, distance_bike_camera = 11.9277m
t=1s, distance_human_camera = 11.9259m
t=2s, distance_human_camera = 10.8165m",4.6e-09
1196,simulation_0048,simulation,S3MC,33,SS,What is the diameter of the wheel of the moving bicycle in meters?,height of the walking person = 1.8m,"t=1s, distance_bike_camera = 16.4919m
t=2s, distance_bike_camera = 11.9277m
t=1s, distance_human_camera = 11.9259m
t=2s, distance_human_camera = 10.8165m",0.95
1197,simulation_0049,simulation,V3MC,33,DD,What is the speed of the walking person from 1.0s to 2.0s in m/s?,speed of the bike = 4.87m/s,"t=1s, distance_bike_camera = 14.1134 m
t=2s, distance_bike_camera = 18.9543 m
t=1s, distance_human_camera = 19.0411 m
t=2s, distance_human_camera = 20.2710 m",1.25e-09
1198,simulation_0049,simulation,V3MC,33,DS,What is the height of the walking person in meters?,speed of the bike = 4.87m/s,"t=1s, distance_bike_camera = 14.1134 m
t=2s, distance_bike_camera = 18.9543 m
t=1s, distance_human_camera = 19.0411 m
t=2s, distance_human_camera = 20.2710 m",3.3
1199,simulation_0049,simulation,V3MC,33,DS,What is the height of the telephone booth in meters?,speed of the bike = 4.87m/s,"t=1s, distance_bike_camera = 14.1134 m
t=2s, distance_bike_camera = 18.9543 m
t=1s, distance_human_camera = 19.0411 m
t=2s, distance_human_camera = 20.2710 m",4.1
1200,simulation_0049,simulation,V3MC,33,DS,What is the distance between the left pillar of the near door and the right pillar of the far door in meters?,speed of the bike = 4.87m/s,"t=1s, distance_bike_camera = 14.1134 m
t=2s, distance_bike_camera = 18.9543 m
t=1s, distance_human_camera = 19.0411 m
t=2s, distance_human_camera = 20.2710 m",1.55
1201,simulation_0049,simulation,V3MC,33,DS,What is the diameter of the wheel of the moving bicycle in meters?,speed of the bike = 4.87m/s,"t=1s, distance_bike_camera = 14.1134 m
t=2s, distance_bike_camera = 18.9543 m
t=1s, distance_human_camera = 19.0411 m
t=2s, distance_human_camera = 20.2710 m",0.48
1202,simulation_0050,simulation,V3MC,33,DS,What is the height of the walking person in meters?,speed of the walking person = 1.236m/s,"t=1s, distance_bike_camera = 11.8960 m
t=2s, distance_bike_camera = 14.6419 m
t=1s, distance_human_camera = 15.8652 m
t=2s, distance_human_camera = 16.6708 m",1.82
1203,simulation_0050,simulation,V3MC,33,DS,What is the height of the telephone booth in meters?,speed of the walking person = 1.236m/s,"t=1s, distance_bike_camera = 11.8960 m
t=2s, distance_bike_camera = 14.6419 m
t=1s, distance_human_camera = 15.8652 m
t=2s, distance_human_camera = 16.6708 m",2.38
1204,simulation_0050,simulation,V3MC,33,DS,What is the width of the telephone booth in meters?,speed of the walking person = 1.236m/s,"t=1s, distance_bike_camera = 11.8960 m
t=2s, distance_bike_camera = 14.6419 m
t=1s, distance_human_camera = 15.8652 m
t=2s, distance_human_camera = 16.6708 m",1.3
1205,simulation_0050,simulation,V3MC,33,DS,What is the distance between the left pillar of the near door and the right pillar of the far door in meters?,speed of the walking person = 1.236m/s,"t=1s, distance_bike_camera = 11.8960 m
t=2s, distance_bike_camera = 14.6419 m
t=1s, distance_human_camera = 15.8652 m
t=2s, distance_human_camera = 16.6708 m",6.1
1206,simulation_0050,simulation,V3MC,33,DS,What is the length of the moving bicycle in meters?,speed of the walking person = 1.236m/s,"t=1s, distance_bike_camera = 11.8960 m
t=2s, distance_bike_camera = 14.6419 m
t=1s, distance_human_camera = 15.8652 m
t=2s, distance_human_camera = 16.6708 m",1.2
1207,simulation_0050,simulation,V3MC,33,DD,What is the average speed of the moving bicycle from 1.0s to 2.0s in m/s?,speed of the walking person = 1.236m/s,"t=1s, distance_bike_camera = 11.8960 m
t=2s, distance_bike_camera = 14.6419 m
t=1s, distance_human_camera = 15.8652 m
t=2s, distance_human_camera = 16.6708 m",4.4000000000000005e-09
1208,simulation_0050,simulation,V3MC,33,DS,"What is the height of the moving bicycle (from the handlebar to the ground, including below the wheel) in meters?",speed of the walking person = 1.236m/s,"t=1s, distance_bike_camera = 11.8960 m
t=2s, distance_bike_camera = 14.6419 m
t=1s, distance_human_camera = 15.8652 m
t=2s, distance_human_camera = 16.6708 m",0.85
1209,simulation_0050,simulation,V3MC,33,DS,What is the diameter of the wheel of the moving bicycle in meters?,speed of the walking person = 1.236m/s,"t=1s, distance_bike_camera = 11.8960 m
t=2s, distance_bike_camera = 14.6419 m
t=1s, distance_human_camera = 15.8652 m
t=2s, distance_human_camera = 16.6708 m",0.5
1210,simulation_0050,simulation,V3MC,33,DS,What is the height of the first step in front of the door of the nearer house in meters?,speed of the walking person = 1.236m/s,"t=1s, distance_bike_camera = 11.8960 m
t=2s, distance_bike_camera = 14.6419 m
t=1s, distance_human_camera = 15.8652 m
t=2s, distance_human_camera = 16.6708 m",0.18
1211,simulation_0052,simulation,A3MC,30,DS,What is the height of the fire hydrant in meters?,acceleration of the orange car = -2.86m/s^2,"t=0s, distance_orange_car_camera = 17.260m
t=1s, distance_orange_car_camera = 15.436m
t=1s, distance_green_car_camera = 10.250m
t=2s, distance_green_car_camera = 12.768m
distance_fire_hydrant_camera = 17.737m
distance_right_streetlight_camera = 17.594m
distance_left_streetlight_camera = 17.706m",0.98
1212,simulation_0052,simulation,A3MC,30,DS,What is the height of the streetlight in meters?,acceleration of the orange car = -2.86m/s^2,"t=0s, distance_orange_car_camera = 17.260m
t=1s, distance_orange_car_camera = 15.436m
t=1s, distance_green_car_camera = 10.250m
t=2s, distance_green_car_camera = 12.768m
distance_fire_hydrant_camera = 17.737m
distance_right_streetlight_camera = 17.594m
distance_left_streetlight_camera = 17.706m",4.12
1213,simulation_0052,simulation,A3MC,30,DD,What is the speed of the green car at 1.0s in m/s?,acceleration of the orange car = -2.86m/s^2,"t=0s, distance_orange_car_camera = 17.260m
t=1s, distance_orange_car_camera = 15.436m
t=1s, distance_green_car_camera = 10.250m
t=2s, distance_green_car_camera = 12.768m
distance_fire_hydrant_camera = 17.737m
distance_right_streetlight_camera = 17.594m
distance_left_streetlight_camera = 17.706m",1.26e-08
1214,simulation_0052,simulation,A3MC,30,DS,What is the length of the orange car in meters?,acceleration of the orange car = -2.86m/s^2,"t=0s, distance_orange_car_camera = 17.260m
t=1s, distance_orange_car_camera = 15.436m
t=1s, distance_green_car_camera = 10.250m
t=2s, distance_green_car_camera = 12.768m
distance_fire_hydrant_camera = 17.737m
distance_right_streetlight_camera = 17.594m
distance_left_streetlight_camera = 17.706m",4.75
1215,simulation_0052,simulation,A3MC,30,DS,What is the height of the orange car in meters?,acceleration of the orange car = -2.86m/s^2,"t=0s, distance_orange_car_camera = 17.260m
t=1s, distance_orange_car_camera = 15.436m
t=1s, distance_green_car_camera = 10.250m
t=2s, distance_green_car_camera = 12.768m
distance_fire_hydrant_camera = 17.737m
distance_right_streetlight_camera = 17.594m
distance_left_streetlight_camera = 17.706m",1.38
1216,simulation_0052,simulation,A3MC,30,DS,What is the height of the curb along the road in meters?,acceleration of the orange car = -2.86m/s^2,"t=0s, distance_orange_car_camera = 17.260m
t=1s, distance_orange_car_camera = 15.436m
t=1s, distance_green_car_camera = 10.250m
t=2s, distance_green_car_camera = 12.768m
distance_fire_hydrant_camera = 17.737m
distance_right_streetlight_camera = 17.594m
distance_left_streetlight_camera = 17.706m",0.23
1217,simulation_0052,simulation,A3MC,30,DS,What is the height of the green car in meters?,acceleration of the orange car = -2.86m/s^2,"t=0s, distance_orange_car_camera = 17.260m
t=1s, distance_orange_car_camera = 15.436m
t=1s, distance_green_car_camera = 10.250m
t=2s, distance_green_car_camera = 12.768m
distance_fire_hydrant_camera = 17.737m
distance_right_streetlight_camera = 17.594m
distance_left_streetlight_camera = 17.706m",1.66
1218,simulation_0052,simulation,A3MC,30,DS,What is the length of the green car in meters?,acceleration of the orange car = -2.86m/s^2,"t=0s, distance_orange_car_camera = 17.260m
t=1s, distance_orange_car_camera = 15.436m
t=1s, distance_green_car_camera = 10.250m
t=2s, distance_green_car_camera = 12.768m
distance_fire_hydrant_camera = 17.737m
distance_right_streetlight_camera = 17.594m
distance_left_streetlight_camera = 17.706m",5.6
1219,simulation_0052,simulation,A3MC,30,DS,What is the distance between the right streetlight and the left streetlight in meters?,acceleration of the orange car = -2.86m/s^2,"t=0s, distance_orange_car_camera = 17.260m
t=1s, distance_orange_car_camera = 15.436m
t=1s, distance_green_car_camera = 10.250m
t=2s, distance_green_car_camera = 12.768m
distance_fire_hydrant_camera = 17.737m
distance_right_streetlight_camera = 17.594m
distance_left_streetlight_camera = 17.706m",7.36
1220,simulation_0055,simulation,A3MC,30,DS,What is the height of the fire hydrant in meters?,acceleration of the orange car = -2.86m/s^2,"t=0s, distance_orange_car_camera = 16.059m
t=1s, distance_orange_car_camera = 11.671m
t=0s, distance_human_camera = 8.313m
t=1s, distance_human_camera = 8.189m
distance_fire_hydrant_camera = 9.207m
distance_streetlight_camera = 8.901m",1.17
1221,simulation_0055,simulation,A3MC,30,DS,What is the height of the streetlight in meters?,acceleration of the orange car = -2.86m/s^2,"t=0s, distance_orange_car_camera = 16.059m
t=1s, distance_orange_car_camera = 11.671m
t=0s, distance_human_camera = 8.313m
t=1s, distance_human_camera = 8.189m
distance_fire_hydrant_camera = 9.207m
distance_streetlight_camera = 8.901m",4.85
1222,simulation_0055,simulation,A3MC,30,DS,What is the length of the orange car in meters?,acceleration of the orange car = -2.86m/s^2,"t=0s, distance_orange_car_camera = 16.059m
t=1s, distance_orange_car_camera = 11.671m
t=0s, distance_human_camera = 8.313m
t=1s, distance_human_camera = 8.189m
distance_fire_hydrant_camera = 9.207m
distance_streetlight_camera = 8.901m",5.6
1223,simulation_0055,simulation,A3MC,30,DS,What is the height of the orange car in meters?,acceleration of the orange car = -2.86m/s^2,"t=0s, distance_orange_car_camera = 16.059m
t=1s, distance_orange_car_camera = 11.671m
t=0s, distance_human_camera = 8.313m
t=1s, distance_human_camera = 8.189m
distance_fire_hydrant_camera = 9.207m
distance_streetlight_camera = 8.901m",1.6
1224,simulation_0055,simulation,A3MC,30,DS,What is the height of the curb along the road in meters?,acceleration of the orange car = -2.86m/s^2,"t=0s, distance_orange_car_camera = 16.059m
t=1s, distance_orange_car_camera = 11.671m
t=0s, distance_human_camera = 8.313m
t=1s, distance_human_camera = 8.189m
distance_fire_hydrant_camera = 9.207m
distance_streetlight_camera = 8.901m",0.09
1225,simulation_0055,simulation,A3MC,30,DD,What is the average walking speed of the person from 1.0s to 2.0s in m/s?,acceleration of the orange car = -2.86m/s^2,"t=0s, distance_orange_car_camera = 16.059m
t=1s, distance_orange_car_camera = 11.671m
t=0s, distance_human_camera = 8.313m
t=1s, distance_human_camera = 8.189m
distance_fire_hydrant_camera = 9.207m
distance_streetlight_camera = 8.901m",5.6e-10
1226,simulation_0055,simulation,A3MC,30,DS,What is the height of the person in meters?,acceleration of the orange car = -2.86m/s^2,"t=0s, distance_orange_car_camera = 16.059m
t=1s, distance_orange_car_camera = 11.671m
t=0s, distance_human_camera = 8.313m
t=1s, distance_human_camera = 8.189m
distance_fire_hydrant_camera = 9.207m
distance_streetlight_camera = 8.901m",2.03
1227,simulation_0056,simulation,A3MC,30,DS,What is the height of the fire hydrant in meters?,acceleration of the orange car = -2.86m/s^2,"t=0s, distance_orange_car_camera = 19.377m
t=1s, distance_orange_car_camera = 11.858m
t=0s, distance_green_car_camera = 28.684m
t=1s, distance_green_car_camera = 17.388m
t=0s, distance_human_camera = 4.786m
t=1s, distance_human_camera = 5.159m
distance_fire_hydrant_camera = 4.721m
distance_near_streetlight_camera = 5.201m
distance_far_streetlight_camera =13.174m",0.88
1228,simulation_0056,simulation,A3MC,30,DS,What is the height of the streetlight in meters?,acceleration of the orange car = -2.86m/s^2,"t=0s, distance_orange_car_camera = 19.377m
t=1s, distance_orange_car_camera = 11.858m
t=0s, distance_green_car_camera = 28.684m
t=1s, distance_green_car_camera = 17.388m
t=0s, distance_human_camera = 4.786m
t=1s, distance_human_camera = 5.159m
distance_fire_hydrant_camera = 4.721m
distance_near_streetlight_camera = 5.201m
distance_far_streetlight_camera =13.174m",3.2
1229,simulation_0056,simulation,A3MC,30,DD,What is the average speed of the green car from 0.0s to 1.0s in m/s?,acceleration of the orange car = -2.86m/s^2,"t=0s, distance_orange_car_camera = 19.377m
t=1s, distance_orange_car_camera = 11.858m
t=0s, distance_green_car_camera = 28.684m
t=1s, distance_green_car_camera = 17.388m
t=0s, distance_human_camera = 4.786m
t=1s, distance_human_camera = 5.159m
distance_fire_hydrant_camera = 4.721m
distance_near_streetlight_camera = 5.201m
distance_far_streetlight_camera =13.174m",1.135e-08
1230,simulation_0056,simulation,A3MC,30,DS,What is the width of the orange car in meters?,acceleration of the orange car = -2.86m/s^2,"t=0s, distance_orange_car_camera = 19.377m
t=1s, distance_orange_car_camera = 11.858m
t=0s, distance_green_car_camera = 28.684m
t=1s, distance_green_car_camera = 17.388m
t=0s, distance_human_camera = 4.786m
t=1s, distance_human_camera = 5.159m
distance_fire_hydrant_camera = 4.721m
distance_near_streetlight_camera = 5.201m
distance_far_streetlight_camera =13.174m",1.89
1231,simulation_0056,simulation,A3MC,30,DS,What is the width of the green car in meters?,acceleration of the orange car = -2.86m/s^2,"t=0s, distance_orange_car_camera = 19.377m
t=1s, distance_orange_car_camera = 11.858m
t=0s, distance_green_car_camera = 28.684m
t=1s, distance_green_car_camera = 17.388m
t=0s, distance_human_camera = 4.786m
t=1s, distance_human_camera = 5.159m
distance_fire_hydrant_camera = 4.721m
distance_near_streetlight_camera = 5.201m
distance_far_streetlight_camera =13.174m",1.8
1232,simulation_0056,simulation,A3MC,30,DS,What is the distance between the right streetlight and the left streetlight in meters?,acceleration of the orange car = -2.86m/s^2,"t=0s, distance_orange_car_camera = 19.377m
t=1s, distance_orange_car_camera = 11.858m
t=0s, distance_green_car_camera = 28.684m
t=1s, distance_green_car_camera = 17.388m
t=0s, distance_human_camera = 4.786m
t=1s, distance_human_camera = 5.159m
distance_fire_hydrant_camera = 4.721m
distance_near_streetlight_camera = 5.201m
distance_far_streetlight_camera =13.174m",8.1
1233,simulation_0058,simulation,A3MC,24,DD,What is the speed of the yellow car at 2.5s in m/s?,acceleration of the white car = 4m/s^2,"t=0.58s, distance_human_camera = 18.7297m
t=1.58s, distance_human_camera = 17.6974m
t=0.58s, distance_yellow_car_camera = 25.7041m
t=1.58s, distance_yellow_car_camera = 22.2916m
t=0.58s, distance_white_car_camera = 31.0700m
t=1.58s, distance_white_car_camera = 29.9182m
t=0.58s, distance_bike_camera = 27.8122m
t=1.58s, distance_bike_camera = 27.1221m",5e-09
1234,simulation_0058,simulation,A3MC,24,DS,What is the width of the lane in meters?,acceleration of the white car = 4m/s^2,"t=0.58s, distance_human_camera = 18.7297m
t=1.58s, distance_human_camera = 17.6974m
t=0.58s, distance_yellow_car_camera = 25.7041m
t=1.58s, distance_yellow_car_camera = 22.2916m
t=0.58s, distance_white_car_camera = 31.0700m
t=1.58s, distance_white_car_camera = 29.9182m
t=0.58s, distance_bike_camera = 27.8122m
t=1.58s, distance_bike_camera = 27.1221m",6.0
1235,simulation_0058,simulation,A3MC,24,DS,What is the length of the white car in meters?,acceleration of the white car = 4m/s^2,"t=0.58s, distance_human_camera = 18.7297m
t=1.58s, distance_human_camera = 17.6974m
t=0.58s, distance_yellow_car_camera = 25.7041m
t=1.58s, distance_yellow_car_camera = 22.2916m
t=0.58s, distance_white_car_camera = 31.0700m
t=1.58s, distance_white_car_camera = 29.9182m
t=0.58s, distance_bike_camera = 27.8122m
t=1.58s, distance_bike_camera = 27.1221m",5.4
1236,simulation_0058,simulation,A3MC,24,DS,What is the length of the turning yellow car in meters?,acceleration of the white car = 4m/s^2,"t=0.58s, distance_human_camera = 18.7297m
t=1.58s, distance_human_camera = 17.6974m
t=0.58s, distance_yellow_car_camera = 25.7041m
t=1.58s, distance_yellow_car_camera = 22.2916m
t=0.58s, distance_white_car_camera = 31.0700m
t=1.58s, distance_white_car_camera = 29.9182m
t=0.58s, distance_bike_camera = 27.8122m
t=1.58s, distance_bike_camera = 27.1221m",4.8
1237,simulation_0058,simulation,A3MC,24,DS,What is the height of the turning yellow car in meters?,acceleration of the white car = 4m/s^2,"t=0.58s, distance_human_camera = 18.7297m
t=1.58s, distance_human_camera = 17.6974m
t=0.58s, distance_yellow_car_camera = 25.7041m
t=1.58s, distance_yellow_car_camera = 22.2916m
t=0.58s, distance_white_car_camera = 31.0700m
t=1.58s, distance_white_car_camera = 29.9182m
t=0.58s, distance_bike_camera = 27.8122m
t=1.58s, distance_bike_camera = 27.1221m",1.43
1238,simulation_0058,simulation,A3MC,24,DS,What is the diameter of the bicycle wheel in meters?,acceleration of the white car = 4m/s^2,"t=0.58s, distance_human_camera = 18.7297m
t=1.58s, distance_human_camera = 17.6974m
t=0.58s, distance_yellow_car_camera = 25.7041m
t=1.58s, distance_yellow_car_camera = 22.2916m
t=0.58s, distance_white_car_camera = 31.0700m
t=1.58s, distance_white_car_camera = 29.9182m
t=0.58s, distance_bike_camera = 27.8122m
t=1.58s, distance_bike_camera = 27.1221m",0.61
1239,simulation_0058,simulation,A3MC,24,DS,What is the height of the streetlight in meters?,acceleration of the white car = 4m/s^2,"t=0.58s, distance_human_camera = 18.7297m
t=1.58s, distance_human_camera = 17.6974m
t=0.58s, distance_yellow_car_camera = 25.7041m
t=1.58s, distance_yellow_car_camera = 22.2916m
t=0.58s, distance_white_car_camera = 31.0700m
t=1.58s, distance_white_car_camera = 29.9182m
t=0.58s, distance_bike_camera = 27.8122m
t=1.58s, distance_bike_camera = 27.1221m",3.25
1240,simulation_0058,simulation,A3MC,24,DD,What is the speed of the walking pedestrian from 0.0s to 1.0s in m/s?,acceleration of the white car = 4m/s^2,"t=0.58s, distance_human_camera = 18.7297m
t=1.58s, distance_human_camera = 17.6974m
t=0.58s, distance_yellow_car_camera = 25.7041m
t=1.58s, distance_yellow_car_camera = 22.2916m
t=0.58s, distance_white_car_camera = 31.0700m
t=1.58s, distance_white_car_camera = 29.9182m
t=0.58s, distance_bike_camera = 27.8122m
t=1.58s, distance_bike_camera = 27.1221m",1.2e-09
1241,simulation_0058,simulation,A3MC,24,DS,What is the height of the walking pedestrian in meters?,acceleration of the white car = 4m/s^2,"t=0.58s, distance_human_camera = 18.7297m
t=1.58s, distance_human_camera = 17.6974m
t=0.58s, distance_yellow_car_camera = 25.7041m
t=1.58s, distance_yellow_car_camera = 22.2916m
t=0.58s, distance_white_car_camera = 31.0700m
t=1.58s, distance_white_car_camera = 29.9182m
t=0.58s, distance_bike_camera = 27.8122m
t=1.58s, distance_bike_camera = 27.1221m",1.72
1242,simulation_0058,simulation,A3MC,24,DD,What is the speed of the bicycle from the beginning to the end in m/s?,acceleration of the white car = 4m/s^2,"t=0.58s, distance_human_camera = 18.7297m
t=1.58s, distance_human_camera = 17.6974m
t=0.58s, distance_yellow_car_camera = 25.7041m
t=1.58s, distance_yellow_car_camera = 22.2916m
t=0.58s, distance_white_car_camera = 31.0700m
t=1.58s, distance_white_car_camera = 29.9182m
t=0.58s, distance_bike_camera = 27.8122m
t=1.58s, distance_bike_camera = 27.1221m",4.6e-09
1243,simulation_0058,simulation,A3MC,24,DS,What is the width of the green car in meters?,acceleration of the white car = 4m/s^2,"t=0.58s, distance_human_camera = 18.7297m
t=1.58s, distance_human_camera = 17.6974m
t=0.58s, distance_yellow_car_camera = 25.7041m
t=1.58s, distance_yellow_car_camera = 22.2916m
t=0.58s, distance_white_car_camera = 31.0700m
t=1.58s, distance_white_car_camera = 29.9182m
t=0.58s, distance_bike_camera = 27.8122m
t=1.58s, distance_bike_camera = 27.1221m",1.95
1244,simulation_0058,simulation,A3MC,24,DS,What is the width of the purple car in meters?,acceleration of the white car = 4m/s^2,"t=0.58s, distance_human_camera = 18.7297m
t=1.58s, distance_human_camera = 17.6974m
t=0.58s, distance_yellow_car_camera = 25.7041m
t=1.58s, distance_yellow_car_camera = 22.2916m
t=0.58s, distance_white_car_camera = 31.0700m
t=1.58s, distance_white_car_camera = 29.9182m
t=0.58s, distance_bike_camera = 27.8122m
t=1.58s, distance_bike_camera = 27.1221m",1.75
1245,simulation_0059,simulation,A3MC,24,DD,What is the speed of the yellow car at 2.5s in m/s?,acceleration of the white car = 4m/s^2,"t=0.58s, distance_human_camera = 30.9678m
t=1.58s, distance_human_camera = 29.8174m
t=0.58s, distance_yellow_car_camera = 38.5961m
t=1.58s, distance_yellow_car_camera = 35.3917m
t=0.58s, distance_white_car_camera = 43.8120m
t=1.58s, distance_white_car_camera = 43.0028m
t=0.58s, distance_bike_camera = 40.8706m
t=1.58s, distance_bike_camera = 40.4042m",6.5e-09
1246,simulation_0059,simulation,A3MC,24,DS,What is the width of the lane in meters?,acceleration of the white car = 4m/s^2,"t=0.58s, distance_human_camera = 30.9678m
t=1.58s, distance_human_camera = 29.8174m
t=0.58s, distance_yellow_car_camera = 38.5961m
t=1.58s, distance_yellow_car_camera = 35.3917m
t=0.58s, distance_white_car_camera = 43.8120m
t=1.58s, distance_white_car_camera = 43.0028m
t=0.58s, distance_bike_camera = 40.8706m
t=1.58s, distance_bike_camera = 40.4042m",6.2
1247,simulation_0059,simulation,A3MC,24,DS,What is the length of the white car in meters?,acceleration of the white car = 4m/s^2,"t=0.58s, distance_human_camera = 30.9678m
t=1.58s, distance_human_camera = 29.8174m
t=0.58s, distance_yellow_car_camera = 38.5961m
t=1.58s, distance_yellow_car_camera = 35.3917m
t=0.58s, distance_white_car_camera = 43.8120m
t=1.58s, distance_white_car_camera = 43.0028m
t=0.58s, distance_bike_camera = 40.8706m
t=1.58s, distance_bike_camera = 40.4042m",5.7
1248,simulation_0059,simulation,A3MC,24,DS,What is the length of the turning yellow car in meters?,acceleration of the white car = 4m/s^2,"t=0.58s, distance_human_camera = 30.9678m
t=1.58s, distance_human_camera = 29.8174m
t=0.58s, distance_yellow_car_camera = 38.5961m
t=1.58s, distance_yellow_car_camera = 35.3917m
t=0.58s, distance_white_car_camera = 43.8120m
t=1.58s, distance_white_car_camera = 43.0028m
t=0.58s, distance_bike_camera = 40.8706m
t=1.58s, distance_bike_camera = 40.4042m",5.15
1249,simulation_0059,simulation,A3MC,24,DS,What is the height of the turning yellow car in meters?,acceleration of the white car = 4m/s^2,"t=0.58s, distance_human_camera = 30.9678m
t=1.58s, distance_human_camera = 29.8174m
t=0.58s, distance_yellow_car_camera = 38.5961m
t=1.58s, distance_yellow_car_camera = 35.3917m
t=0.58s, distance_white_car_camera = 43.8120m
t=1.58s, distance_white_car_camera = 43.0028m
t=0.58s, distance_bike_camera = 40.8706m
t=1.58s, distance_bike_camera = 40.4042m",1.4
1250,simulation_0059,simulation,A3MC,24,DS,What is the diameter of the bicycle wheel in meters?,acceleration of the white car = 4m/s^2,"t=0.58s, distance_human_camera = 30.9678m
t=1.58s, distance_human_camera = 29.8174m
t=0.58s, distance_yellow_car_camera = 38.5961m
t=1.58s, distance_yellow_car_camera = 35.3917m
t=0.58s, distance_white_car_camera = 43.8120m
t=1.58s, distance_white_car_camera = 43.0028m
t=0.58s, distance_bike_camera = 40.8706m
t=1.58s, distance_bike_camera = 40.4042m",0.6
1251,simulation_0059,simulation,A3MC,24,DS,What is the height of the traffic light in meters?,acceleration of the white car = 4m/s^2,"t=0.58s, distance_human_camera = 30.9678m
t=1.58s, distance_human_camera = 29.8174m
t=0.58s, distance_yellow_car_camera = 38.5961m
t=1.58s, distance_yellow_car_camera = 35.3917m
t=0.58s, distance_white_car_camera = 43.8120m
t=1.58s, distance_white_car_camera = 43.0028m
t=0.58s, distance_bike_camera = 40.8706m
t=1.58s, distance_bike_camera = 40.4042m",3.8
1252,simulation_0059,simulation,A3MC,24,DS,What is the height of the streetlight in meters?,acceleration of the white car = 4m/s^2,"t=0.58s, distance_human_camera = 30.9678m
t=1.58s, distance_human_camera = 29.8174m
t=0.58s, distance_yellow_car_camera = 38.5961m
t=1.58s, distance_yellow_car_camera = 35.3917m
t=0.58s, distance_white_car_camera = 43.8120m
t=1.58s, distance_white_car_camera = 43.0028m
t=0.58s, distance_bike_camera = 40.8706m
t=1.58s, distance_bike_camera = 40.4042m",3.0
1253,simulation_0059,simulation,A3MC,24,DD,What is the speed of the walking pedestrian from the beginning to the end in m/s?,acceleration of the white car = 4m/s^2,"t=0.58s, distance_human_camera = 30.9678m
t=1.58s, distance_human_camera = 29.8174m
t=0.58s, distance_yellow_car_camera = 38.5961m
t=1.58s, distance_yellow_car_camera = 35.3917m
t=0.58s, distance_white_car_camera = 43.8120m
t=1.58s, distance_white_car_camera = 43.0028m
t=0.58s, distance_bike_camera = 40.8706m
t=1.58s, distance_bike_camera = 40.4042m",1.2e-09
1254,simulation_0059,simulation,A3MC,24,DS,What is the height of the walking pedestrian in meters?,acceleration of the white car = 4m/s^2,"t=0.58s, distance_human_camera = 30.9678m
t=1.58s, distance_human_camera = 29.8174m
t=0.58s, distance_yellow_car_camera = 38.5961m
t=1.58s, distance_yellow_car_camera = 35.3917m
t=0.58s, distance_white_car_camera = 43.8120m
t=1.58s, distance_white_car_camera = 43.0028m
t=0.58s, distance_bike_camera = 40.8706m
t=1.58s, distance_bike_camera = 40.4042m",1.45
1255,simulation_0059,simulation,A3MC,24,DD,What is the speed of the bicycle from the beginning to the end in m/s?,acceleration of the white car = 4m/s^2,"t=0.58s, distance_human_camera = 30.9678m
t=1.58s, distance_human_camera = 29.8174m
t=0.58s, distance_yellow_car_camera = 38.5961m
t=1.58s, distance_yellow_car_camera = 35.3917m
t=0.58s, distance_white_car_camera = 43.8120m
t=1.58s, distance_white_car_camera = 43.0028m
t=0.58s, distance_bike_camera = 40.8706m
t=1.58s, distance_bike_camera = 40.4042m",5e-09
1256,simulation_0059,simulation,A3MC,24,DS,What is the width of the green car in meters?,acceleration of the white car = 4m/s^2,"t=0.58s, distance_human_camera = 30.9678m
t=1.58s, distance_human_camera = 29.8174m
t=0.58s, distance_yellow_car_camera = 38.5961m
t=1.58s, distance_yellow_car_camera = 35.3917m
t=0.58s, distance_white_car_camera = 43.8120m
t=1.58s, distance_white_car_camera = 43.0028m
t=0.58s, distance_bike_camera = 40.8706m
t=1.58s, distance_bike_camera = 40.4042m",1.9
1257,simulation_0059,simulation,A3MC,24,DS,What is the width of the purple car in meters?,acceleration of the white car = 4m/s^2,"t=0.58s, distance_human_camera = 30.9678m
t=1.58s, distance_human_camera = 29.8174m
t=0.58s, distance_yellow_car_camera = 38.5961m
t=1.58s, distance_yellow_car_camera = 35.3917m
t=0.58s, distance_white_car_camera = 43.8120m
t=1.58s, distance_white_car_camera = 43.0028m
t=0.58s, distance_bike_camera = 40.8706m
t=1.58s, distance_bike_camera = 40.4042m",1.7
1258,simulation_0060,simulation,A3MC,24,DD,What is the speed of the yellow car at 2.5s in m/s?,acceleration of the white car = 4m/s^2,"t=0.58s, distance_human_camera = 34.4785m
t=1.58s, distance_human_camera = 35.6486m
t=0.58s, distance_yellow_car_camera = 26.2275m
t=1.58s, distance_yellow_car_camera = 28.4240m
t=0.58s, distance_white_car_camera = 22.7254m
t=1.58s, distance_white_car_camera = 21.5370m
t=0.58s, distance_bike_camera = 23.5534m
t=1.58s, distance_bike_camera = 23.2262m",2.8e-09
1259,simulation_0060,simulation,A3MC,24,DS,What is the width of the lane in meters?,acceleration of the white car = 4m/s^2,"t=0.58s, distance_human_camera = 34.4785m
t=1.58s, distance_human_camera = 35.6486m
t=0.58s, distance_yellow_car_camera = 26.2275m
t=1.58s, distance_yellow_car_camera = 28.4240m
t=0.58s, distance_white_car_camera = 22.7254m
t=1.58s, distance_white_car_camera = 21.5370m
t=0.58s, distance_bike_camera = 23.5534m
t=1.58s, distance_bike_camera = 23.2262m",6.0
1260,simulation_0060,simulation,A3MC,24,DS,What is the length of the white car in meters?,acceleration of the white car = 4m/s^2,"t=0.58s, distance_human_camera = 34.4785m
t=1.58s, distance_human_camera = 35.6486m
t=0.58s, distance_yellow_car_camera = 26.2275m
t=1.58s, distance_yellow_car_camera = 28.4240m
t=0.58s, distance_white_car_camera = 22.7254m
t=1.58s, distance_white_car_camera = 21.5370m
t=0.58s, distance_bike_camera = 23.5534m
t=1.58s, distance_bike_camera = 23.2262m",6.5
1261,simulation_0060,simulation,A3MC,24,DS,What is the length of the turning yellow car in meters?,acceleration of the white car = 4m/s^2,"t=0.58s, distance_human_camera = 34.4785m
t=1.58s, distance_human_camera = 35.6486m
t=0.58s, distance_yellow_car_camera = 26.2275m
t=1.58s, distance_yellow_car_camera = 28.4240m
t=0.58s, distance_white_car_camera = 22.7254m
t=1.58s, distance_white_car_camera = 21.5370m
t=0.58s, distance_bike_camera = 23.5534m
t=1.58s, distance_bike_camera = 23.2262m",5.4
1262,simulation_0060,simulation,A3MC,24,DS,What is the height of the turning yellow car in meters?,acceleration of the white car = 4m/s^2,"t=0.58s, distance_human_camera = 34.4785m
t=1.58s, distance_human_camera = 35.6486m
t=0.58s, distance_yellow_car_camera = 26.2275m
t=1.58s, distance_yellow_car_camera = 28.4240m
t=0.58s, distance_white_car_camera = 22.7254m
t=1.58s, distance_white_car_camera = 21.5370m
t=0.58s, distance_bike_camera = 23.5534m
t=1.58s, distance_bike_camera = 23.2262m",1.4
1263,simulation_0060,simulation,A3MC,24,DS,What is the diameter of the bicycle wheel in meters?,acceleration of the white car = 4m/s^2,"t=0.58s, distance_human_camera = 34.4785m
t=1.58s, distance_human_camera = 35.6486m
t=0.58s, distance_yellow_car_camera = 26.2275m
t=1.58s, distance_yellow_car_camera = 28.4240m
t=0.58s, distance_white_car_camera = 22.7254m
t=1.58s, distance_white_car_camera = 21.5370m
t=0.58s, distance_bike_camera = 23.5534m
t=1.58s, distance_bike_camera = 23.2262m",0.67
1264,simulation_0060,simulation,A3MC,24,DD,What is the speed of the walking pedestrian from the beginning to the end in m/s?,acceleration of the white car = 4m/s^2,"t=0.58s, distance_human_camera = 34.4785m
t=1.58s, distance_human_camera = 35.6486m
t=0.58s, distance_yellow_car_camera = 26.2275m
t=1.58s, distance_yellow_car_camera = 28.4240m
t=0.58s, distance_white_car_camera = 22.7254m
t=1.58s, distance_white_car_camera = 21.5370m
t=0.58s, distance_bike_camera = 23.5534m
t=1.58s, distance_bike_camera = 23.2262m",1.2e-09
1265,simulation_0060,simulation,A3MC,24,DS,What is the height of the walking pedestrian in meters?,acceleration of the white car = 4m/s^2,"t=0.58s, distance_human_camera = 34.4785m
t=1.58s, distance_human_camera = 35.6486m
t=0.58s, distance_yellow_car_camera = 26.2275m
t=1.58s, distance_yellow_car_camera = 28.4240m
t=0.58s, distance_white_car_camera = 22.7254m
t=1.58s, distance_white_car_camera = 21.5370m
t=0.58s, distance_bike_camera = 23.5534m
t=1.58s, distance_bike_camera = 23.2262m",1.65
1266,simulation_0060,simulation,A3MC,24,DD,What is the average speed of the bicycle from the beginning to the end in m/s?,acceleration of the white car = 4m/s^2,"t=0.58s, distance_human_camera = 34.4785m
t=1.58s, distance_human_camera = 35.6486m
t=0.58s, distance_yellow_car_camera = 26.2275m
t=1.58s, distance_yellow_car_camera = 28.4240m
t=0.58s, distance_white_car_camera = 22.7254m
t=1.58s, distance_white_car_camera = 21.5370m
t=0.58s, distance_bike_camera = 23.5534m
t=1.58s, distance_bike_camera = 23.2262m",5.3e-09
1267,simulation_0060,simulation,A3MC,24,DS,What is the width of the green car in meters?,acceleration of the white car = 4m/s^2,"t=0.58s, distance_human_camera = 34.4785m
t=1.58s, distance_human_camera = 35.6486m
t=0.58s, distance_yellow_car_camera = 26.2275m
t=1.58s, distance_yellow_car_camera = 28.4240m
t=0.58s, distance_white_car_camera = 22.7254m
t=1.58s, distance_white_car_camera = 21.5370m
t=0.58s, distance_bike_camera = 23.5534m
t=1.58s, distance_bike_camera = 23.2262m",2.0
1268,simulation_0060,simulation,A3MC,24,DS,What is the width of the purple car in meters?,acceleration of the white car = 4m/s^2,"t=0.58s, distance_human_camera = 34.4785m
t=1.58s, distance_human_camera = 35.6486m
t=0.58s, distance_yellow_car_camera = 26.2275m
t=1.58s, distance_yellow_car_camera = 28.4240m
t=0.58s, distance_white_car_camera = 22.7254m
t=1.58s, distance_white_car_camera = 21.5370m
t=0.58s, distance_bike_camera = 23.5534m
t=1.58s, distance_bike_camera = 23.2262m",1.9
1269,simulation_0061,simulation,A3MC,24,DD,What is the speed of the yellow car at 2.5s in m/s?,acceleration of the white car = 4m/s^2,"t=0.58s, distance_human_camera = 33.4337m
t=1.58s, distance_human_camera = 32.4161m
t=0.58s, distance_yellow_car_camera = 40.1000m
t=1.58s, distance_yellow_car_camera = 36.4347m
t=0.58s, distance_white_car_camera = 45.5234m
t=1.58s, distance_white_car_camera = 43.9499m
t=0.58s, distance_bike_camera = 41.9010m
t=1.58s, distance_bike_camera = 40.3415m",4e-09
1270,simulation_0061,simulation,A3MC,24,DS,What is the width of the lane in meters?,acceleration of the white car = 4m/s^2,"t=0.58s, distance_human_camera = 33.4337m
t=1.58s, distance_human_camera = 32.4161m
t=0.58s, distance_yellow_car_camera = 40.1000m
t=1.58s, distance_yellow_car_camera = 36.4347m
t=0.58s, distance_white_car_camera = 45.5234m
t=1.58s, distance_white_car_camera = 43.9499m
t=0.58s, distance_bike_camera = 41.9010m
t=1.58s, distance_bike_camera = 40.3415m",4.9
1271,simulation_0061,simulation,A3MC,24,DS,What is the length of the white car in meters?,acceleration of the white car = 4m/s^2,"t=0.58s, distance_human_camera = 33.4337m
t=1.58s, distance_human_camera = 32.4161m
t=0.58s, distance_yellow_car_camera = 40.1000m
t=1.58s, distance_yellow_car_camera = 36.4347m
t=0.58s, distance_white_car_camera = 45.5234m
t=1.58s, distance_white_car_camera = 43.9499m
t=0.58s, distance_bike_camera = 41.9010m
t=1.58s, distance_bike_camera = 40.3415m",5.7
1272,simulation_0061,simulation,A3MC,24,DS,What is the length of the turning yellow car in meters?,acceleration of the white car = 4m/s^2,"t=0.58s, distance_human_camera = 33.4337m
t=1.58s, distance_human_camera = 32.4161m
t=0.58s, distance_yellow_car_camera = 40.1000m
t=1.58s, distance_yellow_car_camera = 36.4347m
t=0.58s, distance_white_car_camera = 45.5234m
t=1.58s, distance_white_car_camera = 43.9499m
t=0.58s, distance_bike_camera = 41.9010m
t=1.58s, distance_bike_camera = 40.3415m",5.0
1273,simulation_0061,simulation,A3MC,24,DS,What is the height of the turning yellow car in meters?,acceleration of the white car = 4m/s^2,"t=0.58s, distance_human_camera = 33.4337m
t=1.58s, distance_human_camera = 32.4161m
t=0.58s, distance_yellow_car_camera = 40.1000m
t=1.58s, distance_yellow_car_camera = 36.4347m
t=0.58s, distance_white_car_camera = 45.5234m
t=1.58s, distance_white_car_camera = 43.9499m
t=0.58s, distance_bike_camera = 41.9010m
t=1.58s, distance_bike_camera = 40.3415m",1.5
1274,simulation_0061,simulation,A3MC,24,DS,What is the diameter of the bicycle wheel in meters?,acceleration of the white car = 4m/s^2,"t=0.58s, distance_human_camera = 33.4337m
t=1.58s, distance_human_camera = 32.4161m
t=0.58s, distance_yellow_car_camera = 40.1000m
t=1.58s, distance_yellow_car_camera = 36.4347m
t=0.58s, distance_white_car_camera = 45.5234m
t=1.58s, distance_white_car_camera = 43.9499m
t=0.58s, distance_bike_camera = 41.9010m
t=1.58s, distance_bike_camera = 40.3415m",0.64
1275,simulation_0061,simulation,A3MC,24,DS,What is the height of the traffic light in meters?,acceleration of the white car = 4m/s^2,"t=0.58s, distance_human_camera = 33.4337m
t=1.58s, distance_human_camera = 32.4161m
t=0.58s, distance_yellow_car_camera = 40.1000m
t=1.58s, distance_yellow_car_camera = 36.4347m
t=0.58s, distance_white_car_camera = 45.5234m
t=1.58s, distance_white_car_camera = 43.9499m
t=0.58s, distance_bike_camera = 41.9010m
t=1.58s, distance_bike_camera = 40.3415m",5.1
1276,simulation_0061,simulation,A3MC,24,DS,What is the height of the streetlight in meters?,acceleration of the white car = 4m/s^2,"t=0.58s, distance_human_camera = 33.4337m
t=1.58s, distance_human_camera = 32.4161m
t=0.58s, distance_yellow_car_camera = 40.1000m
t=1.58s, distance_yellow_car_camera = 36.4347m
t=0.58s, distance_white_car_camera = 45.5234m
t=1.58s, distance_white_car_camera = 43.9499m
t=0.58s, distance_bike_camera = 41.9010m
t=1.58s, distance_bike_camera = 40.3415m",3.35
1277,simulation_0061,simulation,A3MC,24,DD,What is the average speed of the walking pedestrian from the beginning to the end in m/s?,acceleration of the white car = 4m/s^2,"t=0.58s, distance_human_camera = 33.4337m
t=1.58s, distance_human_camera = 32.4161m
t=0.58s, distance_yellow_car_camera = 40.1000m
t=1.58s, distance_yellow_car_camera = 36.4347m
t=0.58s, distance_white_car_camera = 45.5234m
t=1.58s, distance_white_car_camera = 43.9499m
t=0.58s, distance_bike_camera = 41.9010m
t=1.58s, distance_bike_camera = 40.3415m",1.3e-09
1278,simulation_0061,simulation,A3MC,24,DS,What is the height of the walking pedestrian in meters?,acceleration of the white car = 4m/s^2,"t=0.58s, distance_human_camera = 33.4337m
t=1.58s, distance_human_camera = 32.4161m
t=0.58s, distance_yellow_car_camera = 40.1000m
t=1.58s, distance_yellow_car_camera = 36.4347m
t=0.58s, distance_white_car_camera = 45.5234m
t=1.58s, distance_white_car_camera = 43.9499m
t=0.58s, distance_bike_camera = 41.9010m
t=1.58s, distance_bike_camera = 40.3415m",1.85
1279,simulation_0061,simulation,A3MC,24,DD,What is the average speed of the bicycle from the beginning to the end in m/s?,acceleration of the white car = 4m/s^2,"t=0.58s, distance_human_camera = 33.4337m
t=1.58s, distance_human_camera = 32.4161m
t=0.58s, distance_yellow_car_camera = 40.1000m
t=1.58s, distance_yellow_car_camera = 36.4347m
t=0.58s, distance_white_car_camera = 45.5234m
t=1.58s, distance_white_car_camera = 43.9499m
t=0.58s, distance_bike_camera = 41.9010m
t=1.58s, distance_bike_camera = 40.3415m",5.1e-09
1280,simulation_0062,simulation,A3MC,24,DD,What is the average speed of the yellow car at 2.5s in m/s?,acceleration of the white car = 4m/s^2,"t=0.58s, distance_human_camera = 17.2804m
t=1.58s, distance_human_camera = 16.1558m
t=0.58s, distance_yellow_car_camera = 24.8550m
t=1.58s, distance_yellow_car_camera = 21.7231m
t=0.58s, distance_white_car_camera = 30.0650m
t=1.58s, distance_white_car_camera = 29.3069m
t=0.58s, distance_bike_camera = 27.1687m
t=1.58s, distance_bike_camera = 27.0656m",4.3000000000000005e-09
1281,simulation_0062,simulation,A3MC,24,DS,What is the width of the lane in meters?,acceleration of the white car = 4m/s^2,"t=0.58s, distance_human_camera = 17.2804m
t=1.58s, distance_human_camera = 16.1558m
t=0.58s, distance_yellow_car_camera = 24.8550m
t=1.58s, distance_yellow_car_camera = 21.7231m
t=0.58s, distance_white_car_camera = 30.0650m
t=1.58s, distance_white_car_camera = 29.3069m
t=0.58s, distance_bike_camera = 27.1687m
t=1.58s, distance_bike_camera = 27.0656m",8.0
1282,simulation_0062,simulation,A3MC,24,DS,What is the height of the white car in meters?,acceleration of the white car = 4m/s^2,"t=0.58s, distance_human_camera = 17.2804m
t=1.58s, distance_human_camera = 16.1558m
t=0.58s, distance_yellow_car_camera = 24.8550m
t=1.58s, distance_yellow_car_camera = 21.7231m
t=0.58s, distance_white_car_camera = 30.0650m
t=1.58s, distance_white_car_camera = 29.3069m
t=0.58s, distance_bike_camera = 27.1687m
t=1.58s, distance_bike_camera = 27.0656m",2.2
1283,simulation_0062,simulation,A3MC,24,DS,What is the length of the white car in meters?,acceleration of the white car = 4m/s^2,"t=0.58s, distance_human_camera = 17.2804m
t=1.58s, distance_human_camera = 16.1558m
t=0.58s, distance_yellow_car_camera = 24.8550m
t=1.58s, distance_yellow_car_camera = 21.7231m
t=0.58s, distance_white_car_camera = 30.0650m
t=1.58s, distance_white_car_camera = 29.3069m
t=0.58s, distance_bike_camera = 27.1687m
t=1.58s, distance_bike_camera = 27.0656m",6.2
1284,simulation_0062,simulation,A3MC,24,DS,What is the length of the turning yellow car in meters?,acceleration of the white car = 4m/s^2,"t=0.58s, distance_human_camera = 17.2804m
t=1.58s, distance_human_camera = 16.1558m
t=0.58s, distance_yellow_car_camera = 24.8550m
t=1.58s, distance_yellow_car_camera = 21.7231m
t=0.58s, distance_white_car_camera = 30.0650m
t=1.58s, distance_white_car_camera = 29.3069m
t=0.58s, distance_bike_camera = 27.1687m
t=1.58s, distance_bike_camera = 27.0656m",5.3
1285,simulation_0062,simulation,A3MC,24,DS,What is the height of the turning yellow car in meters?,acceleration of the white car = 4m/s^2,"t=0.58s, distance_human_camera = 17.2804m
t=1.58s, distance_human_camera = 16.1558m
t=0.58s, distance_yellow_car_camera = 24.8550m
t=1.58s, distance_yellow_car_camera = 21.7231m
t=0.58s, distance_white_car_camera = 30.0650m
t=1.58s, distance_white_car_camera = 29.3069m
t=0.58s, distance_bike_camera = 27.1687m
t=1.58s, distance_bike_camera = 27.0656m",1.45
1286,simulation_0062,simulation,A3MC,24,DS,What is the width of the turning yellow car in meters?,acceleration of the white car = 4m/s^2,"t=0.58s, distance_human_camera = 17.2804m
t=1.58s, distance_human_camera = 16.1558m
t=0.58s, distance_yellow_car_camera = 24.8550m
t=1.58s, distance_yellow_car_camera = 21.7231m
t=0.58s, distance_white_car_camera = 30.0650m
t=1.58s, distance_white_car_camera = 29.3069m
t=0.58s, distance_bike_camera = 27.1687m
t=1.58s, distance_bike_camera = 27.0656m",1.9
1287,simulation_0062,simulation,A3MC,24,DS,What is the diameter of the bicycle wheel in meters?,acceleration of the white car = 4m/s^2,"t=0.58s, distance_human_camera = 17.2804m
t=1.58s, distance_human_camera = 16.1558m
t=0.58s, distance_yellow_car_camera = 24.8550m
t=1.58s, distance_yellow_car_camera = 21.7231m
t=0.58s, distance_white_car_camera = 30.0650m
t=1.58s, distance_white_car_camera = 29.3069m
t=0.58s, distance_bike_camera = 27.1687m
t=1.58s, distance_bike_camera = 27.0656m",0.65
1288,simulation_0062,simulation,A3MC,24,DS,What is the height of the traffic light in meters?,acceleration of the white car = 4m/s^2,"t=0.58s, distance_human_camera = 17.2804m
t=1.58s, distance_human_camera = 16.1558m
t=0.58s, distance_yellow_car_camera = 24.8550m
t=1.58s, distance_yellow_car_camera = 21.7231m
t=0.58s, distance_white_car_camera = 30.0650m
t=1.58s, distance_white_car_camera = 29.3069m
t=0.58s, distance_bike_camera = 27.1687m
t=1.58s, distance_bike_camera = 27.0656m",5.2
1289,simulation_0062,simulation,A3MC,24,DS,What is the height of the streetlight in meters?,acceleration of the white car = 4m/s^2,"t=0.58s, distance_human_camera = 17.2804m
t=1.58s, distance_human_camera = 16.1558m
t=0.58s, distance_yellow_car_camera = 24.8550m
t=1.58s, distance_yellow_car_camera = 21.7231m
t=0.58s, distance_white_car_camera = 30.0650m
t=1.58s, distance_white_car_camera = 29.3069m
t=0.58s, distance_bike_camera = 27.1687m
t=1.58s, distance_bike_camera = 27.0656m",3.5
1290,simulation_0062,simulation,A3MC,24,DD,What is the average speed of the walking pedestrian from the beginning to the end in m/s?,acceleration of the white car = 4m/s^2,"t=0.58s, distance_human_camera = 17.2804m
t=1.58s, distance_human_camera = 16.1558m
t=0.58s, distance_yellow_car_camera = 24.8550m
t=1.58s, distance_yellow_car_camera = 21.7231m
t=0.58s, distance_white_car_camera = 30.0650m
t=1.58s, distance_white_car_camera = 29.3069m
t=0.58s, distance_bike_camera = 27.1687m
t=1.58s, distance_bike_camera = 27.0656m",1.15e-09
1291,simulation_0062,simulation,A3MC,24,DS,What is the height of the walking pedestrian in meters?,acceleration of the white car = 4m/s^2,"t=0.58s, distance_human_camera = 17.2804m
t=1.58s, distance_human_camera = 16.1558m
t=0.58s, distance_yellow_car_camera = 24.8550m
t=1.58s, distance_yellow_car_camera = 21.7231m
t=0.58s, distance_white_car_camera = 30.0650m
t=1.58s, distance_white_car_camera = 29.3069m
t=0.58s, distance_bike_camera = 27.1687m
t=1.58s, distance_bike_camera = 27.0656m",1.88
1292,simulation_0062,simulation,A3MC,24,DD,What is the average speed of the bicycle from the beginning to the end in m/s?,acceleration of the white car = 4m/s^2,"t=0.58s, distance_human_camera = 17.2804m
t=1.58s, distance_human_camera = 16.1558m
t=0.58s, distance_yellow_car_camera = 24.8550m
t=1.58s, distance_yellow_car_camera = 21.7231m
t=0.58s, distance_white_car_camera = 30.0650m
t=1.58s, distance_white_car_camera = 29.3069m
t=0.58s, distance_bike_camera = 27.1687m
t=1.58s, distance_bike_camera = 27.0656m",5.1e-09
1293,simulation_0063,simulation,A3MC,24,DD,What is the speed of the yellow car at 2.5s in m/s?,acceleration of the white car = 4m/s^2,"t=0.58s, distance_human_camera = 16.6692m
t=1.58s, distance_human_camera = 15.5003m
t=0.58s, distance_yellow_car_camera = 24.8414m
t=1.58s, distance_yellow_car_camera = 22.9530m
t=0.58s, distance_white_car_camera = 29.2444m
t=1.58s, distance_white_car_camera = 29.8093m
t=0.58s, distance_bike_camera = 27.7544m
t=1.58s, distance_bike_camera = 29.4124m",3.4000000000000003e-09
1294,simulation_0063,simulation,A3MC,24,DS,What is the width of the lane in meters?,acceleration of the white car = 4m/s^2,"t=0.58s, distance_human_camera = 16.6692m
t=1.58s, distance_human_camera = 15.5003m
t=0.58s, distance_yellow_car_camera = 24.8414m
t=1.58s, distance_yellow_car_camera = 22.9530m
t=0.58s, distance_white_car_camera = 29.2444m
t=1.58s, distance_white_car_camera = 29.8093m
t=0.58s, distance_bike_camera = 27.7544m
t=1.58s, distance_bike_camera = 29.4124m",4.0
1295,simulation_0063,simulation,A3MC,24,DS,What is the height of the white car in meters?,acceleration of the white car = 4m/s^2,"t=0.58s, distance_human_camera = 16.6692m
t=1.58s, distance_human_camera = 15.5003m
t=0.58s, distance_yellow_car_camera = 24.8414m
t=1.58s, distance_yellow_car_camera = 22.9530m
t=0.58s, distance_white_car_camera = 29.2444m
t=1.58s, distance_white_car_camera = 29.8093m
t=0.58s, distance_bike_camera = 27.7544m
t=1.58s, distance_bike_camera = 29.4124m",2.25
1296,simulation_0063,simulation,A3MC,24,DS,What is the length of the white car in meters?,acceleration of the white car = 4m/s^2,"t=0.58s, distance_human_camera = 16.6692m
t=1.58s, distance_human_camera = 15.5003m
t=0.58s, distance_yellow_car_camera = 24.8414m
t=1.58s, distance_yellow_car_camera = 22.9530m
t=0.58s, distance_white_car_camera = 29.2444m
t=1.58s, distance_white_car_camera = 29.8093m
t=0.58s, distance_bike_camera = 27.7544m
t=1.58s, distance_bike_camera = 29.4124m",5.8
1297,simulation_0063,simulation,A3MC,24,DS,What is the length of the turning yellow car in meters?,acceleration of the white car = 4m/s^2,"t=0.58s, distance_human_camera = 16.6692m
t=1.58s, distance_human_camera = 15.5003m
t=0.58s, distance_yellow_car_camera = 24.8414m
t=1.58s, distance_yellow_car_camera = 22.9530m
t=0.58s, distance_white_car_camera = 29.2444m
t=1.58s, distance_white_car_camera = 29.8093m
t=0.58s, distance_bike_camera = 27.7544m
t=1.58s, distance_bike_camera = 29.4124m",5.5
1298,simulation_0063,simulation,A3MC,24,DS,What is the height of the turning yellow car in meters?,acceleration of the white car = 4m/s^2,"t=0.58s, distance_human_camera = 16.6692m
t=1.58s, distance_human_camera = 15.5003m
t=0.58s, distance_yellow_car_camera = 24.8414m
t=1.58s, distance_yellow_car_camera = 22.9530m
t=0.58s, distance_white_car_camera = 29.2444m
t=1.58s, distance_white_car_camera = 29.8093m
t=0.58s, distance_bike_camera = 27.7544m
t=1.58s, distance_bike_camera = 29.4124m",1.6
1299,simulation_0063,simulation,A3MC,24,DS,What is the width of the turning yellow car in meters?,acceleration of the white car = 4m/s^2,"t=0.58s, distance_human_camera = 16.6692m
t=1.58s, distance_human_camera = 15.5003m
t=0.58s, distance_yellow_car_camera = 24.8414m
t=1.58s, distance_yellow_car_camera = 22.9530m
t=0.58s, distance_white_car_camera = 29.2444m
t=1.58s, distance_white_car_camera = 29.8093m
t=0.58s, distance_bike_camera = 27.7544m
t=1.58s, distance_bike_camera = 29.4124m",1.95
1300,simulation_0063,simulation,A3MC,24,DS,What is the diameter of the bicycle wheel in meters?,acceleration of the white car = 4m/s^2,"t=0.58s, distance_human_camera = 16.6692m
t=1.58s, distance_human_camera = 15.5003m
t=0.58s, distance_yellow_car_camera = 24.8414m
t=1.58s, distance_yellow_car_camera = 22.9530m
t=0.58s, distance_white_car_camera = 29.2444m
t=1.58s, distance_white_car_camera = 29.8093m
t=0.58s, distance_bike_camera = 27.7544m
t=1.58s, distance_bike_camera = 29.4124m",0.63
1301,simulation_0063,simulation,A3MC,24,DS,What is the height of the traffic light in meters?,acceleration of the white car = 4m/s^2,"t=0.58s, distance_human_camera = 16.6692m
t=1.58s, distance_human_camera = 15.5003m
t=0.58s, distance_yellow_car_camera = 24.8414m
t=1.58s, distance_yellow_car_camera = 22.9530m
t=0.58s, distance_white_car_camera = 29.2444m
t=1.58s, distance_white_car_camera = 29.8093m
t=0.58s, distance_bike_camera = 27.7544m
t=1.58s, distance_bike_camera = 29.4124m",5.4
1302,simulation_0063,simulation,A3MC,24,DS,What is the height of the streetlight in meters?,acceleration of the white car = 4m/s^2,"t=0.58s, distance_human_camera = 16.6692m
t=1.58s, distance_human_camera = 15.5003m
t=0.58s, distance_yellow_car_camera = 24.8414m
t=1.58s, distance_yellow_car_camera = 22.9530m
t=0.58s, distance_white_car_camera = 29.2444m
t=1.58s, distance_white_car_camera = 29.8093m
t=0.58s, distance_bike_camera = 27.7544m
t=1.58s, distance_bike_camera = 29.4124m",3.6
1303,simulation_0063,simulation,A3MC,24,DD,What is the average speed of the walking pedestrian from the beginning to the end in m/s?,acceleration of the white car = 4m/s^2,"t=0.58s, distance_human_camera = 16.6692m
t=1.58s, distance_human_camera = 15.5003m
t=0.58s, distance_yellow_car_camera = 24.8414m
t=1.58s, distance_yellow_car_camera = 22.9530m
t=0.58s, distance_white_car_camera = 29.2444m
t=1.58s, distance_white_car_camera = 29.8093m
t=0.58s, distance_bike_camera = 27.7544m
t=1.58s, distance_bike_camera = 29.4124m",1.3e-09
1304,simulation_0063,simulation,A3MC,24,DS,What is the height of the walking pedestrian in meters?,acceleration of the white car = 4m/s^2,"t=0.58s, distance_human_camera = 16.6692m
t=1.58s, distance_human_camera = 15.5003m
t=0.58s, distance_yellow_car_camera = 24.8414m
t=1.58s, distance_yellow_car_camera = 22.9530m
t=0.58s, distance_white_car_camera = 29.2444m
t=1.58s, distance_white_car_camera = 29.8093m
t=0.58s, distance_bike_camera = 27.7544m
t=1.58s, distance_bike_camera = 29.4124m",1.85
1305,simulation_0063,simulation,A3MC,24,DD,What is the average speed of the bicycle from the beginning to the end in m/s?,acceleration of the white car = 4m/s^2,"t=0.58s, distance_human_camera = 16.6692m
t=1.58s, distance_human_camera = 15.5003m
t=0.58s, distance_yellow_car_camera = 24.8414m
t=1.58s, distance_yellow_car_camera = 22.9530m
t=0.58s, distance_white_car_camera = 29.2444m
t=1.58s, distance_white_car_camera = 29.8093m
t=0.58s, distance_bike_camera = 27.7544m
t=1.58s, distance_bike_camera = 29.4124m",5e-09
1306,simulation_0064,simulation,A3MC,24,DD,What is the speed of the yellow car at 2.5s in m/s?,acceleration of the white car = 4m/s^2,"t=0.58s, distance_human_camera = 38.3473m
t=1.58s, distance_human_camera = 38.7220m
t=0.58s, distance_yellow_car_camera = 35.5258m
t=1.58s, distance_yellow_car_camera = 33.0077m
t=0.58s, distance_white_car_camera = 38.1362m
t=1.58s, distance_white_car_camera = 34.0492m
t=0.58s, distance_bike_camera = 33.9976m
t=1.58s, distance_bike_camera = 28.6807m",4.0999999999999995e-09
1307,simulation_0064,simulation,A3MC,24,DS,What is the width of the lane in meters?,acceleration of the white car = 4m/s^2,"t=0.58s, distance_human_camera = 38.3473m
t=1.58s, distance_human_camera = 38.7220m
t=0.58s, distance_yellow_car_camera = 35.5258m
t=1.58s, distance_yellow_car_camera = 33.0077m
t=0.58s, distance_white_car_camera = 38.1362m
t=1.58s, distance_white_car_camera = 34.0492m
t=0.58s, distance_bike_camera = 33.9976m
t=1.58s, distance_bike_camera = 28.6807m",11.9
1308,simulation_0064,simulation,A3MC,24,DS,What is the height of the white car in meters?,acceleration of the white car = 4m/s^2,"t=0.58s, distance_human_camera = 38.3473m
t=1.58s, distance_human_camera = 38.7220m
t=0.58s, distance_yellow_car_camera = 35.5258m
t=1.58s, distance_yellow_car_camera = 33.0077m
t=0.58s, distance_white_car_camera = 38.1362m
t=1.58s, distance_white_car_camera = 34.0492m
t=0.58s, distance_bike_camera = 33.9976m
t=1.58s, distance_bike_camera = 28.6807m",2.3
1309,simulation_0064,simulation,A3MC,24,DS,What is the width of the white car in meters?,acceleration of the white car = 4m/s^2,"t=0.58s, distance_human_camera = 38.3473m
t=1.58s, distance_human_camera = 38.7220m
t=0.58s, distance_yellow_car_camera = 35.5258m
t=1.58s, distance_yellow_car_camera = 33.0077m
t=0.58s, distance_white_car_camera = 38.1362m
t=1.58s, distance_white_car_camera = 34.0492m
t=0.58s, distance_bike_camera = 33.9976m
t=1.58s, distance_bike_camera = 28.6807m",2.05
1310,simulation_0064,simulation,A3MC,24,DS,What is the length of the turning yellow car in meters?,acceleration of the white car = 4m/s^2,"t=0.58s, distance_human_camera = 38.3473m
t=1.58s, distance_human_camera = 38.7220m
t=0.58s, distance_yellow_car_camera = 35.5258m
t=1.58s, distance_yellow_car_camera = 33.0077m
t=0.58s, distance_white_car_camera = 38.1362m
t=1.58s, distance_white_car_camera = 34.0492m
t=0.58s, distance_bike_camera = 33.9976m
t=1.58s, distance_bike_camera = 28.6807m",5.4
1311,simulation_0064,simulation,A3MC,24,DS,What is the height of the turning yellow car in meters?,acceleration of the white car = 4m/s^2,"t=0.58s, distance_human_camera = 38.3473m
t=1.58s, distance_human_camera = 38.7220m
t=0.58s, distance_yellow_car_camera = 35.5258m
t=1.58s, distance_yellow_car_camera = 33.0077m
t=0.58s, distance_white_car_camera = 38.1362m
t=1.58s, distance_white_car_camera = 34.0492m
t=0.58s, distance_bike_camera = 33.9976m
t=1.58s, distance_bike_camera = 28.6807m",1.6
1312,simulation_0064,simulation,A3MC,24,DS,What is the width of the turning yellow car in meters?,acceleration of the white car = 4m/s^2,"t=0.58s, distance_human_camera = 38.3473m
t=1.58s, distance_human_camera = 38.7220m
t=0.58s, distance_yellow_car_camera = 35.5258m
t=1.58s, distance_yellow_car_camera = 33.0077m
t=0.58s, distance_white_car_camera = 38.1362m
t=1.58s, distance_white_car_camera = 34.0492m
t=0.58s, distance_bike_camera = 33.9976m
t=1.58s, distance_bike_camera = 28.6807m",1.9
1313,simulation_0064,simulation,A3MC,24,DS,What is the diameter of the bicycle wheel in meters?,acceleration of the white car = 4m/s^2,"t=0.58s, distance_human_camera = 38.3473m
t=1.58s, distance_human_camera = 38.7220m
t=0.58s, distance_yellow_car_camera = 35.5258m
t=1.58s, distance_yellow_car_camera = 33.0077m
t=0.58s, distance_white_car_camera = 38.1362m
t=1.58s, distance_white_car_camera = 34.0492m
t=0.58s, distance_bike_camera = 33.9976m
t=1.58s, distance_bike_camera = 28.6807m",0.7
1314,simulation_0064,simulation,A3MC,24,DS,What is the height of the traffic light in meters?,acceleration of the white car = 4m/s^2,"t=0.58s, distance_human_camera = 38.3473m
t=1.58s, distance_human_camera = 38.7220m
t=0.58s, distance_yellow_car_camera = 35.5258m
t=1.58s, distance_yellow_car_camera = 33.0077m
t=0.58s, distance_white_car_camera = 38.1362m
t=1.58s, distance_white_car_camera = 34.0492m
t=0.58s, distance_bike_camera = 33.9976m
t=1.58s, distance_bike_camera = 28.6807m",4.5
1315,simulation_0064,simulation,A3MC,24,DD,What is the average speed of the walking pedestrian from 1.0s to the end in m/s?,acceleration of the white car = 4m/s^2,"t=0.58s, distance_human_camera = 38.3473m
t=1.58s, distance_human_camera = 38.7220m
t=0.58s, distance_yellow_car_camera = 35.5258m
t=1.58s, distance_yellow_car_camera = 33.0077m
t=0.58s, distance_white_car_camera = 38.1362m
t=1.58s, distance_white_car_camera = 34.0492m
t=0.58s, distance_bike_camera = 33.9976m
t=1.58s, distance_bike_camera = 28.6807m",1.4e-09
1316,simulation_0064,simulation,A3MC,24,DS,What is the height of the walking pedestrian in meters?,acceleration of the white car = 4m/s^2,"t=0.58s, distance_human_camera = 38.3473m
t=1.58s, distance_human_camera = 38.7220m
t=0.58s, distance_yellow_car_camera = 35.5258m
t=1.58s, distance_yellow_car_camera = 33.0077m
t=0.58s, distance_white_car_camera = 38.1362m
t=1.58s, distance_white_car_camera = 34.0492m
t=0.58s, distance_bike_camera = 33.9976m
t=1.58s, distance_bike_camera = 28.6807m",1.7
1317,simulation_0064,simulation,A3MC,24,DD,What is the average speed of the bicycle from the beginning to the end in m/s?,acceleration of the white car = 4m/s^2,"t=0.58s, distance_human_camera = 38.3473m
t=1.58s, distance_human_camera = 38.7220m
t=0.58s, distance_yellow_car_camera = 35.5258m
t=1.58s, distance_yellow_car_camera = 33.0077m
t=0.58s, distance_white_car_camera = 38.1362m
t=1.58s, distance_white_car_camera = 34.0492m
t=0.58s, distance_bike_camera = 33.9976m
t=1.58s, distance_bike_camera = 28.6807m",5.2e-09
1318,simulation_0065,simulation,A3MC,24,DD,What is the average speed of the yellow car from the beginning to the end in m/s?,acceleration of the white car = 4m/s^2,"t=0.58s, distance_human_camera = 25.3568m
t=1.58s, distance_human_camera = 25.9200m
t=0.58s, distance_yellow_car_camera = 23.7441m
t=1.58s, distance_yellow_car_camera = 27.0055m
t=0.58s, distance_white_car_camera = 21.3649m
t=1.58s, distance_white_car_camera = 25.2551m
t=0.58s, distance_bike_camera = 25.3360m
t=1.58s, distance_bike_camera = 30.4344m",3.6e-09
1319,simulation_0065,simulation,A3MC,24,DS,What is the width of the lane in meters?,acceleration of the white car = 4m/s^2,"t=0.58s, distance_human_camera = 25.3568m
t=1.58s, distance_human_camera = 25.9200m
t=0.58s, distance_yellow_car_camera = 23.7441m
t=1.58s, distance_yellow_car_camera = 27.0055m
t=0.58s, distance_white_car_camera = 21.3649m
t=1.58s, distance_white_car_camera = 25.2551m
t=0.58s, distance_bike_camera = 25.3360m
t=1.58s, distance_bike_camera = 30.4344m",3.5
1320,simulation_0065,simulation,A3MC,24,DS,What is the height of the white car in meters?,acceleration of the white car = 4m/s^2,"t=0.58s, distance_human_camera = 25.3568m
t=1.58s, distance_human_camera = 25.9200m
t=0.58s, distance_yellow_car_camera = 23.7441m
t=1.58s, distance_yellow_car_camera = 27.0055m
t=0.58s, distance_white_car_camera = 21.3649m
t=1.58s, distance_white_car_camera = 25.2551m
t=0.58s, distance_bike_camera = 25.3360m
t=1.58s, distance_bike_camera = 30.4344m",2.1
1321,simulation_0065,simulation,A3MC,24,DS,What is the width of the white car in meters?,acceleration of the white car = 4m/s^2,"t=0.58s, distance_human_camera = 25.3568m
t=1.58s, distance_human_camera = 25.9200m
t=0.58s, distance_yellow_car_camera = 23.7441m
t=1.58s, distance_yellow_car_camera = 27.0055m
t=0.58s, distance_white_car_camera = 21.3649m
t=1.58s, distance_white_car_camera = 25.2551m
t=0.58s, distance_bike_camera = 25.3360m
t=1.58s, distance_bike_camera = 30.4344m",2.1
1322,simulation_0065,simulation,A3MC,24,DS,What is the length of the turning yellow car in meters?,acceleration of the white car = 4m/s^2,"t=0.58s, distance_human_camera = 25.3568m
t=1.58s, distance_human_camera = 25.9200m
t=0.58s, distance_yellow_car_camera = 23.7441m
t=1.58s, distance_yellow_car_camera = 27.0055m
t=0.58s, distance_white_car_camera = 21.3649m
t=1.58s, distance_white_car_camera = 25.2551m
t=0.58s, distance_bike_camera = 25.3360m
t=1.58s, distance_bike_camera = 30.4344m",5.3
1323,simulation_0065,simulation,A3MC,24,DS,What is the height of the turning yellow car in meters?,acceleration of the white car = 4m/s^2,"t=0.58s, distance_human_camera = 25.3568m
t=1.58s, distance_human_camera = 25.9200m
t=0.58s, distance_yellow_car_camera = 23.7441m
t=1.58s, distance_yellow_car_camera = 27.0055m
t=0.58s, distance_white_car_camera = 21.3649m
t=1.58s, distance_white_car_camera = 25.2551m
t=0.58s, distance_bike_camera = 25.3360m
t=1.58s, distance_bike_camera = 30.4344m",1.55
1324,simulation_0065,simulation,A3MC,24,DS,What is the width of the turning yellow car in meters?,acceleration of the white car = 4m/s^2,"t=0.58s, distance_human_camera = 25.3568m
t=1.58s, distance_human_camera = 25.9200m
t=0.58s, distance_yellow_car_camera = 23.7441m
t=1.58s, distance_yellow_car_camera = 27.0055m
t=0.58s, distance_white_car_camera = 21.3649m
t=1.58s, distance_white_car_camera = 25.2551m
t=0.58s, distance_bike_camera = 25.3360m
t=1.58s, distance_bike_camera = 30.4344m",2.0
1325,simulation_0065,simulation,A3MC,24,DS,What is the diameter of the bicycle wheel in meters?,acceleration of the white car = 4m/s^2,"t=0.58s, distance_human_camera = 25.3568m
t=1.58s, distance_human_camera = 25.9200m
t=0.58s, distance_yellow_car_camera = 23.7441m
t=1.58s, distance_yellow_car_camera = 27.0055m
t=0.58s, distance_white_car_camera = 21.3649m
t=1.58s, distance_white_car_camera = 25.2551m
t=0.58s, distance_bike_camera = 25.3360m
t=1.58s, distance_bike_camera = 30.4344m",0.68
1326,simulation_0065,simulation,A3MC,24,DS,What is the height of the traffic light in meters?,acceleration of the white car = 4m/s^2,"t=0.58s, distance_human_camera = 25.3568m
t=1.58s, distance_human_camera = 25.9200m
t=0.58s, distance_yellow_car_camera = 23.7441m
t=1.58s, distance_yellow_car_camera = 27.0055m
t=0.58s, distance_white_car_camera = 21.3649m
t=1.58s, distance_white_car_camera = 25.2551m
t=0.58s, distance_bike_camera = 25.3360m
t=1.58s, distance_bike_camera = 30.4344m",4.5
1327,simulation_0065,simulation,A3MC,24,DD,What is the average speed of the walking pedestrian from 1.0s to 2.0s in m/s?,acceleration of the white car = 4m/s^2,"t=0.58s, distance_human_camera = 25.3568m
t=1.58s, distance_human_camera = 25.9200m
t=0.58s, distance_yellow_car_camera = 23.7441m
t=1.58s, distance_yellow_car_camera = 27.0055m
t=0.58s, distance_white_car_camera = 21.3649m
t=1.58s, distance_white_car_camera = 25.2551m
t=0.58s, distance_bike_camera = 25.3360m
t=1.58s, distance_bike_camera = 30.4344m",1.2e-09
1328,simulation_0065,simulation,A3MC,24,DS,What is the height of the walking pedestrian in meters?,acceleration of the white car = 4m/s^2,"t=0.58s, distance_human_camera = 25.3568m
t=1.58s, distance_human_camera = 25.9200m
t=0.58s, distance_yellow_car_camera = 23.7441m
t=1.58s, distance_yellow_car_camera = 27.0055m
t=0.58s, distance_white_car_camera = 21.3649m
t=1.58s, distance_white_car_camera = 25.2551m
t=0.58s, distance_bike_camera = 25.3360m
t=1.58s, distance_bike_camera = 30.4344m",1.78
1329,simulation_0065,simulation,A3MC,24,DD,What is the average speed of the bicycle from the beginning to the end in m/s?,acceleration of the white car = 4m/s^2,"t=0.58s, distance_human_camera = 25.3568m
t=1.58s, distance_human_camera = 25.9200m
t=0.58s, distance_yellow_car_camera = 23.7441m
t=1.58s, distance_yellow_car_camera = 27.0055m
t=0.58s, distance_white_car_camera = 21.3649m
t=1.58s, distance_white_car_camera = 25.2551m
t=0.58s, distance_bike_camera = 25.3360m
t=1.58s, distance_bike_camera = 30.4344m",5.1e-09
1330,simulation_0066,simulation,A3MC,24,DD,What is the speed of the yellow car at 2.5s in m/s?,acceleration of the white car = 4m/s^2,"t=0.58s, distance_human_camera = 21.0610m
t=1.58s, distance_human_camera = 21.3488m
t=0.58s, distance_yellow_car_camera = 19.6514m
t=1.58s, distance_yellow_car_camera = 16.5490m
t=0.58s, distance_white_car_camera = 23.5892m
t=1.58s, distance_white_car_camera = 19.9903m
t=0.58s, distance_bike_camera = 19.0650m
t=1.58s, distance_bike_camera = 14.6515m",4.6e-09
1331,simulation_0066,simulation,A3MC,24,DS,What is the width of the lane in meters?,acceleration of the white car = 4m/s^2,"t=0.58s, distance_human_camera = 21.0610m
t=1.58s, distance_human_camera = 21.3488m
t=0.58s, distance_yellow_car_camera = 19.6514m
t=1.58s, distance_yellow_car_camera = 16.5490m
t=0.58s, distance_white_car_camera = 23.5892m
t=1.58s, distance_white_car_camera = 19.9903m
t=0.58s, distance_bike_camera = 19.0650m
t=1.58s, distance_bike_camera = 14.6515m",4.5
1332,simulation_0066,simulation,A3MC,24,DS,What is the width of the white car in meters?,acceleration of the white car = 4m/s^2,"t=0.58s, distance_human_camera = 21.0610m
t=1.58s, distance_human_camera = 21.3488m
t=0.58s, distance_yellow_car_camera = 19.6514m
t=1.58s, distance_yellow_car_camera = 16.5490m
t=0.58s, distance_white_car_camera = 23.5892m
t=1.58s, distance_white_car_camera = 19.9903m
t=0.58s, distance_bike_camera = 19.0650m
t=1.58s, distance_bike_camera = 14.6515m",2.1
1333,simulation_0066,simulation,A3MC,24,DS,What is the length of the white car in meters?,acceleration of the white car = 4m/s^2,"t=0.58s, distance_human_camera = 21.0610m
t=1.58s, distance_human_camera = 21.3488m
t=0.58s, distance_yellow_car_camera = 19.6514m
t=1.58s, distance_yellow_car_camera = 16.5490m
t=0.58s, distance_white_car_camera = 23.5892m
t=1.58s, distance_white_car_camera = 19.9903m
t=0.58s, distance_bike_camera = 19.0650m
t=1.58s, distance_bike_camera = 14.6515m",5.7
1334,simulation_0066,simulation,A3MC,24,DS,What is the height of the white car in meters?,acceleration of the white car = 4m/s^2,"t=0.58s, distance_human_camera = 21.0610m
t=1.58s, distance_human_camera = 21.3488m
t=0.58s, distance_yellow_car_camera = 19.6514m
t=1.58s, distance_yellow_car_camera = 16.5490m
t=0.58s, distance_white_car_camera = 23.5892m
t=1.58s, distance_white_car_camera = 19.9903m
t=0.58s, distance_bike_camera = 19.0650m
t=1.58s, distance_bike_camera = 14.6515m",2.2
1335,simulation_0066,simulation,A3MC,24,DS,What is the length of the turning yellow car in meters?,acceleration of the white car = 4m/s^2,"t=0.58s, distance_human_camera = 21.0610m
t=1.58s, distance_human_camera = 21.3488m
t=0.58s, distance_yellow_car_camera = 19.6514m
t=1.58s, distance_yellow_car_camera = 16.5490m
t=0.58s, distance_white_car_camera = 23.5892m
t=1.58s, distance_white_car_camera = 19.9903m
t=0.58s, distance_bike_camera = 19.0650m
t=1.58s, distance_bike_camera = 14.6515m",5.3
1336,simulation_0066,simulation,A3MC,24,DS,What is the height of the turning yellow car in meters?,acceleration of the white car = 4m/s^2,"t=0.58s, distance_human_camera = 21.0610m
t=1.58s, distance_human_camera = 21.3488m
t=0.58s, distance_yellow_car_camera = 19.6514m
t=1.58s, distance_yellow_car_camera = 16.5490m
t=0.58s, distance_white_car_camera = 23.5892m
t=1.58s, distance_white_car_camera = 19.9903m
t=0.58s, distance_bike_camera = 19.0650m
t=1.58s, distance_bike_camera = 14.6515m",1.5
1337,simulation_0066,simulation,A3MC,24,DS,What is the width of the turning yellow car in meters?,acceleration of the white car = 4m/s^2,"t=0.58s, distance_human_camera = 21.0610m
t=1.58s, distance_human_camera = 21.3488m
t=0.58s, distance_yellow_car_camera = 19.6514m
t=1.58s, distance_yellow_car_camera = 16.5490m
t=0.58s, distance_white_car_camera = 23.5892m
t=1.58s, distance_white_car_camera = 19.9903m
t=0.58s, distance_bike_camera = 19.0650m
t=1.58s, distance_bike_camera = 14.6515m",1.95
1338,simulation_0066,simulation,A3MC,24,DS,What is the diameter of the bicycle wheel in meters?,acceleration of the white car = 4m/s^2,"t=0.58s, distance_human_camera = 21.0610m
t=1.58s, distance_human_camera = 21.3488m
t=0.58s, distance_yellow_car_camera = 19.6514m
t=1.58s, distance_yellow_car_camera = 16.5490m
t=0.58s, distance_white_car_camera = 23.5892m
t=1.58s, distance_white_car_camera = 19.9903m
t=0.58s, distance_bike_camera = 19.0650m
t=1.58s, distance_bike_camera = 14.6515m",0.62
1339,simulation_0066,simulation,A3MC,24,DD,What is the average speed of the walking pedestrian from the beginning to the end in m/s?,acceleration of the white car = 4m/s^2,"t=0.58s, distance_human_camera = 21.0610m
t=1.58s, distance_human_camera = 21.3488m
t=0.58s, distance_yellow_car_camera = 19.6514m
t=1.58s, distance_yellow_car_camera = 16.5490m
t=0.58s, distance_white_car_camera = 23.5892m
t=1.58s, distance_white_car_camera = 19.9903m
t=0.58s, distance_bike_camera = 19.0650m
t=1.58s, distance_bike_camera = 14.6515m",1.5e-09
1340,simulation_0066,simulation,A3MC,24,DS,What is the height of the walking pedestrian in meters?,acceleration of the white car = 4m/s^2,"t=0.58s, distance_human_camera = 21.0610m
t=1.58s, distance_human_camera = 21.3488m
t=0.58s, distance_yellow_car_camera = 19.6514m
t=1.58s, distance_yellow_car_camera = 16.5490m
t=0.58s, distance_white_car_camera = 23.5892m
t=1.58s, distance_white_car_camera = 19.9903m
t=0.58s, distance_bike_camera = 19.0650m
t=1.58s, distance_bike_camera = 14.6515m",1.75
1341,simulation_0066,simulation,A3MC,24,DD,What is the average speed of the bicycle from the beginning to the end in m/s?,acceleration of the white car = 4m/s^2,"t=0.58s, distance_human_camera = 21.0610m
t=1.58s, distance_human_camera = 21.3488m
t=0.58s, distance_yellow_car_camera = 19.6514m
t=1.58s, distance_yellow_car_camera = 16.5490m
t=0.58s, distance_white_car_camera = 23.5892m
t=1.58s, distance_white_car_camera = 19.9903m
t=0.58s, distance_bike_camera = 19.0650m
t=1.58s, distance_bike_camera = 14.6515m",5.1e-09
1342,simulation_0066,simulation,A3MC,24,DS,What is the width of the green car in meters?,acceleration of the white car = 4m/s^2,"t=0.58s, distance_human_camera = 21.0610m
t=1.58s, distance_human_camera = 21.3488m
t=0.58s, distance_yellow_car_camera = 19.6514m
t=1.58s, distance_yellow_car_camera = 16.5490m
t=0.58s, distance_white_car_camera = 23.5892m
t=1.58s, distance_white_car_camera = 19.9903m
t=0.58s, distance_bike_camera = 19.0650m
t=1.58s, distance_bike_camera = 14.6515m",1.8
1343,simulation_0066,simulation,A3MC,24,DS,What is the length of the green car in meters?,acceleration of the white car = 4m/s^2,"t=0.58s, distance_human_camera = 21.0610m
t=1.58s, distance_human_camera = 21.3488m
t=0.58s, distance_yellow_car_camera = 19.6514m
t=1.58s, distance_yellow_car_camera = 16.5490m
t=0.58s, distance_white_car_camera = 23.5892m
t=1.58s, distance_white_car_camera = 19.9903m
t=0.58s, distance_bike_camera = 19.0650m
t=1.58s, distance_bike_camera = 14.6515m",4.6
1344,simulation_0066,simulation,A3MC,24,DS,What is the height of the green car in meters?,acceleration of the white car = 4m/s^2,"t=0.58s, distance_human_camera = 21.0610m
t=1.58s, distance_human_camera = 21.3488m
t=0.58s, distance_yellow_car_camera = 19.6514m
t=1.58s, distance_yellow_car_camera = 16.5490m
t=0.58s, distance_white_car_camera = 23.5892m
t=1.58s, distance_white_car_camera = 19.9903m
t=0.58s, distance_bike_camera = 19.0650m
t=1.58s, distance_bike_camera = 14.6515m",1.4
1345,simulation_0066,simulation,A3MC,24,DS,What is the width of the purple car in meters?,acceleration of the white car = 4m/s^2,"t=0.58s, distance_human_camera = 21.0610m
t=1.58s, distance_human_camera = 21.3488m
t=0.58s, distance_yellow_car_camera = 19.6514m
t=1.58s, distance_yellow_car_camera = 16.5490m
t=0.58s, distance_white_car_camera = 23.5892m
t=1.58s, distance_white_car_camera = 19.9903m
t=0.58s, distance_bike_camera = 19.0650m
t=1.58s, distance_bike_camera = 14.6515m",1.9
1346,simulation_0066,simulation,A3MC,24,DS,What is the height of the purple car in meters?,acceleration of the white car = 4m/s^2,"t=0.58s, distance_human_camera = 21.0610m
t=1.58s, distance_human_camera = 21.3488m
t=0.58s, distance_yellow_car_camera = 19.6514m
t=1.58s, distance_yellow_car_camera = 16.5490m
t=0.58s, distance_white_car_camera = 23.5892m
t=1.58s, distance_white_car_camera = 19.9903m
t=0.58s, distance_bike_camera = 19.0650m
t=1.58s, distance_bike_camera = 14.6515m",1.45
1347,simulation_0067,simulation,A3MC,24,DD,What is the speed of the yellow car at 2.5s in m/s?,acceleration of the white car = 4m/s^2,"t=0.58s, distance_human_camera = 21.6770m
t=1.58s, distance_human_camera = 22.7825m
t=0.58s, distance_yellow_car_camera = 14.7874m
t=1.58s, distance_yellow_car_camera = 18.3786m
t=0.58s, distance_white_car_camera = 10.6240m
t=1.58s, distance_white_car_camera = 12.8097m
t=0.58s, distance_bike_camera = 14.1413m
t=1.58s, distance_bike_camera = 17.8223m",3.5e-09
1348,simulation_0067,simulation,A3MC,24,DS,What is the width of the lane in meters?,acceleration of the white car = 4m/s^2,"t=0.58s, distance_human_camera = 21.6770m
t=1.58s, distance_human_camera = 22.7825m
t=0.58s, distance_yellow_car_camera = 14.7874m
t=1.58s, distance_yellow_car_camera = 18.3786m
t=0.58s, distance_white_car_camera = 10.6240m
t=1.58s, distance_white_car_camera = 12.8097m
t=0.58s, distance_bike_camera = 14.1413m
t=1.58s, distance_bike_camera = 17.8223m",3.5
1349,simulation_0067,simulation,A3MC,24,DS,What is the width of the white car in meters?,acceleration of the white car = 4m/s^2,"t=0.58s, distance_human_camera = 21.6770m
t=1.58s, distance_human_camera = 22.7825m
t=0.58s, distance_yellow_car_camera = 14.7874m
t=1.58s, distance_yellow_car_camera = 18.3786m
t=0.58s, distance_white_car_camera = 10.6240m
t=1.58s, distance_white_car_camera = 12.8097m
t=0.58s, distance_bike_camera = 14.1413m
t=1.58s, distance_bike_camera = 17.8223m",1.9
1350,simulation_0067,simulation,A3MC,24,DS,What is the length of the white car in meters?,acceleration of the white car = 4m/s^2,"t=0.58s, distance_human_camera = 21.6770m
t=1.58s, distance_human_camera = 22.7825m
t=0.58s, distance_yellow_car_camera = 14.7874m
t=1.58s, distance_yellow_car_camera = 18.3786m
t=0.58s, distance_white_car_camera = 10.6240m
t=1.58s, distance_white_car_camera = 12.8097m
t=0.58s, distance_bike_camera = 14.1413m
t=1.58s, distance_bike_camera = 17.8223m",5.3
1351,simulation_0067,simulation,A3MC,24,DS,What is the height of the white car in meters?,acceleration of the white car = 4m/s^2,"t=0.58s, distance_human_camera = 21.6770m
t=1.58s, distance_human_camera = 22.7825m
t=0.58s, distance_yellow_car_camera = 14.7874m
t=1.58s, distance_yellow_car_camera = 18.3786m
t=0.58s, distance_white_car_camera = 10.6240m
t=1.58s, distance_white_car_camera = 12.8097m
t=0.58s, distance_bike_camera = 14.1413m
t=1.58s, distance_bike_camera = 17.8223m",2.1
1352,simulation_0067,simulation,A3MC,24,DS,What is the length of the turning yellow car in meters?,acceleration of the white car = 4m/s^2,"t=0.58s, distance_human_camera = 21.6770m
t=1.58s, distance_human_camera = 22.7825m
t=0.58s, distance_yellow_car_camera = 14.7874m
t=1.58s, distance_yellow_car_camera = 18.3786m
t=0.58s, distance_white_car_camera = 10.6240m
t=1.58s, distance_white_car_camera = 12.8097m
t=0.58s, distance_bike_camera = 14.1413m
t=1.58s, distance_bike_camera = 17.8223m",5.4
1353,simulation_0067,simulation,A3MC,24,DS,What is the height of the turning yellow car in meters?,acceleration of the white car = 4m/s^2,"t=0.58s, distance_human_camera = 21.6770m
t=1.58s, distance_human_camera = 22.7825m
t=0.58s, distance_yellow_car_camera = 14.7874m
t=1.58s, distance_yellow_car_camera = 18.3786m
t=0.58s, distance_white_car_camera = 10.6240m
t=1.58s, distance_white_car_camera = 12.8097m
t=0.58s, distance_bike_camera = 14.1413m
t=1.58s, distance_bike_camera = 17.8223m",1.5
1354,simulation_0067,simulation,A3MC,24,DS,What is the width of the turning yellow car in meters?,acceleration of the white car = 4m/s^2,"t=0.58s, distance_human_camera = 21.6770m
t=1.58s, distance_human_camera = 22.7825m
t=0.58s, distance_yellow_car_camera = 14.7874m
t=1.58s, distance_yellow_car_camera = 18.3786m
t=0.58s, distance_white_car_camera = 10.6240m
t=1.58s, distance_white_car_camera = 12.8097m
t=0.58s, distance_bike_camera = 14.1413m
t=1.58s, distance_bike_camera = 17.8223m",2.0
1355,simulation_0067,simulation,A3MC,24,DS,What is the diameter of the bicycle wheel in meters?,acceleration of the white car = 4m/s^2,"t=0.58s, distance_human_camera = 21.6770m
t=1.58s, distance_human_camera = 22.7825m
t=0.58s, distance_yellow_car_camera = 14.7874m
t=1.58s, distance_yellow_car_camera = 18.3786m
t=0.58s, distance_white_car_camera = 10.6240m
t=1.58s, distance_white_car_camera = 12.8097m
t=0.58s, distance_bike_camera = 14.1413m
t=1.58s, distance_bike_camera = 17.8223m",0.6
1356,simulation_0067,simulation,A3MC,24,DD,What is the average speed of the walking pedestrian from the beginning to the end in m/s?,acceleration of the white car = 4m/s^2,"t=0.58s, distance_human_camera = 21.6770m
t=1.58s, distance_human_camera = 22.7825m
t=0.58s, distance_yellow_car_camera = 14.7874m
t=1.58s, distance_yellow_car_camera = 18.3786m
t=0.58s, distance_white_car_camera = 10.6240m
t=1.58s, distance_white_car_camera = 12.8097m
t=0.58s, distance_bike_camera = 14.1413m
t=1.58s, distance_bike_camera = 17.8223m",8e-10
1357,simulation_0067,simulation,A3MC,24,DS,What is the height of the walking pedestrian in meters?,acceleration of the white car = 4m/s^2,"t=0.58s, distance_human_camera = 21.6770m
t=1.58s, distance_human_camera = 22.7825m
t=0.58s, distance_yellow_car_camera = 14.7874m
t=1.58s, distance_yellow_car_camera = 18.3786m
t=0.58s, distance_white_car_camera = 10.6240m
t=1.58s, distance_white_car_camera = 12.8097m
t=0.58s, distance_bike_camera = 14.1413m
t=1.58s, distance_bike_camera = 17.8223m",1.8
1358,simulation_0067,simulation,A3MC,24,DD,What is the average speed of the bicycle from the beginning to the end in m/s?,acceleration of the white car = 4m/s^2,"t=0.58s, distance_human_camera = 21.6770m
t=1.58s, distance_human_camera = 22.7825m
t=0.58s, distance_yellow_car_camera = 14.7874m
t=1.58s, distance_yellow_car_camera = 18.3786m
t=0.58s, distance_white_car_camera = 10.6240m
t=1.58s, distance_white_car_camera = 12.8097m
t=0.58s, distance_bike_camera = 14.1413m
t=1.58s, distance_bike_camera = 17.8223m",4.8e-09
1359,simulation_0067,simulation,A3MC,24,DS,What is the width of the purple car in meters?,acceleration of the white car = 4m/s^2,"t=0.58s, distance_human_camera = 21.6770m
t=1.58s, distance_human_camera = 22.7825m
t=0.58s, distance_yellow_car_camera = 14.7874m
t=1.58s, distance_yellow_car_camera = 18.3786m
t=0.58s, distance_white_car_camera = 10.6240m
t=1.58s, distance_white_car_camera = 12.8097m
t=0.58s, distance_bike_camera = 14.1413m
t=1.58s, distance_bike_camera = 17.8223m",1.9
1360,simulation_0067,simulation,A3MC,24,DS,What is the height of the purple car in meters?,acceleration of the white car = 4m/s^2,"t=0.58s, distance_human_camera = 21.6770m
t=1.58s, distance_human_camera = 22.7825m
t=0.58s, distance_yellow_car_camera = 14.7874m
t=1.58s, distance_yellow_car_camera = 18.3786m
t=0.58s, distance_white_car_camera = 10.6240m
t=1.58s, distance_white_car_camera = 12.8097m
t=0.58s, distance_bike_camera = 14.1413m
t=1.58s, distance_bike_camera = 17.8223m",1.4
1361,simulation_0067,simulation,A3MC,24,DS,What is the length of the purple car in meters?,acceleration of the white car = 4m/s^2,"t=0.58s, distance_human_camera = 21.6770m
t=1.58s, distance_human_camera = 22.7825m
t=0.58s, distance_yellow_car_camera = 14.7874m
t=1.58s, distance_yellow_car_camera = 18.3786m
t=0.58s, distance_white_car_camera = 10.6240m
t=1.58s, distance_white_car_camera = 12.8097m
t=0.58s, distance_bike_camera = 14.1413m
t=1.58s, distance_bike_camera = 17.8223m",5.0
1362,simulation_0074,simulation,S3MS,24,SS,What is the length of the turning yellow car in meters?,length of the white car = 6m,"t=0.58s, distance_human_camera = 37.0747m
t=1.58s, distance_human_camera = 37.8958m
t=0.58s, distance_yellow_car_camera = 31.0495m
t=1.58s, distance_yellow_car_camera = 30.4267m
t=0.58s, distance_white_car_camera = 31.2826m
t=1.58s, distance_white_car_camera = 27.7202m
t=0.58s, distance_bike_camera = 28.6001m
t=1.58s, distance_bike_camera = 24.5118m",6.5
1363,simulation_0074,simulation,S3MS,24,SD,What is the average speed of the walking pedestrian from the beginning to the end in m/s?,length of the white car = 6m,"t=0.58s, distance_human_camera = 37.0747m
t=1.58s, distance_human_camera = 37.8958m
t=0.58s, distance_yellow_car_camera = 31.0495m
t=1.58s, distance_yellow_car_camera = 30.4267m
t=0.58s, distance_white_car_camera = 31.2826m
t=1.58s, distance_white_car_camera = 27.7202m
t=0.58s, distance_bike_camera = 28.6001m
t=1.58s, distance_bike_camera = 24.5118m",1.3e-09
1364,simulation_0074,simulation,S3MS,24,SS,What is the height of the walking pedestrian in meters?,length of the white car = 6m,"t=0.58s, distance_human_camera = 37.0747m
t=1.58s, distance_human_camera = 37.8958m
t=0.58s, distance_yellow_car_camera = 31.0495m
t=1.58s, distance_yellow_car_camera = 30.4267m
t=0.58s, distance_white_car_camera = 31.2826m
t=1.58s, distance_white_car_camera = 27.7202m
t=0.58s, distance_bike_camera = 28.6001m
t=1.58s, distance_bike_camera = 24.5118m",2.3
1365,simulation_0074,simulation,S3MS,24,SD,What is the average speed of the turing yellow car from the beginning to the end in m/s?,length of the white car = 6m,"t=0.58s, distance_human_camera = 37.0747m
t=1.58s, distance_human_camera = 37.8958m
t=0.58s, distance_yellow_car_camera = 31.0495m
t=1.58s, distance_yellow_car_camera = 30.4267m
t=0.58s, distance_white_car_camera = 31.2826m
t=1.58s, distance_white_car_camera = 27.7202m
t=0.58s, distance_bike_camera = 28.6001m
t=1.58s, distance_bike_camera = 24.5118m",4.5000000000000014e-09
1366,simulation_0074,simulation,S3MS,24,SS,What is the width of the turning yellow car in meters?,length of the white car = 6m,"t=0.58s, distance_human_camera = 37.0747m
t=1.58s, distance_human_camera = 37.8958m
t=0.58s, distance_yellow_car_camera = 31.0495m
t=1.58s, distance_yellow_car_camera = 30.4267m
t=0.58s, distance_white_car_camera = 31.2826m
t=1.58s, distance_white_car_camera = 27.7202m
t=0.58s, distance_bike_camera = 28.6001m
t=1.58s, distance_bike_camera = 24.5118m",2.4
1367,simulation_0074,simulation,S3MS,24,SS,What is the height of the turning yellow car in meters?,length of the white car = 6m,"t=0.58s, distance_human_camera = 37.0747m
t=1.58s, distance_human_camera = 37.8958m
t=0.58s, distance_yellow_car_camera = 31.0495m
t=1.58s, distance_yellow_car_camera = 30.4267m
t=0.58s, distance_white_car_camera = 31.2826m
t=1.58s, distance_white_car_camera = 27.7202m
t=0.58s, distance_bike_camera = 28.6001m
t=1.58s, distance_bike_camera = 24.5118m",1.9
1368,simulation_0074,simulation,S3MS,24,SS,What is the width of the purple car in meters?,length of the white car = 6m,"t=0.58s, distance_human_camera = 37.0747m
t=1.58s, distance_human_camera = 37.8958m
t=0.58s, distance_yellow_car_camera = 31.0495m
t=1.58s, distance_yellow_car_camera = 30.4267m
t=0.58s, distance_white_car_camera = 31.2826m
t=1.58s, distance_white_car_camera = 27.7202m
t=0.58s, distance_bike_camera = 28.6001m
t=1.58s, distance_bike_camera = 24.5118m",2.3
1369,simulation_0074,simulation,S3MS,24,SS,What is the height of the purple car in meters?,length of the white car = 6m,"t=0.58s, distance_human_camera = 37.0747m
t=1.58s, distance_human_camera = 37.8958m
t=0.58s, distance_yellow_car_camera = 31.0495m
t=1.58s, distance_yellow_car_camera = 30.4267m
t=0.58s, distance_white_car_camera = 31.2826m
t=1.58s, distance_white_car_camera = 27.7202m
t=0.58s, distance_bike_camera = 28.6001m
t=1.58s, distance_bike_camera = 24.5118m",1.9
1370,simulation_0074,simulation,S3MS,24,SS,What is the length of the purple car in meters?,length of the white car = 6m,"t=0.58s, distance_human_camera = 37.0747m
t=1.58s, distance_human_camera = 37.8958m
t=0.58s, distance_yellow_car_camera = 31.0495m
t=1.58s, distance_yellow_car_camera = 30.4267m
t=0.58s, distance_white_car_camera = 31.2826m
t=1.58s, distance_white_car_camera = 27.7202m
t=0.58s, distance_bike_camera = 28.6001m
t=1.58s, distance_bike_camera = 24.5118m",5.8
1371,simulation_0074,simulation,S3MS,24,SD,What is the average speed of the bicycle from the beginning to the end in m/s?,length of the white car = 6m,"t=0.58s, distance_human_camera = 37.0747m
t=1.58s, distance_human_camera = 37.8958m
t=0.58s, distance_yellow_car_camera = 31.0495m
t=1.58s, distance_yellow_car_camera = 30.4267m
t=0.58s, distance_white_car_camera = 31.2826m
t=1.58s, distance_white_car_camera = 27.7202m
t=0.58s, distance_bike_camera = 28.6001m
t=1.58s, distance_bike_camera = 24.5118m",5.5e-09
1372,simulation_0074,simulation,S3MS,24,SS,What is the side length of the square earthen platform in meters?,length of the white car = 6m,"t=0.58s, distance_human_camera = 37.0747m
t=1.58s, distance_human_camera = 37.8958m
t=0.58s, distance_yellow_car_camera = 31.0495m
t=1.58s, distance_yellow_car_camera = 30.4267m
t=0.58s, distance_white_car_camera = 31.2826m
t=1.58s, distance_white_car_camera = 27.7202m
t=0.58s, distance_bike_camera = 28.6001m
t=1.58s, distance_bike_camera = 24.5118m",2.3
1373,simulation_0074,simulation,S3MS,24,SS,What is the diameter of the bicycle wheel in meters?,length of the white car = 6m,"t=0.58s, distance_human_camera = 37.0747m
t=1.58s, distance_human_camera = 37.8958m
t=0.58s, distance_yellow_car_camera = 31.0495m
t=1.58s, distance_yellow_car_camera = 30.4267m
t=0.58s, distance_white_car_camera = 31.2826m
t=1.58s, distance_white_car_camera = 27.7202m
t=0.58s, distance_bike_camera = 28.6001m
t=1.58s, distance_bike_camera = 24.5118m",0.55
1374,simulation_0074,simulation,S3MS,24,SS,What is the width of the white car in meters?,length of the white car = 6m,"t=0.58s, distance_human_camera = 37.0747m
t=1.58s, distance_human_camera = 37.8958m
t=0.58s, distance_yellow_car_camera = 31.0495m
t=1.58s, distance_yellow_car_camera = 30.4267m
t=0.58s, distance_white_car_camera = 31.2826m
t=1.58s, distance_white_car_camera = 27.7202m
t=0.58s, distance_bike_camera = 28.6001m
t=1.58s, distance_bike_camera = 24.5118m",2.7
1375,simulation_0074,simulation,S3MS,24,SD,What is the acceleration of the white car at 2.0s in m/s^2?,length of the white car = 6m,"t=0.58s, distance_human_camera = 37.0747m
t=1.58s, distance_human_camera = 37.8958m
t=0.58s, distance_yellow_car_camera = 31.0495m
t=1.58s, distance_yellow_car_camera = 30.4267m
t=0.58s, distance_white_car_camera = 31.2826m
t=1.58s, distance_white_car_camera = 27.7202m
t=0.58s, distance_bike_camera = 28.6001m
t=1.58s, distance_bike_camera = 24.5118m",4e-09
1376,simulation_0074,simulation,S3MS,24,SD,What is the height of the white car in meters?,length of the white car = 6m,"t=0.58s, distance_human_camera = 37.0747m
t=1.58s, distance_human_camera = 37.8958m
t=0.58s, distance_yellow_car_camera = 31.0495m
t=1.58s, distance_yellow_car_camera = 30.4267m
t=0.58s, distance_white_car_camera = 31.2826m
t=1.58s, distance_white_car_camera = 27.7202m
t=0.58s, distance_bike_camera = 28.6001m
t=1.58s, distance_bike_camera = 24.5118m",2.6
1377,simulation_0109,simulation,V3MX,24,DS,What is the distance between two cells at 1s in meters?,speed of the red blood cell = 4.7833 m/s,"t=1.0s, distance_left_red_blood_cell_camera = 22.0155 m
t=2.0s, distance_left_red_blood_cell_camera = 24.0333 m",2.79
1378,simulation_0109,simulation,V3MX,24,DS,What is the diameter of the red blood cell in meters?,speed of the red blood cell = 4.7833 m/s,"t=1.0s, distance_left_red_blood_cell_camera = 22.0155 m
t=2.0s, distance_left_red_blood_cell_camera = 24.0333 m",1.52
1379,simulation_0110,simulation,V3MX,24,DS,What is the distance between two cells at 1s in meters?,speed of the red blood cell = 4.7833 m/s,"t=1.0s, distance_left_red_blood_cell_camera = 17.9557 m
t=2.0s, distance_left_red_blood_cell_camera = 22.7150 m",3.05
1380,simulation_0110,simulation,V3MX,24,DS,What is the thickness of the red blood cell in meters?,speed of the red blood cell = 4.7833 m/s,"t=1.0s, distance_left_red_blood_cell_and_camera = 17.9557 m
t=2.0s, distance_left_red_blood_cell_and_camera = 22.7150 m",0.45
1381,simulation_0110,simulation,V3MX,24,DS,What is the diameter of the red blood cell in meters?,speed of the red blood cell = 4.7833 m/s,"t=1.0s, distance_left_red_blood_cell_and_camera = 17.9557 m
t=2.0s, distance_left_red_blood_cell_and_camera = 22.7150 m",1.66
1382,simulation_0143,simulation,S3MC,24,SS,What is the side length of the floor tile in meters?,height of the man = 1.8m,"t=0s, distance_man_camera = 7.21m   
t=0.5s, distance_man_camera = 7.91m",0.6
1383,simulation_0143,simulation,S3MC,24,SD,What is the speed of the man at time 1s in m/s?,height of the man = 1.8m,"t=0s, distance_man_camera = 7.21m   
t=0.5s, distance_man_camera = 7.91m",1.6000000000000003e-09
1384,simulation_0143,simulation,S3MC,24,SD,What is the speed of the man at time 2s in m/s?,height of the man = 1.8m,"t=0s, distance_man_camera = 7.21m   
t=0.5s, distance_man_camera = 7.91m",1.7e-09
1385,simulation_0143,simulation,S3MC,24,SD,What is the acceleration of the man at time 2.5s in m/s^2?,height of the man = 1.8m,"t=0s, distance_man_camera = 7.21m   
t=0.5s, distance_man_camera = 7.91m",3e-10
1386,simulation_0164,simulation,S3MC,24,SD,What is the speed of the ball at time 0.5s in m/s?,diameter of the ball = 0.21m,t=0.5s distance_bowling_ball_camera = 9.391m,4.8e-09
1387,simulation_0164,simulation,S3MC,24,SD,What is the acceleration of the ball at time 0.5s in m/s^2?,diameter of the ball = 0.21m,t=0.5s distance_bowling_ball_camera = 9.391m,3e-10
1388,simulation_0164,simulation,S3MC,24,SD,What is the speed of the ball at time 1s in m/s?,diameter of the ball = 0.21m,t=0.5s distance_bowling_ball_camera = 9.391m,4.700000000000001e-09
1389,simulation_0164,simulation,S3MC,24,SD,What is the acceleration of the ball at time 1s in m/s^2?,diameter of the ball = 0.21m,t=0.5s distance_bowling_ball_camera = 9.391m,3e-10
1390,simulation_0164,simulation,S3MC,24,SS,What is the height of the bowling pin in meters?,diameter of the ball = 0.21m,t=0.5s distance_bowling_ball_camera = 9.391m,0.39
1391,simulation_0168,simulation,V3MC,24,DS,What is the width of the road that the bike crossed through in meters?,speed of the bike = 5.52m/s,"t=0s, distance_bike_camera = 28.219m
t=0.5s, distance_bike_camera = 25.554m",10.0
1392,simulation_0168,simulation,V3MC,24,DS,What is the length of the bike in meters?,speed of the bike = 5.52m/s,"t=0s, distance_bike_camera = 28.219m
t=0.5s, distance_bike_camera = 25.554m",1.7
1393,simulation_0168,simulation,V3MC,24,DS,What is the length of the police car in meters?,speed of the bike = 5.52m/s,"t=0s, distance_bike_camera = 28.219m
t=0.5s, distance_bike_camera = 25.554m",4.9
1394,simulation_0168,simulation,V3MC,24,DS,What is the width of the police car in meters?,speed of the bike = 5.52m/s,"t=0s, distance_bike_camera = 28.219m
t=0.5s, distance_bike_camera = 25.554m",1.8
1395,simulation_0168,simulation,V3MC,24,DD,What is the average speed of the police car in m/s?,speed of the bike = 5.52m/s,"t=0s, distance_bike_camera = 28.219m
t=0.5s, distance_bike_camera = 25.554m",7.500000000000001e-09
1396,simulation_0168,simulation,V3MC,24,DS,What is the width of the road that the bike and the car are on in meters?,speed of the bike = 5.52m/s,"t=0s, distance_bike_camera = 28.219m
t=0.5s, distance_bike_camera = 25.554m",6.7
1397,simulation_0168,simulation,V3MC,24,DS,What is the diameter of the police car's tire in meters?,speed of the bike = 5.52m/s,"t=0s, distance_bike_camera = 28.219m
t=0.5s, distance_bike_camera = 25.554m",0.68
1398,simulation_0168,simulation,V3MC,24,DS,What is the diameter of the bike's wheel in meters?,speed of the bike = 5.52m/s,"t=0s, distance_bike_camera = 28.219m
t=0.5s, distance_bike_camera = 25.554m",0.64
1399,simulation_0170,simulation,S3SS,24,SD,What is the speed of the astronaut at time 0.5s in m/s?,height of the astronaut = 2.2m,"t=1s, distance_astronaut_camera = 23.137m",3.4500000000000003e-09
1400,simulation_0170,simulation,S3SS,24,SD,What is the acceleration of the astronaut at time 0.5s in m/s^2?,height of the astronaut = 2.2m,"t=1s, distance_astronaut_camera = 23.137m",6.000000000000001e-09
1401,simulation_0170,simulation,S3SS,24,SD,What is the speed of the astronaut at time 1s in m/s?,height of the astronaut = 2.2m,"t=1s, distance_astronaut_camera = 23.137m",5.900000000000001e-09
1402,simulation_0170,simulation,S3SS,24,SD,What is the acceleration of the astronaut at time 1s in m/s^2?,height of the astronaut = 2.2m,"t=1s, distance_astronaut_camera = 23.137m",3.7000000000000005e-09
1403,simulation_0170,simulation,S3SS,24,SD,What is the speed of the astronaut at time 2s in m/s?,height of the astronaut = 2.2m,"t=1s, distance_astronaut_camera = 23.137m",6.9000000000000006e-09
1404,simulation_0170,simulation,S3SS,24,SD,What is the acceleration of the astronaut at time 2s in m/s^2?,height of the astronaut = 2.2m,"t=1s, distance_astronaut_camera = 23.137m",1.9e-09
1405,simulation_0170,simulation,S3SS,24,SD,What is the speed of the astronaut at time 3s in m/s?,height of the astronaut = 2.2m,"t=1s, distance_astronaut_camera = 23.137m",2e-09
1406,simulation_0170,simulation,S3SS,24,SD,What is the acceleration of the astronaut at time 3s in m/s^2?,height of the astronaut = 2.2m,"t=1s, distance_astronaut_camera = 23.137m",6.5e-09
1407,simulation_0172,simulation,S3SS,24,SD,What is the speed of the astronaut at time 0.5s in m/s?,height of the astronaut = 2.2m,"t=1s, distance_astronaut_camera = 18.147m",1.75e-09
1408,simulation_0172,simulation,S3SS,24,SD,What is the acceleration of the astronaut at time 0.5s in m/s^2?,height of the astronaut = 2.2m,"t=1s, distance_astronaut_camera = 18.147m",2.5e-09
1409,simulation_0172,simulation,S3SS,24,SD,What is the speed of the astronaut at time 1s in m/s?,height of the astronaut = 2.2m,"t=1s, distance_astronaut_camera = 18.147m",4.4000000000000005e-09
1410,simulation_0172,simulation,S3SS,24,SD,What is the acceleration of the astronaut at time 1s in m/s^2?,height of the astronaut = 2.2m,"t=1s, distance_astronaut_camera = 18.147m",4e-09
1411,simulation_0172,simulation,S3SS,24,SD,What is the speed of the astronaut at time 2s in m/s?,height of the astronaut = 2.2m,"t=1s, distance_astronaut_camera = 18.147m",1.8499999999999998e-09
1412,simulation_0172,simulation,S3SS,24,SD,What is the acceleration of the astronaut at time 2s in m/s^2?,height of the astronaut = 2.2m,"t=1s, distance_astronaut_camera = 18.147m",1.6000000000000003e-09
1413,simulation_0172,simulation,S3SS,24,SD,What is the speed of the astronaut at time 3s in m/s?,height of the astronaut = 2.2m,"t=1s, distance_astronaut_camera = 18.147m",1.1e-09
1414,simulation_0172,simulation,S3SS,24,SD,What is the acceleration of the astronaut at time 3s in m/s^2?,height of the astronaut = 2.2m,"t=1s, distance_astronaut_camera = 18.147m",1.5e-09
1415,simulation_0176,simulation,V3MC,24,DS,What is the length of the airplane in meters?,speed of the airplane = 153.582m/s,"t = 0.5s, distance_aircraft_nose_camera = 284.98m   
t =1s, distance_aircraft_nose_camera = 305.627m   
distance_big_rock_camera = 296.350m",48.0
1416,simulation_0176,simulation,V3MC,24,DS,What is the height of the stone cliff on the beach in meters?,speed of the airplane = 153.582m/s,"t = 0.5s, distance_aircraft_nose_camera = 284.98m   
t =1s, distance_aircraft_nose_camera = 305.627m   
distance_big_rock_camera = 296.350m",54.0
1417,simulation_0176,simulation,V3MC,24,DS,What is the diameter of the rear wheels on an aircraft landing gear in meters?,speed of the airplane = 153.582m/s,"t = 0.5s, distance_aircraft_nose_camera = 284.98m   
t =1s, distance_aircraft_nose_camera = 305.627m   
distance_big_rock_camera = 296.350m",1.3
1418,simulation_0180,simulation,A3MC,24,DS,What is the length of the trolley in meters?,acceleration of the trolley = 1.507m/s,"t=0s, distance_trolley_camera = 12.589m   
t=0.5s, distance_trolley_camera = 12.513m",0.92
1419,simulation_0180,simulation,A3MC,24,DS,What is the height of the trolley in meters?,acceleration of the trolley = 1.507m/s,"t=0s, distance_trolley_camera = 12.589m   
t=0.5s, distance_trolley_camera = 12.513m",1.08
1420,simulation_0180,simulation,A3MC,24,DS,What is the height of the entrance gate (including the frame) in meters?,acceleration of the trolley = 1.507m/s,"t=0s, distance_trolley_camera = 12.589m   
t=0.5s, distance_trolley_camera = 12.513m",3.2
1421,simulation_0180,simulation,A3MC,24,DS,What is the length of the side of the orange tiles on the floor in meters?,acceleration of the trolley = 1.507m/s,"t=0s, distance_trolley_camera = 12.589m   
t=0.5s, distance_trolley_camera = 12.513m",0.44
1422,simulation_0180,simulation,A3MC,24,DD,What is the speed of the trolley at time 1s in m/s?,acceleration of the trolley = 1.507m/s,"t=0s, distance_trolley_camera = 12.589m   
t=0.5s, distance_trolley_camera = 12.513m",1.2e-09
1423,simulation_0180,simulation,A3MC,24,DD,What is the speed of the trolley at time 2s in m/s?,acceleration of the trolley = 1.507m/s,"t=0s, distance_trolley_camera = 12.589m   
t=0.5s, distance_trolley_camera = 12.513m",2.72e-09
1424,simulation_0182,simulation,A3SC,24,DD,What is the acceleration of the box at 0.2s in m/s^2?,acceleration of the box after 0.75s = 2.338m/s^2,"t = 0s, distance_box_camera = 9.522m   
t = 0.5s, distance_box_camera = 9.384m",9.800000000000002e-09
1425,simulation_0182,simulation,A3SC,24,DD,What is the speed of the box at time 1s in m/s?,acceleration of the box after 0.75s = 2.338m/s^2,"t = 0s, distance_box_camera = 9.522m   
t = 0.5s, distance_box_camera = 9.384m",2.24e-09
1426,simulation_0182,simulation,A3SC,24,DD,What is the speed of the box at time 1.5s in m/s?,acceleration of the box after 0.75s = 2.338m/s^2,"t = 0s, distance_box_camera = 9.522m   
t = 0.5s, distance_box_camera = 9.384m",3.41e-09
1427,simulation_0182,simulation,A3SC,24,DS,What is the length of the box in meters?,acceleration of the box after 0.75s = 2.338m/s^2,"t = 0s, distance_box_camera = 9.522m   
t = 0.5s, distance_box_camera = 9.384m",1.5
1428,simulation_0182,simulation,A3SC,24,DS,What is the height of the box in meters?,acceleration of the box after 0.75s = 2.338m/s^2,"t = 0s, distance_box_camera = 9.522m   
t = 0.5s, distance_box_camera = 9.384m",0.7
1429,simulation_0184,simulation,A3SC,24,DD,What is the acceleration of the box at 0.2s in m/s^2?,acceleration of the tool box after 1.25s = 1.58m/s^2,"t = 0s, distance_box_camera = 9.194m      
t = 0.5s, distance_box_camera = 9.096m",7.200000000000001e-09
1430,simulation_0184,simulation,A3SC,24,DD,What is the speed of the box at time 1s in m/s?,acceleration of the tool box after 1.25s = 1.58m/s^2,"t = 0s, distance_box_camera = 9.194m      
t = 0.5s, distance_box_camera = 9.096m",1.55e-09
1431,simulation_0184,simulation,A3SC,24,DD,What is the speed of the box at time 1.5s in m/s?,acceleration of the tool box after 1.25s = 1.58m/s^2,"t = 0s, distance_box_camera = 9.194m      
t = 0.5s, distance_box_camera = 9.096m",2.3e-09
1432,simulation_0184,simulation,A3SC,24,DS,What is the length of the box in meters?,acceleration of the tool box after 1.25s = 1.58m/s^2,"t = 0s, distance_box_camera = 9.194m      
t = 0.5s, distance_box_camera = 9.096m",1.03
1433,simulation_0184,simulation,A3SC,24,DS,What is the height of the box in meters?,acceleration of the tool box after 1.25s = 1.58m/s^2,"t = 0s, distance_box_camera = 9.194m      
t = 0.5s, distance_box_camera = 9.096m",0.57
1434,simulation_0186,simulation,A3SC,24,DD,What is the acceleration of the box at 0.2s in m/s^2?,acceleration of the gift box after 1s = 3.18m/s^2,"t = 0s, distance_gift_box_camera = 9.859m   
t = 0.5s, distance_gift_box_camera = 9.741m",9.800000000000002e-09
1435,simulation_0186,simulation,A3SC,24,DD,What is the speed of the box at time 1s in m/s?,acceleration of the gift box after 1s = 3.18m/s^2,"t = 0s, distance_gift_box_camera = 9.859m   
t = 0.5s, distance_gift_box_camera = 9.741m",3e-09
1436,simulation_0186,simulation,A3SC,24,DD,What is the speed of the box at time 1.5s in m/s?,acceleration of the gift box after 1s = 3.18m/s^2,"t = 0s, distance_gift_box_camera = 9.859m   
t = 0.5s, distance_gift_box_camera = 9.741m",4.6e-09
1437,simulation_0186,simulation,A3SC,24,DS,What is the length of the box in meters?,acceleration of the gift box after 1s = 3.18m/s^2,"t = 0s, distance_gift_box_camera = 9.859m   
t = 0.5s, distance_gift_box_camera = 9.741m",0.5
1438,simulation_0186,simulation,A3SC,24,DS,What is the height of the box in meters?,acceleration of the gift box after 1s = 3.18m/s^2,"t = 0s, distance_gift_box_camera = 9.859m   
t = 0.5s, distance_gift_box_camera = 9.741m",0.45
1439,simulation_0188,simulation,A3SS,30,DS,What is the length of the truck in meters?,acceleration of the truck = 10.757m/s^2,"t=0.5s, distance_center_of _the_truck_camera = 22.532m   
t =1s, distance_center_of _the_truck_camera = 19.525m",7.6
1440,simulation_0188,simulation,A3SS,30,DS,What is the height of the truck in meters?,acceleration of the truck = 10.757m/s^2,"t=0.5s, distance_center_of _the_truck_camera = 22.532m   
t =1s, distance_center_of _the_truck_camera = 19.525m",3.2
1441,simulation_0188,simulation,A3SS,30,DS,What is the diameter of the truck's tire in meters?,acceleration of the truck = 10.757m/s^2,"t=0.5s, distance_center_of _the_truck_camera = 22.532m   
t =1s, distance_center_of _the_truck_camera = 19.525m",0.75
1442,simulation_0188,simulation,A3SS,30,DD,What is the speed of the truck at time 1s in m/s?,acceleration of the truck = 10.757m/s^2,"t=0.5s, distance_center_of _the_truck_camera = 22.532m   
t =1s, distance_center_of _the_truck_camera = 19.525m",1.076e-08
1443,simulation_0188,simulation,A3SS,30,DD,What is the speed of the truck at time 1.5s in m/s?,acceleration of the truck = 10.757m/s^2,"t=0.5s, distance_center_of _the_truck_camera = 22.532m   
t =1s, distance_center_of _the_truck_camera = 19.525m",1.614e-08
1444,simulation_0188,simulation,A3SS,30,DS,What is the width of the truck in meters?,acceleration of the truck = 10.757m/s^2,"t=0.5s, distance_center_of _the_truck_camera = 22.532m   
t =1s, distance_center_of _the_truck_camera = 19.525m",2.3
1445,simulation_0201,simulation,A3SS,60,DD,What is the speed of the droplet at time 0.2s in m/s?,acceleration of the droplet = 9.7m/s^2,"t=0s, distance_droplet_camera = 0.156m   
t=0.1s, distance_droplet_camera = 0.186m",1.94e-09
1446,simulation_0201,simulation,A3SS,60,DD,What is the speed of the droplet at time 0.05s in m/s?,acceleration of the droplet = 9.7m/s^2,"t=0s, distance_droplet_camera = 0.156m   
t=0.1s, distance_droplet_camera = 0.186m",4.900000000000001e-10
1447,simulation_0201,simulation,A3SS,60,DD,What is the speed of the droplet at time 0.1s in m/s?,acceleration of the droplet = 9.7m/s^2,"t=0s, distance_droplet_camera = 0.156m   
t=0.1s, distance_droplet_camera = 0.186m",9.7e-10
1448,simulation_0299,simulation,A3SX,24,DD,"What is the speed of the forklift at 1.0s, in m/s?",acceleration of the forklift = 2m/s^2,"t = 1.0s, distance_forklift_camera = 16.7953 m
t = 2.0s, distance_forklift_camera = 19.0980 m",2e-09
1449,simulation_0299,simulation,A3SX,24,DD,"What is the speed of the forklift at 2.0s, in m/s?",acceleration of the forklift = 2m/s^2,"t = 1.0s, distance_forklift_camera = 16.7953 m
t = 2.0s, distance_forklift_camera = 19.0980 m",4e-09
1450,simulation_0299,simulation,A3SX,24,DS,What is the length(from the fork tips to the rear bumper) of the forklift in meters?,acceleration of the forklift = 2m/s^2,"t = 1.0s, distance_forklift_camera = 16.7953 m
t = 2.0s, distance_forklift_camera = 19.0980 m",3.7
1451,simulation_0299,simulation,A3SX,24,DS,What is the width(from the left wheel to the right wheel) of the forklift in meters?,acceleration of the forklift = 2m/s^2,"t = 1.0s, distance_forklift_camera = 16.7953 m
t = 2.0s, distance_forklift_camera = 19.0980 m",1.5
1452,simulation_0299,simulation,A3SX,24,DS,What is the height of the forklift in meters?,acceleration of the forklift = 2m/s^2,"t = 1.0s, distance_forklift_camera = 16.7953 m
t = 2.0s, distance_forklift_camera = 19.0980 m",2.3
1453,simulation_0300,simulation,A3SX,24,DD,"What is the speed of the car at 1.0s, in m/s?",acceleration of the car = 5m/s^2,"t = 1.0s, distance_car_camera = 17.8278 m
t = 2.0s, distance_car_camera = 23.1989 m",4.8e-09
1454,simulation_0300,simulation,A3SX,24,DD,"What is the speed of the car at 2.0s, in m/s?",acceleration of the car = 5m/s^2,"t = 1.0s, distance_car_camera = 17.8278 m
t = 2.0s, distance_car_camera = 23.1989 m",9.800000000000002e-09
1455,simulation_0300,simulation,A3SX,24,DS,What is the length ((from the front to the back) of the car in meters?,acceleration of the car = 5m/s^2,"t = 1.0s, distance_car_camera = 17.8278 m
t = 2.0s, distance_car_camera = 23.1989 m",4.8
1456,simulation_0300,simulation,A3SX,24,DS,What is the width (from the left wheel to the right wheel) of the car in meters?,acceleration of the car = 5m/s^2,"t = 1.0s, distance_car_camera = 17.8278 m
t = 2.0s, distance_car_camera = 23.1989 m",1.98
1457,simulation_0300,simulation,A3SX,24,DS,What is the height of the car in meters?,acceleration of the car = 5m/s^2,"t = 1.0s, distance_car_camera = 17.8278 m
t = 2.0s, distance_car_camera = 23.1989 m",1.15
1458,simulation_0301,simulation,A3MX,24,DD,"What is the speed of the forklift at 1.0s, in m/s?",acceleration of the forklift = 2m/s^2,"t = 1.0s, distance_forklift_camera = 16.7953 m
t = 2.0s, distance_forklift_camera = 19.0980 m
t = 1.0s, distance_car_camera = 17.8278 m
t = 2.0s, distance_car_camera = 23.1989 m",2e-09
1459,simulation_0301,simulation,A3MX,24,DD,"What is the speed of the forklift at 2.0s, in m/s?",acceleration of the forklift = 2m/s^2,"t = 1.0s, distance_forklift_camera = 16.7953 m
t = 2.0s, distance_forklift_camera = 19.0980 m
t = 1.0s, distance_car_camera = 17.8278 m
t = 2.0s, distance_car_camera = 23.1989 m",4e-09
1460,simulation_0301,simulation,A3MX,24,DS,What is the length(from the fork tips to the rear bumper) of the forklift in meters?,acceleration of the forklift = 2m/s^2,"t = 1.0s, distance_forklift_camera = 16.7953 m
t = 2.0s, distance_forklift_camera = 19.0980 m
t = 1.0s, distance_car_camera = 17.8278 m
t = 2.0s, distance_car_camera = 23.1989 m",3.2
1461,simulation_0301,simulation,A3MX,24,DS,What is the width(from the left wheel to the right wheel) of the forklift in meters?,acceleration of the forklift = 2m/s^2,"t = 1.0s, distance_forklift_camera = 16.7953 m
t = 2.0s, distance_forklift_camera = 19.0980 m
t = 1.0s, distance_car_camera = 17.8278 m
t = 2.0s, distance_car_camera = 23.1989 m",1.25
1462,simulation_0301,simulation,A3MX,24,DS,What is the height of the forklift in meters?,acceleration of the forklift = 2m/s^2,"t = 1.0s, distance_forklift_camera = 16.7953 m
t = 2.0s, distance_forklift_camera = 19.0980 m
t = 1.0s, distance_car_camera = 17.8278 m
t = 2.0s, distance_car_camera = 23.1989 m",2.4
1463,simulation_0301,simulation,A3MX,24,DD,"What is the speed of the car at 1.0s, in m/s?",acceleration of the forklift = 2m/s^2,"t = 1.0s, distance_forklift_camera = 16.7953 m
t = 2.0s, distance_forklift_camera = 19.0980 m
t = 1.0s, distance_car_camera = 17.8278 m
t = 2.0s, distance_car_camera = 23.1989 m",5.1e-09
1464,simulation_0301,simulation,A3MX,24,DD,"What is the speed of the car at 2.0s, in m/s?",acceleration of the forklift = 2m/s^2,"t = 1.0s, distance_forklift_camera = 16.7953 m
t = 2.0s, distance_forklift_camera = 19.0980 m
t = 1.0s, distance_car_camera = 17.8278 m
t = 2.0s, distance_car_camera = 23.1989 m",1.02e-08
1465,simulation_0301,simulation,A3MX,24,DS,What is the length ((from the front to the back) of the car in meters?,acceleration of the forklift = 2m/s^2,"t = 1.0s, distance_forklift_camera = 16.7953 m
t = 2.0s, distance_forklift_camera = 19.0980 m
t = 1.0s, distance_car_camera = 17.8278 m
t = 2.0s, distance_car_camera = 23.1989 m",4.2
1466,simulation_0301,simulation,A3MX,24,DS,What is the width (from the left wheel to the right wheel) of the car in meters?,acceleration of the forklift = 2m/s^2,"t = 1.0s, distance_forklift_camera = 16.7953 m
t = 2.0s, distance_forklift_camera = 19.0980 m
t = 1.0s, distance_car_camera = 17.8278 m
t = 2.0s, distance_car_camera = 23.1989 m",1.75
1467,simulation_0301,simulation,A3MX,24,DS,What is the height of the car in meters?,acceleration of the forklift = 2m/s^2,"t = 1.0s, distance_forklift_camera = 16.7953 m
t = 2.0s, distance_forklift_camera = 19.0980 m
t = 1.0s, distance_car_camera = 17.8278 m
t = 2.0s, distance_car_camera = 23.1989 m",1.2
1468,simulation_0301,simulation,A3MX,24,DD,What is the acceleration of the car at 2.0s in m/s^2?,acceleration of the forklift = 2m/s^2,"t = 1.0s, distance_forklift_camera = 16.7953 m
t = 2.0s, distance_forklift_camera = 19.0980 m
t = 1.0s, distance_car_camera = 17.8278 m
t = 2.0s, distance_car_camera = 23.1989 m",5.1e-09
1469,simulation_0302,simulation,V3SX,24,DS,What is the body length of the dragon in meters?,speed of the dragon = 1.29m/s,"t = 1.0s, distance_dragon_camera = 5.1661 m
t = 2.0s, distance_dragon_camera = 6.2783 m",0.55
1470,simulation_0302,simulation,V3SX,24,DS,"What is the displacement of the dragon from 0.5 s to 1.0 s, in meters?",speed of the dragon = 1.29m/s,"t = 1.0s, distance_dragon_camera = 5.1661 m
t = 2.0s, distance_dragon_camera = 6.2783 m",6.6e-10
1471,simulation_0303,simulation,V3SX,25,DS,What is the length of the plane in meters?,speed of the plane = 22.16 m/s,"t = 1.0s, distance_plane_camera = 102.6664 m
t = 2.0s, distance_plane_camera = 121.8263 m",16.7
1472,simulation_0303,simulation,V3SX,25,DS,What is the width of the plane in meters?,speed of the plane = 22.16 m/s,"t = 1.0s, distance_plane_camera = 102.6664 m
t = 2.0s, distance_plane_camera = 121.8263 m",5.9
1473,simulation_0303,simulation,V3SX,25,DS,"What is the displacement of the plane from 0.5 s to 1.0 s, in meters?",speed of the plane = 22.16 m/s,"t = 1.0s, distance_plane_camera = 102.6664 m
t = 2.0s, distance_plane_camera = 121.8263 m",1.108e-08
1474,simulation_0304,simulation,V3SX,24,DS,What is the length of the whale in meters?,speed of the whale = 1.67m/s,"t = 1.0s, distance_whale_camera = 33.7307 m
t = 2.0s, distance_whale_camera = 35.1624 m",18.0
1475,simulation_0304,simulation,V3SX,24,DS,"What is the displacement of the whale from 0.5 s to 1.0 s, in meters?",speed of the whale = 1.67m/s,"t = 1.0s, distance_whale_camera = 33.7307 m
t = 2.0s, distance_whale_camera = 35.1624 m",8.35e-10
1476,simulation_0305,simulation,V3SS,24,DS,What is the length of the plane in meters?,speed of the plane = 22.16 m/s,"t = 1.0s, distance_plane_camera = 102.6664 m
t = 2.0s, distance_plane_camera = 121.8263 m",13.0
1477,simulation_0305,simulation,V3SS,24,DS,What is the width of the plane in meters?,speed of the plane = 22.16 m/s,"t = 1.0s, distance_plane_camera = 102.6664 m
t = 2.0s, distance_plane_camera = 121.8263 m",17.2
1478,simulation_0305,simulation,V3SS,24,DS,"What is the displacement of the plane from 0.5 s to 1.0 s, in meters?",speed of the plane = 22.16 m/s,"t = 1.0s, distance_plane_camera = 102.6664 m
t = 2.0s, distance_plane_camera = 121.8263 m",1.108e-08
1479,simulation_0306,simulation,V3SS,24,DS,What is the length of the whale in meters?,speed of the whale = 1.67m/s,"t = 1.0s, distance_whale_camera = 33.7307 m
t = 2.0s, distance_whale_camera = 35.1624 m",15.0
1480,simulation_0306,simulation,V3SS,24,DS,"What is the displacement of the whale from 0.5 s to 1.0 s, in meters?",speed of the whale = 1.67m/s,"t = 1.0s, distance_whale_camera = 33.7307 m
t = 2.0s, distance_whale_camera = 35.1624 m",8.35e-10
1481,simulation_0307,simulation,V3SC,24,DS,What is the length of the plane in meters?,speed of the plane = 22.16 m/s,"t = 1.0s, distance_plane_camera = 102.6664 m
t = 2.0s, distance_plane_camera = 121.8263 m",14.0
1482,simulation_0307,simulation,V3SC,24,DS,What is the width of the plane in meters?,speed of the plane = 22.16 m/s,"t = 1.0s, distance_plane_camera = 102.6664 m
t = 2.0s, distance_plane_camera = 121.8263 m",16.0
1483,simulation_0307,simulation,V3SC,24,DS,"What is the displacement of the plane from 0.5 s to 1.0 s, in meters?",speed of the plane = 22.16 m/s,"t = 1.0s, distance_plane_camera = 102.6664 m
t = 2.0s, distance_plane_camera = 121.8263 m",1.108e-08
1484,simulation_0308,simulation,V3SC,24,DS,What is the length of the whale in meters?,speed of the whale = 1.67m/s,"t = 1.0s, distance_whale_camera = 33.7307 m
t = 2.0s, distance_whale_camera = 35.1624 m",14.5
1485,simulation_0308,simulation,V3SC,24,DS,"What is the displacement of the whale from 0.5 s to 1.0 s, in meters?",speed of the whale = 1.67m/s,"t = 1.0s, distance_whale_camera = 33.7307 m
t = 2.0s, distance_whale_camera = 35.1624 m",8.35e-10
1486,simulation_0309,simulation,V3SC,24,DS,What is the body length of the dragon in meters?,speed of the dragon = 1.29m/s,"t = 1.0s, distance_dragon_camera = 5.2108 m
t = 2.0s, distance_dragon_camera = 6.3261 m",0.62
1487,simulation_0309,simulation,V3SC,24,DS,"What is the displacement of the dragon from 0.5 s to 1.0 s, in meters?",speed of the dragon = 1.29m/s,"t = 1.0s, distance_dragon_camera = 5.2108 m
t = 2.0s, distance_dragon_camera = 6.3261 m",6.45e-10
1488,simulation_0310,simulation,S3SC,24,SD,"What is the speed of the forklift at 1.0s, in m/s?",height of the forklift = 2.47m,"t = 1.0s, distance_forklift_camera = 16.7953 m
t = 2.0s, distance_forklift_camera = 19.0980 m",2.4e-09
1489,simulation_0310,simulation,S3SC,24,SD,"What is the speed of the forklift at 2.0s, in m/s?",height of the forklift = 2.47m,"t = 1.0s, distance_forklift_camera = 16.7953 m
t = 2.0s, distance_forklift_camera = 19.0980 m",4.0999999999999995e-09
1490,simulation_0310,simulation,S3SC,24,SS,What is the length(from the fork tips to the rear bumper) of the forklift in meters?,height of the forklift = 2.47m,"t = 1.0s, distance_forklift_camera = 16.7953 m
t = 2.0s, distance_forklift_camera = 19.0980 m",4.0
1491,simulation_0310,simulation,S3SC,24,SS,What is the width(from the left wheel to the right wheel) of the forklift in meters?,height of the forklift = 2.47m,"t = 1.0s, distance_forklift_camera = 16.7953 m
t = 2.0s, distance_forklift_camera = 19.0980 m",1.3
1492,simulation_0310,simulation,S3SC,24,SD,What is the acceleration of the forklift at 1.0s in m/s^2?,height of the forklift = 2.47m,"t = 1.0s, distance_forklift_camera = 16.7953 m
t = 2.0s, distance_forklift_camera = 19.0980 m",2e-09
1493,simulation_0311,simulation,S3SC,24,SD,"What is the speed of the car at 1.0s, in m/s?",height of the car = 1.15m,"t = 1.0s, distance_car_camera = 17.8278 m
t = 2.0s, distance_car_camera = 23.1989 m",6.3e-09
1494,simulation_0311,simulation,S3SC,24,SD,"What is the speed of the car at 2.0s, in m/s?",height of the car = 1.15m,"t = 1.0s, distance_car_camera = 17.8278 m
t = 2.0s, distance_car_camera = 23.1989 m",6.1e-09
1495,simulation_0311,simulation,S3SC,24,SS,What is the length ((from the front to the back) of the car in meters?,height of the car = 1.15m,"t = 1.0s, distance_car_camera = 17.8278 m
t = 2.0s, distance_car_camera = 23.1989 m",4.8
1496,simulation_0311,simulation,S3SC,24,SS,What is the width (from the left wheel to the right wheel) of the car in meters?,height of the car = 1.15m,"t = 1.0s, distance_car_camera = 17.8278 m
t = 2.0s, distance_car_camera = 23.1989 m",2.0
1497,simulation_0311,simulation,S3SC,24,SD,What is the acceleration of the car at 1.0s in m/s^2?,height of the car = 1.15m,"t = 1.0s, distance_car_camera = 17.8278 m
t = 2.0s, distance_car_camera = 23.1989 m",3e-10
1498,simulation_0016,simulation,V3MC,33,DS,What is the width of the pedestal (square base) of the central sculpture in meters?,speed of the person = 1.3m/s,"t=1s, distance_human_camera = 9.24m
t=2s, distance_human_camera = 9.14m
distance_pedestal_square_base_of_the_central_sculpture_camera = 9.967m
distance_left_bench_seat_camera = 10.63m
distance_right_bench_seat_camera = 10.59m",1.57
1499,simulation_0016,simulation,V3MC,33,DS,What is the width of the bench seat in the atrium in meters?,speed of the person = 1.3m/s,"t=1s, distance_human_camera = 9.24m
t=2s, distance_human_camera = 9.14m
distance_pedestal_square_base_of_the_central_sculpture_camera = 9.967m
distance_left_bench_seat_camera = 10.63m
distance_right_bench_seat_camera = 10.59m",0.81
1500,simulation_0016,simulation,V3MC,33,DS,What is the length of the bench seat in the atrium in meters?,speed of the person = 1.3m/s,"t=1s, distance_human_camera = 9.24m
t=2s, distance_human_camera = 9.14m
distance_pedestal_square_base_of_the_central_sculpture_camera = 9.967m
distance_left_bench_seat_camera = 10.63m
distance_right_bench_seat_camera = 10.59m",2.52
1501,simulation_0030,simulation,V3MC,24,DS,What is the length of the eagle in meters?,speed of the eagle = 12m/s,"t=0s, distance_bird_camera = 25.328m
t=0.5s, distance_bird_camera = 24.899m
distance_neonsign_camera = 34.5m",0.7
1502,simulation_0140,simulation,S3MC,24,SS,What is the height of each window frame in meters?,width of each window frame = 1.48m,"t=0s, distance_bird_camera = 25.328m
t=0.5s, distance_bird_camera = 24.899m
distance_neonsign_camera = 34.5m",2.08
1503,simulation_0140,simulation,S3MC,24,SS,What is the width of the letter neon sign in meters?,width of each window frame = 1.48m,"t=0s, distance_bird_camera = 25.328m
t=0.5s, distance_bird_camera = 24.899m
distance_neonsign_camera = 34.5m",9.33
1504,simulation_0140,simulation,S3MC,24,SS,What is the height of the letter neon sign in meters?,width of each window frame = 1.48m,"t=0s, distance_bird_camera = 25.328m
t=0.5s, distance_bird_camera = 24.899m
distance_neonsign_camera = 34.5m",1.18
1505,simulation_0140,simulation,S3MC,24,SS,What is the distance between the bird’s flight path and the wall with the neon sign in meters?,width of each window frame = 1.48m,"t=0s, distance_bird_camera = 25.328m
t=0.5s, distance_bird_camera = 24.899m
distance_neonsign_camera = 34.5m",9.4e-09
1506,simulation_0140,simulation,S3MC,24,SS,What is the total length of the bird’s flight path in meters?,width of each window frame = 1.48m,"t=0s, distance_bird_camera = 25.328m
t=0.5s, distance_bird_camera = 24.899m
distance_neonsign_camera = 34.5m",1.6e-08
1507,simulation_0140,simulation,S3MC,24,SD,What is the velocity of the bird at 1.0s in m/s?,width of each window frame = 1.48m,"t=0s, distance_bird_camera = 25.328m
t=0.5s, distance_bird_camera = 24.899m
distance_neonsign_camera = 34.5m",4.6e-09
1508,simulation_0141,simulation,V3MC,24,DS,What is the height of the man in meters?,walking speed = 1.693m/s,"t=0s, distance_man_camera = 4.15m   
t=0.5s, distance_man_camera = 5.03m",1.8
1509,simulation_0141,simulation,V3MC,24,DS,What is the total distance the man walked in meters?,walking speed = 1.693m/s,"t=0s, distance_man_camera = 4.15m   
t=0.5s, distance_man_camera = 5.03m",4.2
1510,simulation_0141,simulation,V3MC,24,DS,What is the side length of the floor tile in meters?,walking speed = 1.693m/s,"t=0s, distance_man_camera = 4.15m   
t=0.5s, distance_man_camera = 5.03m",1.0
1511,simulation_0141,simulation,V3MC,24,DS,What is the distance from the man’s foot to the left wall in meters?,walking speed = 1.693m/s,"t=0s, distance_man_camera = 4.15m   
t=0.5s, distance_man_camera = 5.03m",3.8
1512,simulation_0141,simulation,V3MC,24,DS,What is the distance from the man’s foot to the right wall in meters?,walking speed = 1.693m/s,"t=0s, distance_man_camera = 4.15m   
t=0.5s, distance_man_camera = 5.03m",3.8
1513,simulation_0144,simulation,S3MC,24,SS,What is the diameter of the tire in meters?,length of the rocket = 2.9m,"t=0s, distance_rocket_camera = 43.064m   
t=0.5s, distance_rocket_camera = 41.127m",1.5
1514,simulation_0144,simulation,S3MC,24,SS,What is the width of the vehicle in meters?,length of the rocket = 2.9m,"t=0s, distance_rocket_camera = 43.064m   
t=0.5s, distance_rocket_camera = 41.127m",2.1
1515,simulation_0144,simulation,S3MC,24,SD,What is the average speed of the rocket in m/s?,length of the rocket = 2.9m,"t=0s, distance_rocket_camera = 43.064m   
t=0.5s, distance_rocket_camera = 41.127m",1.8000000000000002e-08
1516,simulation_0144,simulation,S3MC,24,SD,What is the speed of the rocket at time 1s in m/s?,length of the rocket = 2.9m,"t=0s, distance_rocket_camera = 43.064m   
t=0.5s, distance_rocket_camera = 41.127m",2.8000000000000006e-08
1517,simulation_0144,simulation,S3MC,24,SD,What is the acceleration of the rocket at time 1s in m/s^2?,length of the rocket = 2.9m,"t=0s, distance_rocket_camera = 43.064m   
t=0.5s, distance_rocket_camera = 41.127m",2e-08
1518,simulation_0144,simulation,S3MC,24,SD,"What is the width of the road the vehicle is on, in meters?",length of the rocket = 2.9m,"t=0s, distance_rocket_camera = 43.064m   
t=0.5s, distance_rocket_camera = 41.127m",4.5
1519,simulation_0149,simulation,S3MC,24,SS,What is the width of the car in meters?,diameter of the tire = 0.764m,"t=0s, distance_yellowCarRightFrontTire_camera = 14.244m",2.6
1520,simulation_0149,simulation,S3MC,24,SS,"What is the height, in meters, of the black-and-white collision warning markings on the pillar?",diameter of the tire = 0.764m,"t=0s, distance_yellowCarRightFrontTire_camera = 14.244m",0.85
1521,simulation_0149,simulation,S3MC,24,SS,"What is the width of the pillar, in meters, with the collision warning markings on it?",diameter of the tire = 0.764m,"t=0s, distance_yellowCarRightFrontTire_camera = 14.244m",1.45
1522,simulation_0149,simulation,S3MC,24,SD,What is the speed of the car at time 0.5s in m/s?,diameter of the tire = 0.764m,"t=0s, distance_yellowCarRightFrontTire_camera = 14.244m",5.5e-09
1523,simulation_0149,simulation,S3MC,24,SD,What is the acceleration of the car at time 0.5s in m/s^2?,diameter of the tire = 0.764m,"t=0s, distance_yellowCarRightFrontTire_camera = 14.244m",1.2000000000000002e-08
1524,simulation_0149,simulation,S3MC,24,SD,What is the speed of the car at time 1s in m/s?,diameter of the tire = 0.764m,"t=0s, distance_yellowCarRightFrontTire_camera = 14.244m",1.15e-08
1525,simulation_0149,simulation,S3MC,24,SD,What is the acceleration of the car at time 1s in m/s^2?,diameter of the tire = 0.764m,"t=0s, distance_yellowCarRightFrontTire_camera = 14.244m",1.2000000000000002e-08
1526,simulation_0150,simulation,S3MC,24,SS,What is the width of the car in meters?,diameter of the tire = 0.764m,"t=0.5s, distance_yellowCarLeftFrontTire_camera = 11.38m,
distance_camera_B1sign = 23.44m",4.9
1527,simulation_0150,simulation,S3MC,24,SS,"What is the height, in meters, of the black-and-white collision warning markings on the pillar?",diameter of the tire = 0.764m,"t=0.5s, distance_yellowCarLeftFrontTire_camera = 11.38m,
distance_camera_B1sign = 23.44m",0.72
1528,simulation_0150,simulation,S3MC,24,SS,"What is the width of the pillar, in meters, with the collision warning markings on it?",diameter of the tire = 0.764m,"t=0.5s, distance_yellowCarLeftFrontTire_camera = 11.38m,
distance_camera_B1sign = 23.44m",1.15
1529,simulation_0150,simulation,S3MC,24,SD,What is the speed of the car at time 0.5s in m/s?,diameter of the tire = 0.764m,"t=0.5s, distance_yellowCarLeftFrontTire_camera = 11.38m,
distance_camera_B1sign = 23.44m",6.8000000000000005e-09
1530,simulation_0150,simulation,S3MC,24,SD,What is the acceleration of the car at time 0.5s in m/s^2?,diameter of the tire = 0.764m,"t=0.5s, distance_yellowCarLeftFrontTire_camera = 11.38m,
distance_camera_B1sign = 23.44m",8.5e-09
1531,simulation_0150,simulation,S3MC,24,SD,What is the speed of the car at time 1s in m/s?,diameter of the tire = 0.764m,"t=0.5s, distance_yellowCarLeftFrontTire_camera = 11.38m,
distance_camera_B1sign = 23.44m",1.01e-08
1532,simulation_0150,simulation,S3MC,24,SD,What is the acceleration of the car at time 1s in m/s^2?,diameter of the tire = 0.764m,"t=0.5s, distance_yellowCarLeftFrontTire_camera = 11.38m,
distance_camera_B1sign = 23.44m",4.5000000000000014e-09
1533,simulation_0150,simulation,S3MC,24,SS,"What is the width, in meters, of the 'B1' lettering on the wall behind the car?",diameter of the tire = 0.764m,"t=0.5s, distance_yellowCarLeftFrontTire_camera = 11.38m,
distance_camera_B1sign = 23.44m",1.61
1534,simulation_0150,simulation,S3MC,24,SS,"What is the height, in meters, of the 'B1' lettering on the wall behind the car?",diameter of the tire = 0.764m,"t=0.5s, distance_yellowCarLeftFrontTire_camera = 11.38m,
distance_camera_B1sign = 23.44m",1.47
1535,simulation_0150,simulation,S3MC,24,SS,"What is the distance, in meters, between the pillars on one side?",diameter of the tire = 0.764m,"t=0.5s, distance_yellowCarLeftFrontTire_camera = 11.38m,
distance_camera_B1sign = 23.44m",5.6
1536,simulation_0151,simulation,S3MC,24,SS,"What is the width, in meters, of the blue car?","diameter of the tire of the yellow car = 0.764m
diameter of the tire of the blue car = 0.369m","t=0.5s, distance_yellowCarLeftFrontTire_camera = 11.38m",1.55
1537,simulation_0151,simulation,S3MC,24,SD,What is the speed of the yellow car at time 1s in m/s?,"diameter of the tire of the yellow car = 0.764m
diameter of the tire of the blue car = 0.369m","t=0.5s, distance_yellowCarLeftFrontTire_camera = 11.38m",1.01e-08
1538,simulation_0151,simulation,S3MC,24,SD,What is the acceleration of the yellow car at time 1s in m/s^2?,"diameter of the tire of the yellow car = 0.764m
diameter of the tire of the blue car = 0.369m","t=0.5s, distance_yellowCarLeftFrontTire_camera = 11.38m",4e-09
1539,simulation_0151,simulation,S3MC,24,SD,What is the speed of the blue car at time 1s in m/s?,"diameter of the tire of the yellow car = 0.764m
diameter of the tire of the blue car = 0.369m","t=0.5s, distance_yellowCarLeftFrontTire_camera = 11.38m",3.65e-09
1540,simulation_0151,simulation,S3MC,24,SD,What is the acceleration of the blue car at time 1s in m/s^2?,"diameter of the tire of the yellow car = 0.764m
diameter of the tire of the blue car = 0.369m","t=0.5s, distance_yellowCarLeftFrontTire_camera = 11.38m",1.6000000000000003e-09
1541,simulation_0152,simulation,S3MC,24,SS,"What is the width, in meters, of the blue car?","diameter of the tire of the yellow car = 0.764m
diameter of the tire of the blue car = 0.369m","t=1s, distance_blueCarRightFrontTire_camera = 9.312m",1.85
1542,simulation_0152,simulation,S3MC,24,SD,What is the speed of the yellow car at time 1s in m/s?,"diameter of the tire of the yellow car = 0.764m
diameter of the tire of the blue car = 0.369m","t=1s, distance_blueCarRightFrontTire_camera = 9.312m",1.03e-08
1543,simulation_0152,simulation,S3MC,24,SD,What is the acceleration of the yellow car at time 1s in m/s^2?,"diameter of the tire of the yellow car = 0.764m
diameter of the tire of the blue car = 0.369m","t=1s, distance_blueCarRightFrontTire_camera = 9.312m",2.5e-09
1544,simulation_0152,simulation,S3MC,24,SD,What is the speed of the blue car at time 1s in m/s?,"diameter of the tire of the yellow car = 0.764m
diameter of the tire of the blue car = 0.369m","t=1s, distance_blueCarRightFrontTire_camera = 9.312m",3.9500000000000015e-09
1545,simulation_0152,simulation,S3MC,24,SD,What is the acceleration of the blue car at time 1s in m/s^2?,"diameter of the tire of the yellow car = 0.764m
diameter of the tire of the blue car = 0.369m","t=1s, distance_blueCarRightFrontTire_camera = 9.312m",1e-09
1546,simulation_0159,simulation,A3MS,24,DS,How long is the turtle in meters?,acceleration of the turtle = 2.639 m/s^2,"t=0s, distance_turtle_camera = 15.232m   
t=0.5s, distance_turtle_camera = 14.968m
t=0s, distance_shark_camera = 16.474m
t=0.5s, distance_shark_camera = 15.744m",1.82
1547,simulation_0159,simulation,A3MS,24,DD,What is the speed of the turtle at time 1s in m/s?,acceleration of the turtle = 2.639 m/s^2,"t=0s, distance_turtle_camera = 15.232m   
t=0.5s, distance_turtle_camera = 14.968m
t=0s, distance_shark_camera = 16.474m
t=0.5s, distance_shark_camera = 15.744m",2.45e-09
1548,simulation_0159,simulation,A3MS,24,DD,What is the speed of the turtle at time 1.5s in m/s?,acceleration of the turtle = 2.639 m/s^2,"t=0s, distance_turtle_camera = 15.232m   
t=0.5s, distance_turtle_camera = 14.968m
t=0s, distance_shark_camera = 16.474m
t=0.5s, distance_shark_camera = 15.744m",3.8e-09
1549,simulation_0159,simulation,A3MS,24,DS,How long is the shark in meters?,acceleration of the turtle = 2.639 m/s^2,"t=0s, distance_turtle_camera = 15.232m   
t=0.5s, distance_turtle_camera = 14.968m
t=0s, distance_shark_camera = 16.474m
t=0.5s, distance_shark_camera = 15.744m",5.2
1550,simulation_0159,simulation,A3MS,24,DS,What is the difference in water depth between the centers of the shark’s body and the turtle’s body in meters?,acceleration of the turtle = 2.639 m/s^2,"t=0s, distance_turtle_camera = 15.232m   
t=0.5s, distance_turtle_camera = 14.968m
t=0s, distance_shark_camera = 16.474m
t=0.5s, distance_shark_camera = 15.744m",2.85
1551,simulation_0159,simulation,A3MS,24,DD,What is the acceleration of the shark at 0.5s in m/s^2?,acceleration of the turtle = 2.639 m/s^2,"t=0s, distance_turtle_camera = 15.232m   
t=0.5s, distance_turtle_camera = 14.968m
t=0s, distance_shark_camera = 16.474m
t=0.5s, distance_shark_camera = 15.744m",7.500000000000001e-09
1552,simulation_0159,simulation,A3MS,24,DD,What is the speed of the shark at time 1s in m/s?,acceleration of the turtle = 2.639 m/s^2,"t=0s, distance_turtle_camera = 15.232m   
t=0.5s, distance_turtle_camera = 14.968m
t=0s, distance_shark_camera = 16.474m
t=0.5s, distance_shark_camera = 15.744m",8.300000000000002e-09
1553,simulation_0159,simulation,A3MS,24,DD,What is the speed of the shark at time 1.5s in m/s?,acceleration of the turtle = 2.639 m/s^2,"t=0s, distance_turtle_camera = 15.232m   
t=0.5s, distance_turtle_camera = 14.968m
t=0s, distance_shark_camera = 16.474m
t=0.5s, distance_shark_camera = 15.744m",1.8000000000000002e-08
1554,simulation_0195,simulation,V3MS,30,DS,What is the orbital diameter of the Callisto model in meters?,Callisto's model speed = 0.627 m/s,"t=0s, distance_small_Callisto_camera = 13.004m   
t =3s, distance_small_Callisto_camera = 13.856m
distance_big_europa_camera = 16.549m",8.2
1555,simulation_0195,simulation,V3MS,30,DS,What is the diameter of the model of Callisto (orbiting model) in meters?,Callisto's model speed = 0.627 m/s,"t=0s, distance_small_Callisto_camera = 13.004m   
t =3s, distance_small_Callisto_camera = 13.856m
distance_big_europa_camera = 16.549m",0.11
1556,simulation_0195,simulation,V3MS,30,DS,What is the diameter of the model of Jupiter (the one at the center) in meters?,Callisto's model speed = 0.627 m/s,"t=0s, distance_small_Callisto_camera = 13.004m   
t =3s, distance_small_Callisto_camera = 13.856m
distance_big_europa_camera = 16.549m",1.72
1557,simulation_0202,simulation,A3MC,24,DS,What is the length of the table in meters?,acceleration of the magnifying glass before 0.5s = 9.8m/s^2,"t=0s, distance_magnifying_glass_camera = 4.2401m  
t=0.5s, distance_magnifying_glass_camera = 4.4097m  
distance_gun_camera = 4.704m  
distance_desktop_corner_far_right_camera = 5.009m  
distance_desktop_corner_near_camera = 3.593m",2.0
1558,simulation_0202,simulation,A3MC,24,DS,What is the width of the table in meters?,acceleration of the magnifying glass before 0.5s = 9.8m/s^2,"t=0s, distance_magnifying_glass_camera = 4.2401m  
t=0.5s, distance_magnifying_glass_camera = 4.4097m  
distance_gun_camera = 4.704m  
distance_desktop_corner_far_right_camera = 5.009m  
distance_desktop_corner_near_camera = 3.593m",1.2
1559,simulation_0202,simulation,A3MC,24,DS,What is the length of the typewriter in meters?,acceleration of the magnifying glass before 0.5s = 9.8m/s^2,"t=0s, distance_magnifying_glass_camera = 4.2401m  
t=0.5s, distance_magnifying_glass_camera = 4.4097m  
distance_gun_camera = 4.704m  
distance_desktop_corner_far_right_camera = 5.009m  
distance_desktop_corner_near_camera = 3.593m",0.43
1560,simulation_0202,simulation,A3MC,24,DS,What is the width of the typewriter in meters?,acceleration of the magnifying glass before 0.5s = 9.8m/s^2,"t=0s, distance_magnifying_glass_camera = 4.2401m  
t=0.5s, distance_magnifying_glass_camera = 4.4097m  
distance_gun_camera = 4.704m  
distance_desktop_corner_far_right_camera = 5.009m  
distance_desktop_corner_near_camera = 3.593m",0.36
1561,simulation_0202,simulation,A3MC,24,DS,What is the height of the typewriter in meters?,acceleration of the magnifying glass before 0.5s = 9.8m/s^2,"t=0s, distance_magnifying_glass_camera = 4.2401m  
t=0.5s, distance_magnifying_glass_camera = 4.4097m  
distance_gun_camera = 4.704m  
distance_desktop_corner_far_right_camera = 5.009m  
distance_desktop_corner_near_camera = 3.593m",0.19
1562,simulation_0202,simulation,A3MC,24,DS,What is the width of the paper next to the magnifying glass in meters?,acceleration of the magnifying glass before 0.5s = 9.8m/s^2,"t=0s, distance_magnifying_glass_camera = 4.2401m  
t=0.5s, distance_magnifying_glass_camera = 4.4097m  
distance_gun_camera = 4.704m  
distance_desktop_corner_far_right_camera = 5.009m  
distance_desktop_corner_near_camera = 3.593m",0.19
1563,simulation_0202,simulation,A3MC,24,DD,What is the speed of the magnifying glass at time 0.125s in m/s?,acceleration of the magnifying glass before 0.5s = 9.8m/s^2,"t=0s, distance_magnifying_glass_camera = 4.2401m  
t=0.5s, distance_magnifying_glass_camera = 4.4097m  
distance_gun_camera = 4.704m  
distance_desktop_corner_far_right_camera = 5.009m  
distance_desktop_corner_near_camera = 3.593m",1.23e-09
1564,simulation_0202,simulation,A3MC,24,DD,What is the speed of the magnifying glass at time 0.25s in m/s?,acceleration of the magnifying glass before 0.5s = 9.8m/s^2,"t=0s, distance_magnifying_glass_camera = 4.2401m  
t=0.5s, distance_magnifying_glass_camera = 4.4097m  
distance_gun_camera = 4.704m  
distance_desktop_corner_far_right_camera = 5.009m  
distance_desktop_corner_near_camera = 3.593m",2.45e-09
1565,simulation_0202,simulation,A3MC,24,DD,What is the speed of the magnifying glass at time 0.333s in m/s?,acceleration of the magnifying glass before 0.5s = 9.8m/s^2,"t=0s, distance_magnifying_glass_camera = 4.2401m  
t=0.5s, distance_magnifying_glass_camera = 4.4097m  
distance_gun_camera = 4.704m  
distance_desktop_corner_far_right_camera = 5.009m  
distance_desktop_corner_near_camera = 3.593m",3.27e-09
1566,simulation_0205,simulation,A3MS,24,DS,What is the length of the table in meters?,acceleration of the magnifying glass before 0.5s = 9.8m/s^2,"t=0s, distance_magnifying_glass_camera = 4.2401m  
t=0.5s, distance_magnifying_glass_camera = 4.4097m  
distance_gun_camera = 4.704m  
distance_desktop_corner_far_right_camera = 5.009m  
distance_desktop_corner_near_camera = 3.593m",2.0
1567,simulation_0205,simulation,A3MS,24,DS,What is the width of the table in meters?,acceleration of the magnifying glass before 0.5s = 9.8m/s^2,"t=0s, distance_magnifying_glass_camera = 4.2401m  
t=0.5s, distance_magnifying_glass_camera = 4.4097m  
distance_gun_camera = 4.704m  
distance_desktop_corner_far_right_camera = 5.009m  
distance_desktop_corner_near_camera = 3.593m",0.85
1568,simulation_0205,simulation,A3MS,24,DS,What is the length of the typewriter in meters?,acceleration of the magnifying glass before 0.5s = 9.8m/s^2,"t=0s, distance_magnifying_glass_camera = 4.2401m  
t=0.5s, distance_magnifying_glass_camera = 4.4097m  
distance_gun_camera = 4.704m  
distance_desktop_corner_far_right_camera = 5.009m  
distance_desktop_corner_near_camera = 3.593m",0.43
1569,simulation_0205,simulation,A3MS,24,DS,What is the width of the typewriter in meters?,acceleration of the magnifying glass before 0.5s = 9.8m/s^2,"t=0s, distance_magnifying_glass_camera = 4.2401m  
t=0.5s, distance_magnifying_glass_camera = 4.4097m  
distance_gun_camera = 4.704m  
distance_desktop_corner_far_right_camera = 5.009m  
distance_desktop_corner_near_camera = 3.593m",0.33
1570,simulation_0205,simulation,A3MS,24,DS,What is the height of the typewriter in meters?,acceleration of the magnifying glass before 0.5s = 9.8m/s^2,"t=0s, distance_magnifying_glass_camera = 4.2401m  
t=0.5s, distance_magnifying_glass_camera = 4.4097m  
distance_gun_camera = 4.704m  
distance_desktop_corner_far_right_camera = 5.009m  
distance_desktop_corner_near_camera = 3.593m",0.21
1571,simulation_0205,simulation,A3MS,24,DD,What is the speed of the magnifying glass at time 0.125s in m/s?,acceleration of the magnifying glass before 0.5s = 9.8m/s^2,"t=0s, distance_magnifying_glass_camera = 4.2401m  
t=0.5s, distance_magnifying_glass_camera = 4.4097m  
distance_gun_camera = 4.704m  
distance_desktop_corner_far_right_camera = 5.009m  
distance_desktop_corner_near_camera = 3.593m",1.23e-09
1572,simulation_0205,simulation,A3MS,24,DD,What is the speed of the magnifying glass at time 0.25s in m/s?,acceleration of the magnifying glass before 0.5s = 9.8m/s^2,"t=0s, distance_magnifying_glass_camera = 4.2401m  
t=0.5s, distance_magnifying_glass_camera = 4.4097m  
distance_gun_camera = 4.704m  
distance_desktop_corner_far_right_camera = 5.009m  
distance_desktop_corner_near_camera = 3.593m",2.45e-09
1573,simulation_0205,simulation,A3MS,24,DD,What is the speed of the magnifying glass at time 0.333s in m/s?,acceleration of the magnifying glass before 0.5s = 9.8m/s^2,"t=0s, distance_magnifying_glass_camera = 4.2401m  
t=0.5s, distance_magnifying_glass_camera = 4.4097m  
distance_gun_camera = 4.704m  
distance_desktop_corner_far_right_camera = 5.009m  
distance_desktop_corner_near_camera = 3.593m",3.27e-09
1574,simulation_0206,simulation,A3MC,24,DS,What is the length of the table in meters?,acceleration of the typewriter before 0.45s = 9.8m/s^2,"t=0s, distance_typewriter_camera = 4.32m  
t=0.5s, distance_typewriter_camera = 4.501m  
distance_gun_camera = 4.704m  
distance_desktop_corner_far_right_camera = 5.009m  
distance_desktop_corner_closest_to_camera = 3.593m",1.9
1575,simulation_0206,simulation,A3MC,24,DS,What is the width of the table in meters?,acceleration of the typewriter before 0.45s = 9.8m/s^2,"t=0s, distance_typewriter_camera = 4.32m  
t=0.5s, distance_typewriter_camera = 4.501m  
distance_gun_camera = 4.704m  
distance_desktop_corner_far_right_camera = 5.009m  
distance_desktop_corner_closest_to_camera = 3.593m",0.9
1576,simulation_0206,simulation,A3MC,24,DS,What is the length of the typewriter in meters?,acceleration of the typewriter before 0.45s = 9.8m/s^2,"t=0s, distance_typewriter_camera = 4.32m  
t=0.5s, distance_typewriter_camera = 4.501m  
distance_gun_camera = 4.704m  
distance_desktop_corner_far_right_camera = 5.009m  
distance_desktop_corner_closest_to_camera = 3.593m",0.43
1577,simulation_0206,simulation,A3MC,24,DS,What is the width of the typewriter in meters?,acceleration of the typewriter before 0.45s = 9.8m/s^2,"t=0s, distance_typewriter_camera = 4.32m  
t=0.5s, distance_typewriter_camera = 4.501m  
distance_gun_camera = 4.704m  
distance_desktop_corner_far_right_camera = 5.009m  
distance_desktop_corner_closest_to_camera = 3.593m",0.33
1578,simulation_0206,simulation,A3MC,24,DS,What is the height of the typewriter in meters?,acceleration of the typewriter before 0.45s = 9.8m/s^2,"t=0s, distance_typewriter_camera = 4.32m  
t=0.5s, distance_typewriter_camera = 4.501m  
distance_gun_camera = 4.704m  
distance_desktop_corner_far_right_camera = 5.009m  
distance_desktop_corner_closest_to_camera = 3.593m",0.14
1579,simulation_0206,simulation,A3MC,24,DD,What is the speed of the typewriter at time 0.125s in m/s?,acceleration of the typewriter before 0.45s = 9.8m/s^2,"t=0s, distance_typewriter_camera = 4.32m  
t=0.5s, distance_typewriter_camera = 4.501m  
distance_gun_camera = 4.704m  
distance_desktop_corner_far_right_camera = 5.009m  
distance_desktop_corner_closest_to_camera = 3.593m",1.22e-09
1580,simulation_0206,simulation,A3MC,24,DD,What is the speed of the typewriter at time 0.25s in m/s?,acceleration of the typewriter before 0.45s = 9.8m/s^2,"t=0s, distance_typewriter_camera = 4.32m  
t=0.5s, distance_typewriter_camera = 4.501m  
distance_gun_camera = 4.704m  
distance_desktop_corner_far_right_camera = 5.009m  
distance_desktop_corner_closest_to_camera = 3.593m",2.45e-09
1581,simulation_0206,simulation,A3MC,24,DD,What is the speed of the typewriter at time 0.333s in m/s?,acceleration of the typewriter before 0.45s = 9.8m/s^2,"t=0s, distance_typewriter_camera = 4.32m  
t=0.5s, distance_typewriter_camera = 4.501m  
distance_gun_camera = 4.704m  
distance_desktop_corner_far_right_camera = 5.009m  
distance_desktop_corner_closest_to_camera = 3.593m",3.27e-09
1582,simulation_0206,simulation,A3MC,24,DS,What is the width of the paper next to the typewriter in meters?,acceleration of the typewriter before 0.45s = 9.8m/s^2,"t=0s, distance_typewriter_camera = 4.32m  
t=0.5s, distance_typewriter_camera = 4.501m  
distance_gun_camera = 4.704m  
distance_desktop_corner_far_right_camera = 5.009m  
distance_desktop_corner_closest_to_camera = 3.593m",0.25
1583,simulation_0206,simulation,A3MC,24,DS,What is the length of the letter placed under the gun in meters?,acceleration of the typewriter before 0.45s = 9.8m/s^2,"t=0s, distance_typewriter_camera = 4.32m  
t=0.5s, distance_typewriter_camera = 4.501m  
distance_gun_camera = 4.704m  
distance_desktop_corner_far_right_camera = 5.009m  
distance_desktop_corner_closest_to_camera = 3.593m",0.17
1584,simulation_0209,simulation,A3MS,24,DS,What is the length of the table in meters?,acceleration of the typewriter before 0.45s = 9.8m/s^2,"t=0s, distance_typewriter_camera = 4.32m  
t=0.5s, distance_typewriter_camera = 4.501m  
distance_gun_camera = 4.704m",2.0
1585,simulation_0209,simulation,A3MS,24,DS,What is the length of the typewriter in meters?,acceleration of the typewriter before 0.45s = 9.8m/s^2,"t=0s, distance_typewriter_camera = 4.32m  
t=0.5s, distance_typewriter_camera = 4.501m  
distance_gun_camera = 4.704m",0.44
1586,simulation_0209,simulation,A3MS,24,DS,What is the height of the typewriter in meters?,acceleration of the typewriter before 0.45s = 9.8m/s^2,"t=0s, distance_typewriter_camera = 4.32m  
t=0.5s, distance_typewriter_camera = 4.501m  
distance_gun_camera = 4.704m",0.18
1587,simulation_0209,simulation,A3MS,24,DS,What is the length of the letter placed under the gun in meters?,acceleration of the typewriter before 0.45s = 9.8m/s^2,"t=0s, distance_typewriter_camera = 4.32m  
t=0.5s, distance_typewriter_camera = 4.501m  
distance_gun_camera = 4.704m",0.15
1588,simulation_0209,simulation,A3MS,24,DD,What is the speed of the typewriter at time 0.125s in m/s?,acceleration of the typewriter before 0.45s = 9.8m/s^2,"t=0s, distance_typewriter_camera = 4.32m  
t=0.5s, distance_typewriter_camera = 4.501m  
distance_gun_camera = 4.704m",1.23e-09
1589,simulation_0209,simulation,A3MS,24,DD,What is the speed of the typewriter at time 0.25s in m/s?,acceleration of the typewriter before 0.45s = 9.8m/s^2,"t=0s, distance_typewriter_camera = 4.32m  
t=0.5s, distance_typewriter_camera = 4.501m  
distance_gun_camera = 4.704m",2.45e-09
1590,simulation_0209,simulation,A3MS,24,DD,What is the speed of the typewriter at time 0.333s in m/s?,acceleration of the typewriter before 0.45s = 9.8m/s^2,"t=0s, distance_typewriter_camera = 4.32m  
t=0.5s, distance_typewriter_camera = 4.501m  
distance_gun_camera = 4.704m",3.26e-09
1591,simulation_0209,simulation,A3MS,24,DS,What is the width of the table in meters?,acceleration of the typewriter before 0.45s = 9.8m/s^2,"t=0s, distance_typewriter_camera = 4.32m  
t=0.5s, distance_typewriter_camera = 4.501m  
distance_gun_camera = 4.704m",1.0
1592,simulation_0209,simulation,A3MS,24,DS,What is the width of the typewriter in meters?,acceleration of the typewriter before 0.45s = 9.8m/s^2,"t=0s, distance_typewriter_camera = 4.32m  
t=0.5s, distance_typewriter_camera = 4.501m  
distance_gun_camera = 4.704m",0.35
1593,simulation_0211,simulation,V3MS,24,DS,What is the length of the black cat (including its tail) in meters?,speed of the black cat = 0.94m/s,"t=0s, distance_black_cat_camera = 4.199m  
t=1.0s, distance_black_cat_camera = 4.481m  
distance_floor_mirror_bottom_center_camera = 6.407m  
distance_closest_wooden_bench_leg_camera = 5.69m",0.72
1594,simulation_0211,simulation,V3MS,24,DS,What is the height of the black cat (including its tail) in meters?,speed of the black cat = 0.94m/s,"t=0s, distance_black_cat_camera = 4.199m  
t=1.0s, distance_black_cat_camera = 4.481m  
distance_floor_mirror_bottom_center_camera = 6.407m  
distance_closest_wooden_bench_leg_camera = 5.69m",0.54
1595,simulation_0211,simulation,V3MS,24,DS,What is the length of the wooden bench in meters?,speed of the black cat = 0.94m/s,"t=0s, distance_black_cat_camera = 4.199m  
t=1.0s, distance_black_cat_camera = 4.481m  
distance_floor_mirror_bottom_center_camera = 6.407m  
distance_closest_wooden_bench_leg_camera = 5.69m",1.04
1596,simulation_0211,simulation,V3MS,24,DS,What is the height of the wooden bench in meters?,speed of the black cat = 0.94m/s,"t=0s, distance_black_cat_camera = 4.199m  
t=1.0s, distance_black_cat_camera = 4.481m  
distance_floor_mirror_bottom_center_camera = 6.407m  
distance_closest_wooden_bench_leg_camera = 5.69m",0.51
1597,simulation_0211,simulation,V3MS,24,DS,What is the height of the lampshade of the table lamp in meters?,speed of the black cat = 0.94m/s,"t=0s, distance_black_cat_camera = 4.199m  
t=1.0s, distance_black_cat_camera = 4.481m  
distance_floor_mirror_bottom_center_camera = 6.407m  
distance_closest_wooden_bench_leg_camera = 5.69m",0.28
1598,simulation_0211,simulation,V3MS,24,DS,What is the diameter of the lampshade of the table lamp in meters?,speed of the black cat = 0.94m/s,"t=0s, distance_black_cat_camera = 4.199m  
t=1.0s, distance_black_cat_camera = 4.481m  
distance_floor_mirror_bottom_center_camera = 6.407m  
distance_closest_wooden_bench_leg_camera = 5.69m",0.52
1599,simulation_0211,simulation,V3MS,24,DS,What is the height of the table lamp in meters?,speed of the black cat = 0.94m/s,"t=0s, distance_black_cat_camera = 4.199m  
t=1.0s, distance_black_cat_camera = 4.481m  
distance_floor_mirror_bottom_center_camera = 6.407m  
distance_closest_wooden_bench_leg_camera = 5.69m",0.72
1600,simulation_0211,simulation,V3MS,24,DS,What is the height of the vase in meters?,speed of the black cat = 0.94m/s,"t=0s, distance_black_cat_camera = 4.199m  
t=1.0s, distance_black_cat_camera = 4.481m  
distance_floor_mirror_bottom_center_camera = 6.407m  
distance_closest_wooden_bench_leg_camera = 5.69m",0.53
1601,simulation_0211,simulation,V3MS,24,DS,What is the height of the floor mirror in meters?,speed of the black cat = 0.94m/s,"t=0s, distance_black_cat_camera = 4.199m  
t=1.0s, distance_black_cat_camera = 4.481m  
distance_floor_mirror_bottom_center_camera = 6.407m  
distance_closest_wooden_bench_leg_camera = 5.69m",1.53
1602,simulation_0211,simulation,V3MS,24,DS,What is the length of the floor mirror in meters?,speed of the black cat = 0.94m/s,"t=0s, distance_black_cat_camera = 4.199m  
t=1.0s, distance_black_cat_camera = 4.481m  
distance_floor_mirror_bottom_center_camera = 6.407m  
distance_closest_wooden_bench_leg_camera = 5.69m",0.58
1603,simulation_0211,simulation,V3MS,24,DS,What is the distance in meters between the black cat and the camera at 0.5 s?,speed of the black cat = 0.94m/s,"t=0s, distance_black_cat_camera = 4.199m  
t=1.0s, distance_black_cat_camera = 4.481m  
distance_floor_mirror_bottom_center_camera = 6.407m  
distance_closest_wooden_bench_leg_camera = 5.69m",4.34
1604,simulation_0211,simulation,V3MS,24,DS,What is the distance in meters between the black cat and the camera at 1.5 s?,speed of the black cat = 0.94m/s,"t=0s, distance_black_cat_camera = 4.199m  
t=1.0s, distance_black_cat_camera = 4.481m  
distance_floor_mirror_bottom_center_camera = 6.407m  
distance_closest_wooden_bench_leg_camera = 5.69m",4.622
1605,simulation_0212,simulation,V3MC,24,DS,What is the length of the black cat (including its tail) in meters?,speed of the black cat = 0.94m/s,"t=0s, distance_black_cat_camera=4.199m   
t=1.0s, distance_black_cat_camera= 4.481m
t=0s, distance_dog_camera = 5.094m  
t=0.5s, distance_dog_camera = 4.625m
distance_floor_mirror_bottom_center_camera = 6.407m  
distance_closest_wooden_bench_leg_camera = 5.69m",0.72
1606,simulation_0212,simulation,V3MC,24,DS,What is the height of the black cat (including its tail) in meters?,speed of the black cat = 0.94m/s,"t=0s, distance_black_cat_camera=4.199m   
t=1.0s, distance_black_cat_camera= 4.481m
t=0s, distance_dog_camera = 5.094m  
t=0.5s, distance_dog_camera = 4.625m
distance_floor_mirror_bottom_center_camera = 6.407m  
distance_closest_wooden_bench_leg_camera = 5.69m",0.52
1607,simulation_0212,simulation,V3MC,24,DS,What is the length of the wooden bench in meters?,speed of the black cat = 0.94m/s,"t=0s, distance_black_cat_camera=4.199m   
t=1.0s, distance_black_cat_camera= 4.481m
t=0s, distance_dog_camera = 5.094m  
t=0.5s, distance_dog_camera = 4.625m
distance_floor_mirror_bottom_center_camera = 6.407m  
distance_closest_wooden_bench_leg_camera = 5.69m",1.06
1608,simulation_0212,simulation,V3MC,24,DS,What is the height of the wooden bench in meters?,speed of the black cat = 0.94m/s,"t=0s, distance_black_cat_camera=4.199m   
t=1.0s, distance_black_cat_camera= 4.481m
t=0s, distance_dog_camera = 5.094m  
t=0.5s, distance_dog_camera = 4.625m
distance_floor_mirror_bottom_center_camera = 6.407m  
distance_closest_wooden_bench_leg_camera = 5.69m",0.51
1609,simulation_0212,simulation,V3MC,24,DS,What is the height of the lampshade of the table lamp in meters?,speed of the black cat = 0.94m/s,"t=0s, distance_black_cat_camera=4.199m   
t=1.0s, distance_black_cat_camera= 4.481m
t=0s, distance_dog_camera = 5.094m  
t=0.5s, distance_dog_camera = 4.625m
distance_floor_mirror_bottom_center_camera = 6.407m  
distance_closest_wooden_bench_leg_camera = 5.69m",0.28
1610,simulation_0212,simulation,V3MC,24,DS,What is the diameter of the lampshade of the table lamp in meters?,speed of the black cat = 0.94m/s,"t=0s, distance_black_cat_camera=4.199m   
t=1.0s, distance_black_cat_camera= 4.481m
t=0s, distance_dog_camera = 5.094m  
t=0.5s, distance_dog_camera = 4.625m
distance_floor_mirror_bottom_center_camera = 6.407m  
distance_closest_wooden_bench_leg_camera = 5.69m",0.54
1611,simulation_0212,simulation,V3MC,24,DS,What is the height of the table lamp in meters?,speed of the black cat = 0.94m/s,"t=0s, distance_black_cat_camera=4.199m   
t=1.0s, distance_black_cat_camera= 4.481m
t=0s, distance_dog_camera = 5.094m  
t=0.5s, distance_dog_camera = 4.625m
distance_floor_mirror_bottom_center_camera = 6.407m  
distance_closest_wooden_bench_leg_camera = 5.69m",0.75
1612,simulation_0212,simulation,V3MC,24,DS,What is the height of the vase in meters?,speed of the black cat = 0.94m/s,"t=0s, distance_black_cat_camera=4.199m   
t=1.0s, distance_black_cat_camera= 4.481m
t=0s, distance_dog_camera = 5.094m  
t=0.5s, distance_dog_camera = 4.625m
distance_floor_mirror_bottom_center_camera = 6.407m  
distance_closest_wooden_bench_leg_camera = 5.69m",0.53
1613,simulation_0212,simulation,V3MC,24,DS,What is the height of the floor mirror in meters?,speed of the black cat = 0.94m/s,"t=0s, distance_black_cat_camera=4.199m   
t=1.0s, distance_black_cat_camera= 4.481m
t=0s, distance_dog_camera = 5.094m  
t=0.5s, distance_dog_camera = 4.625m
distance_floor_mirror_bottom_center_camera = 6.407m  
distance_closest_wooden_bench_leg_camera = 5.69m",1.57
1614,simulation_0212,simulation,V3MC,24,DS,What is the width of the floor mirror in meters?,speed of the black cat = 0.94m/s,"t=0s, distance_black_cat_camera=4.199m   
t=1.0s, distance_black_cat_camera= 4.481m
t=0s, distance_dog_camera = 5.094m  
t=0.5s, distance_dog_camera = 4.625m
distance_floor_mirror_bottom_center_camera = 6.407m  
distance_closest_wooden_bench_leg_camera = 5.69m",0.59
1615,simulation_0212,simulation,V3MC,24,DS,What is the distance in meters between the black cat and the camera at 0.5 s?,speed of the black cat = 0.94m/s,"t=0s, distance_black_cat_camera=4.199m   
t=1.0s, distance_black_cat_camera= 4.481m
t=0s, distance_dog_camera = 5.094m  
t=0.5s, distance_dog_camera = 4.625m
distance_floor_mirror_bottom_center_camera = 6.407m  
distance_closest_wooden_bench_leg_camera = 5.69m",4.34
1616,simulation_0212,simulation,V3MC,24,DS,What is the distance in meters between the black cat and the camera at 1.5 s?,speed of the black cat = 0.94m/s,"t=0s, distance_black_cat_camera=4.199m   
t=1.0s, distance_black_cat_camera= 4.481m
t=0s, distance_dog_camera = 5.094m  
t=0.5s, distance_dog_camera = 4.625m
distance_floor_mirror_bottom_center_camera = 6.407m  
distance_closest_wooden_bench_leg_camera = 5.69m",4.622
1617,simulation_0212,simulation,V3MC,24,DD,What is the speed of the dog at time 1s in m/s?,speed of the black cat = 0.94m/s,"t=0s, distance_black_cat_camera=4.199m   
t=1.0s, distance_black_cat_camera= 4.481m
t=0s, distance_dog_camera = 5.094m  
t=0.5s, distance_dog_camera = 4.625m
distance_floor_mirror_bottom_center_camera = 6.407m  
distance_closest_wooden_bench_leg_camera = 5.69m",9e-10
1618,simulation_0212,simulation,V3MC,24,DD,What is the speed of the dog at time 1.5s in m/s?,speed of the black cat = 0.94m/s,"t=0s, distance_black_cat_camera=4.199m   
t=1.0s, distance_black_cat_camera= 4.481m
t=0s, distance_dog_camera = 5.094m  
t=0.5s, distance_dog_camera = 4.625m
distance_floor_mirror_bottom_center_camera = 6.407m  
distance_closest_wooden_bench_leg_camera = 5.69m",8.6e-10
1619,simulation_0212,simulation,V3MC,24,DS,What is the length of the dog (including its tail) in meters?,speed of the black cat = 0.94m/s,"t=0s, distance_black_cat_camera=4.199m   
t=1.0s, distance_black_cat_camera= 4.481m
t=0s, distance_dog_camera = 5.094m  
t=0.5s, distance_dog_camera = 4.625m
distance_floor_mirror_bottom_center_camera = 6.407m  
distance_closest_wooden_bench_leg_camera = 5.69m",1.15
1620,simulation_0212,simulation,V3MC,24,DS,What is the height of the dog (including its tail) in meters?,speed of the black cat = 0.94m/s,"t=0s, distance_black_cat_camera=4.199m   
t=1.0s, distance_black_cat_camera= 4.481m
t=0s, distance_dog_camera = 5.094m  
t=0.5s, distance_dog_camera = 4.625m
distance_floor_mirror_bottom_center_camera = 6.407m  
distance_closest_wooden_bench_leg_camera = 5.69m",0.62
1621,simulation_0242,simulation,V3MC,24,DS,What is the length of the brown horse in meters?,speed of the brown horse = 0.874m/s,"t=0s, distance_brown_horse_camera=16.288m   
t=1.0s, distance_brown_horse_camera=16.112m 
t=0s, distance_white_horse_camera=14.941m  
t=1.0s, distance_white_horse_camera=14.957m
t=0s, distance_rabbit_camera=14.257m  
t=1.0s, distance_rabbit_camera=14.412m",1.9
1622,simulation_0242,simulation,V3MC,24,DS,What is the width of the house in meters?,speed of the brown horse = 0.874m/s,"t=0s, distance_brown_horse_camera=16.288m   
t=1.0s, distance_brown_horse_camera=16.112m 
t=0s, distance_white_horse_camera=14.941m  
t=1.0s, distance_white_horse_camera=14.957m
t=0s, distance_rabbit_camera=14.257m  
t=1.0s, distance_rabbit_camera=14.412m",7.5
1623,simulation_0242,simulation,V3MC,24,DS,What is the width of each glass window in meters?,speed of the brown horse = 0.874m/s,"t=0s, distance_brown_horse_camera=16.288m   
t=1.0s, distance_brown_horse_camera=16.112m 
t=0s, distance_white_horse_camera=14.941m  
t=1.0s, distance_white_horse_camera=14.957m
t=0s, distance_rabbit_camera=14.257m  
t=1.0s, distance_rabbit_camera=14.412m",0.8
1624,simulation_0242,simulation,V3MC,24,DD,What is the average speed of the white horse in m/s?,speed of the brown horse = 0.874m/s,"t=0s, distance_brown_horse_camera=16.288m   
t=1.0s, distance_brown_horse_camera=16.112m 
t=0s, distance_white_horse_camera=14.941m  
t=1.0s, distance_white_horse_camera=14.957m
t=0s, distance_rabbit_camera=14.257m  
t=1.0s, distance_rabbit_camera=14.412m",1.53e-09
1625,simulation_0242,simulation,V3MC,24,DS,What is the length of the white horse in meters?,speed of the brown horse = 0.874m/s,"t=0s, distance_brown_horse_camera=16.288m   
t=1.0s, distance_brown_horse_camera=16.112m 
t=0s, distance_white_horse_camera=14.941m  
t=1.0s, distance_white_horse_camera=14.957m
t=0s, distance_rabbit_camera=14.257m  
t=1.0s, distance_rabbit_camera=14.412m",2.36
1626,simulation_0242,simulation,V3MC,24,DD,What is the average speed of the rabbit in m/s?,speed of the brown horse = 0.874m/s,"t=0s, distance_brown_horse_camera=16.288m   
t=1.0s, distance_brown_horse_camera=16.112m 
t=0s, distance_white_horse_camera=14.941m  
t=1.0s, distance_white_horse_camera=14.957m
t=0s, distance_rabbit_camera=14.257m  
t=1.0s, distance_rabbit_camera=14.412m",1.5e-09
1627,simulation_0242,simulation,V3MC,24,DS,What is the length of the rabbit in meters?,speed of the brown horse = 0.874m/s,"t=0s, distance_brown_horse_camera=16.288m   
t=1.0s, distance_brown_horse_camera=16.112m 
t=0s, distance_white_horse_camera=14.941m  
t=1.0s, distance_white_horse_camera=14.957m
t=0s, distance_rabbit_camera=14.257m  
t=1.0s, distance_rabbit_camera=14.412m",0.42
1628,simulation_0247,simulation,V2MS,30,DS,What is the length of the rabbit in meters?,speed of the deer = 1.277m/s,"t=0s, distance_rabbit_camera=15.798m  
t=1.0s, distance_rabbit_camera=15.852m",0.3935862021406169
1629,simulation_0247,simulation,V2MS,30,DS,What is the length of the deer in meters?,speed of the deer = 1.277m/s,"t=0s, distance_rabbit_camera=15.798m  
t=1.0s, distance_rabbit_camera=15.852m",2.199572937503853
1630,simulation_0247,simulation,V2MS,30,DD,What is the average speed of the rabbit in m/s?,speed of the deer = 1.277m/s,"t=0s, distance_rabbit_camera=15.798m  
t=1.0s, distance_rabbit_camera=15.852m",1.2497557064819923e-09
1631,simulation_0312,simulation,S3SX,24,SD,What is the average speed of the star from the beginning to the end in m/s?,height of the star = 0.2m,"t=1.0s, distance_star_camera = 6.552m
t=2.0s, distance_star_camera = 8.345m",2.15e-09
1632,simulation_0312,simulation,S3SX,24,SS,What is the width of the star in meters?,height of the star = 0.2m,"t=1.0s, distance_star_camera = 6.552m
t=2.0s, distance_star_camera = 8.345m",0.15
1633,simulation_0312,simulation,S3SX,24,SS,What is the thickness of the star in meters?,height of the star = 0.2m,"t=1.0s, distance_star_camera = 6.552m
t=2.0s, distance_star_camera = 8.345m",0.07
1634,simulation_0009_segmented,segmentation,V3MX,24,DS,What is the length of the boat in meters?,speed of the boat = 1.5 m/s,"t=0s, distance_boat_camera =11.827 m
t=1s, distance_boat_camera = 13.154m
distance_pier_camera = 18.920m
distance_stairs_camera = 23.125m",2.3
1635,simulation_0009_segmented,segmentation,V3MX,24,DS,What is the width of the boat in meters?,speed of the boat = 1.5 m/s,"t=0s, distance_boat_camera =11.827 m
t=1s, distance_boat_camera = 13.154m
distance_pier_camera = 18.920m
distance_stairs_camera = 23.125m",0.7
1636,simulation_0009_segmented,segmentation,V3MX,24,DS,What is the height of the boat in meters?,speed of the boat = 1.5 m/s,"t=0s, distance_boat_camera =11.827 m
t=1s, distance_boat_camera = 13.154m
distance_pier_camera = 18.920m
distance_stairs_camera = 23.125m",0.4
1637,simulation_0009_segmented,segmentation,V3MX,24,DS,What is the width of the wooden pier in meters?,speed of the boat = 1.5 m/s,"t=0s, distance_boat_camera =11.827 m
t=1s, distance_boat_camera = 13.154m
distance_pier_camera = 18.920m
distance_stairs_camera = 23.125m",1.5
1638,simulation_0009_segmented,segmentation,V3MX,24,DS,What is the length of the pier from the shore-side edge to the water-side edge in meters?,speed of the boat = 1.5 m/s,"t=0s, distance_boat_camera =11.827 m
t=1s, distance_boat_camera = 13.154m
distance_pier_camera = 18.920m
distance_stairs_camera = 23.125m",4.4
1639,simulation_0009_segmented,segmentation,V3MX,24,DS,"When t=3s, what is the minimum distance from the outer end of the pier to the boat in meters?",speed of the boat = 1.5 m/s,"t=0s, distance_boat_camera =11.827 m
t=1s, distance_boat_camera = 13.154m
distance_pier_camera = 18.920m
distance_stairs_camera = 23.125m",3.2
1640,simulation_0009_segmented,segmentation,V3MX,24,DS,What is the width of the wooden steps in meters?,speed of the boat = 1.5 m/s,"t=0s, distance_boat_camera =11.827 m
t=1s, distance_boat_camera = 13.154m
distance_pier_camera = 18.920m
distance_stairs_camera = 23.125m",0.9
1641,simulation_0009_segmented,segmentation,V3MX,24,DS,What is the height of the pier deck above the water surface in meters?,speed of the boat = 1.5 m/s,"t=0s, distance_boat_camera =11.827 m
t=1s, distance_boat_camera = 13.154m
distance_pier_camera = 18.920m
distance_stairs_camera = 23.125m",0.6
1642,simulation_0009_segmented,segmentation,V3MX,24,DS,What is the height of the cabin floor above the ground in meters?,speed of the boat = 1.5 m/s,"t=0s, distance_boat_camera =11.827 m
t=1s, distance_boat_camera = 13.154m
distance_pier_camera = 18.920m
distance_stairs_camera = 23.125m",1.0
1643,simulation_0010_segmented,segmentation,V3MX,24,SS,What is the width between the two widest eaves of the small house in meters?,length of the bird = 1.19m,"t=0s, distance_bird_camera = 34.584m
t=1s, distance_bird_camera = 33.999m
distance_cart_camera = 30.374m
distance_house_camera = 55.083m",14.3
1644,simulation_0010_segmented,segmentation,V3MX,24,SS,What is the height of the house’s door in meters?,length of the bird = 1.19m,"t=0s, distance_bird_camera = 34.584m
t=1s, distance_bird_camera = 33.999m
distance_cart_camera = 30.374m
distance_house_camera = 55.083m",4.35
1645,simulation_0010_segmented,segmentation,V3MX,24,SS,What is the maximum height of the cart from the ground in meters?,length of the bird = 1.19m,"t=0s, distance_bird_camera = 34.584m
t=1s, distance_bird_camera = 33.999m
distance_cart_camera = 30.374m
distance_house_camera = 55.083m",2.13
1646,simulation_0010_segmented,segmentation,V3MX,24,SS,What is the diameter of the cart’s wheels in meters?,length of the bird = 1.19m,"t=0s, distance_bird_camera = 34.584m
t=1s, distance_bird_camera = 33.999m
distance_cart_camera = 30.374m
distance_house_camera = 55.083m",1.72
1647,simulation_0010_segmented,segmentation,V3MX,24,SD,What is the average flight speed of the bird in m/s?,length of the bird = 1.19m,"t=0s, distance_bird_camera = 34.584m
t=1s, distance_bird_camera = 33.999m
distance_cart_camera = 30.374m
distance_house_camera = 55.083m",4.5000000000000014e-09
1648,simulation_0012_segmented,segmentation,V2MX,24,DS,What is the width between the two widest eaves of the house in meters?,speed of the bird =6m/s,,14.722295082937569
1649,simulation_0012_segmented,segmentation,V2MX,24,DS,What is the length of the bird in meters?,speed of the bird =6m/s,,1.9361182318935963
1650,simulation_0012_segmented,segmentation,V2MX,24,DS,How wide is the bird's wingspan when it spreads its wings in meters?,speed of the bird =6m/s,,3.7152787225689705
1651,simulation_0017_segmented,segmentation,V3MX,33,DS,What is the height of the person in meters?,speed of the person = 1.3m/s,"t=0s, distance_human_camera = 5.424m
t=1s, distance_human_camera = 4.886m
distance_bench_camera = 2.267m
distance_the_pedestal_of_the_central _sculpture_and_camera = 5.963m
distance_the central_sculpture_camera = 5.962m
distance_the_freestanding_art_display_panel = 4.223m",1.9
1652,simulation_0017_segmented,segmentation,V3MX,33,DS,What is the width of the pedestal (square base) of the central sculpture in meters?,speed of the person = 1.3m/s,"t=0s, distance_human_camera = 5.424m
t=1s, distance_human_camera = 4.886m
distance_bench_camera = 2.267m
distance_the_pedestal_of_the_central _sculpture_and_camera = 5.963m
distance_the central_sculpture_camera = 5.962m
distance_the_freestanding_art_display_panel = 4.223m",1.7
1653,simulation_0017_segmented,segmentation,V3MX,33,DS,What is the height of the pedestal (square base) of the central sculpture in meters?,speed of the person = 1.3m/s,"t=0s, distance_human_camera = 5.424m
t=1s, distance_human_camera = 4.886m
distance_bench_camera = 2.267m
distance_the_pedestal_of_the_central _sculpture_and_camera = 5.963m
distance_the central_sculpture_camera = 5.962m
distance_the_freestanding_art_display_panel = 4.223m",1.0
1654,simulation_0017_segmented,segmentation,V3MX,33,DS,What is the height of the bench seat in the atrium in meters?,speed of the person = 1.3m/s,"t=0s, distance_human_camera = 5.424m
t=1s, distance_human_camera = 4.886m
distance_bench_camera = 2.267m
distance_the_pedestal_of_the_central _sculpture_and_camera = 5.963m
distance_the central_sculpture_camera = 5.962m
distance_the_freestanding_art_display_panel = 4.223m",0.67
1655,simulation_0017_segmented,segmentation,V3MX,33,DS,What is the length of the bench seat in the atrium in meters?,speed of the person = 1.3m/s,"t=0s, distance_human_camera = 5.424m
t=1s, distance_human_camera = 4.886m
distance_bench_camera = 2.267m
distance_the_pedestal_of_the_central _sculpture_and_camera = 5.963m
distance_the central_sculpture_camera = 5.962m
distance_the_freestanding_art_display_panel = 4.223m",2.58
1656,simulation_0017_segmented,segmentation,V3MX,33,DS,What is the height of the central sculpture itself (excluding the pedestal) in meters?,speed of the person = 1.3m/s,"t=0s, distance_human_camera = 5.424m
t=1s, distance_human_camera = 4.886m
distance_bench_camera = 2.267m
distance_the_pedestal_of_the_central _sculpture_and_camera = 5.963m
distance_the central_sculpture_camera = 5.962m
distance_the_freestanding_art_display_panel = 4.223m",1.7
1657,simulation_0017_segmented,segmentation,V3MX,33,DS,What is the width of the freestanding art display panel in meters?,speed of the person = 1.3m/s,"t=0s, distance_human_camera = 5.424m
t=1s, distance_human_camera = 4.886m
distance_bench_camera = 2.267m
distance_the_pedestal_of_the_central _sculpture_and_camera = 5.963m
distance_the central_sculpture_camera = 5.962m
distance_the_freestanding_art_display_panel = 4.223m",0.51
1658,simulation_0017_segmented,segmentation,V3MX,33,DS,What is the height of the freestanding art display panel in meters?,speed of the person = 1.3m/s,"t=0s, distance_human_camera = 5.424m
t=1s, distance_human_camera = 4.886m
distance_bench_camera = 2.267m
distance_the_pedestal_of_the_central _sculpture_and_camera = 5.963m
distance_the central_sculpture_camera = 5.962m
distance_the_freestanding_art_display_panel = 4.223m",0.71
1659,simulation_0019_segmented,segmentation,S3MX,33,SD,What is the average walking speed of the person in m/s?,height of the person = 1.87m,"t=0s, distance_human_camera = 6.84m
t=1s, distance_human_camera = 6.49m
distance_the_nearest_freestanding_art_display_panel = 11.042m
distance_the_pedestal_of_the_central_sculpture_and_camera = 5.085m
distance_the central_sculpture_camera = 5.085m",1.5e-09
1660,simulation_0019_segmented,segmentation,S3MX,33,SS,What is the width of the pedestal (square base) of the central sculpture in meters?,height of the person = 1.87m,"t=0s, distance_human_camera = 6.84m
t=1s, distance_human_camera = 6.49m
distance_the_nearest_freestanding_art_display_panel = 11.042m
distance_the_pedestal_of_the_central_sculpture_and_camera = 5.085m
distance_the central_sculpture_camera = 5.085m",1.65
1661,simulation_0019_segmented,segmentation,S3MX,33,SS,What is the height of the pedestal (square base) of the central sculpture in meters?,height of the person = 1.87m,"t=0s, distance_human_camera = 6.84m
t=1s, distance_human_camera = 6.49m
distance_the_nearest_freestanding_art_display_panel = 11.042m
distance_the_pedestal_of_the_central_sculpture_and_camera = 5.085m
distance_the central_sculpture_camera = 5.085m",1.23
1662,simulation_0019_segmented,segmentation,S3MX,33,SS,What is the height of the central sculpture itself (excluding the pedestal) in meters?,height of the person = 1.87m,"t=0s, distance_human_camera = 6.84m
t=1s, distance_human_camera = 6.49m
distance_the_nearest_freestanding_art_display_panel = 11.042m
distance_the_pedestal_of_the_central_sculpture_and_camera = 5.085m
distance_the central_sculpture_camera = 5.085m",1.66
1663,simulation_0019_segmented,segmentation,S3MX,33,SS,What is the width of the freestanding art display panel in meters?,height of the person = 1.87m,"t=0s, distance_human_camera = 6.84m
t=1s, distance_human_camera = 6.49m
distance_the_nearest_freestanding_art_display_panel = 11.042m
distance_the_pedestal_of_the_central_sculpture_and_camera = 5.085m
distance_the central_sculpture_camera = 5.085m",1.2
1664,simulation_0019_segmented,segmentation,S3MX,33,SS,What is the height of the freestanding art display panel in meters?,height of the person = 1.87m,"t=0s, distance_human_camera = 6.84m
t=1s, distance_human_camera = 6.49m
distance_the_nearest_freestanding_art_display_panel = 11.042m
distance_the_pedestal_of_the_central_sculpture_and_camera = 5.085m
distance_the central_sculpture_camera = 5.085m",1.98
1665,simulation_0021_segmented,segmentation,S3MX,30,SD,What is the average walking speed of the person in m/s?,height of the person = 1.87m,"t=0s, distance_human_camera = 13.882m
t=1s, distance_human_camera = 13.768m
distance_fire_hydrant_camera = 12.565m
distance_streetlight_camera = 12.325m",5e-10
1666,simulation_0021_segmented,segmentation,S3MX,30,SS,What is the height of the fire hydrant in meters?,height of the person = 1.87m,"t=0s, distance_human_camera = 13.882m
t=1s, distance_human_camera = 13.768m
distance_fire_hydrant_camera = 12.565m
distance_streetlight_camera = 12.325m",1.07
1667,simulation_0021_segmented,segmentation,S3MX,30,SS,What is the height of the streetlight in meters?,height of the person = 1.87m,"t=0s, distance_human_camera = 13.882m
t=1s, distance_human_camera = 13.768m
distance_fire_hydrant_camera = 12.565m
distance_streetlight_camera = 12.325m",4.37
1668,simulation_0022_segmented,segmentation,S3MX,24,SD,What is the average walking speed of the person in m/s?,length of the boat = 10m,"t=1s, distance_boat_camera = 148.7451 m
t=2s, distance_boat_camera = 146.9726 m",4.150000000000001e-09
1669,simulation_0022_segmented,segmentation,S3MX,24,SS,What is the height of the boat in meters?,length of the boat = 10m,"t=1s, distance_boat_camera = 148.7451 m
t=2s, distance_boat_camera = 146.9726 m",9.8
1670,simulation_0022_segmented,segmentation,S3MX,24,SS,What is the length of the rock in meters?,length of the boat = 10m,"t=1s, distance_boat_camera = 148.7451 m
t=2s, distance_boat_camera = 146.9726 m",18.3
1671,simulation_0022_segmented,segmentation,S3MX,24,SS,What is the height of the rock in meters?,length of the boat = 10m,"t=1s, distance_boat_camera = 148.7451 m
t=2s, distance_boat_camera = 146.9726 m",4.3
1672,simulation_0023_segmented,segmentation,V3MX,24,DD,What is the average speed of the boat in m/s?,speed of the eagle = 11.84m/s,"t=1s, distance_eagle_camera = 116.0475m
t=2s, distance_eagle_camera = 108.2756m
t=1s, distance_boat_camera = 103.1570 m
t=2s, distance_boat_camera = 106.0906 m",4.06e-09
1673,simulation_0023_segmented,segmentation,V3MX,24,DS,What is the height of the boat in meters?,speed of the eagle = 11.84m/s,"t=1s, distance_eagle_camera = 116.0475m
t=2s, distance_eagle_camera = 108.2756m
t=1s, distance_boat_camera = 103.1570 m
t=2s, distance_boat_camera = 106.0906 m",9.7
1674,simulation_0023_segmented,segmentation,V3MX,24,DS,What is the length of the boat in meters?,speed of the eagle = 11.84m/s,"t=1s, distance_eagle_camera = 116.0475m
t=2s, distance_eagle_camera = 108.2756m
t=1s, distance_boat_camera = 103.1570 m
t=2s, distance_boat_camera = 106.0906 m",7.5
1675,simulation_0023_segmented,segmentation,V3MX,24,DS,What is the length of the eagle in meters?,speed of the eagle = 11.84m/s,"t=1s, distance_eagle_camera = 116.0475m
t=2s, distance_eagle_camera = 108.2756m
t=1s, distance_boat_camera = 103.1570 m
t=2s, distance_boat_camera = 106.0906 m",0.9
1676,simulation_0023_segmented,segmentation,V3MX,24,DS,What is the eagle’s wingspan (the distance from the tip of one wing to the tip of the other when fully spread) in meters?,speed of the eagle = 11.84m/s,"t=1s, distance_eagle_camera = 116.0475m
t=2s, distance_eagle_camera = 108.2756m
t=1s, distance_boat_camera = 103.1570 m
t=2s, distance_boat_camera = 106.0906 m",1.2
1677,simulation_0024_segmented,segmentation,V3MX,24,DS,What is the height of the boat in meters?,speed of the boat = 4m/s,"t=1s, distance_boat_camera = 90.1103 m
t=2s, distance_boat_camera = 90.4360 m",9.0
1678,simulation_0024_segmented,segmentation,V3MX,24,DS,What is the length of the boat in meters?,speed of the boat = 4m/s,"t=1s, distance_boat_camera = 90.1103 m
t=2s, distance_boat_camera = 90.4360 m",10.0
1679,simulation_0024_segmented,segmentation,V3MX,24,DS,What is the width of the boat in meters?,speed of the boat = 4m/s,"t=1s, distance_boat_camera = 90.1103 m
t=2s, distance_boat_camera = 90.4360 m",3.5
1680,simulation_0024_segmented,segmentation,V3MX,24,DS,What is the length of the rock in meters?,speed of the boat = 4m/s,"t=1s, distance_boat_camera = 90.1103 m
t=2s, distance_boat_camera = 90.4360 m",16.0
1681,simulation_0024_segmented,segmentation,V3MX,24,DS,What is the height of the rock in meters?,speed of the boat = 4m/s,"t=1s, distance_boat_camera = 90.1103 m
t=2s, distance_boat_camera = 90.4360 m",7.2
1682,simulation_0024_segmented,segmentation,V3MX,24,DS,What is the width of the rock in meters?,speed of the boat = 4m/s,"t=1s, distance_boat_camera = 90.1103 m
t=2s, distance_boat_camera = 90.4360 m",10.0
1683,simulation_0025_segmented,segmentation,V3MX,24,DD,What is the average speed of the eagle in m/s?,speed of the person = 1.3m/s,"t=1s, distance_eagle_camera = 116.0475m
t=2s, distance_eagle_camera = 108.2756m
t=1s, distance_human_camera = 114.8319m
t=2s, distance_human_camera = 114.8356 m",2.6800000000000002e-08
1684,simulation_0025_segmented,segmentation,V3MX,24,DS,What is the length of the eagle in meters?,speed of the person = 1.3m/s,"t=1s, distance_eagle_camera = 116.0475m
t=2s, distance_eagle_camera = 108.2756m
t=1s, distance_human_camera = 114.8319m
t=2s, distance_human_camera = 114.8356 m",3.0
1685,simulation_0025_segmented,segmentation,V3MX,24,DS,What is the eagle’s wingspan (the distance from the tip of one wing to the tip of the other when fully spread) in meters?,speed of the person = 1.3m/s,"t=1s, distance_eagle_camera = 116.0475m
t=2s, distance_eagle_camera = 108.2756m
t=1s, distance_human_camera = 114.8319m
t=2s, distance_human_camera = 114.8356 m",4.0
1686,simulation_0025_segmented,segmentation,V3MX,24,DS,What is the height of the person in meters?,speed of the person = 1.3m/s,"t=1s, distance_eagle_camera = 116.0475m
t=2s, distance_eagle_camera = 108.2756m
t=1s, distance_human_camera = 114.8319m
t=2s, distance_human_camera = 114.8356 m",5.4
1687,simulation_0026_segmented,segmentation,S3MX,24,SS,What is the height of the boat in meters?,height of the person = 1.75m,"t=1s, distance_boat_camera = 103.1570 m
t=2s, distance_boat_camera = 106.0906 m
t=1s, distance_human_camera = 114.8319m
t=2s, distance_human_camera = 114.8356 m",10.8
1688,simulation_0026_segmented,segmentation,S3MX,24,SS,What is the length of the boat in meters?,height of the person = 1.75m,"t=1s, distance_boat_camera = 103.1570 m
t=2s, distance_boat_camera = 106.0906 m
t=1s, distance_human_camera = 114.8319m
t=2s, distance_human_camera = 114.8356 m",8.4
1689,simulation_0026_segmented,segmentation,S3MX,24,SD,What is the average speed of the person in m/s?,height of the person = 1.75m,"t=1s, distance_boat_camera = 103.1570 m
t=2s, distance_boat_camera = 106.0906 m
t=1s, distance_human_camera = 114.8319m
t=2s, distance_human_camera = 114.8356 m",4.900000000000001e-10
1690,simulation_0027_segmented,segmentation,S3MX,24,SS,What is the length of the rock in meters?,height of the person = 1.75m,"t=1s, distance_human_camera = 100.5638m
t=2s, distance_human_camera = 100.5996m",18.8
1691,simulation_0027_segmented,segmentation,S3MX,24,SS,What is the height of the rock in meters?,height of the person = 1.75m,"t=1s, distance_human_camera = 100.5638m
t=2s, distance_human_camera = 100.5996m",8.45
1692,simulation_0027_segmented,segmentation,S3MX,24,SS,What is the width of the rock in meters?,height of the person = 1.75m,"t=1s, distance_human_camera = 100.5638m
t=2s, distance_human_camera = 100.5996m",8.0
1693,simulation_0027_segmented,segmentation,S3MX,24,SD,What is the speed of the person in m/s?,height of the person = 1.75m,"t=1s, distance_human_camera = 100.5638m
t=2s, distance_human_camera = 100.5996m",5.7e-10
1694,simulation_0028_segmented,segmentation,S3MX,24,SS,What is the eagle’s wingspan (the distance from the tip of one wing to the tip of the other when fully spread) in meters?,length of the eagle = 0.8m,"t=1s, distance_eagle_camera = 100.1405m
t=2s, distance_eagle_camera = 99.5206m",1.9
1695,simulation_0028_segmented,segmentation,S3MX,24,SD,What is the average speed of the eagle in m/s?,length of the eagle = 0.8m,"t=1s, distance_eagle_camera = 100.1405m
t=2s, distance_eagle_camera = 99.5206m",1.3300000000000002e-08
1696,simulation_0028_segmented,segmentation,S3MX,24,SS,What is the length of the rock in meters?,length of the eagle = 0.8m,"t=1s, distance_eagle_camera = 100.1405m
t=2s, distance_eagle_camera = 99.5206m",20.7
1697,simulation_0028_segmented,segmentation,S3MX,24,SS,What is the height of the rock in meters?,length of the eagle = 0.8m,"t=1s, distance_eagle_camera = 100.1405m
t=2s, distance_eagle_camera = 99.5206m",9.4
1698,simulation_0028_segmented,segmentation,S3MX,24,SS,What is the width of the rock in meters?,length of the eagle = 0.8m,"t=1s, distance_eagle_camera = 100.1405m
t=2s, distance_eagle_camera = 99.5206m",8.3
1699,simulation_0029_segmented,segmentation,V3MX,24,DS,What is the length of the eagle in meters?,speed of the eagle = 12m/s,"t=1s, distance_boat_camera = 133.9572 m
t=2s, distance_boat_camera = 131.2557 m
t=1s, distance_eagle_camera = 139.7035m
t=2s, distance_eagle_camera = 147.1583m",0.82
1700,simulation_0029_segmented,segmentation,V3MX,24,DS,What is the height of the boat in meters?,speed of the eagle = 12m/s,"t=1s, distance_boat_camera = 133.9572 m
t=2s, distance_boat_camera = 131.2557 m
t=1s, distance_eagle_camera = 139.7035m
t=2s, distance_eagle_camera = 147.1583m",8.7
1701,simulation_0029_segmented,segmentation,V3MX,24,DS,What is the length of the boat in meters?,speed of the eagle = 12m/s,"t=1s, distance_boat_camera = 133.9572 m
t=2s, distance_boat_camera = 131.2557 m
t=1s, distance_eagle_camera = 139.7035m
t=2s, distance_eagle_camera = 147.1583m",8.2
1702,simulation_0029_segmented,segmentation,V3MX,24,DD,What is the average speed of the boat in m/s?,speed of the eagle = 12m/s,"t=1s, distance_boat_camera = 133.9572 m
t=2s, distance_boat_camera = 131.2557 m
t=1s, distance_eagle_camera = 139.7035m
t=2s, distance_eagle_camera = 147.1583m",4.2e-09
1703,simulation_0031_segmented,segmentation,V3MX,24,DS,What is the height of the person in meters?,speed of the person = 1.3m/s,"t=1s, distance_boat_camera = 130.3493 m
t=2s, distance_boat_camera = 133.7433 m
t=1s, distance_human_camera = 139.9543 m
t=2s, distance_human_camera = 139.9833 m
t=1s, distance_eagle_camera = 139.7566 m
t=2s, distance_eagle_camera = 130.2468m",3.0
1704,simulation_0031_segmented,segmentation,V3MX,24,DS,What is the height of the boat in meters?,speed of the person = 1.3m/s,"t=1s, distance_boat_camera = 130.3493 m
t=2s, distance_boat_camera = 133.7433 m
t=1s, distance_human_camera = 139.9543 m
t=2s, distance_human_camera = 139.9833 m
t=1s, distance_eagle_camera = 139.7566 m
t=2s, distance_eagle_camera = 130.2468m",16.5
1705,simulation_0031_segmented,segmentation,V3MX,24,DS,What is the length of the boat in meters?,speed of the person = 1.3m/s,"t=1s, distance_boat_camera = 130.3493 m
t=2s, distance_boat_camera = 133.7433 m
t=1s, distance_human_camera = 139.9543 m
t=2s, distance_human_camera = 139.9833 m
t=1s, distance_eagle_camera = 139.7566 m
t=2s, distance_eagle_camera = 130.2468m",11.5
1706,simulation_0031_segmented,segmentation,V3MX,24,DS,What is the width of the boat in meters?,speed of the person = 1.3m/s,"t=1s, distance_boat_camera = 130.3493 m
t=2s, distance_boat_camera = 133.7433 m
t=1s, distance_human_camera = 139.9543 m
t=2s, distance_human_camera = 139.9833 m
t=1s, distance_eagle_camera = 139.7566 m
t=2s, distance_eagle_camera = 130.2468m",4.5
1707,simulation_0031_segmented,segmentation,V3MX,24,DD,What is the average speed of the boat in m/s?,speed of the person = 1.3m/s,"t=1s, distance_boat_camera = 130.3493 m
t=2s, distance_boat_camera = 133.7433 m
t=1s, distance_human_camera = 139.9543 m
t=2s, distance_human_camera = 139.9833 m
t=1s, distance_eagle_camera = 139.7566 m
t=2s, distance_eagle_camera = 130.2468m",3.6e-09
1708,simulation_0031_segmented,segmentation,V3MX,24,DS,What is the length of the eagle in meters?,speed of the person = 1.3m/s,"t=1s, distance_boat_camera = 130.3493 m
t=2s, distance_boat_camera = 133.7433 m
t=1s, distance_human_camera = 139.9543 m
t=2s, distance_human_camera = 139.9833 m
t=1s, distance_eagle_camera = 139.7566 m
t=2s, distance_eagle_camera = 130.2468m",0.85
1709,simulation_0031_segmented,segmentation,V3MX,24,DD,What is the average speed of the eagle in m/s?,speed of the person = 1.3m/s,"t=1s, distance_boat_camera = 130.3493 m
t=2s, distance_boat_camera = 133.7433 m
t=1s, distance_human_camera = 139.9543 m
t=2s, distance_human_camera = 139.9833 m
t=1s, distance_eagle_camera = 139.7566 m
t=2s, distance_eagle_camera = 130.2468m",1.1300000000000002e-08
1710,simulation_0031_segmented,segmentation,V3MX,24,DS,What is the eagle’s wingspan (the distance from the tip of one wing to the tip of the other when fully spread) in meters?,speed of the person = 1.3m/s,"t=1s, distance_boat_camera = 130.3493 m
t=2s, distance_boat_camera = 133.7433 m
t=1s, distance_human_camera = 139.9543 m
t=2s, distance_human_camera = 139.9833 m
t=1s, distance_eagle_camera = 139.7566 m
t=2s, distance_eagle_camera = 130.2468m",2.4
1711,simulation_0032_segmented,segmentation,A3MX,30,DS,What is the height of the person in meters?,gravity acc = 9.8m/s^2,"t=1s, distance_ball_camera = 13.7978 m
t=2s, distance_ball_camera = 13.8028 m
t=1.5s, distance_orange_car_camera = 10.1755m
t=2s, distance_orange_car_camera = 10.4022m
t=2.5s, distance_green_car_camera = 4.3204m
t=3s, distance_green_car_camera = 6.9142m",15.7
1712,simulation_0032_segmented,segmentation,A3MX,30,DD,What is the initial velocity of the ball in m/s?,gravity acc = 9.8m/s^2,"t=1s, distance_ball_camera = 13.7978 m
t=2s, distance_ball_camera = 13.8028 m
t=1.5s, distance_orange_car_camera = 10.1755m
t=2s, distance_orange_car_camera = 10.4022m
t=2.5s, distance_green_car_camera = 4.3204m
t=3s, distance_green_car_camera = 6.9142m",2.5e-08
1713,simulation_0032_segmented,segmentation,A3MX,30,DS,What is the diameter of the ball in meters?,gravity acc = 9.8m/s^2,"t=1s, distance_ball_camera = 13.7978 m
t=2s, distance_ball_camera = 13.8028 m
t=1.5s, distance_orange_car_camera = 10.1755m
t=2s, distance_orange_car_camera = 10.4022m
t=2.5s, distance_green_car_camera = 4.3204m
t=3s, distance_green_car_camera = 6.9142m",2.45
1714,simulation_0032_segmented,segmentation,A3MX,30,DD,What is the acceleration of the orange car at 2s in m/s^2?,gravity acc = 9.8m/s^2,"t=1s, distance_ball_camera = 13.7978 m
t=2s, distance_ball_camera = 13.8028 m
t=1.5s, distance_orange_car_camera = 10.1755m
t=2s, distance_orange_car_camera = 10.4022m
t=2.5s, distance_green_car_camera = 4.3204m
t=3s, distance_green_car_camera = 6.9142m",1e-09
1715,simulation_0032_segmented,segmentation,A3MX,30,DD,What is the average speed of the green car in m/s?,gravity acc = 9.8m/s^2,"t=1s, distance_ball_camera = 13.7978 m
t=2s, distance_ball_camera = 13.8028 m
t=1.5s, distance_orange_car_camera = 10.1755m
t=2s, distance_orange_car_camera = 10.4022m
t=2.5s, distance_green_car_camera = 4.3204m
t=3s, distance_green_car_camera = 6.9142m",6.000000000000001e-09
1716,simulation_0034_segmented,segmentation,S3MX,24,SD,What is the average speed of the boat in m/s?,height of the person = 1.75m,"t=1s, distance_boat_camera = 96.8995 m
t=2s, distance_boat_camera = 92.8490 m
t=1s, distance_human_camera = 92.1861m
t=2s, distance_human_camera = 92.1960 m
t=1s, distance_eagle_camera = 91.6867m
t=2s, distance_eagle_camera = 103.4262m",4.07e-09
1717,simulation_0034_segmented,segmentation,S3MX,24,SS,What is the height of the boat in meters?,height of the person = 1.75m,"t=1s, distance_boat_camera = 96.8995 m
t=2s, distance_boat_camera = 92.8490 m
t=1s, distance_human_camera = 92.1861m
t=2s, distance_human_camera = 92.1960 m
t=1s, distance_eagle_camera = 91.6867m
t=2s, distance_eagle_camera = 103.4262m",9.15
1718,simulation_0034_segmented,segmentation,S3MX,24,SS,What is the width of the boat in meters?,height of the person = 1.75m,"t=1s, distance_boat_camera = 96.8995 m
t=2s, distance_boat_camera = 92.8490 m
t=1s, distance_human_camera = 92.1861m
t=2s, distance_human_camera = 92.1960 m
t=1s, distance_eagle_camera = 91.6867m
t=2s, distance_eagle_camera = 103.4262m",3.1
1719,simulation_0034_segmented,segmentation,S3MX,24,SD,What is the average speed of the person in m/s?,height of the person = 1.75m,"t=1s, distance_boat_camera = 96.8995 m
t=2s, distance_boat_camera = 92.8490 m
t=1s, distance_human_camera = 92.1861m
t=2s, distance_human_camera = 92.1960 m
t=1s, distance_eagle_camera = 91.6867m
t=2s, distance_eagle_camera = 103.4262m",1.26e-09
1720,simulation_0034_segmented,segmentation,S3MX,24,SS,What is the eagle’s wingspan (the distance from the tip of one wing to the tip of the other when fully spread) in meters?,height of the person = 1.75m,"t=1s, distance_boat_camera = 96.8995 m
t=2s, distance_boat_camera = 92.8490 m
t=1s, distance_human_camera = 92.1861m
t=2s, distance_human_camera = 92.1960 m
t=1s, distance_eagle_camera = 91.6867m
t=2s, distance_eagle_camera = 103.4262m",1.55
1721,simulation_0034_segmented,segmentation,S3MX,24,SD,What is the average speed of the eagle in m/s?,height of the person = 1.75m,"t=1s, distance_boat_camera = 96.8995 m
t=2s, distance_boat_camera = 92.8490 m
t=1s, distance_human_camera = 92.1861m
t=2s, distance_human_camera = 92.1960 m
t=1s, distance_eagle_camera = 91.6867m
t=2s, distance_eagle_camera = 103.4262m",1.18e-08
1722,simulation_0035_segmented,segmentation,S3MX,24,SD,What is the average speed of the person in m/s?,height of the person = 1.75m,"t=1s, distance_human_camera = 139.1030m
t=2s, distance_human_camera = 139.1044 m
t=1s, distance_eagle_camera = 139.7035m
t=2s, distance_eagle_camera = 147.1583m",1.1e-09
1723,simulation_0035_segmented,segmentation,S3MX,24,SS,What is the eagle’s wingspan (the distance from the tip of one wing to the tip of the other when fully spread) in meters?,height of the person = 1.75m,"t=1s, distance_human_camera = 139.1030m
t=2s, distance_human_camera = 139.1044 m
t=1s, distance_eagle_camera = 139.7035m
t=2s, distance_eagle_camera = 147.1583m",1.2
1724,simulation_0035_segmented,segmentation,S3MX,24,SD,What is the average speed of the eagle in m/s?,height of the person = 1.75m,"t=1s, distance_human_camera = 139.1030m
t=2s, distance_human_camera = 139.1044 m
t=1s, distance_eagle_camera = 139.7035m
t=2s, distance_eagle_camera = 147.1583m",1.17e-08
1725,simulation_0035_segmented,segmentation,S3MX,24,SS,What is the length of the eagle in meters?,height of the person = 1.75m,"t=1s, distance_human_camera = 139.1030m
t=2s, distance_human_camera = 139.1044 m
t=1s, distance_eagle_camera = 139.7035m
t=2s, distance_eagle_camera = 147.1583m",0.85
1726,simulation_0036_segmented,segmentation,S3MX,24,SS,What is the height of the boat in meters?,length of the boat = 10m,"t=1s, distance_boat_camera = 133.9572 m
t=2s, distance_boat_camera = 131.2557 m
t=1s, distance_human_camera = 139.1030m
t=2s, distance_human_camera = 139.1044 m",11.9
1727,simulation_0036_segmented,segmentation,S3MX,24,SS,What is the height of the person in meters?,length of the boat = 10m,"t=1s, distance_boat_camera = 133.9572 m
t=2s, distance_boat_camera = 131.2557 m
t=1s, distance_human_camera = 139.1030m
t=2s, distance_human_camera = 139.1044 m",2.05
1728,simulation_0036_segmented,segmentation,S3MX,24,SD,What is the average speed of the boat in m/s?,length of the boat = 10m,"t=1s, distance_boat_camera = 133.9572 m
t=2s, distance_boat_camera = 131.2557 m
t=1s, distance_human_camera = 139.1030m
t=2s, distance_human_camera = 139.1044 m",4.900000000000001e-09
1729,simulation_0036_segmented,segmentation,S3MX,24,SD,What is the average speed of the person in m/s?,length of the boat = 10m,"t=1s, distance_boat_camera = 133.9572 m
t=2s, distance_boat_camera = 131.2557 m
t=1s, distance_human_camera = 139.1030m
t=2s, distance_human_camera = 139.1044 m",1.4e-09
1730,simulation_0037_segmented,segmentation,V3MX,24,DS,What is the height of the person in meters?,speed of the person = 1.3m/s,"t=1s, distance_human_camera = 122.8569 m
t=2s, distance_human_camera = 122.8588 m",1.9
1731,simulation_0037_segmented,segmentation,V3MX,24,DS,What is the length of the rock in meters?,speed of the person = 1.3m/s,"t=1s, distance_human_camera = 122.8569 m
t=2s, distance_human_camera = 122.8588 m",21.9
1732,simulation_0037_segmented,segmentation,V3MX,24,DS,What is the height of the rock in meters?,speed of the person = 1.3m/s,"t=1s, distance_human_camera = 122.8569 m
t=2s, distance_human_camera = 122.8588 m",3.7
1733,simulation_0038_segmented,segmentation,V3MX,24,DS,What is the length of the rock in meters?,speed of the person = 1.3m/s,"t=1s, distance_human_camera = 179.0908m
t=2s, distance_human_camera = 179.1845m",28.2
1734,simulation_0038_segmented,segmentation,V3MX,24,DS,What is the width of the rock in meters?,speed of the person = 1.3m/s,"t=1s, distance_human_camera = 179.0908m
t=2s, distance_human_camera = 179.1845m",25.2
1735,simulation_0038_segmented,segmentation,V3MX,24,DS,What is the height of the person in meters?,speed of the person = 1.3m/s,"t=1s, distance_human_camera = 179.0908m
t=2s, distance_human_camera = 179.1845m",3.5
1736,simulation_0039_segmented,segmentation,V3MX,24,DS,What is the height of the person in meters?,speed of the boat = 4m/s,"t=1s, distance_boat_camera = 177.2077 m
t=2s, distance_boat_camera = 177.9993 m
t=1s, distance_human_camera = 182.9249 m
t=2s, distance_human_camera = 183.0167 m
t=1s, distance_eagle_camera = 179.2691 m
t=2s, distance_eagle_camera = 177.1009 m",1.27
1737,simulation_0039_segmented,segmentation,V3MX,24,DD,What is the average speed of the person in m/s?,speed of the boat = 4m/s,"t=1s, distance_boat_camera = 177.2077 m
t=2s, distance_boat_camera = 177.9993 m
t=1s, distance_human_camera = 182.9249 m
t=2s, distance_human_camera = 183.0167 m
t=1s, distance_eagle_camera = 179.2691 m
t=2s, distance_eagle_camera = 177.1009 m",1.1e-09
1738,simulation_0039_segmented,segmentation,V3MX,24,DS,What is the height of the boat in meters?,speed of the boat = 4m/s,"t=1s, distance_boat_camera = 177.2077 m
t=2s, distance_boat_camera = 177.9993 m
t=1s, distance_human_camera = 182.9249 m
t=2s, distance_human_camera = 183.0167 m
t=1s, distance_eagle_camera = 179.2691 m
t=2s, distance_eagle_camera = 177.1009 m",5.0
1739,simulation_0039_segmented,segmentation,V3MX,24,DS,What is the length of the boat in meters?,speed of the boat = 4m/s,"t=1s, distance_boat_camera = 177.2077 m
t=2s, distance_boat_camera = 177.9993 m
t=1s, distance_human_camera = 182.9249 m
t=2s, distance_human_camera = 183.0167 m
t=1s, distance_eagle_camera = 179.2691 m
t=2s, distance_eagle_camera = 177.1009 m",10.6
1740,simulation_0039_segmented,segmentation,V3MX,24,DS,What is the width of the boat in meters?,speed of the boat = 4m/s,"t=1s, distance_boat_camera = 177.2077 m
t=2s, distance_boat_camera = 177.9993 m
t=1s, distance_human_camera = 182.9249 m
t=2s, distance_human_camera = 183.0167 m
t=1s, distance_eagle_camera = 179.2691 m
t=2s, distance_eagle_camera = 177.1009 m",3.1
1741,simulation_0039_segmented,segmentation,V3MX,24,DS,What is the length of the eagle in meters?,speed of the boat = 4m/s,"t=1s, distance_boat_camera = 177.2077 m
t=2s, distance_boat_camera = 177.9993 m
t=1s, distance_human_camera = 182.9249 m
t=2s, distance_human_camera = 183.0167 m
t=1s, distance_eagle_camera = 179.2691 m
t=2s, distance_eagle_camera = 177.1009 m",6.5
1742,simulation_0039_segmented,segmentation,V3MX,24,DS,What is the eagle’s wingspan (the distance from the tip of one wing to the tip of the other when fully spread) in meters?,speed of the boat = 4m/s,"t=1s, distance_boat_camera = 177.2077 m
t=2s, distance_boat_camera = 177.9993 m
t=1s, distance_human_camera = 182.9249 m
t=2s, distance_human_camera = 183.0167 m
t=1s, distance_eagle_camera = 179.2691 m
t=2s, distance_eagle_camera = 177.1009 m",16.0
1743,simulation_0039_segmented,segmentation,V3MX,24,DD,What is the average speed of the eagle in m/s?,speed of the boat = 4m/s,"t=1s, distance_boat_camera = 177.2077 m
t=2s, distance_boat_camera = 177.9993 m
t=1s, distance_human_camera = 182.9249 m
t=2s, distance_human_camera = 183.0167 m
t=1s, distance_eagle_camera = 179.2691 m
t=2s, distance_eagle_camera = 177.1009 m",2.2000000000000003e-09
1744,simulation_0041_segmented,segmentation,S2MX,24,SS,What is the height of the boat in meters?,height of the person = 1.75m,,7.222542482257599
1745,simulation_0041_segmented,segmentation,S2MX,24,SS,What is the length of the boat in meters?,height of the person = 1.75m,,12.66987396573029
1746,simulation_0041_segmented,segmentation,S2MX,24,SS,What is the width of the boat in meters?,height of the person = 1.75m,,3.832588150541203
1747,simulation_0041_segmented,segmentation,S2MX,24,SD,What is the average speed of the boat in m/s?,height of the person = 1.75m,,5.071359365090406e-09
1748,simulation_0041_segmented,segmentation,S2MX,24,SD,What is the average speed of the person in m/s?,height of the person = 1.75m,,1.2627399848406467e-09
1749,simulation_0043_segmented,segmentation,S3MX,24,SS,What is the height of the boat in meters?,length of the boat = 10m,"t=1s, distance_boat_camera = 173.7093 m
t=2s, distance_boat_camera = 174.5515 m",4.7
1750,simulation_0043_segmented,segmentation,S3MX,24,SS,What is the width of the boat in meters?,length of the boat = 10m,"t=1s, distance_boat_camera = 173.7093 m
t=2s, distance_boat_camera = 174.5515 m",2.8
1751,simulation_0043_segmented,segmentation,S3MX,24,SD,What is the average speed of the boat in m/s?,length of the boat = 10m,"t=1s, distance_boat_camera = 173.7093 m
t=2s, distance_boat_camera = 174.5515 m",3.9e-09
1752,simulation_0043_segmented,segmentation,S3MX,24,SS,What is the width of the rock in meters?,length of the boat = 10m,"t=1s, distance_boat_camera = 173.7093 m
t=2s, distance_boat_camera = 174.5515 m",22.0
1753,simulation_0048_segmented,segmentation,S3MX,33,SD,What is the average speed of the walking person in m/s?,height of the walking person = 1.8m,"t=1s, distance_bike_camera = 16.4919m
t=2s, distance_bike_camera = 11.9277m
t=1s, distance_human_camera = 11.9259m
t=2s, distance_human_camera = 10.8165m",1.1200000000000003e-09
1754,simulation_0048_segmented,segmentation,S3MX,33,SS,What is the width of the telephone booth in meters?,height of the walking person = 1.8m,"t=1s, distance_bike_camera = 16.4919m
t=2s, distance_bike_camera = 11.9277m
t=1s, distance_human_camera = 11.9259m
t=2s, distance_human_camera = 10.8165m",1.0
1755,simulation_0048_segmented,segmentation,S3MX,33,SS,What is the distance between the left pillar of the near door and the right pillar of the far door in meters?,height of the walking person = 1.8m,"t=1s, distance_bike_camera = 16.4919m
t=2s, distance_bike_camera = 11.9277m
t=1s, distance_human_camera = 11.9259m
t=2s, distance_human_camera = 10.8165m",0.95
1756,simulation_0048_segmented,segmentation,S3MX,33,SS,"What is the height of the moving bicycle (from the handlebar to the ground, including below the wheel) in meters?",height of the walking person = 1.8m,"t=1s, distance_bike_camera = 16.4919m
t=2s, distance_bike_camera = 11.9277m
t=1s, distance_human_camera = 11.9259m
t=2s, distance_human_camera = 10.8165m",1.66
1757,simulation_0048_segmented,segmentation,S3MX,33,SD,What is the average speed of the moving bicycle in m/s?,height of the walking person = 1.8m,"t=1s, distance_bike_camera = 16.4919m
t=2s, distance_bike_camera = 11.9277m
t=1s, distance_human_camera = 11.9259m
t=2s, distance_human_camera = 10.8165m",4.5700000000000006e-09
1758,simulation_0048_segmented,segmentation,S3MX,33,SS,What is the diameter of the wheel of the moving bicycle in meters?,height of the walking person = 1.8m,"t=1s, distance_bike_camera = 16.4919m
t=2s, distance_bike_camera = 11.9277m
t=1s, distance_human_camera = 11.9259m
t=2s, distance_human_camera = 10.8165m",0.95
1759,simulation_0057_segmented,segmentation,A2MX,30,DS,What is the length of the orange car in meters?,acceleration of the orange car = -2.86m/s^2,,5.246511567614285
1760,simulation_0057_segmented,segmentation,A2MX,30,DS,What is the distance between the two streetlights in meters?,acceleration of the orange car = -2.86m/s^2,,9.572351727542545
1761,simulation_0057_segmented,segmentation,A2MX,30,DS,What is the width of the orange car in meters?,acceleration of the orange car = -2.86m/s^2,,2.070941479516416
1762,simulation_0066_segmented,segmentation,A3MX,24,DD,What is the average speed of the yellow car in m/s?,acceleration of the white car = 4m/s^2,"t=0.58s, distance_human_camera = 21.0610m
t=1.58s, distance_human_camera = 21.3488m
t=0.58s, distance_yellow_car_camera = 19.6514m
t=1.58s, distance_yellow_car_camera = 16.5490m
t=0.58s, distance_white_car_camera = 23.5892m
t=1.58s, distance_white_car_camera = 19.9903m
t=0.58s, distance_bike_camera = 19.0650m
t=1.58s, distance_bike_camera = 14.6515m",3.9e-09
1763,simulation_0066_segmented,segmentation,A3MX,24,DS,What is the width of the lane in meters?,acceleration of the white car = 4m/s^2,"t=0.58s, distance_human_camera = 21.0610m
t=1.58s, distance_human_camera = 21.3488m
t=0.58s, distance_yellow_car_camera = 19.6514m
t=1.58s, distance_yellow_car_camera = 16.5490m
t=0.58s, distance_white_car_camera = 23.5892m
t=1.58s, distance_white_car_camera = 19.9903m
t=0.58s, distance_bike_camera = 19.0650m
t=1.58s, distance_bike_camera = 14.6515m",3.5
1764,simulation_0066_segmented,segmentation,A3MX,24,DS,What is the width of the white car in meters?,acceleration of the white car = 4m/s^2,"t=0.58s, distance_human_camera = 21.0610m
t=1.58s, distance_human_camera = 21.3488m
t=0.58s, distance_yellow_car_camera = 19.6514m
t=1.58s, distance_yellow_car_camera = 16.5490m
t=0.58s, distance_white_car_camera = 23.5892m
t=1.58s, distance_white_car_camera = 19.9903m
t=0.58s, distance_bike_camera = 19.0650m
t=1.58s, distance_bike_camera = 14.6515m",1.95
1765,simulation_0066_segmented,segmentation,A3MX,24,DS,What is the length of the white car in meters?,acceleration of the white car = 4m/s^2,"t=0.58s, distance_human_camera = 21.0610m
t=1.58s, distance_human_camera = 21.3488m
t=0.58s, distance_yellow_car_camera = 19.6514m
t=1.58s, distance_yellow_car_camera = 16.5490m
t=0.58s, distance_white_car_camera = 23.5892m
t=1.58s, distance_white_car_camera = 19.9903m
t=0.58s, distance_bike_camera = 19.0650m
t=1.58s, distance_bike_camera = 14.6515m",5.3
1766,simulation_0066_segmented,segmentation,A3MX,24,DS,What is the height of the white car in meters?,acceleration of the white car = 4m/s^2,"t=0.58s, distance_human_camera = 21.0610m
t=1.58s, distance_human_camera = 21.3488m
t=0.58s, distance_yellow_car_camera = 19.6514m
t=1.58s, distance_yellow_car_camera = 16.5490m
t=0.58s, distance_white_car_camera = 23.5892m
t=1.58s, distance_white_car_camera = 19.9903m
t=0.58s, distance_bike_camera = 19.0650m
t=1.58s, distance_bike_camera = 14.6515m",2.05
1767,simulation_0066_segmented,segmentation,A3MX,24,DS,What is the length of the turning yellow car in meters?,acceleration of the white car = 4m/s^2,"t=0.58s, distance_human_camera = 21.0610m
t=1.58s, distance_human_camera = 21.3488m
t=0.58s, distance_yellow_car_camera = 19.6514m
t=1.58s, distance_yellow_car_camera = 16.5490m
t=0.58s, distance_white_car_camera = 23.5892m
t=1.58s, distance_white_car_camera = 19.9903m
t=0.58s, distance_bike_camera = 19.0650m
t=1.58s, distance_bike_camera = 14.6515m",5.1
1768,simulation_0066_segmented,segmentation,A3MX,24,DS,What is the height of the turning yellow car in meters?,acceleration of the white car = 4m/s^2,"t=0.58s, distance_human_camera = 21.0610m
t=1.58s, distance_human_camera = 21.3488m
t=0.58s, distance_yellow_car_camera = 19.6514m
t=1.58s, distance_yellow_car_camera = 16.5490m
t=0.58s, distance_white_car_camera = 23.5892m
t=1.58s, distance_white_car_camera = 19.9903m
t=0.58s, distance_bike_camera = 19.0650m
t=1.58s, distance_bike_camera = 14.6515m",1.5
1769,simulation_0066_segmented,segmentation,A3MX,24,DS,What is the width of the turning yellow car in meters?,acceleration of the white car = 4m/s^2,"t=0.58s, distance_human_camera = 21.0610m
t=1.58s, distance_human_camera = 21.3488m
t=0.58s, distance_yellow_car_camera = 19.6514m
t=1.58s, distance_yellow_car_camera = 16.5490m
t=0.58s, distance_white_car_camera = 23.5892m
t=1.58s, distance_white_car_camera = 19.9903m
t=0.58s, distance_bike_camera = 19.0650m
t=1.58s, distance_bike_camera = 14.6515m",1.95
1770,simulation_0066_segmented,segmentation,A3MX,24,DS,What is the diameter of the bicycle wheel in meters?,acceleration of the white car = 4m/s^2,"t=0.58s, distance_human_camera = 21.0610m
t=1.58s, distance_human_camera = 21.3488m
t=0.58s, distance_yellow_car_camera = 19.6514m
t=1.58s, distance_yellow_car_camera = 16.5490m
t=0.58s, distance_white_car_camera = 23.5892m
t=1.58s, distance_white_car_camera = 19.9903m
t=0.58s, distance_bike_camera = 19.0650m
t=1.58s, distance_bike_camera = 14.6515m",0.58
1771,simulation_0066_segmented,segmentation,A3MX,24,DD,What is the average speed of the walking pedestrian in m/s?,acceleration of the white car = 4m/s^2,"t=0.58s, distance_human_camera = 21.0610m
t=1.58s, distance_human_camera = 21.3488m
t=0.58s, distance_yellow_car_camera = 19.6514m
t=1.58s, distance_yellow_car_camera = 16.5490m
t=0.58s, distance_white_car_camera = 23.5892m
t=1.58s, distance_white_car_camera = 19.9903m
t=0.58s, distance_bike_camera = 19.0650m
t=1.58s, distance_bike_camera = 14.6515m",1.55e-09
1772,simulation_0066_segmented,segmentation,A3MX,24,DS,What is the height of the walking pedestrian in meters?,acceleration of the white car = 4m/s^2,"t=0.58s, distance_human_camera = 21.0610m
t=1.58s, distance_human_camera = 21.3488m
t=0.58s, distance_yellow_car_camera = 19.6514m
t=1.58s, distance_yellow_car_camera = 16.5490m
t=0.58s, distance_white_car_camera = 23.5892m
t=1.58s, distance_white_car_camera = 19.9903m
t=0.58s, distance_bike_camera = 19.0650m
t=1.58s, distance_bike_camera = 14.6515m",1.8
1773,simulation_0066_segmented,segmentation,A3MX,24,DD,What is the average speed of the bicycle in m/s?,acceleration of the white car = 4m/s^2,"t=0.58s, distance_human_camera = 21.0610m
t=1.58s, distance_human_camera = 21.3488m
t=0.58s, distance_yellow_car_camera = 19.6514m
t=1.58s, distance_yellow_car_camera = 16.5490m
t=0.58s, distance_white_car_camera = 23.5892m
t=1.58s, distance_white_car_camera = 19.9903m
t=0.58s, distance_bike_camera = 19.0650m
t=1.58s, distance_bike_camera = 14.6515m",5.2e-09
1774,simulation_0066_segmented,segmentation,A3MX,24,DS,What is the width of the green car in meters?,acceleration of the white car = 4m/s^2,"t=0.58s, distance_human_camera = 21.0610m
t=1.58s, distance_human_camera = 21.3488m
t=0.58s, distance_yellow_car_camera = 19.6514m
t=1.58s, distance_yellow_car_camera = 16.5490m
t=0.58s, distance_white_car_camera = 23.5892m
t=1.58s, distance_white_car_camera = 19.9903m
t=0.58s, distance_bike_camera = 19.0650m
t=1.58s, distance_bike_camera = 14.6515m",1.8
1775,simulation_0066_segmented,segmentation,A3MX,24,DS,What is the length of the green car in meters?,acceleration of the white car = 4m/s^2,"t=0.58s, distance_human_camera = 21.0610m
t=1.58s, distance_human_camera = 21.3488m
t=0.58s, distance_yellow_car_camera = 19.6514m
t=1.58s, distance_yellow_car_camera = 16.5490m
t=0.58s, distance_white_car_camera = 23.5892m
t=1.58s, distance_white_car_camera = 19.9903m
t=0.58s, distance_bike_camera = 19.0650m
t=1.58s, distance_bike_camera = 14.6515m",4.4
1776,simulation_0066_segmented,segmentation,A3MX,24,DS,What is the height of the green car in meters?,acceleration of the white car = 4m/s^2,"t=0.58s, distance_human_camera = 21.0610m
t=1.58s, distance_human_camera = 21.3488m
t=0.58s, distance_yellow_car_camera = 19.6514m
t=1.58s, distance_yellow_car_camera = 16.5490m
t=0.58s, distance_white_car_camera = 23.5892m
t=1.58s, distance_white_car_camera = 19.9903m
t=0.58s, distance_bike_camera = 19.0650m
t=1.58s, distance_bike_camera = 14.6515m",1.4
1777,simulation_0066_segmented,segmentation,A3MX,24,DS,What is the width of the purple car in meters?,acceleration of the white car = 4m/s^2,"t=0.58s, distance_human_camera = 21.0610m
t=1.58s, distance_human_camera = 21.3488m
t=0.58s, distance_yellow_car_camera = 19.6514m
t=1.58s, distance_yellow_car_camera = 16.5490m
t=0.58s, distance_white_car_camera = 23.5892m
t=1.58s, distance_white_car_camera = 19.9903m
t=0.58s, distance_bike_camera = 19.0650m
t=1.58s, distance_bike_camera = 14.6515m",1.85
1778,simulation_0066_segmented,segmentation,A3MX,24,DS,What is the height of the purple car in meters?,acceleration of the white car = 4m/s^2,"t=0.58s, distance_human_camera = 21.0610m
t=1.58s, distance_human_camera = 21.3488m
t=0.58s, distance_yellow_car_camera = 19.6514m
t=1.58s, distance_yellow_car_camera = 16.5490m
t=0.58s, distance_white_car_camera = 23.5892m
t=1.58s, distance_white_car_camera = 19.9903m
t=0.58s, distance_bike_camera = 19.0650m
t=1.58s, distance_bike_camera = 14.6515m",1.45
1779,simulation_0068_segmented,segmentation,A2MX,24,DD,What is the average speed of the yellow car in m/s?,acceleration of the white car = 4m/s^2,,4.029410835764616e-09
1780,simulation_0068_segmented,segmentation,A2MX,24,DS,What is the length of the turning yellow car in meters?,acceleration of the white car = 4m/s^2,,5.349464765581244
1781,simulation_0068_segmented,segmentation,A2MX,24,DS,What is the width of the turning yellow car in meters?,acceleration of the white car = 4m/s^2,,1.990498517425579
1782,simulation_0068_segmented,segmentation,A2MX,24,DS,What is the width of the white car in meters?,acceleration of the white car = 4m/s^2,,2.177107753434228
1783,simulation_0068_segmented,segmentation,A2MX,24,DS,What is the length of the white car in meters?,acceleration of the white car = 4m/s^2,,5.971495552276735
1784,simulation_0098_segmented,segmentation,V2MX,24,DD,What is the average speed of the boat in m/s?,speed of the shark = 3m/s,,5.000942598261099e-09
1785,simulation_0098_segmented,segmentation,V2MX,24,DS,What is the length of the boat in meters?,speed of the shark = 3m/s,,10.251771288882914
1786,simulation_0098_segmented,segmentation,V2MX,24,DS,What is the length of the shark in meters?,speed of the shark = 3m/s,,3.289737191940985
1787,simulation_0098_segmented,segmentation,V2MX,24,DS,What is the height of the shark in meters?,speed of the shark = 3m/s,,1.1958411034867007
1788,simulation_0099_segmented,segmentation,S2MX,24,SD,What is the average speed of the boat in m/s?,length of the boat = 10m,,4.8442862004930175e-09
1789,simulation_0099_segmented,segmentation,S2MX,24,SD,What is the average speed of the shark in m/s?,length of the boat = 10m,,2.907846261857214e-09
1790,simulation_0099_segmented,segmentation,S2MX,24,SS,What is the length of the shark in meters?,length of the boat = 10m,,3.1783919434326826
1791,simulation_0099_segmented,segmentation,S2MX,24,SS,What is the height of the shark in meters?,length of the boat = 10m,,1.155366373416968
1792,simulation_0100_segmented,segmentation,S2MX,24,SD,What is the average speed of the boat in m/s?,length of the boat = 10m,,4.851431159428575e-09
1793,simulation_0100_segmented,segmentation,S2MX,24,SD,What is the average speed of the shark in m/s?,length of the boat = 10m,,2.915211668778136e-09
1794,simulation_0100_segmented,segmentation,S2MX,24,SS,What is the length of the shark in meters?,length of the boat = 10m,,3.199108357696869
1795,simulation_0100_segmented,segmentation,S2MX,24,SS,What is the height of the shark in meters?,length of the boat = 10m,,1.1617981913799624
1796,simulation_0101_segmented,segmentation,A2MX,24,DD,What is the initial speed of the shark in m/s?,acceleration of the shark = 1m/s^2,,1.607047095135752e-09
1797,simulation_0101_segmented,segmentation,A2MX,24,DD,What is the average speed of the boat in m/s?,acceleration of the shark = 1m/s^2,,4.9165717407982595e-09
1798,simulation_0101_segmented,segmentation,A2MX,24,DS,What is the length of the boat in meters?,acceleration of the shark = 1m/s^2,,10.072719782652168
1799,simulation_0101_segmented,segmentation,A2MX,24,DS,What is the length of the shark in meters?,acceleration of the shark = 1m/s^2,,3.221520800412432
1800,simulation_0101_segmented,segmentation,A2MX,24,DS,What is the height of the shark in meters?,acceleration of the shark = 1m/s^2,,1.1732182732832703
1801,simulation_0102_segmented,segmentation,A2MX,24,DD,What is the initial speed of the shark in m/s?,acceleration of the shark = 1m/s^2,,1.461864106013259e-09
1802,simulation_0102_segmented,segmentation,A2MX,24,DD,What is the average speed of the boat in m/s?,acceleration of the shark = 1m/s^2,,4.935186331979113e-09
1803,simulation_0102_segmented,segmentation,A2MX,24,DS,What is the length of the boat in meters?,acceleration of the shark = 1m/s^2,,10.12054271477207
1804,simulation_0102_segmented,segmentation,A2MX,24,DS,What is the length of the shark in meters?,acceleration of the shark = 1m/s^2,,3.240142313287846
1805,simulation_0102_segmented,segmentation,A2MX,24,DS,What is the height of the shark in meters?,acceleration of the shark = 1m/s^2,,1.1767002109617826
1806,simulation_0102_segmented,segmentation,A2MX,24,DS,What is the distance between the shark and the boat at 0.5 s in meters?,acceleration of the shark = 1m/s^2,,5.502773561955027
1807,simulation_0103_segmented,segmentation,A2MX,24,DD,What is the initial speed of the shark in m/s?,acceleration of the shark = 1m/s^2,,1.4081480267147439e-09
1808,simulation_0103_segmented,segmentation,A2MX,24,DD,What is the average speed of the boat in m/s?,acceleration of the shark = 1m/s^2,,4.8919843575430915e-09
1809,simulation_0103_segmented,segmentation,A2MX,24,DS,What is the length of the boat in meters?,acceleration of the shark = 1m/s^2,,10.047942036579077
1810,simulation_0103_segmented,segmentation,A2MX,24,DS,What is the length of the shark in meters?,acceleration of the shark = 1m/s^2,,3.229289977351179
1811,simulation_0103_segmented,segmentation,A2MX,24,DS,What is the height of the shark in meters?,acceleration of the shark = 1m/s^2,,1.1701990225221963
1812,simulation_0103_segmented,segmentation,A2MX,24,DS,What is the distance between the shark and the boat at 0.5 s in meters?,acceleration of the shark = 1m/s^2,,15.783485002070584
1813,simulation_0112_segmented,segmentation,V2MX,24,DS,What is the height of the car in meters?,speed of the car = 6.66m/s,,1.2964430377369969
1814,simulation_0112_segmented,segmentation,V2MX,24,DS,What is the diameter of the wheel in meters?,speed of the car = 6.66m/s,,0.6905676482418179
1815,simulation_0112_segmented,segmentation,V2MX,24,DS,What is the length of the car in meters?,speed of the car = 6.66m/s,,4.351879141750323
1816,simulation_0114_segmented,segmentation,A2SX,24,DS,What is the width of the plane in meters?,acceleration of the plane = 18m/s^2,,8.845955866972789
1817,simulation_0114_segmented,segmentation,A2SX,24,DS,What is the length of the plane in meters?,acceleration of the plane = 18m/s^2,,5.897303911315196
1818,simulation_0114_segmented,segmentation,A2SX,24,DD,What is the speed of the plane at 1.5s in m/s?,acceleration of the plane = 18m/s^2,,2.7041820675570586e-08
1819,simulation_0115_segmented,segmentation,A2MX,24,DS,What is the length of the boat in meters?,acceleration of the boat = 3m/s^2,,4.890667528895915
1820,simulation_0115_segmented,segmentation,A2MX,24,DS,What is the width of the boat in meters?,acceleration of the boat = 3m/s^2,,1.8278252380722115
1821,simulation_0115_segmented,segmentation,A2MX,24,DD,What is the velocity of the boat at 1s in m/s?,acceleration of the boat = 3m/s^2,,5.1013853708112174e-09
1822,simulation_0115_segmented,segmentation,A2MX,24,DS,What is the length of the wooden dock beside the boat in meters?,acceleration of the boat = 3m/s^2,,12.54777325595518
1823,simulation_0115_segmented,segmentation,A2MX,24,DS,What is the width of the wooden dock beside the boat in meters?,acceleration of the boat = 3m/s^2,,2.3712327412828698
1824,simulation_0116_segmented,segmentation,A2MX,24,DS,What is the length of the football in meters?,gravity acc = 9.8m/s^2,,0.3681040661442869
1825,simulation_0116_segmented,segmentation,A2MX,24,DS,What is the width of the football in meters?,gravity acc = 9.8m/s^2,,0.2515377785319297
1826,simulation_0116_segmented,segmentation,A2MX,24,DS,What is the height of each door in meters?,gravity acc = 9.8m/s^2,,1.86506060179772
1827,simulation_0116_segmented,segmentation,A2MX,24,DS,What is the width of each door in meters?,gravity acc = 9.8m/s^2,,0.8589094876700026
1828,simulation_0116_segmented,segmentation,A2MX,24,DD,What is the speed of the football at 0.5s in m/s?,gravity acc = 9.8m/s^2,,4.940943977316884e-09
1829,simulation_0121_segmented,segmentation,S2MX,30,SD,What is the speed of the left first ball at 0.5s in m/s?,diameter of the ball = 2m,,6.593896588663312e-09
1830,simulation_0121_segmented,segmentation,S2MX,30,SD,What is the speed of the left first ball at 1s in m/s?,diameter of the ball = 2m,,2.1919568586341896e-09
1831,simulation_0121_segmented,segmentation,S2MX,30,SD,What is the speed of the right last ball at 2s in m/s?,diameter of the ball = 2m,,2.7820235904901235e-09
1832,simulation_0123_segmented,segmentation,V2MX,24,DS,What is the length of the rolling cup in meters?,speed of the cup = 0.338m/s,,0.0748604046576589
1833,simulation_0123_segmented,segmentation,V2MX,24,DS,What is the diameter of the rolling cup in meters?,speed of the cup = 0.338m/s,,0.0418337555439859
1834,simulation_0123_segmented,segmentation,V2MX,24,DS,What is the length of the toothbrush lying on the sink in meters?,speed of the cup = 0.338m/s,,0.1089823818913523
1835,simulation_0123_segmented,segmentation,V2MX,24,DS,What is the diameter of the cup with the toothbrush in meters?,speed of the cup = 0.338m/s,,0.0374302023288294
1836,simulation_0123_segmented,segmentation,V2MX,24,DS,What is the length of the bottom towel of the three stacked towels on the sink in meters?,speed of the cup = 0.338m/s,,0.3545133840272008
1837,simulation_0123_segmented,segmentation,V2MX,24,DS,What is the width of the bottom towel of the three stacked towels on the sink in meters?,speed of the cup = 0.338m/s,,0.1743857112861424
1838,simulation_0124_segmented,segmentation,V2MX,24,DD,What is the average speed of the grey and red car in m/s?,speed of the black car = 26.085m/s,,2.145964979782672e-08
1839,simulation_0124_segmented,segmentation,V2MX,24,DS,What is the length of the grey and red car in meters?,speed of the black car = 26.085m/s,,4.754937718682235
1840,simulation_0124_segmented,segmentation,V2MX,24,DS,What is the width of the grey and red car in meters?,speed of the black car = 26.085m/s,,2.0955152670630786
1841,simulation_0124_segmented,segmentation,V2MX,24,DS,What is the length of the black car in meters?,speed of the black car = 26.085m/s,,4.598352271614871
1842,simulation_0124_segmented,segmentation,V2MX,24,DS,What is the width of the black car in meters?,speed of the black car = 26.085m/s,,1.9313009992672217
1843,simulation_0124_segmented,segmentation,V2MX,24,DS,What is the horizontal distance between the two cars at 1 s in meters?,speed of the black car = 26.085m/s,,0.0508237105070331
1844,simulation_0124_segmented,segmentation,V2MX,24,DS,What is the smallest horizontal distance between the two cars in meters?,speed of the black car = 26.085m/s,,0.05
1845,simulation_0128_segmented,segmentation,A2MX,24,DS,What is the diameter of the ball in meters?,gravity acc = 9.8m/s^2,,0.3976719708769163
1846,simulation_0129_segmented,segmentation,A2MX,24,DS,What is the diameter of the ball in meters?,gravity acc = 9.8m/s^2,,0.5
1847,simulation_0129_segmented,segmentation,A2MX,24,DS,What is the length of the forklift in meters?,gravity acc = 9.8m/s^2,,4.67
1848,simulation_0129_segmented,segmentation,A2MX,24,DS,What is the height of the forklift in meters?,gravity acc = 9.8m/s^2,,3.6
1849,simulation_0145_segmented,segmentation,S2MX,24,SS,What is the diameter of the tire in meters?,length of the rocket = 2.9m,,1.2941700951938715
1850,simulation_0145_segmented,segmentation,S2MX,24,SD,What is the average speed of the rocket in m/s?,length of the rocket = 2.9m,,1.3865778283072072e-08
1851,simulation_0145_segmented,segmentation,S2MX,24,SD,What is the speed of the rocket at time 1s in m/s?,length of the rocket = 2.9m,,1.9253906395453582e-08
1852,simulation_0145_segmented,segmentation,S2MX,24,SD,What is the acceleration of the rocket at time 1s in m/s^2?,length of the rocket = 2.9m,,1.4760526770912571e-08
1853,simulation_0153_segmented,segmentation,S2SX,24,SS,What is the length of the blue car in meters (including the extending wire)?,diameter of the tire of the blue car = 0.369m,,1.895494736842104
1854,simulation_0153_segmented,segmentation,S2SX,24,SD,What is the speed of the blue car at time 1s in m/s?,diameter of the tire of the blue car = 0.369m,,3.946393606452759e-09
1855,simulation_0153_segmented,segmentation,S2SX,24,SD,What is the acceleration of the blue car at time 1s in m/s^2?,diameter of the tire of the blue car = 0.369m,,1.240185239253769e-09
1856,simulation_0153_segmented,segmentation,S2SX,24,SD,What is the speed of the blue car at time 1.5s in m/s?,diameter of the tire of the blue car = 0.369m,,3.923480086559219e-09
1857,simulation_0153_segmented,segmentation,S2SX,24,SD,What is the acceleration of the blue car at time 1.5s in m/s^2?,diameter of the tire of the blue car = 0.369m,,1.3726257742382599e-09
1858,simulation_0169_segmented,segmentation,S2SX,24,SD,What is the speed of the astronaut at time 0.5s in m/s?,height of the astronaut = 2.2m,,1.5976448931066939e-09
1859,simulation_0169_segmented,segmentation,S2SX,24,SD,What is the acceleration of the astronaut at time 0.5s in m/s^2?,height of the astronaut = 2.2m,,2.2403461501606782e-09
1860,simulation_0169_segmented,segmentation,S2SX,24,SD,What is the speed of the astronaut at time 1s in m/s?,height of the astronaut = 2.2m,,2.4656185908189433e-09
1861,simulation_0169_segmented,segmentation,S2SX,24,SD,What is the acceleration of the astronaut at time 1s in m/s^2?,height of the astronaut = 2.2m,,1.4635592401601506e-09
1862,simulation_0169_segmented,segmentation,S2SX,24,SD,What is the speed of the astronaut at time 2s in m/s?,height of the astronaut = 2.2m,,2.769443715093904e-09
1863,simulation_0169_segmented,segmentation,S2SX,24,SD,What is the acceleration of the astronaut at time 2s in m/s^2?,height of the astronaut = 2.2m,,9.247713377720764e-10
1864,simulation_0169_segmented,segmentation,S2SX,24,SD,What is the speed of the astronaut at time 3s in m/s?,height of the astronaut = 2.2m,,8.770148110297332e-10
1865,simulation_0169_segmented,segmentation,S2SX,24,SD,What is the acceleration of the astronaut at time 3s in m/s^2?,height of the astronaut = 2.2m,,2.9179031097537202e-09
1866,simulation_0170_segmented,segmentation,S3SX,24,SD,What is the speed of the astronaut at time 0.5s in m/s?,height of the astronaut = 2.2m,"t=1s, distance_astronaut_camera = 23.137m",4.2e-09
1867,simulation_0170_segmented,segmentation,S3SX,24,SD,What is the acceleration of the astronaut at time 0.5s in m/s^2?,height of the astronaut = 2.2m,"t=1s, distance_astronaut_camera = 23.137m",2.5e-09
1868,simulation_0170_segmented,segmentation,S3SX,24,SD,What is the speed of the astronaut at time 1s in m/s?,height of the astronaut = 2.2m,"t=1s, distance_astronaut_camera = 23.137m",5.5e-09
1869,simulation_0170_segmented,segmentation,S3SX,24,SD,What is the acceleration of the astronaut at time 1s in m/s^2?,height of the astronaut = 2.2m,"t=1s, distance_astronaut_camera = 23.137m",2.5e-09
1870,simulation_0170_segmented,segmentation,S3SX,24,SD,What is the speed of the astronaut at time 2s in m/s?,height of the astronaut = 2.2m,"t=1s, distance_astronaut_camera = 23.137m",6.200000000000001e-09
1871,simulation_0170_segmented,segmentation,S3SX,24,SD,What is the acceleration of the astronaut at time 2s in m/s^2?,height of the astronaut = 2.2m,"t=1s, distance_astronaut_camera = 23.137m",1.5e-09
1872,simulation_0170_segmented,segmentation,S3SX,24,SD,What is the speed of the astronaut at time 3s in m/s?,height of the astronaut = 2.2m,"t=1s, distance_astronaut_camera = 23.137m",4.5000000000000014e-09
1873,simulation_0170_segmented,segmentation,S3SX,24,SD,What is the acceleration of the astronaut at time 3s in m/s^2?,height of the astronaut = 2.2m,"t=1s, distance_astronaut_camera = 23.137m",2e-09
1874,simulation_0171_segmented,segmentation,S2SX,24,SD,What is the speed of the astronaut at time 0.5s in m/s?,height of the astronaut = 2.2m,,2.5760236838115124e-09
1875,simulation_0171_segmented,segmentation,S2SX,24,SD,What is the acceleration of the astronaut at time 0.5s in m/s^2?,height of the astronaut = 2.2m,,8.110471299127927e-09
1876,simulation_0171_segmented,segmentation,S2SX,24,SD,What is the speed of the astronaut at time 1s in m/s?,height of the astronaut = 2.2m,,4.498271411732659e-09
1877,simulation_0171_segmented,segmentation,S2SX,24,SD,What is the acceleration of the astronaut at time 1s in m/s^2?,height of the astronaut = 2.2m,,3.5885826267944182e-09
1878,simulation_0171_segmented,segmentation,S2SX,24,SD,What is the speed of the astronaut at time 2s in m/s?,height of the astronaut = 2.2m,,2.227966988713976e-09
1879,simulation_0171_segmented,segmentation,S2SX,24,SD,What is the acceleration of the astronaut at time 2s in m/s^2?,height of the astronaut = 2.2m,,8.783106352189641e-10
1880,simulation_0171_segmented,segmentation,S2SX,24,SD,What is the speed of the astronaut at time 3s in m/s?,height of the astronaut = 2.2m,,1.3439565104918384e-09
1881,simulation_0171_segmented,segmentation,S2SX,24,SD,What is the acceleration of the astronaut at time 3s in m/s^2?,height of the astronaut = 2.2m,,1.0518938565574892e-09
1882,simulation_0172_segmented,segmentation,S3SX,24,SD,What is the speed of the astronaut at time 0.5s in m/s?,height of the astronaut = 2.2m,"t=1s, distance_astronaut_camera = 18.147m",1.6000000000000003e-09
1883,simulation_0172_segmented,segmentation,S3SX,24,SD,What is the acceleration of the astronaut at time 0.5s in m/s^2?,height of the astronaut = 2.2m,"t=1s, distance_astronaut_camera = 18.147m",3e-09
1884,simulation_0172_segmented,segmentation,S3SX,24,SD,What is the speed of the astronaut at time 1s in m/s?,height of the astronaut = 2.2m,"t=1s, distance_astronaut_camera = 18.147m",4.3000000000000005e-09
1885,simulation_0172_segmented,segmentation,S3SX,24,SD,What is the acceleration of the astronaut at time 1s in m/s^2?,height of the astronaut = 2.2m,"t=1s, distance_astronaut_camera = 18.147m",1e-09
1886,simulation_0172_segmented,segmentation,S3SX,24,SD,What is the speed of the astronaut at time 2s in m/s?,height of the astronaut = 2.2m,"t=1s, distance_astronaut_camera = 18.147m",2.2000000000000003e-09
1887,simulation_0172_segmented,segmentation,S3SX,24,SD,What is the acceleration of the astronaut at time 2s in m/s^2?,height of the astronaut = 2.2m,"t=1s, distance_astronaut_camera = 18.147m",5e-10
1888,simulation_0172_segmented,segmentation,S3SX,24,SD,What is the speed of the astronaut at time 3s in m/s?,height of the astronaut = 2.2m,"t=1s, distance_astronaut_camera = 18.147m",9e-10
1889,simulation_0172_segmented,segmentation,S3SX,24,SD,What is the acceleration of the astronaut at time 3s in m/s^2?,height of the astronaut = 2.2m,"t=1s, distance_astronaut_camera = 18.147m",4.0000000000000007e-10
1890,simulation_0177_segmented,segmentation,V2SX,24,DS,What is the height of the elephant in meters?,speed of the elephant = 1.424m/s,,3.2674877347857354
1891,simulation_0177_segmented,segmentation,V2SX,24,DS,What is the displacement of the elephant in meters?,speed of the elephant = 1.424m/s,,3.643313420775738e-09
1892,simulation_0178_segmented,segmentation,V2MX,24,DD,What is the average speed of the small elephant in m/s?,speed of the big elephant = 2.313m/s,,2.0181254695954043e-09
1893,simulation_0178_segmented,segmentation,V2MX,24,DS,What is the height of the big elephant in meters?,speed of the big elephant = 2.313m/s,,3.028478405234701
1894,simulation_0178_segmented,segmentation,V2MX,24,DD,What is the height of the small elephant in meters?,speed of the big elephant = 2.313m/s,,2.049576294451768
1895,simulation_0178_segmented,segmentation,V2MX,24,DS,What is the displacement of the big elephant in meters?,speed of the big elephant = 2.313m/s,,5.68426476389748e-09
1896,simulation_0178_segmented,segmentation,V2MX,24,DS,What is the displacement of the small elephant in meters?,speed of the big elephant = 2.313m/s,,4.948415082568522e-09
1897,simulation_0188_segmented,segmentation,A3SX,30,DS,What is the length of the truck in meters?,acceleration of the truck = 10.757m/s^2,"t=0.5s, distance_center_of _the_truck_camera = 22.532m   
t =1s, distance_center_of _the_truck_camera = 19.525m",9.8
1898,simulation_0188_segmented,segmentation,A3SX,30,DS,What is the height of the truck in meters?,acceleration of the truck = 10.757m/s^2,"t=0.5s, distance_center_of _the_truck_camera = 22.532m   
t =1s, distance_center_of _the_truck_camera = 19.525m",4.1
1899,simulation_0188_segmented,segmentation,A3SX,30,DS,What is the diameter of the truck's tire in meters?,acceleration of the truck = 10.757m/s^2,"t=0.5s, distance_center_of _the_truck_camera = 22.532m   
t =1s, distance_center_of _the_truck_camera = 19.525m",0.9
1900,simulation_0188_segmented,segmentation,A3SX,30,DD,What is the speed of the truck at time 1s in m/s?,acceleration of the truck = 10.757m/s^2,"t=0.5s, distance_center_of _the_truck_camera = 22.532m   
t =1s, distance_center_of _the_truck_camera = 19.525m",1.37e-08
1901,simulation_0188_segmented,segmentation,A3SX,30,DD,What is the speed of the truck at time 1.5s in m/s?,acceleration of the truck = 10.757m/s^2,"t=0.5s, distance_center_of _the_truck_camera = 22.532m   
t =1s, distance_center_of _the_truck_camera = 19.525m",1.91e-08
1902,simulation_0188_segmented,segmentation,A3SX,30,DS,What is the width of the truck in meters?,acceleration of the truck = 10.757m/s^2,"t=0.5s, distance_center_of _the_truck_camera = 22.532m   
t =1s, distance_center_of _the_truck_camera = 19.525m",2.2
1903,simulation_0189_segmented,segmentation,V2MX,120,DS,What is the length of the box in meters?,speed of the box = 0.094m/s,,1.890088383838384
1904,simulation_0189_segmented,segmentation,V2MX,120,DS,What is the height of the box in meters?,speed of the box = 0.094m/s,,0.8515782828282827
1905,simulation_0189_segmented,segmentation,V2MX,120,DS,What is the length of the truck in meters?,speed of the box = 0.094m/s,,7.92383207070707
1906,simulation_0189_segmented,segmentation,V2MX,120,DS,What is the height of the truck(at time 0s) in meters?,speed of the box = 0.094m/s,,3.302462121212121
1907,simulation_0189_segmented,segmentation,V2MX,120,DS,What is the diameter of the truck's tire in meters?,speed of the box = 0.094m/s,,0.8204229797979796
1908,simulation_0190_segmented,segmentation,S2MX,120,DS,What is the height of the truck(at time 0s) in meters?,width of the box = 1.33m,,3.282777777777776
1909,simulation_0190_segmented,segmentation,S2MX,120,DS,What is the width of the truck in meters?,width of the box = 1.33m,,2.66
1910,simulation_0190_segmented,segmentation,S2MX,120,DS,What is the height of the box in meters?,width of the box = 1.33m,,0.7969444444444442
1911,simulation_0190_segmented,segmentation,S2MX,120,DD,What is the speed of the box at time 1s in m/s?,width of the box = 1.33m,,9.325718795951092e-11
1912,simulation_0190_segmented,segmentation,S2MX,120,DD,What is the speed of the box at time 2s in m/s?,width of the box = 1.33m,,1.1851348904580888e-10
1913,simulation_0191_segmented,segmentation,A2MX,120,DS,What is the width of the box in meters?,acceleration of the box before 0.6s = 9.8m/s,,2.332498861234494
1914,simulation_0191_segmented,segmentation,A2MX,120,DS,What is the height of the box in meters?,acceleration of the box before 0.6s = 9.8m/s,,1.114702494457369
1915,simulation_0191_segmented,segmentation,A2MX,120,DS,What is the length of the truck in meters?,acceleration of the box before 0.6s = 9.8m/s,,9.83257807249679
1916,simulation_0191_segmented,segmentation,A2MX,120,DS,What is the height of the truck in meters?,acceleration of the box before 0.6s = 9.8m/s,,4.085094690670358
1917,simulation_0191_segmented,segmentation,A2MX,120,DS,What is the diameter of the truck's tire in meters?,acceleration of the box before 0.6s = 9.8m/s,,1.005165255117627
1918,simulation_0191_segmented,segmentation,A2MX,120,DD,What is the speed of the box at time 0.2s in m/s?,acceleration of the box before 0.6s = 9.8m/s,,2.1095944866773564e-09
1919,simulation_0191_segmented,segmentation,A2MX,120,DD,What is the speed of the box at time 0.4s in m/s?,acceleration of the box before 0.6s = 9.8m/s,,3.9963956599216735e-09
1920,simulation_0192_segmented,segmentation,A2MX,120,DS,What is the height of the box in meters?,acceleration of the box before 0.6s = 9.8m/s,,1.15
1921,simulation_0192_segmented,segmentation,A2MX,120,DS,What is the width of the truck in meters?,acceleration of the box before 0.6s = 9.8m/s,,3.17
1922,simulation_0192_segmented,segmentation,A2MX,120,DS,What is the width of the box in meters?,acceleration of the box before 0.6s = 9.8m/s,,1.57
1923,simulation_0192_segmented,segmentation,A2MX,120,DD,What is the speed of the box at time 0.2s in m/s?,acceleration of the box before 0.6s = 9.8m/s,,1.9600000000000003e-09
1924,simulation_0192_segmented,segmentation,A2MX,120,DD,What is the speed of the box at time 0.4s in m/s?,acceleration of the box before 0.6s = 9.8m/s,,3.9200000000000005e-09
1925,simulation_0216_segmented,segmentation,V2MX,24,DS,What is the length of the black cat (including its tail) in meters?,speed of the black cat = 0.94m/s,,0.6965374733441818
1926,simulation_0216_segmented,segmentation,V2MX,24,DS,What is the height of the black cat (including its tail) in meters?,speed of the black cat = 0.94m/s,,0.4850251881380933
1927,simulation_0216_segmented,segmentation,V2MX,24,DS,What is the length of the wooden bench in meters?,speed of the black cat = 0.94m/s,,1.0239420638470855
1928,simulation_0216_segmented,segmentation,V2MX,24,DS,What is the height of the wooden bench in meters?,speed of the black cat = 0.94m/s,,0.454
1929,simulation_0216_segmented,segmentation,V2MX,24,DS,What is the height of the lampshade of the table lamp in meters?,speed of the black cat = 0.94m/s,,0.2400629719067331
1930,simulation_0216_segmented,segmentation,V2MX,24,DS,What is the diameter of the lampshade of the table lamp in meters?,speed of the black cat = 0.94m/s,,0.45562972219033
1931,simulation_0216_segmented,segmentation,V2MX,24,DS,What is the height of the table lamp in meters?,speed of the black cat = 0.94m/s,,0.6271032735522821
1932,simulation_0216_segmented,segmentation,V2MX,24,DS,What is the height of the vase in meters?,speed of the black cat = 0.94m/s,,0.4801259438134659
1933,simulation_0216_segmented,segmentation,V2MX,24,DS,What is the height of the floor mirror in meters?,speed of the black cat = 0.94m/s,,1.259344058978459
1934,simulation_0216_segmented,segmentation,V2MX,24,DS,What is the length of the floor mirror in meters?,speed of the black cat = 0.94m/s,,0.57811083030601
1935,simulation_0216_segmented,segmentation,V2MX,24,DS,What is the length of the TV in meters?,speed of the black cat = 0.94m/s,,0.8720654897836422
1936,simulation_0216_segmented,segmentation,V2MX,24,DS,What is the height of the TV in meters?,speed of the black cat = 0.94m/s,,0.4997229211119748
1937,simulation_0216_segmented,segmentation,V2MX,24,DS,What is the length of the TV stand in meters?,speed of the black cat = 0.94m/s,,1.685340047671758
1938,simulation_0216_segmented,segmentation,V2MX,24,DS,What is the height of the TV stand in meters?,speed of the black cat = 0.94m/s,,0.4654282108395844
1939,simulation_0218_segmented,segmentation,V2MX,24,DS,What is the length of the big robot in meters?,speed of the big robot = 5.924m/s,,3.4047946995017755
1940,simulation_0218_segmented,segmentation,V2MX,24,DS,What is the height of the big robot in meters?,speed of the big robot = 5.924m/s,,3.1642848203330263
1941,simulation_0218_segmented,segmentation,V2MX,24,DS,What is the length in meters of the long side of the box formed by the white lines on the ground?,speed of the big robot = 5.924m/s,,5.847048037571895
1942,simulation_0218_segmented,segmentation,V2MX,24,DS,What is the outer diameter of the robot's tires in meters?,speed of the big robot = 5.924m/s,,0.3783384024311224
1943,simulation_0224_segmented,segmentation,S2MX,24,SS,What is the length of the chinese chess board in meters?,diameter of one chinese chess = 0.097m,,1.6269054389846846
1944,simulation_0224_segmented,segmentation,S2MX,24,SD,What is the speed of the red general chess at time 0.5s in m/s?,diameter of one chinese chess = 0.097m,,3.488682106707361e-10
1945,simulation_0224_segmented,segmentation,S2MX,24,SD,What is the acceleration of the red general chess at time 0.5s in m/s^2?,diameter of one chinese chess = 0.097m,,9.82340290576352e-10
1946,simulation_0224_segmented,segmentation,S2MX,24,SD,What is the speed of the red general chess at time 1s in m/s?,diameter of one chinese chess = 0.097m,,8.816439748768396e-10
1947,simulation_0224_segmented,segmentation,S2MX,24,SD,What is the acceleration of the red general chess at time 1s in m/s^2?,diameter of one chinese chess = 0.097m,,8.768181592984114e-10
1948,simulation_0224_segmented,segmentation,S2MX,24,SD,What is the speed of the red general chess at time 1.5s in m/s?,diameter of one chinese chess = 0.097m,,1.366777842638929e-09
1949,simulation_0224_segmented,segmentation,S2MX,24,SD,What is the acceleration of the red general chess at time 1.5s in m/s^2?,diameter of one chinese chess = 0.097m,,7.713291611641094e-10
1950,simulation_0225_segmented,segmentation,V2MX,24,DS,What is the length of the black cat (including its tail) in meters?,speed of the black cat = 1.041m/s,,1.1393548196515826
1951,simulation_0225_segmented,segmentation,V2MX,24,DS,What is the height of the black cat (including its tail) in meters?,speed of the black cat = 1.041m/s,,0.8070429972532036
1952,simulation_0225_segmented,segmentation,V2MX,24,DS,What is the width of the beach chair in meters?,speed of the black cat = 1.041m/s,,1.9701343756475285
1953,simulation_0225_segmented,segmentation,V2MX,24,DS,What is the spacing in meters between the markings on the pool wall?,speed of the black cat = 1.041m/s,,2.0
1954,simulation_0227_segmented,segmentation,V2MX,24,DS,What is the length of the black cat (including its tail) in meters?,speed of the black cat = 1.041m/s,,0.9229833624190776
1955,simulation_0227_segmented,segmentation,V2MX,24,DS,What is the height of the black cat (including its tail) in meters?,speed of the black cat = 1.041m/s,,0.6267093004042616
1956,simulation_0227_segmented,segmentation,V2MX,24,DS,What is the width of the beach chair in meters?,speed of the black cat = 1.041m/s,,1.450384380935578
1957,simulation_0227_segmented,segmentation,V2MX,24,DS,What is the spacing in meters between the markings on the pool wall?,speed of the black cat = 1.041m/s,,0.3
1958,simulation_0227_segmented,segmentation,V2MX,24,DS,What is the length of the swimming ring in meters?,speed of the black cat = 1.041m/s,,1.307136540843176
1959,simulation_0227_segmented,segmentation,V2MX,24,DS,What is the height of the swimming ring in meters?,speed of the black cat = 1.041m/s,,1.0027348806468188
1960,simulation_0227_segmented,segmentation,V2MX,24,DD,What is the speed of the swimming ring at time 0.5s in m/s?,speed of the black cat = 1.041m/s,,1.829954268598217e-09
1961,simulation_0227_segmented,segmentation,V2MX,24,DD,What is the acceleration of the red general chess at time 0.5s in m/s^2?,speed of the black cat = 1.041m/s,,5e-10
1962,simulation_0227_segmented,segmentation,V2MX,24,DD,What is the speed of the red general chess at time 1s in m/s?,speed of the black cat = 1.041m/s,,1e-09
1963,simulation_0227_segmented,segmentation,V2MX,24,DD,What is the acceleration of the red general chess at time 1s in m/s^2?,speed of the black cat = 1.041m/s,,5e-10
1964,simulation_0227_segmented,segmentation,V2MX,24,DD,What is the speed of the red general chess at time 1.5s in m/s?,speed of the black cat = 1.041m/s,,1e-09
1965,simulation_0227_segmented,segmentation,V2MX,24,DD,What is the acceleration of the red general chess at time 1.5s in m/s^2?,speed of the black cat = 1.041m/s,,5e-10
1966,simulation_0233_segmented,segmentation,V2MX,24,DS,What is the length of the black cat (including its tail) in meters?,speed of the black cat = 0.714m/s,,0.7387561310214652
1967,simulation_0233_segmented,segmentation,V2MX,24,DS,What is the width(horizontal) of the chair next to the blackboard in meters?,speed of the black cat = 0.714m/s,,0.6578529542544775
1968,simulation_0233_segmented,segmentation,V2MX,24,DS,What is the length(vertical) of the chair next to the blackboard in meters?,speed of the black cat = 0.714m/s,,0.497156049398422
1969,simulation_0237_segmented,segmentation,V2MX,24,DS,What is the length of the brown horse in meters?,speed of the brown horse = 0.874m/s,,2.3779593387519515
1970,simulation_0237_segmented,segmentation,V2MX,24,DS,What is the width of the house in meters?,speed of the brown horse = 0.874m/s,,11.501990492747286
1971,simulation_0237_segmented,segmentation,V2MX,24,DS,What is the length of the house in meters?,speed of the brown horse = 0.874m/s,,13.19779678334464
1972,simulation_0239_segmented,segmentation,V2MX,24,DS,What is the length of the brown horse in meters?,speed of the brown horse = 0.874m/s,,2.398855028870058
1973,simulation_0239_segmented,segmentation,V2MX,24,DS,What is the width of the house in meters?,speed of the brown horse = 0.874m/s,,13.17524992779401
1974,simulation_0239_segmented,segmentation,V2MX,24,DS,What is the length of the house in meters?,speed of the brown horse = 0.874m/s,,11.735936910471976
1975,simulation_0239_segmented,segmentation,V2MX,24,DD,What is the average speed of the white horse in m/s?,speed of the brown horse = 0.874m/s,,1.863693652149351e-09
1976,simulation_0239_segmented,segmentation,V2MX,24,DS,What is the length of the white horse in meters?,speed of the brown horse = 0.874m/s,,2.880754409082454
1977,simulation_0243_segmented,segmentation,V2MX,30,DS,What is the height of the deer in meters?,speed of the deer = 1.277m/s,,2.868772144418919
1978,simulation_0243_segmented,segmentation,V2MX,30,DS,What is the length of the deer in meters?,speed of the deer = 1.277m/s,,2.420863078193152
1979,simulation_0243_segmented,segmentation,V2MX,30,DS,What is the height of the tree behind the deer in meters?,speed of the deer = 1.277m/s,,7.003671062530927
1980,simulation_0245_segmented,segmentation,V2MX,30,DS,What is the height of the deer in meters?,speed of the deer = 1.277m/s,,2.696784652353082
1981,simulation_0245_segmented,segmentation,V2MX,30,DS,What is the length of the deer in meters?,speed of the deer = 1.277m/s,,3.488531111039697
1982,simulation_0245_segmented,segmentation,V2MX,30,DD,What is the average speed of the rabbit in m/s?,speed of the deer = 1.277m/s,,1.2985443767501e-09
1983,simulation_0245_segmented,segmentation,V2MX,30,DS,What is the height of the rabbit in meters?,speed of the deer = 1.277m/s,,0.4204664242916089
1984,simulation_0245_segmented,segmentation,V2MX,30,DS,What is the length of the rabbit in meters?,speed of the deer = 1.277m/s,,0.4494641087255136
1985,simulation_0247_segmented,segmentation,V3MX,30,DS,What is the length of the rabbit in meters?,speed of the deer = 1.277m/s,,0.4474911989743783
1986,simulation_0247_segmented,segmentation,V3MX,30,DS,What is the length of the deer in meters?,speed of the deer = 1.277m/s,,2.33683275019276
1987,simulation_0247_segmented,segmentation,V3MX,30,DD,What is the average speed of the rabbit in m/s?,speed of the deer = 1.277m/s,,1.2270562122456915e-09
1988,simulation_0248_segmented,segmentation,V2MX,24,DS,What is the height of the brown horse in meters?,speed of the brown horse = 0.874m/s,,1.8909868874644689
1989,simulation_0248_segmented,segmentation,V2MX,24,DS,What is the length of the brown horse in meters?,speed of the brown horse = 0.874m/s,,2.2464000445577947
1990,simulation_0248_segmented,segmentation,V2MX,24,DD,What is the average speed of the white horse in m/s?,speed of the brown horse = 0.874m/s,,1.680121891680614e-09
1991,simulation_0248_segmented,segmentation,V2MX,24,DS,What is the height of the white horse in meters?,speed of the brown horse = 0.874m/s,,2.1040558325308885
1992,simulation_0248_segmented,segmentation,V2MX,24,DS,What is the length of the white horse in meters?,speed of the brown horse = 0.874m/s,,2.703148235443586
1993,simulation_0248_segmented,segmentation,V2MX,24,DD,What is the average speed of the rabbit in m/s?,speed of the brown horse = 0.874m/s,,1.78118340739211e-09
1994,simulation_0248_segmented,segmentation,V2MX,24,DS,What is the length of the rabbit in meters?,speed of the brown horse = 0.874m/s,,0.5088345599777587
1995,simulation_0248_segmented,segmentation,V2MX,24,DS,What is the height of the rabbit in meters?,speed of the brown horse = 0.874m/s,,0.4261378901328386
1996,simulation_0251_segmented,segmentation,S2SX,24,SD,What is the speed of the soccer ball at time 0.5s in m/s?,diameter of the soccer ball = 0.344m,,5.0315212236502075e-09
1997,simulation_0251_segmented,segmentation,S2SX,24,SD,What is the speed of the soccer ball at time 2s in m/s?,diameter of the soccer ball = 0.344m,,4.122020100908616e-09
1998,simulation_0251_segmented,segmentation,S2SX,24,SD,What is the speed of the soccer ball at time 1s in m/s?,diameter of the soccer ball = 0.344m,,4.72450528085499e-09
1999,simulation_0251_segmented,segmentation,S2SX,24,SD,What is the speed of the soccer ball at time 1.5s in m/s?,diameter of the soccer ball = 0.344m,,4.3961963872955595e-09
2000,simulation_0255_segmented,segmentation,S2SX,24,SD,What is the speed of the tennis ball at time 0.5s in m/s?,diameter of the tennis ball = 0.17m,,6.751369425650545e-09
2001,simulation_0255_segmented,segmentation,S2SX,24,SD,What is the speed of the tennis ball at time 1s in m/s?,diameter of the tennis ball = 0.17m,,6.229601641452432e-09
2002,simulation_0255_segmented,segmentation,S2SX,24,SD,What is the speed of the tennis ball at time 1.5s in m/s?,diameter of the tennis ball = 0.17m,,5.708453139800474e-09
2003,simulation_0255_segmented,segmentation,S2SX,24,SD,What is the acceleration of the tennis ball at time 0.5s in m/s^2?,diameter of the tennis ball = 0.17m,,1.0732498728395843e-09
2004,simulation_0255_segmented,segmentation,S2SX,24,SD,What is the acceleration of the tennis ball at time 1s in m/s^2?,diameter of the tennis ball = 0.17m,,1.0226759322653256e-09
2005,simulation_0255_segmented,segmentation,S2SX,24,SD,What is the acceleration of the tennis ball at time 1.5s in m/s^2?,diameter of the tennis ball = 0.17m,,1.0370051314999392e-09
2006,simulation_0261_segmented,segmentation,A2SX,24,DS,What is the height of the mug in meters?,acceleration of the mug cup before 1s = 9.8m/s^2,,0.1904193356713364
2007,simulation_0261_segmented,segmentation,A2SX,24,DD,What is the speed of the mug at time 0.2s in m/s?,acceleration of the mug cup before 1s = 9.8m/s^2,,2.00676039561947e-09
2008,simulation_0261_segmented,segmentation,A2SX,24,DD,What is the speed of the mug at time 0.4s in m/s?,acceleration of the mug cup before 1s = 9.8m/s^2,,3.975710466237673e-09
2009,simulation_0261_segmented,segmentation,A2SX,24,DD,What is the speed of the mug at time 0.625s in m/s?,acceleration of the mug cup before 1s = 9.8m/s^2,,6.149680865572925e-09
2010,simulation_0030_segmented,segmentation,V3MX,24,DS,What is the length of the eagle in meters?,speed of the eagle = 12m/s,"t=1s, distance_eagle_camera = 106.642m
t=2s, distance_eagle_camera = 111.231m",0.85
2011,simulation_0151_segmented,segmentation,S3MX,24,SS,"What is the width, in meters, of the blue car?","diameter of the tire of the yellow car = 0.764m
diameter of the tire of the blue car = 0.369m","t=0.5s, distance_yellowCarLeftFrontTire_camera = 11.38m",1.5
2012,simulation_0151_segmented,segmentation,S3MX,24,SD,What is the speed of the yellow car at time 1s in m/s?,"diameter of the tire of the yellow car = 0.764m
diameter of the tire of the blue car = 0.369m","t=0.5s, distance_yellowCarLeftFrontTire_camera = 11.38m",9.7e-09
2013,simulation_0151_segmented,segmentation,S3MX,24,SD,What is the acceleration of the yellow car at time 1s in m/s^2?,"diameter of the tire of the yellow car = 0.764m
diameter of the tire of the blue car = 0.369m","t=0.5s, distance_yellowCarLeftFrontTire_camera = 11.38m",6.000000000000001e-09
2014,simulation_0151_segmented,segmentation,S3MX,24,SD,What is the speed of the blue car at time 1s in m/s?,"diameter of the tire of the yellow car = 0.764m
diameter of the tire of the blue car = 0.369m","t=0.5s, distance_yellowCarLeftFrontTire_camera = 11.38m",4.0999999999999995e-09
2015,simulation_0151_segmented,segmentation,S3MX,24,SD,What is the acceleration of the blue car at time 1s in m/s^2?,"diameter of the tire of the yellow car = 0.764m
diameter of the tire of the blue car = 0.369m","t=0.5s, distance_yellowCarLeftFrontTire_camera = 11.38m",1.3e-09
2016,internet_0001,internet,S2SC,24,SS,What is the length of the black car in meters?,lane width = 3.66m,,5.610218978102192
2017,internet_0001,internet,S2SC,24,SS,What is the width of the black car in meters?,lane width = 3.66m,,2.2173722627737247
2018,internet_0001,internet,S2SC,24,SD,What is the average speed of the black car in m/s?,lane width = 3.66m,,3.4826639943631224e-08
2019,internet_0002,internet,S2SC,24,SS,What is the length of the red car in meters?,lane width = 3.66m,,6.049166666666668
2020,internet_0002,internet,S2SC,24,SS,What is the width of the red car in meters?,lane width = 3.66m,,2.2366666666666672
2021,internet_0002,internet,S2SC,24,SD,What is the average speed of the red car in m/s?,lane width = 3.66m,,2.8751714815959553e-08
2022,internet_0003,internet,S2MC,24,SS,What is the diameter of the pizza in cm?,monopoly money width = 7.5cm,,39.72129024687391
2023,internet_0003,internet,S2MC,24,SS,What is the diameter of the wine glass in cm?,monopoly money width = 7.5cm,,12.82142913032006
2024,internet_0003,internet,S2MC,24,SD,What is the velocity of the pizza cutter in cm/s at 0.2s?,monopoly money width = 7.5cm,,3.5450641026566373e-08
2025,internet_0003,internet,S2MC,24,SS,What is the diameter of a pepperoni on the pizza in cm?,monopoly money width = 7.5cm,,4.776610852472184
2026,internet_0004,internet,S2MC,25,SS,What is the length of the wood block in cm?,ruler calibre = 1cm,,10.02057613168723
2027,internet_0004,internet,S2MC,25,SS,What is the thickness of the wood block in cm?,ruler calibre = 1cm,,2.119341563786006
2028,internet_0004,internet,S2MC,25,SD,What is the average velocity of the pencil tip moving on the block in cm/s?,ruler calibre = 1cm,,1.012273859935825e-08
2029,internet_0004,internet,S2MC,25,SD,What is the average velocity of the saw cutting the block in cm/s?,ruler calibre = 1cm,,1.0799455049000604e-09
2030,internet_0005,internet,V2MC,25,DS,What is the distance between the two black road signs in meters?,walking velocity = 1.25m/s,,4.872438458293405
2031,internet_0005,internet,V2MC,25,DS,What is the height of the woman in yellow in meters?,walking velocity = 1.25m/s,,1.755001530001417
2032,internet_0005,internet,V2MC,25,DS,What is the length of the light right above the woman's head in meters?,walking velocity = 1.25m/s,,1.3162511475010628
2033,internet_0005,internet,V2MC,25,DS,What is the side length of the floor tiles in meters?,walking velocity = 1.25m/s,,1.2007905205272853
2034,internet_0006,internet,S2MC,30,SS,What is the length of the motor cycle in meters?,lane width = 3.66m,,2.0333333333333323
2035,internet_0006,internet,S2MC,30,SD,What is the average speed of the motorcycle in m/s?,lane width = 3.66m,,2.5287902026330952e-08
2036,internet_0006,internet,S2MC,30,SS,What is the length of the white car in meters?,lane width = 3.66m,,5.896666666666665
2037,internet_0006,internet,S2MC,30,SD,What is the average speed of the white car in m/s?,lane width = 3.66m,,2.365326492308976e-08
2038,internet_0006,internet,S2MC,30,SS,What is the length of the black car in meters?,lane width = 3.66m,,5.693333333333323
2039,internet_0006,internet,S2MC,30,SD,What is the average speed of the black car in m/s?,lane width = 3.66m,,2.281040801126228e-08
2040,internet_0007,internet,S2MC,30,SS,What is the length of the white car in meters?,lane width = 3.66m,,4.676666666666667
2041,internet_0007,internet,S2MC,30,SD,What is the average speed of the white car in m/s?,lane width = 3.66m,,2.6424328360118666e-08
2042,internet_0007,internet,S2MC,30,SS,What is the length of the black car in meters?,lane width = 3.66m,,4.879999999999994
2043,internet_0007,internet,S2MC,30,SD,What is the average speed of the black car in m/s?,lane width = 3.66m,,3.222127756276622e-08
2044,internet_0008,internet,S2MC,30,SD,What is the average speed of the sailboat in m/s?,sailboat length = 12m,,3.966126170499605e-09
2045,internet_0008,internet,S2MC,30,SD,What is the average speed of the speedboat in m/s?,sailboat length = 12m,,2.718935768103181e-08
2046,internet_0008,internet,S2MC,30,SS,What is the length of the speedboat in meters?,sailboat length = 12m,,4.636363636363642e-09
2047,internet_0009,internet,S2MC,60,SS,What is the distance between the two players in meters at the beginning?,singles court width = 8.23m,,6.061770867553089
2048,internet_0009,internet,S2MC,60,SD,What is the average velocity of the tennis ball flying across the net in m/s?,singles court width = 8.23m,,1.8292651680706912e-08
2049,internet_0009,internet,S2MC,60,SS,What is the total displacement of the player on the right in meters?,singles court width = 8.23m,,2.7353336810032813e-09
2050,internet_0010,internet,S2MC,30,SS,How tall is the shooter in cm?,basketball diameter = 24cm,,181.64678790321489
2051,internet_0010,internet,S2MC,30,SD,What is the velocity of the ball at 2.00s in cm/s?,basketball diameter = 24cm,,5.724697326420384e-07
2052,internet_0011,internet,S2MC,25,SS,What is the initial distance between the two players in meters?,court width= 4.88m,,2.195554250552734
2053,internet_0011,internet,S2MC,25,SS,What is the displacement of the player in white in meters?,court width= 4.88m,,6.529117950000051e-09
2054,internet_0011,internet,S2MC,25,SD,What is the average moving speed of the player in white in m/s?,court width= 4.88m,,1.5454763362911527e-09
2055,internet_0011,internet,S2MC,25,SS,What is the displacement of the player in black in meters?,court width= 4.88m,,3.207880487168228e-09
2056,internet_0012,internet,S2MC,60,SS,What is the length of the truck in meters?,lane width = 3.66m,,17.218636363636367
2057,internet_0012,internet,S2MC,60,SD,What is the average velocity of the truck in m/s?,lane width = 3.66m,,1.3846639512146796e-08
2058,internet_0012,internet,S2MC,60,SS,What is the length of the grey car in meters?,lane width = 3.66m,,4.40863636363636
2059,internet_0012,internet,S2MC,60,SD,What is the average velocity of the grey car in m/s?,lane width = 3.66m,,2.0337554525257492e-08
2060,internet_0012,internet,S2MC,60,SS,What is the length of the car on the leftmost lane in meters?,lane width = 3.66m,,3.7431818181818177
2061,internet_0012,internet,S2MC,60,SD,What is the average velocity of the car on the leftmost lane in m/s?,lane width = 3.66m,,1.1274628621458032e-08
2062,internet_0012,internet,S2MC,60,SS,What is the length of the white car on the second lane to the left in meters?,lane width = 3.66m,,4.2422727272727325
2063,internet_0012,internet,S2MC,60,SD,What is the average velocity of the white car on the second lane to the left in m/s?,lane width = 3.66m,,1.3793459235512932e-08
2064,internet_0013,internet,V2MC,30,DS,What is the width of the straight-through lane in meters?,pedestrian walking speed = 1.1 m/s,,3.8398527649954506
2065,internet_0013,internet,V2MC,30,DS,What is the width of the roundabout lane in meters?,pedestrian walking speed = 1.1 m/s,,4.670091200670152
2066,internet_0013,internet,V2MC,30,DS,What is the diameter of the center island planter in meters?,pedestrian walking speed = 1.1 m/s,,20.548401282948674
2067,internet_0013,internet,V2MC,30,DD,What is the speed of the white car in the roundabout at 3.0s in m/s?,pedestrian walking speed = 1.1 m/s,,5.900331675246633e-09
2068,internet_0013,internet,V2MC,30,DD,What is the speed of the bicycle on the upper left corner at 3.0s in m/s?,pedestrian walking speed = 1.1 m/s,,2.320586974627143e-09
2069,internet_0013,internet,V2MC,30,DS,What is the distance between the two black cars in the round about at 1.0s in meters?,pedestrian walking speed = 1.1 m/s,,27.099249937434703
2070,internet_0014,internet,S2MC,30,SS,What is the initial distance between the two players in meters?,center circle radius = 9.15m,,3.934619614254434
2071,internet_0014,internet,S2MC,30,SS,What is the distance from the player closest to the goal to the goal at 0s in meters?,center circle radius = 9.15m,,11.107898771853272
2072,internet_0014,internet,S2MC,30,SD,What is he football's velocity at 7.00s in m/s?,center circle radius = 9.15m,,3.6802131119432702e-09
2073,internet_0014,internet,S2MC,30,SD,What is the average velocity of the player with the ball from 8.0s to 9.0s in m/s?,center circle radius = 9.15m,,2.067526890490604e-09
2074,internet_0014,internet,S2MC,30,SS,What is distance between the two players at 9.00s in meters?,center circle radius = 9.15m,,7.418905817161968
2075,internet_0015,internet,S2MC,30,SS,What is the average vehicle spacing in meters?,lane width = 3.66m,,30.11181818181814
2076,internet_0015,internet,S2MC,30,SS,What is the length of the black car in meters?,lane width = 3.66m,,4.325454545454541
2077,internet_0015,internet,S2MC,30,SS,What is the length of the motorcycle in meters?,lane width = 3.66m,,1.829999999999996
2078,internet_0015,internet,S2MC,30,SS,What is the average speed of the motorcycle in m/s?,lane width = 3.66m,,2.6638032728409365e-08
2079,internet_0015,internet,S2MC,30,SS,What is the speed of the car before the motorcycle at 1.0s in m/s?,lane width = 3.66m,,2.5885965525778553e-08
2080,internet_0016,internet,S2MC,30,SS,What is the distance between the two players in meters at the beginning?,inner court width= 4.88m,,3.454930861272651
2081,internet_0016,internet,S2MC,30,SD,What is the velocity of the basketball at 0s in m/s?,inner court width= 4.88m,,3.486067534962773e-09
2082,internet_0016,internet,S2MC,30,SS,What is the distance between the ball and the player in black at 0.5s in meters?,inner court width= 4.88m,,1.3930227740679546
2083,internet_0016,internet,S2MC,30,SS,What is the distance between the basket and the player in black at 0.5s in meters?,inner court width= 4.88m,,2.28451750053507
2084,internet_0017,internet,S2MS,22,SS,What is the diameter of the round container in cm?,credit card width = 5.4cm,,11.169895137244986
2085,internet_0017,internet,S2MS,22,SS,What is the length of the keyboard in cm?,credit card width = 5.4cm,,30.986345029590385
2086,internet_0017,internet,S2MS,22,SS,What is the width of the keyboard in cm?,credit card width = 5.4cm,,12.92724521077096
2087,internet_0017,internet,S2MS,22,SS,What is the length of the pen in cm?,credit card width = 5.4cm,,15.46015502647444
2088,internet_0017,internet,S2MS,22,SD,What is moving speed of the user's (middle) fingertip at 0.4s in cm/s?,credit card width = 5.4cm,,3.12194957067292e-08
2089,internet_0018,internet,S2MC,30,SS,What is the distance between the two players in meters at the beginning?,singles court width = 8.23m,,25.929346871822407
2090,internet_0018,internet,S2MC,30,SS,What is the distance between the benches and the court in meters?,singles court width = 8.23m,,3.0912682926829267
2091,internet_0018,internet,S2MC,30,SS,What is the tennis ball's velocity at 1.5s in m/s?,singles court width = 8.23m,,3.2822005182846533e-08
2092,internet_0019,internet,A2MC,30,DS,What is the size of the ball in cm?,gravity acc = 9.8m/s^2,,19.44516410312708
2093,internet_0019,internet,A2MC,30,DS,What is the height of the person standing in the middle in cm?,gravity acc = 9.8m/s^2,,173.23873473695036
2094,internet_0019,internet,A2MC,30,DS,What is the height of the person on the left (the passer) in cm?,gravity acc = 9.8m/s^2,,150.35164347633477
2095,internet_0019,internet,A2MC,30,DS,What is the height of the person on the right (the receiver) in cm?,gravity acc = 9.8m/s^2,,173.27480735259115
2096,internet_0019,internet,A2MC,30,DS,What is the initial distance between the passer and the receiver in meters?,gravity acc = 9.8m/s^2,,4.419355477983428
2097,internet_0019,internet,A2MC,30,DD,What is the velocity of the ball at 1.00s in m/s?,gravity acc = 9.8m/s^2,,3.557007273894801e-09
2098,internet_0019,internet,A2MC,30,DD,What is the (average) horizontal velocity of the ball in m/s?,gravity acc = 9.8m/s^2,,1.9602295170482187e-09
2099,internet_0020,internet,S2MC,25,SS,What is the height of the sink in cm?,height of the picked bottle = 11.7cm,,23.692500000000003
2100,internet_0020,internet,S2MC,25,SS,What is the width of the tray in cm?,height of the picked bottle = 11.7cm,,35.7825
2101,internet_0020,internet,S2MC,25,SS,What is the height of the pump bottle in cm?,height of the picked bottle = 11.7cm,,18.4275
2102,internet_0020,internet,S2MC,25,SD,What is average moving velocity of the picked bottle in cm/s?,height of the picked bottle = 11.7cm,,4.2638671163786526e-08
2103,internet_0020,internet,S2MC,25,SD,What is the velocity of the picked bottle at 0.50s in cm/s?,height of the picked bottle = 11.7cm,,6.935073459985094e-08
2104,internet_0021,internet,S2MC,25,SD,What is the average speed of the airplane in m/s? ,length of the airplane = 40m ,,5.7107702643396064e-08
2105,internet_0021,internet,S2MC,25,SS,What is the distance between the airplane and the roof top at 0s in meters?,length of the airplane = 40m ,,60.1324583046065
2106,internet_0021,internet,S2MC,25,SS,What is the the displacement of the airplane from 0s to 2.00s in meters? ,length of the airplane = 40m ,,1.060841947560228e-07
2107,internet_0022,internet,S2MC,25,SS,What is the diameter of the tea cup in mm?,width of the mouse = 57mm,,64.60000000000007
2108,internet_0022,internet,S2MC,25,SS,What is the diameter of the saucer in mm?,width of the mouse = 57mm,,100.70000000000007
2109,internet_0022,internet,S2MC,25,SS,What is the length of the pencil in mm?,width of the mouse = 57mm,,142.14489086843756
2110,internet_0022,internet,S2MC,25,SS,What is the shoulder width of the man in cm?,width of the mouse = 57mm,,43.13000000000001
2111,internet_0022,internet,S2MC,25,SS,What is the length of the table in meters?,width of the mouse = 57mm,,1.4763000000000006
2112,internet_0022,internet,S2MC,25,SS,What is the length of the monitor in cm?,width of the mouse = 57mm,,53.45250789252083
2113,internet_0022,internet,S2MC,25,SS,What is the width of the grey notebook in cm?,width of the mouse = 57mm,,10.748023074035526
2114,internet_0022,internet,S2MC,25,SS,What is the length of the grey notebook in cm?,width of the mouse = 57mm,,16.586684418532833
2115,internet_0022,internet,S2MC,25,SD,What is average velocity of the man's moving hand from 0.40s to 1.00s in cm/s?,width of the mouse = 57mm,,4.009398496116905e-08
2116,internet_0023,internet,S2MC,30,SS,What is the length of the swimming pool in meters (excluding the stair area)?,height of the swimmer = 1.8m,,9.699064564345194
2117,internet_0023,internet,S2MC,30,SS,What is the width of the swimming pool in meters?,height of the swimmer = 1.8m,,4.574558802255593
2118,internet_0023,internet,S2MC,30,SS,What is the length of the deck chair in meters?,height of the swimmer = 1.8m,,2.049840410562568
2119,internet_0023,internet,S2MC,30,SD,What is the average velocity of the swimmer in m/s?,height of the swimmer = 1.8m,,1.3075301502272815e-09
2120,internet_0023,internet,S2MC,30,SS,What is the distance between the two umbrellas on the left in meters?,height of the swimmer = 1.8m,,3.92533791210444
2121,internet_0024,internet,S2MC,25,SS,What is the length of the earphone case in mm?,width of the earphone case = 45mm,,54.4409537058408
2122,internet_0024,internet,S2MC,25,SS,What is the length of the pencil in cm?,width of the earphone case = 45mm,,19.06957889932919
2123,internet_0024,internet,S2MC,25,SS,What is the diameter of the mug in cm?,width of the earphone case = 45mm,,12.060133990528906
2124,internet_0024,internet,S2MC,25,SS,What is the length of the longest side of the laptop in cm?,width of the earphone case = 45mm,,33.6843464309358
2125,internet_0024,internet,S2MC,25,SS,What is the length of the longest side of the wallet in cm?,width of the earphone case = 45mm,,20.34560243070986
2126,internet_0024,internet,S2MC,25,SS,What is the moving velocity of the mug at 0.50s in cm/s?,width of the earphone case = 45mm,,4.068209245389103e-08
2127,internet_0025,internet,S2SC,30,SS,What is the length of the canoe in meters?,height of the boatman = 1.75m,,10.89740921079752
2128,internet_0025,internet,S2SC,30,SD,What is the average speed of the canoe in m/s?,height of the boatman = 1.75m,,7.511661845013165e-10
2129,internet_0025,internet,S2SC,30,SS,What is the displacement of the canoe in the first 5 seconds in meters?,height of the boatman = 1.75m,,3.370830739539057e-09
2130,internet_0026,internet,S2MC,24,SS,What is the sitting height of the baby in cm?,total height of the sofa = 90cm,,64.0
2131,internet_0026,internet,S2MC,24,SS,What is the distance between the baby and the man in meters?,total height of the sofa = 90cm,,2.403253003743051
2132,internet_0026,internet,S2MC,24,SS,What is the length of the toy truck in cm?,total height of the sofa = 90cm,,68.49999999999999
2133,internet_0026,internet,S2MC,24,SS,What is the height of the toy truck in cm?,total height of the sofa = 90cm,,56.50000000000001
2134,internet_0026,internet,S2MC,24,SD,What is the speed of the toy truck at 0.50s in cm/s?,total height of the sofa = 90cm,,7.38566592553078e-08
2135,internet_0026,internet,S2MC,24,SD,What is the average speed of the toy truck in cm/s?,total height of the sofa = 90cm,,6.978198087669382e-08
2136,internet_0027,internet,S2MC,25,SS,What is the initial distance between the black ball and the purple ball in cm?,billiard ball diameter = 57.2mm,,14.63165404183682
2137,internet_0027,internet,S2MC,25,SD,What is the white ball's average velocity in 1.00s to 2.00s in cm/s?,billiard ball diameter = 57.2mm,,2.6957153938694297e-08
2138,internet_0027,internet,S2MC,25,SD,What is the velocity of the orange ball at 1.00s in cm/s?,billiard ball diameter = 57.2mm,,2.5301800783288973e-08
2139,internet_0027,internet,S2MC,25,SS,What is the final distance between the purple ball and the black ball in cm?,billiard ball diameter = 57.2mm,,17.810491290247988
2140,internet_0027,internet,S2MC,25,SD,What is the acceleration of the yellow balloon the left at 2.00s in cm/s^2?,billiard ball diameter = 57.2mm,,8.615027038357766e-09
2141,captured_0001,lab,A3SS,24,DS,What is the size of the ball in cm? ,"t=1.6s, ball acceleration = 3.0m/s^2","t=0s, distance_ball_camera = 1.1075m
t=1.5s, distance_ball_camera = 0.9120m
distance_slope_far_end_camera = 1.1360m
distance_slope_near_tower_camera = 0.8840m",6.873762049571335
2142,captured_0001,lab,A3SS,24,DS,What is the length of the slope in cm? ,"t=1.6s, ball acceleration = 3.0m/s^2","t=0s, distance_ball_camera = 1.1075m
t=1.5s, distance_ball_camera = 0.9120m
distance_slope_far_end_camera = 1.1360m
distance_slope_near_tower_camera = 0.8840m",30.2
2143,captured_0001,lab,A3SS,24,DS,What is the displacement of the ball between 0s and 1.5s in cm?,"t=1.6s, ball acceleration = 3.0m/s^2","t=0s, distance_ball_camera = 1.1075m
t=1.5s, distance_ball_camera = 0.9120m
distance_slope_far_end_camera = 1.1360m
distance_slope_near_tower_camera = 0.8840m",2.3153945051981643e-08
2144,captured_0001,lab,A3SS,24,DD,What is the velocity of the ball at 1.5s in cm/s?,"t=1.6s, ball acceleration = 3.0m/s^2","t=0s, distance_ball_camera = 1.1075m
t=1.5s, distance_ball_camera = 0.9120m
distance_slope_far_end_camera = 1.1360m
distance_slope_near_tower_camera = 0.8840m",8.72151513524778e-08
2145,captured_0001,lab,A3SS,24,DD,What is the velocity of the ball at the end of the slope in cm/s? ,"t=1.6s, ball acceleration = 3.0m/s^2","t=0s, distance_ball_camera = 1.1075m
t=1.5s, distance_ball_camera = 0.9120m
distance_slope_far_end_camera = 1.1360m
distance_slope_near_tower_camera = 0.8840m",4.390639773561e-08
2146,captured_0002,lab,A3SS,24,DS,What is the size of the ball in mm? ,"t=1.4, ball acceleration = 4.05m/s^2","t=1.0s, distance_ball_camera = 1.7790m
t=1.3s, distance_ball_camera = 1.7360m
distance_slope_far_end_camera = 1.8150m
distance_slope_near_tower_camera = 1.6715m",54.71178909313708
2147,captured_0002,lab,A3SS,24,DS,What is the length of the slope in cm? ,"t=1.4, ball acceleration = 4.05m/s^2","t=1.0s, distance_ball_camera = 1.7790m
t=1.3s, distance_ball_camera = 1.7360m
distance_slope_far_end_camera = 1.8150m
distance_slope_near_tower_camera = 1.6715m",33.0
2148,captured_0002,lab,A3SS,24,DS,What is the displacement of the ball between 1.0s and 1.3s in cm?,"t=1.4, ball acceleration = 4.05m/s^2","t=1.0s, distance_ball_camera = 1.7790m
t=1.3s, distance_ball_camera = 1.7360m
distance_slope_far_end_camera = 1.8150m
distance_slope_near_tower_camera = 1.6715m",9.983082028281178e-09
2149,captured_0002,lab,A3SS,24,DD,What is the velocity of the ball at 1.3s in cm/s?,"t=1.4, ball acceleration = 4.05m/s^2","t=1.0s, distance_ball_camera = 1.7790m
t=1.3s, distance_ball_camera = 1.7360m
distance_slope_far_end_camera = 1.8150m
distance_slope_near_tower_camera = 1.6715m",9.815372451192033e-08
2150,captured_0002,lab,A3SS,24,DD,What is the velocity of the ball at the end of the slope in cm/s? ,"t=1.4, ball acceleration = 4.05m/s^2","t=1.0s, distance_ball_camera = 1.7790m
t=1.3s, distance_ball_camera = 1.7360m
distance_slope_far_end_camera = 1.8150m
distance_slope_near_tower_camera = 1.6715m",1.7413431891731038e-07
2151,captured_0006,lab,A3SC,24,DS,What is the height of the toy in cm? ,acceleration = 9.8 m/s^2,"t=1.0s, distance_ball_camera = 1.4020m
t=1.2s, distance_ball_camera = 1.065m
",6.4
2152,captured_0006,lab,A3SC,24,DS,What is the width of the toy in cm?,acceleration = 9.8 m/s^2,"t=1.0s, distance_ball_camera = 1.4020m
t=1.2s, distance_ball_camera = 1.065m
",6.7
2153,captured_0006,lab,A3SC,24,DS,What is the velocity of the toy at 1.2s in m/s? ,acceleration = 9.8 m/s^2,"t=1.0s, distance_ball_camera = 1.4020m
t=1.2s, distance_ball_camera = 1.065m
",2.1e-09
2154,captured_0006,lab,A3SC,24,DS,What the displacement of the toy between 1s and 1.2s in cm? ,acceleration = 9.8 m/s^2,"t=1.0s, distance_ball_camera = 1.4020m
t=1.2s, distance_ball_camera = 1.065m
",3.6000000000000005e-08
2155,captured_0006,lab,A3SC,24,DS,What is the velocity of the toy when hitting the desk for the first time in m/s? ,acceleration = 9.8 m/s^2,"t=1.0s, distance_ball_camera = 1.4020m
t=1.2s, distance_ball_camera = 1.065m
",2.7e-09
2156,captured_0006s,lab,A3SS,24,DS,What is the height of the toy in cm? ,acceleration = 9.8 m/s^2,"t=1.0s, distance_ball_camera = 1.4020m
t=1.2s, distance_ball_camera = 1.065m
",8.0
2157,captured_0006s,lab,A3SS,24,DS,What is the width of the toy in cm?,acceleration = 9.8 m/s^2,"t=1.0s, distance_ball_camera = 1.4020m
t=1.2s, distance_ball_camera = 1.065m
",7.5
2158,captured_0006s,lab,A3SS,24,DS,What is the velocity of the toy at 1.2s in m/s? ,acceleration = 9.8 m/s^2,"t=1.0s, distance_ball_camera = 1.4020m
t=1.2s, distance_ball_camera = 1.065m
",2.6e-09
2159,captured_0006s,lab,A3SS,24,DS,What the displacement of the toy between 1s and 1.2s in cm? ,acceleration = 9.8 m/s^2,"t=1.0s, distance_ball_camera = 1.4020m
t=1.2s, distance_ball_camera = 1.065m
",3.5e-08
2160,captured_0006s,lab,A3SS,24,DS,What is the velocity of the toy when hitting the desk for the first time in m/s? ,acceleration = 9.8 m/s^2,"t=1.0s, distance_ball_camera = 1.4020m
t=1.2s, distance_ball_camera = 1.065m
",3.5e-09
2161,captured_0008,lab,A3SC,24,DS,What is the basketball's initial distance from the desk in cm? ,acceleration = 9.8 m/s^2,"t=1.0s, distance_ball_camera = 1.4010m
t=1.0s, distance_desk_camera = 1.7250m
t=1.2s, distance_ball_camera = 1.5640m
t=1.5s (max rebounce), distance_ball_camera=1.5225m",65.73206248795198
2162,captured_0008,lab,A3SC,24,DS,What is the basketball's diameter in cm?,acceleration = 9.8 m/s^2,"t=1.0s, distance_ball_camera = 1.4010m
t=1.0s, distance_desk_camera = 1.7250m
t=1.2s, distance_ball_camera = 1.5640m
t=1.5s (max rebounce), distance_ball_camera=1.5225m",31.0
2163,captured_0008,lab,A3SC,24,DS,What is the maximum rebounce height (with respect to the desk) of the basketball in cm? ,acceleration = 9.8 m/s^2,"t=1.0s, distance_ball_camera = 1.4010m
t=1.0s, distance_desk_camera = 1.7250m
t=1.2s, distance_ball_camera = 1.5640m
t=1.5s (max rebounce), distance_ball_camera=1.5225m",20.554800946783416
2164,captured_0008,lab,A3SC,24,DS,What is the basketball's velocity at 1.2s in m/s? ,acceleration = 9.8 m/s^2,"t=1.0s, distance_ball_camera = 1.4010m
t=1.0s, distance_desk_camera = 1.7250m
t=1.2s, distance_ball_camera = 1.5640m
t=1.5s (max rebounce), distance_ball_camera=1.5225m",4.0999999999999995e-09
2165,captured_0008,lab,A3SC,24,DS,What is the basketball's  distance from the camera at 1.2s in meters? ,acceleration = 9.8 m/s^2,"t=1.0s, distance_ball_camera = 1.4010m
t=1.0s, distance_desk_camera = 1.7250m
t=1.2s, distance_ball_camera = 1.5640m
t=1.5s (max rebounce), distance_ball_camera=1.5225m",1.564
2166,captured_0008s,lab,A3SS,24,DS,What is the basketball's initial distance from the desk in cm? ,acceleration = 9.8 m/s^2,"t=1.0s, distance_ball_camera = 1.4010m
t=1.0s, distance_desk_camera = 1.7250m
t=1.2s, distance_ball_camera = 1.5640m
t=1.5s (max rebounce), distance_ball_camera=1.5225m",79.16096205270854
2167,captured_0008s,lab,A3SS,24,DS,What is the basketball's diameter in cm?,acceleration = 9.8 m/s^2,"t=1.0s, distance_ball_camera = 1.4010m
t=1.0s, distance_desk_camera = 1.7250m
t=1.2s, distance_ball_camera = 1.5640m
t=1.5s (max rebounce), distance_ball_camera=1.5225m",26.5
2168,captured_0008s,lab,A3SS,24,DS,What is the maximum rebounce height (with respect to the desk) of the basketball in cm? ,acceleration = 9.8 m/s^2,"t=1.0s, distance_ball_camera = 1.4010m
t=1.0s, distance_desk_camera = 1.7250m
t=1.2s, distance_ball_camera = 1.5640m
t=1.5s (max rebounce), distance_ball_camera=1.5225m",31.324997949809383
2169,captured_0008s,lab,A3SS,24,DS,What is the basketball's velocity at 1.2s in m/s? ,acceleration = 9.8 m/s^2,"t=1.0s, distance_ball_camera = 1.4010m
t=1.0s, distance_desk_camera = 1.7250m
t=1.2s, distance_ball_camera = 1.5640m
t=1.5s (max rebounce), distance_ball_camera=1.5225m",3.6e-09
2170,captured_0008s,lab,A3SS,24,DS,What is the basketball's  distance from the camera at 1.2s in meters? ,acceleration = 9.8 m/s^2,"t=1.0s, distance_ball_camera = 1.4010m
t=1.0s, distance_desk_camera = 1.7250m
t=1.2s, distance_ball_camera = 1.5640m
t=1.5s (max rebounce), distance_ball_camera=1.5225m",1.564
2171,captured_0008x,lab,A3SX,24,DS,What is the basketball's initial distance from the desk in cm? ,acceleration = 9.8 m/s^2,"t=1.0s, distance_ball_camera = 1.4010m
t=1.0s, distance_desk_camera = 1.7250m
t=1.2s, distance_ball_camera = 1.5640m
t=1.5s (max rebounce), distance_ball_camera=1.5225m",93.26543685495238
2172,captured_0008x,lab,A3SX,24,DS,What is the basketball's diameter in cm?,acceleration = 9.8 m/s^2,"t=1.0s, distance_ball_camera = 1.4010m
t=1.0s, distance_desk_camera = 1.7250m
t=1.2s, distance_ball_camera = 1.5640m
t=1.5s (max rebounce), distance_ball_camera=1.5225m",24.0
2173,captured_0008x,lab,A3SX,24,DS,What is the maximum rebounce height (with respect to the desk) of the basketball in cm? ,acceleration = 9.8 m/s^2,"t=1.0s, distance_ball_camera = 1.4010m
t=1.0s, distance_desk_camera = 1.7250m
t=1.2s, distance_ball_camera = 1.5640m
t=1.5s (max rebounce), distance_ball_camera=1.5225m",37.555702696983
2174,captured_0008x,lab,A3SX,24,DS,What is the basketball's velocity at 1.2s in m/s? ,acceleration = 9.8 m/s^2,"t=1.0s, distance_ball_camera = 1.4010m
t=1.0s, distance_desk_camera = 1.7250m
t=1.2s, distance_ball_camera = 1.5640m
t=1.5s (max rebounce), distance_ball_camera=1.5225m",3.3e-09
2175,captured_0008x,lab,A3SX,24,DS,What is the basketball's  distance from the camera at 1.2s in meters? ,acceleration = 9.8 m/s^2,"t=1.0s, distance_ball_camera = 1.4010m
t=1.0s, distance_desk_camera = 1.7250m
t=1.2s, distance_ball_camera = 1.5640m
t=1.5s (max rebounce), distance_ball_camera=1.5225m",1.564
2176,captured_0009,lab,A3SC,24,DS,What is the basketball's initial distance from the floor in cm? ,acceleration = 9.8 m/s^2,"t=0.0s, distance_ball_camera = 1.3210m
t=0.0s, distance_floor_camera = 2.0285m
t=1.8s, distance_ball_camera = 1.5835m
t=1.92s (max rebounce), distance_ball_camera=1.5795m",134.33838210287257
2177,captured_0009,lab,A3SC,24,DS,What is the basketball's diameter in cm?,acceleration = 9.8 m/s^2,"t=0.0s, distance_ball_camera = 1.3210m
t=0.0s, distance_floor_camera = 2.0285m
t=1.8s, distance_ball_camera = 1.5835m
t=1.92s (max rebounce), distance_ball_camera=1.5795m",24.0
2178,captured_0009,lab,A3SC,24,DS,What is the maximum rebounce height of the basketball in cm? ,acceleration = 9.8 m/s^2,"t=0.0s, distance_ball_camera = 1.3210m
t=0.0s, distance_floor_camera = 2.0285m
t=1.8s, distance_ball_camera = 1.5835m
t=1.92s (max rebounce), distance_ball_camera=1.5795m",31.0
2179,captured_0009,lab,A3SC,24,DS,What is the basketball's velocity at 1.8s in m/s? ,acceleration = 9.8 m/s^2,"t=0.0s, distance_ball_camera = 1.3210m
t=0.0s, distance_floor_camera = 2.0285m
t=1.8s, distance_ball_camera = 1.5835m
t=1.92s (max rebounce), distance_ball_camera=1.5795m",9.5e-10
2180,captured_0009,lab,A3SC,24,DS,What is the basketball's  distance from the camera at 1.8s in meters? ,acceleration = 9.8 m/s^2,"t=0.0s, distance_ball_camera = 1.3210m
t=0.0s, distance_floor_camera = 2.0285m
t=1.8s, distance_ball_camera = 1.5835m
t=1.92s (max rebounce), distance_ball_camera=1.5795m",1.5835
2181,captured_0009s,lab,A3SS,24,DS,What is the basketball's initial distance from the floor in cm? ,acceleration = 9.8 m/s^2,"t=0.0s, distance_ball_camera = 1.3210m
t=0.0s, distance_floor_camera = 2.0285m
t=1.8s, distance_ball_camera = 1.5835m
t=1.92s (max rebounce), distance_ball_camera=1.5795m",70.75
2182,captured_0009s,lab,A3SS,24,DS,What is the basketball's diameter in cm?,acceleration = 9.8 m/s^2,"t=0.0s, distance_ball_camera = 1.3210m
t=0.0s, distance_floor_camera = 2.0285m
t=1.8s, distance_ball_camera = 1.5835m
t=1.92s (max rebounce), distance_ball_camera=1.5795m",24.5
2183,captured_0009s,lab,A3SS,24,DS,What is the maximum rebounce height of the basketball in cm? ,acceleration = 9.8 m/s^2,"t=0.0s, distance_ball_camera = 1.3210m
t=0.0s, distance_floor_camera = 2.0285m
t=1.8s, distance_ball_camera = 1.5835m
t=1.92s (max rebounce), distance_ball_camera=1.5795m",44.9
2184,captured_0009s,lab,A3SS,24,DS,What is the basketball's velocity at 1.8s in m/s? ,acceleration = 9.8 m/s^2,"t=0.0s, distance_ball_camera = 1.3210m
t=0.0s, distance_floor_camera = 2.0285m
t=1.8s, distance_ball_camera = 1.5835m
t=1.92s (max rebounce), distance_ball_camera=1.5795m",1.18e-09
2185,captured_0009s,lab,A3SS,24,DS,What is the basketball's  distance from the camera at 1.8s in meters? ,acceleration = 9.8 m/s^2,"t=0.0s, distance_ball_camera = 1.3210m
t=0.0s, distance_floor_camera = 2.0285m
t=1.8s, distance_ball_camera = 1.5835m
t=1.92s (max rebounce), distance_ball_camera=1.5795m",1.5835
2186,captured_0009x,lab,A3SX,24,DS,What is the basketball's initial distance from the floor in cm? ,acceleration = 9.8 m/s^2,"t=0.0s, distance_ball_camera = 1.3210m
t=0.0s, distance_floor_camera = 2.0285m
t=1.8s, distance_ball_camera = 1.5835m
t=1.92s (max rebounce), distance_ball_camera=1.5795m",70.75
2187,captured_0009x,lab,A3SX,24,DS,What is the basketball's diameter in cm?,acceleration = 9.8 m/s^2,"t=0.0s, distance_ball_camera = 1.3210m
t=0.0s, distance_floor_camera = 2.0285m
t=1.8s, distance_ball_camera = 1.5835m
t=1.92s (max rebounce), distance_ball_camera=1.5795m",20.0
2188,captured_0009x,lab,A3SX,24,DS,What is the maximum rebounce height of the basketball in cm? ,acceleration = 9.8 m/s^2,"t=0.0s, distance_ball_camera = 1.3210m
t=0.0s, distance_floor_camera = 2.0285m
t=1.8s, distance_ball_camera = 1.5835m
t=1.92s (max rebounce), distance_ball_camera=1.5795m",44.9
2189,captured_0009x,lab,A3SX,24,DS,What is the basketball's velocity at 1.8s in m/s? ,acceleration = 9.8 m/s^2,"t=0.0s, distance_ball_camera = 1.3210m
t=0.0s, distance_floor_camera = 2.0285m
t=1.8s, distance_ball_camera = 1.5835m
t=1.92s (max rebounce), distance_ball_camera=1.5795m",1.18e-09
2190,captured_0009x,lab,A3SX,24,DS,What is the basketball's  distance from the camera at 1.8s in meters? ,acceleration = 9.8 m/s^2,"t=0.0s, distance_ball_camera = 1.3210m
t=0.0s, distance_floor_camera = 2.0285m
t=1.8s, distance_ball_camera = 1.5835m
t=1.92s (max rebounce), distance_ball_camera=1.5795m",1.5835
2191,captured_0010,lab,A3SC,24,DS,What is the length of the string in cm? ,gravity_acceleration = 9.8 m/s^2,"t=0.3s, distance_ball_camera = 1.7060m
t=0.6s, distance_ball_camera = 1.3440m
t=0.9s, distance_ball_camera = 1.4605m
t=1.2s, distance_ball_camera = 1.7840m
t=1.5s, distance_ball_camera = 1.7170m
t=1.8s, distance_ball_camera = 1.3500m
",35.0
2192,captured_0010,lab,A3SC,24,DS,What is the ball's diameter in cm?,gravity_acceleration = 9.8 m/s^2,"t=0.3s, distance_ball_camera = 1.7060m
t=0.6s, distance_ball_camera = 1.3440m
t=0.9s, distance_ball_camera = 1.4605m
t=1.2s, distance_ball_camera = 1.7840m
t=1.5s, distance_ball_camera = 1.7170m
t=1.8s, distance_ball_camera = 1.3500m
",5.294445858182153
2193,captured_0010,lab,A3SC,24,DS,What is the ball's velocity at 0.3s in m/s? ,gravity_acceleration = 9.8 m/s^2,"t=0.3s, distance_ball_camera = 1.7060m
t=0.6s, distance_ball_camera = 1.3440m
t=0.9s, distance_ball_camera = 1.4605m
t=1.2s, distance_ball_camera = 1.7840m
t=1.5s, distance_ball_camera = 1.7170m
t=1.8s, distance_ball_camera = 1.3500m
",1.479537424457927e-09
2194,captured_0010,lab,A3SC,24,DS,What is the ball's velocoty at 0.6s in m/s? ,gravity_acceleration = 9.8 m/s^2,"t=0.3s, distance_ball_camera = 1.7060m
t=0.6s, distance_ball_camera = 1.3440m
t=0.9s, distance_ball_camera = 1.4605m
t=1.2s, distance_ball_camera = 1.7840m
t=1.5s, distance_ball_camera = 1.7170m
t=1.8s, distance_ball_camera = 1.3500m
",4.726047493894656e-10
2195,captured_0010,lab,A3SC,24,DS,What is that ball's acceleration at 0.3s in m/s^2? ,gravity_acceleration = 9.8 m/s^2,"t=0.3s, distance_ball_camera = 1.7060m
t=0.6s, distance_ball_camera = 1.3440m
t=0.9s, distance_ball_camera = 1.4605m
t=1.2s, distance_ball_camera = 1.7840m
t=1.5s, distance_ball_camera = 1.7170m
t=1.8s, distance_ball_camera = 1.3500m
",4.85296503393019e-09
2196,captured_0010,lab,A3SC,24,DS,What is that ball's acceleration at 0.6s in m/s^2? ,gravity_acceleration = 9.8 m/s^2,"t=0.3s, distance_ball_camera = 1.7060m
t=0.6s, distance_ball_camera = 1.3440m
t=0.9s, distance_ball_camera = 1.4605m
t=1.2s, distance_ball_camera = 1.7840m
t=1.5s, distance_ball_camera = 1.7170m
t=1.8s, distance_ball_camera = 1.3500m
",2.803592116538824e-09
2197,captured_0010s,lab,A3SS,24,DS,What is the length of the string in cm? ,gravity_acceleration = 9.8 m/s^2,"t=0.3s, distance_ball_camera = 1.7060m
t=0.6s, distance_ball_camera = 1.3440m
t=0.9s, distance_ball_camera = 1.4605m
t=1.2s, distance_ball_camera = 1.7840m
t=1.5s, distance_ball_camera = 1.7170m
t=1.8s, distance_ball_camera = 1.3500m
",33.0
2198,captured_0010s,lab,A3SS,24,DS,What is the ball's diameter in cm?,gravity_acceleration = 9.8 m/s^2,"t=0.3s, distance_ball_camera = 1.7060m
t=0.6s, distance_ball_camera = 1.3440m
t=0.9s, distance_ball_camera = 1.4605m
t=1.2s, distance_ball_camera = 1.7840m
t=1.5s, distance_ball_camera = 1.7170m
t=1.8s, distance_ball_camera = 1.3500m
",7.3774530186415666
2199,captured_0010s,lab,A3SS,24,DS,What is the ball's velocity at 0.3s in m/s? ,gravity_acceleration = 9.8 m/s^2,"t=0.3s, distance_ball_camera = 1.7060m
t=0.6s, distance_ball_camera = 1.3440m
t=0.9s, distance_ball_camera = 1.4605m
t=1.2s, distance_ball_camera = 1.7840m
t=1.5s, distance_ball_camera = 1.7170m
t=1.8s, distance_ball_camera = 1.3500m
",1.5082348417540563e-09
2200,captured_0010s,lab,A3SS,24,DS,What is the ball's velocoty at 0.6s in m/s? ,gravity_acceleration = 9.8 m/s^2,"t=0.3s, distance_ball_camera = 1.7060m
t=0.6s, distance_ball_camera = 1.3440m
t=0.9s, distance_ball_camera = 1.4605m
t=1.2s, distance_ball_camera = 1.7840m
t=1.5s, distance_ball_camera = 1.7170m
t=1.8s, distance_ball_camera = 1.3500m
",4.743348082325575e-10
2201,captured_0010s,lab,A3SS,24,DS,What is that ball's acceleration at 0.3s in m/s^2? ,gravity_acceleration = 9.8 m/s^2,"t=0.3s, distance_ball_camera = 1.7060m
t=0.6s, distance_ball_camera = 1.3440m
t=0.9s, distance_ball_camera = 1.4605m
t=1.2s, distance_ball_camera = 1.7840m
t=1.5s, distance_ball_camera = 1.7170m
t=1.8s, distance_ball_camera = 1.3500m
",4.8800999624631064e-09
2202,captured_0010s,lab,A3SS,24,DS,What is that ball's acceleration at 0.6s in m/s^2? ,gravity_acceleration = 9.8 m/s^2,"t=0.3s, distance_ball_camera = 1.7060m
t=0.6s, distance_ball_camera = 1.3440m
t=0.9s, distance_ball_camera = 1.4605m
t=1.2s, distance_ball_camera = 1.7840m
t=1.5s, distance_ball_camera = 1.7170m
t=1.8s, distance_ball_camera = 1.3500m
",2.819834650517562e-09
2203,captured_0010X,lab,A3SX,24,DS,What is the length of the string in cm? ,gravity_acceleration = 9.8 m/s^2,"t=0.3s, distance_ball_camera = 1.7060m
t=0.6s, distance_ball_camera = 1.3440m
t=0.9s, distance_ball_camera = 1.4605m
t=1.2s, distance_ball_camera = 1.7840m
t=1.5s, distance_ball_camera = 1.7170m
t=1.8s, distance_ball_camera = 1.3500m
",37.0
2204,captured_0010X,lab,A3SX,24,DS,What is the ball's diameter in cm?,gravity_acceleration = 9.8 m/s^2,"t=0.3s, distance_ball_camera = 1.7060m
t=0.6s, distance_ball_camera = 1.3440m
t=0.9s, distance_ball_camera = 1.4605m
t=1.2s, distance_ball_camera = 1.7840m
t=1.5s, distance_ball_camera = 1.7170m
t=1.8s, distance_ball_camera = 1.3500m
",7.244534746575484
2205,captured_0010X,lab,A3SX,24,DS,What is the ball's velocity at 0.3s in m/s? ,gravity_acceleration = 9.8 m/s^2,"t=0.3s, distance_ball_camera = 1.7060m
t=0.6s, distance_ball_camera = 1.3440m
t=0.9s, distance_ball_camera = 1.4605m
t=1.2s, distance_ball_camera = 1.7840m
t=1.5s, distance_ball_camera = 1.7170m
t=1.8s, distance_ball_camera = 1.3500m
",1.4252489271375483e-09
2206,captured_0010X,lab,A3SX,24,DS,What is the ball's velocoty at 0.6s in m/s? ,gravity_acceleration = 9.8 m/s^2,"t=0.3s, distance_ball_camera = 1.7060m
t=0.6s, distance_ball_camera = 1.3440m
t=0.9s, distance_ball_camera = 1.4605m
t=1.2s, distance_ball_camera = 1.7840m
t=1.5s, distance_ball_camera = 1.7170m
t=1.8s, distance_ball_camera = 1.3500m
",4.4905123121542814e-10
2207,captured_0010X,lab,A3SX,24,DS,What is that ball's acceleration at 0.3s in m/s^2? ,gravity_acceleration = 9.8 m/s^2,"t=0.3s, distance_ball_camera = 1.7060m
t=0.6s, distance_ball_camera = 1.3440m
t=0.9s, distance_ball_camera = 1.4605m
t=1.2s, distance_ball_camera = 1.7840m
t=1.5s, distance_ball_camera = 1.7170m
t=1.8s, distance_ball_camera = 1.3500m
",4.964507422913739e-09
2208,captured_0010X,lab,A3SX,24,DS,What is that ball's acceleration at 0.6s in m/s^2? ,gravity_acceleration = 9.8 m/s^2,"t=0.3s, distance_ball_camera = 1.7060m
t=0.6s, distance_ball_camera = 1.3440m
t=0.9s, distance_ball_camera = 1.4605m
t=1.2s, distance_ball_camera = 1.7840m
t=1.5s, distance_ball_camera = 1.7170m
t=1.8s, distance_ball_camera = 1.3500m
",2.8690332860806073e-09
2209,captured_0013,lab,A3MC,24,DS,What is the height of the cup in cm? ,"t=1.5, ball acceleration = 3.0m/s^2","t=0s, distance_cup_camera = 1.2100m
t=0s, distance_pen_camera = 1.1750m
t=0s, distance_cookie_camera = 1.1820m
t=0s, distance_note_book_camera = 0.9620m
t=0s, distance_desk_left_camera = 0.8690m
t=0s, distance_desk_right_camera = 0.8520m
t=0s, distance_slope_far_camera = 1.3450m
t=0s, distance_slope_near_camera = 1.1040m
",14.6208021586043
2210,captured_0013,lab,A3MC,24,DS,What is the length of the pen in cm? ,"t=1.5, ball acceleration = 3.0m/s^2","t=0s, distance_cup_camera = 1.2100m
t=0s, distance_pen_camera = 1.1750m
t=0s, distance_cookie_camera = 1.1820m
t=0s, distance_note_book_camera = 0.9620m
t=0s, distance_desk_left_camera = 0.8690m
t=0s, distance_desk_right_camera = 0.8520m
t=0s, distance_slope_far_camera = 1.3450m
t=0s, distance_slope_near_camera = 1.1040m
",9.914577235320678
2211,captured_0013,lab,A3MC,24,DS,What is the diameter of the cookie in cm? ,"t=1.5, ball acceleration = 3.0m/s^2","t=0s, distance_cup_camera = 1.2100m
t=0s, distance_pen_camera = 1.1750m
t=0s, distance_cookie_camera = 1.1820m
t=0s, distance_note_book_camera = 0.9620m
t=0s, distance_desk_left_camera = 0.8690m
t=0s, distance_desk_right_camera = 0.8520m
t=0s, distance_slope_far_camera = 1.3450m
t=0s, distance_slope_near_camera = 1.1040m
",8.520065226806217
2212,captured_0013,lab,A3MC,24,DS,What is the width of the note book in cm? ,"t=1.5, ball acceleration = 3.0m/s^2","t=0s, distance_cup_camera = 1.2100m
t=0s, distance_pen_camera = 1.1750m
t=0s, distance_cookie_camera = 1.1820m
t=0s, distance_note_book_camera = 0.9620m
t=0s, distance_desk_left_camera = 0.8690m
t=0s, distance_desk_right_camera = 0.8520m
t=0s, distance_slope_far_camera = 1.3450m
t=0s, distance_slope_near_camera = 1.1040m
",11.34790371700244
2213,captured_0013,lab,A3MC,24,DS,What is the width of the desk in cm? ,"t=1.5, ball acceleration = 3.0m/s^2","t=0s, distance_cup_camera = 1.2100m
t=0s, distance_pen_camera = 1.1750m
t=0s, distance_cookie_camera = 1.1820m
t=0s, distance_note_book_camera = 0.9620m
t=0s, distance_desk_left_camera = 0.8690m
t=0s, distance_desk_right_camera = 0.8520m
t=0s, distance_slope_far_camera = 1.3450m
t=0s, distance_slope_near_camera = 1.1040m
",59.93233853352344
2214,captured_0013,lab,A3MC,24,DS,What is the length of the slope in cm?,"t=1.5, ball acceleration = 3.0m/s^2","t=0s, distance_cup_camera = 1.2100m
t=0s, distance_pen_camera = 1.1750m
t=0s, distance_cookie_camera = 1.1820m
t=0s, distance_note_book_camera = 0.9620m
t=0s, distance_desk_left_camera = 0.8690m
t=0s, distance_desk_right_camera = 0.8520m
t=0s, distance_slope_far_camera = 1.3450m
t=0s, distance_slope_near_camera = 1.1040m
",30.335081037476563
2215,captured_0013,lab,A3MC,24,DS,What is the diameter of the ball in cm? ,"t=1.5, ball acceleration = 3.0m/s^2","t=0s, distance_cup_camera = 1.2100m
t=0s, distance_pen_camera = 1.1750m
t=0s, distance_cookie_camera = 1.1820m
t=0s, distance_note_book_camera = 0.9620m
t=0s, distance_desk_left_camera = 0.8690m
t=0s, distance_desk_right_camera = 0.8520m
t=0s, distance_slope_far_camera = 1.3450m
t=0s, distance_slope_near_camera = 1.1040m
",5.0
2216,captured_0013,lab,A3MC,24,DD,What is the velolicty of the ball at 1.5s in cm/s? ,"t=1.5, ball acceleration = 3.0m/s^2","t=0s, distance_cup_camera = 1.2100m
t=0s, distance_pen_camera = 1.1750m
t=0s, distance_cookie_camera = 1.1820m
t=0s, distance_note_book_camera = 0.9620m
t=0s, distance_desk_left_camera = 0.8690m
t=0s, distance_desk_right_camera = 0.8520m
t=0s, distance_slope_far_camera = 1.3450m
t=0s, distance_slope_near_camera = 1.1040m
",1.0000000000000001e-07
2217,captured_0013s,lab,A3MS,24,DS,What is the height of the cup in cm? ,"t=1.5, ball acceleration = 3.0m/s^2","t=0s, distance_cup_camera = 1.2100m
t=0s, distance_pen_camera = 1.1750m
t=0s, distance_cookie_camera = 1.1820m
t=0s, distance_note_book_camera = 0.9620m
t=0s, distance_desk_left_camera = 0.8690m
t=0s, distance_desk_right_camera = 0.8520m
t=0s, distance_slope_far_camera = 1.3450m
t=0s, distance_slope_near_camera = 1.1040m
",14.116117456571486
2218,captured_0013s,lab,A3MS,24,DS,What is the length of the pen in cm? ,"t=1.5, ball acceleration = 3.0m/s^2","t=0s, distance_cup_camera = 1.2100m
t=0s, distance_pen_camera = 1.1750m
t=0s, distance_cookie_camera = 1.1820m
t=0s, distance_note_book_camera = 0.9620m
t=0s, distance_desk_left_camera = 0.8690m
t=0s, distance_desk_right_camera = 0.8520m
t=0s, distance_slope_far_camera = 1.3450m
t=0s, distance_slope_near_camera = 1.1040m
",9.866704729376478
2219,captured_0013s,lab,A3MS,24,DS,What is the diameter of the cookie in cm? ,"t=1.5, ball acceleration = 3.0m/s^2","t=0s, distance_cup_camera = 1.2100m
t=0s, distance_pen_camera = 1.1750m
t=0s, distance_cookie_camera = 1.1820m
t=0s, distance_note_book_camera = 0.9620m
t=0s, distance_desk_left_camera = 0.8690m
t=0s, distance_desk_right_camera = 0.8520m
t=0s, distance_slope_far_camera = 1.3450m
t=0s, distance_slope_near_camera = 1.1040m
",8.373415828681132
2220,captured_0013s,lab,A3MS,24,DS,What is the width of the note book in cm? ,"t=1.5, ball acceleration = 3.0m/s^2","t=0s, distance_cup_camera = 1.2100m
t=0s, distance_pen_camera = 1.1750m
t=0s, distance_cookie_camera = 1.1820m
t=0s, distance_note_book_camera = 0.9620m
t=0s, distance_desk_left_camera = 0.8690m
t=0s, distance_desk_right_camera = 0.8520m
t=0s, distance_slope_far_camera = 1.3450m
t=0s, distance_slope_near_camera = 1.1040m
",11.370897820431578
2221,captured_0013s,lab,A3MS,24,DS,What is the width of the desk in cm? ,"t=1.5, ball acceleration = 3.0m/s^2","t=0s, distance_cup_camera = 1.2100m
t=0s, distance_pen_camera = 1.1750m
t=0s, distance_cookie_camera = 1.1820m
t=0s, distance_note_book_camera = 0.9620m
t=0s, distance_desk_left_camera = 0.8690m
t=0s, distance_desk_right_camera = 0.8520m
t=0s, distance_slope_far_camera = 1.3450m
t=0s, distance_slope_near_camera = 1.1040m
",59.09846161282075
2222,captured_0013s,lab,A3MS,24,DS,What is the length of the slope in cm?,"t=1.5, ball acceleration = 3.0m/s^2","t=0s, distance_cup_camera = 1.2100m
t=0s, distance_pen_camera = 1.1750m
t=0s, distance_cookie_camera = 1.1820m
t=0s, distance_note_book_camera = 0.9620m
t=0s, distance_desk_left_camera = 0.8690m
t=0s, distance_desk_right_camera = 0.8520m
t=0s, distance_slope_far_camera = 1.3450m
t=0s, distance_slope_near_camera = 1.1040m
",30.29377976323609
2223,captured_0013s,lab,A3MS,24,DS,What is the diameter of the ball in cm? ,"t=1.5, ball acceleration = 3.0m/s^2","t=0s, distance_cup_camera = 1.2100m
t=0s, distance_pen_camera = 1.1750m
t=0s, distance_cookie_camera = 1.1820m
t=0s, distance_note_book_camera = 0.9620m
t=0s, distance_desk_left_camera = 0.8690m
t=0s, distance_desk_right_camera = 0.8520m
t=0s, distance_slope_far_camera = 1.3450m
t=0s, distance_slope_near_camera = 1.1040m
",4.2
2224,captured_0013s,lab,A3MS,24,DD,What is the velolicty of the ball at 1.5s in cm/s? ,"t=1.5, ball acceleration = 3.0m/s^2","t=0s, distance_cup_camera = 1.2100m
t=0s, distance_pen_camera = 1.1750m
t=0s, distance_cookie_camera = 1.1820m
t=0s, distance_note_book_camera = 0.9620m
t=0s, distance_desk_left_camera = 0.8690m
t=0s, distance_desk_right_camera = 0.8520m
t=0s, distance_slope_far_camera = 1.3450m
t=0s, distance_slope_near_camera = 1.1040m
",5.5e-08
2225,captured_0013x,lab,A3MX,24,DS,What is the height of the cup in cm? ,"t=1.5, ball acceleration = 3.0m/s^2","t=0s, distance_cup_camera = 1.2100m
t=0s, distance_pen_camera = 1.1750m
t=0s, distance_cookie_camera = 1.1820m
t=0s, distance_note_book_camera = 0.9620m
t=0s, distance_desk_left_camera = 0.8690m
t=0s, distance_desk_right_camera = 0.8520m
t=0s, distance_slope_far_camera = 1.3450m
t=0s, distance_slope_near_camera = 1.1040m
",14.616164361642864
2226,captured_0013x,lab,A3MX,24,DS,What is the length of the pen in cm? ,"t=1.5, ball acceleration = 3.0m/s^2","t=0s, distance_cup_camera = 1.2100m
t=0s, distance_pen_camera = 1.1750m
t=0s, distance_cookie_camera = 1.1820m
t=0s, distance_note_book_camera = 0.9620m
t=0s, distance_desk_left_camera = 0.8690m
t=0s, distance_desk_right_camera = 0.8520m
t=0s, distance_slope_far_camera = 1.3450m
t=0s, distance_slope_near_camera = 1.1040m
",9.86465257764655
2227,captured_0013x,lab,A3MX,24,DS,What is the diameter of the cookie in cm? ,"t=1.5, ball acceleration = 3.0m/s^2","t=0s, distance_cup_camera = 1.2100m
t=0s, distance_pen_camera = 1.1750m
t=0s, distance_cookie_camera = 1.1820m
t=0s, distance_note_book_camera = 0.9620m
t=0s, distance_desk_left_camera = 0.8690m
t=0s, distance_desk_right_camera = 0.8520m
t=0s, distance_slope_far_camera = 1.3450m
t=0s, distance_slope_near_camera = 1.1040m
",8.371655249064966
2228,captured_0013x,lab,A3MX,24,DS,What is the width of the note book in cm? ,"t=1.5, ball acceleration = 3.0m/s^2","t=0s, distance_cup_camera = 1.2100m
t=0s, distance_pen_camera = 1.1750m
t=0s, distance_cookie_camera = 1.1820m
t=0s, distance_note_book_camera = 0.9620m
t=0s, distance_desk_left_camera = 0.8690m
t=0s, distance_desk_right_camera = 0.8520m
t=0s, distance_slope_far_camera = 1.3450m
t=0s, distance_slope_near_camera = 1.1040m
",11.182337552235865
2229,captured_0013x,lab,A3MX,24,DS,What is the width of the desk in cm? ,"t=1.5, ball acceleration = 3.0m/s^2","t=0s, distance_cup_camera = 1.2100m
t=0s, distance_pen_camera = 1.1750m
t=0s, distance_cookie_camera = 1.1820m
t=0s, distance_note_book_camera = 0.9620m
t=0s, distance_desk_left_camera = 0.8690m
t=0s, distance_desk_right_camera = 0.8520m
t=0s, distance_slope_far_camera = 1.3450m
t=0s, distance_slope_near_camera = 1.1040m
",59.06619884518501
2230,captured_0013x,lab,A3MX,24,DS,What is the length of the slope in cm?,"t=1.5, ball acceleration = 3.0m/s^2","t=0s, distance_cup_camera = 1.2100m
t=0s, distance_pen_camera = 1.1750m
t=0s, distance_cookie_camera = 1.1820m
t=0s, distance_note_book_camera = 0.9620m
t=0s, distance_desk_left_camera = 0.8690m
t=0s, distance_desk_right_camera = 0.8520m
t=0s, distance_slope_far_camera = 1.3450m
t=0s, distance_slope_near_camera = 1.1040m
",30.29091175174692
2231,captured_0013x,lab,A3MX,24,DS,What is the diameter of the ball in cm? ,"t=1.5, ball acceleration = 3.0m/s^2","t=0s, distance_cup_camera = 1.2100m
t=0s, distance_pen_camera = 1.1750m
t=0s, distance_cookie_camera = 1.1820m
t=0s, distance_note_book_camera = 0.9620m
t=0s, distance_desk_left_camera = 0.8690m
t=0s, distance_desk_right_camera = 0.8520m
t=0s, distance_slope_far_camera = 1.3450m
t=0s, distance_slope_near_camera = 1.1040m
",5.6
2232,captured_0013x,lab,A3MX,24,DD,What is the velolicty of the ball at 1.5s in cm/s? ,"t=1.5, ball acceleration = 3.0m/s^2","t=0s, distance_cup_camera = 1.2100m
t=0s, distance_pen_camera = 1.1750m
t=0s, distance_cookie_camera = 1.1820m
t=0s, distance_note_book_camera = 0.9620m
t=0s, distance_desk_left_camera = 0.8690m
t=0s, distance_desk_right_camera = 0.8520m
t=0s, distance_slope_far_camera = 1.3450m
t=0s, distance_slope_near_camera = 1.1040m
",5.5e-08
2233,captured_0014,lab,A3MC,24,DS,What is the diameter of the cookie in cm? ,"t=0.6, ball acceleration = 4.6m/s^2","t=0s, distance_cookie_camera = 1.7355m
t=0s, distance_ball_camera = 1.8180m
t=0s, distance_cup_camera = 1.7270m
t=0s, distance_pen_camera = 1.6725m
t=0s, distance_book_camera = 1.6650m
t=0.6s, distance_ball_camera = 1.7288m
t=0s, distance_slope_far_camera = 1.8540m
t=0s, distance_slope_near_camera = 1.7010m
",8.219676153844043
2234,captured_0014,lab,A3MC,24,DS,What is the diameter of the ball in cm? ,"t=0.6, ball acceleration = 4.6m/s^2","t=0s, distance_cookie_camera = 1.7355m
t=0s, distance_ball_camera = 1.8180m
t=0s, distance_cup_camera = 1.7270m
t=0s, distance_pen_camera = 1.6725m
t=0s, distance_book_camera = 1.6650m
t=0.6s, distance_ball_camera = 1.7288m
t=0s, distance_slope_far_camera = 1.8540m
t=0s, distance_slope_near_camera = 1.7010m
",6.385626870485578
2235,captured_0014,lab,A3MC,24,DS,What is the height of the cup in cm? ,"t=0.6, ball acceleration = 4.6m/s^2","t=0s, distance_cookie_camera = 1.7355m
t=0s, distance_ball_camera = 1.8180m
t=0s, distance_cup_camera = 1.7270m
t=0s, distance_pen_camera = 1.6725m
t=0s, distance_book_camera = 1.6650m
t=0.6s, distance_ball_camera = 1.7288m
t=0s, distance_slope_far_camera = 1.8540m
t=0s, distance_slope_near_camera = 1.7010m
",13.461228017521211
2236,captured_0014,lab,A3MC,24,DS,What is the length of the pen in cm? ,"t=0.6, ball acceleration = 4.6m/s^2","t=0s, distance_cookie_camera = 1.7355m
t=0s, distance_ball_camera = 1.8180m
t=0s, distance_cup_camera = 1.7270m
t=0s, distance_pen_camera = 1.6725m
t=0s, distance_book_camera = 1.6650m
t=0.6s, distance_ball_camera = 1.7288m
t=0s, distance_slope_far_camera = 1.8540m
t=0s, distance_slope_near_camera = 1.7010m
",14.847445072107435
2237,captured_0014,lab,A3MC,24,DS,What is the length of the book in cm?,"t=0.6, ball acceleration = 4.6m/s^2","t=0s, distance_cookie_camera = 1.7355m
t=0s, distance_ball_camera = 1.8180m
t=0s, distance_cup_camera = 1.7270m
t=0s, distance_pen_camera = 1.6725m
t=0s, distance_book_camera = 1.6650m
t=0.6s, distance_ball_camera = 1.7288m
t=0s, distance_slope_far_camera = 1.8540m
t=0s, distance_slope_near_camera = 1.7010m
",12.228981365821332
2238,captured_0014,lab,A3MC,24,DS,What is the width of the book in cm?,"t=0.6, ball acceleration = 4.6m/s^2","t=0s, distance_cookie_camera = 1.7355m
t=0s, distance_ball_camera = 1.8180m
t=0s, distance_cup_camera = 1.7270m
t=0s, distance_pen_camera = 1.6725m
t=0s, distance_book_camera = 1.6650m
t=0.6s, distance_ball_camera = 1.7288m
t=0s, distance_slope_far_camera = 1.8540m
t=0s, distance_slope_near_camera = 1.7010m
",11.43542575773621
2239,captured_0014,lab,A3MC,24,DS,What is the height of the book in cm?,"t=0.6, ball acceleration = 4.6m/s^2","t=0s, distance_cookie_camera = 1.7355m
t=0s, distance_ball_camera = 1.8180m
t=0s, distance_cup_camera = 1.7270m
t=0s, distance_pen_camera = 1.6725m
t=0s, distance_book_camera = 1.6650m
t=0.6s, distance_ball_camera = 1.7288m
t=0s, distance_slope_far_camera = 1.8540m
t=0s, distance_slope_near_camera = 1.7010m
",1.7457350389830917
2240,captured_0014,lab,A3MC,24,DD,What is the velocity of the rolling ball at 0.6s in cm/s? ,"t=0.6, ball acceleration = 4.6m/s^2","t=0s, distance_cookie_camera = 1.7355m
t=0s, distance_ball_camera = 1.8180m
t=0s, distance_cup_camera = 1.7270m
t=0s, distance_pen_camera = 1.6725m
t=0s, distance_book_camera = 1.6650m
t=0.6s, distance_ball_camera = 1.7288m
t=0s, distance_slope_far_camera = 1.8540m
t=0s, distance_slope_near_camera = 1.7010m
",8.930397806953426e-08
2241,captured_0014,lab,A3MC,24,DS,What is the length of the slope in cm? ,"t=0.6, ball acceleration = 4.6m/s^2","t=0s, distance_cookie_camera = 1.7355m
t=0s, distance_ball_camera = 1.8180m
t=0s, distance_cup_camera = 1.7270m
t=0s, distance_pen_camera = 1.6725m
t=0s, distance_book_camera = 1.6650m
t=0.6s, distance_ball_camera = 1.7288m
t=0s, distance_slope_far_camera = 1.8540m
t=0s, distance_slope_near_camera = 1.7010m
",33.51886984304116
2242,captured_0014,lab,A3MC,24,DS,What is the width of the slope in cm? ,"t=0.6, ball acceleration = 4.6m/s^2","t=0s, distance_cookie_camera = 1.7355m
t=0s, distance_ball_camera = 1.8180m
t=0s, distance_cup_camera = 1.7270m
t=0s, distance_pen_camera = 1.6725m
t=0s, distance_book_camera = 1.6650m
t=0.6s, distance_ball_camera = 1.7288m
t=0s, distance_slope_far_camera = 1.8540m
t=0s, distance_slope_near_camera = 1.7010m
",26.98164213790436
2243,captured_0014,lab,A3MC,24,DS,What is the displacement of the rolling object from 0s to 0.6s in cm? ,"t=0.6, ball acceleration = 4.6m/s^2","t=0s, distance_cookie_camera = 1.7355m
t=0s, distance_ball_camera = 1.8180m
t=0s, distance_cup_camera = 1.7270m
t=0s, distance_pen_camera = 1.6725m
t=0s, distance_book_camera = 1.6650m
t=0.6s, distance_ball_camera = 1.7288m
t=0s, distance_slope_far_camera = 1.8540m
t=0s, distance_slope_near_camera = 1.7010m
",1.7537783362138185e-08
2244,captured_0014s,lab,A3MS,24,DS,What is the diameter of the cookie in cm? ,"t=0.6, ball acceleration = 4.6m/s^2","t=0s, distance_cookie_camera = 1.7355m
t=0s, distance_ball_camera = 1.8180m
t=0s, distance_cup_camera = 1.7270m
t=0s, distance_pen_camera = 1.6725m
t=0s, distance_book_camera = 1.6650m
t=0.6s, distance_ball_camera = 1.7288m
t=0s, distance_slope_far_camera = 1.8540m
t=0s, distance_slope_near_camera = 1.7010m
",8.543924590273319
2245,captured_0014s,lab,A3MS,24,DS,What is the diameter of the ball in cm? ,"t=0.6, ball acceleration = 4.6m/s^2","t=0s, distance_cookie_camera = 1.7355m
t=0s, distance_ball_camera = 1.8180m
t=0s, distance_cup_camera = 1.7270m
t=0s, distance_pen_camera = 1.6725m
t=0s, distance_book_camera = 1.6650m
t=0.6s, distance_ball_camera = 1.7288m
t=0s, distance_slope_far_camera = 1.8540m
t=0s, distance_slope_near_camera = 1.7010m
",6.720231855943776
2246,captured_0014s,lab,A3MS,24,DS,What is the height of the cup in cm? ,"t=0.6, ball acceleration = 4.6m/s^2","t=0s, distance_cookie_camera = 1.7355m
t=0s, distance_ball_camera = 1.8180m
t=0s, distance_cup_camera = 1.7270m
t=0s, distance_pen_camera = 1.6725m
t=0s, distance_book_camera = 1.6650m
t=0.6s, distance_ball_camera = 1.7288m
t=0s, distance_slope_far_camera = 1.8540m
t=0s, distance_slope_near_camera = 1.7010m
",12.514886262375844
2247,captured_0014s,lab,A3MS,24,DS,What is the length of the pen in cm? ,"t=0.6, ball acceleration = 4.6m/s^2","t=0s, distance_cookie_camera = 1.7355m
t=0s, distance_ball_camera = 1.8180m
t=0s, distance_cup_camera = 1.7270m
t=0s, distance_pen_camera = 1.6725m
t=0s, distance_book_camera = 1.6650m
t=0.6s, distance_ball_camera = 1.7288m
t=0s, distance_slope_far_camera = 1.8540m
t=0s, distance_slope_near_camera = 1.7010m
",15.2430369516847
2248,captured_0014s,lab,A3MS,24,DS,What is the length of the book in cm?,"t=0.6, ball acceleration = 4.6m/s^2","t=0s, distance_cookie_camera = 1.7355m
t=0s, distance_ball_camera = 1.8180m
t=0s, distance_cup_camera = 1.7270m
t=0s, distance_pen_camera = 1.6725m
t=0s, distance_book_camera = 1.6650m
t=0.6s, distance_ball_camera = 1.7288m
t=0s, distance_slope_far_camera = 1.8540m
t=0s, distance_slope_near_camera = 1.7010m
",12.215034194036
2249,captured_0014s,lab,A3MS,24,DS,What is the width of the book in cm?,"t=0.6, ball acceleration = 4.6m/s^2","t=0s, distance_cookie_camera = 1.7355m
t=0s, distance_ball_camera = 1.8180m
t=0s, distance_cup_camera = 1.7270m
t=0s, distance_pen_camera = 1.6725m
t=0s, distance_book_camera = 1.6650m
t=0.6s, distance_ball_camera = 1.7288m
t=0s, distance_slope_far_camera = 1.8540m
t=0s, distance_slope_near_camera = 1.7010m
",11.141306790342616
2250,captured_0014s,lab,A3MS,24,DS,What is the height of the book in cm?,"t=0.6, ball acceleration = 4.6m/s^2","t=0s, distance_cookie_camera = 1.7355m
t=0s, distance_ball_camera = 1.8180m
t=0s, distance_cup_camera = 1.7270m
t=0s, distance_pen_camera = 1.6725m
t=0s, distance_book_camera = 1.6650m
t=0.6s, distance_ball_camera = 1.7288m
t=0s, distance_slope_far_camera = 1.8540m
t=0s, distance_slope_near_camera = 1.7010m
",1.452487177406342
2251,captured_0014s,lab,A3MS,24,DD,What is the velocity of the rolling ball at 0.6s in cm/s? ,"t=0.6, ball acceleration = 4.6m/s^2","t=0s, distance_cookie_camera = 1.7355m
t=0s, distance_ball_camera = 1.8180m
t=0s, distance_cup_camera = 1.7270m
t=0s, distance_pen_camera = 1.6725m
t=0s, distance_book_camera = 1.6650m
t=0.6s, distance_ball_camera = 1.7288m
t=0s, distance_slope_far_camera = 1.8540m
t=0s, distance_slope_near_camera = 1.7010m
",9.832931414286473e-08
2252,captured_0014s,lab,A3MS,24,DS,What is the length of the slope in cm? ,"t=0.6, ball acceleration = 4.6m/s^2","t=0s, distance_cookie_camera = 1.7355m
t=0s, distance_ball_camera = 1.8180m
t=0s, distance_cup_camera = 1.7270m
t=0s, distance_pen_camera = 1.6725m
t=0s, distance_book_camera = 1.6650m
t=0.6s, distance_ball_camera = 1.7288m
t=0s, distance_slope_far_camera = 1.8540m
t=0s, distance_slope_near_camera = 1.7010m
",34.10727415951299
2253,captured_0014s,lab,A3MS,24,DS,What is the width of the slope in cm? ,"t=0.6, ball acceleration = 4.6m/s^2","t=0s, distance_cookie_camera = 1.7355m
t=0s, distance_ball_camera = 1.8180m
t=0s, distance_cup_camera = 1.7270m
t=0s, distance_pen_camera = 1.6725m
t=0s, distance_book_camera = 1.6650m
t=0.6s, distance_ball_camera = 1.7288m
t=0s, distance_slope_far_camera = 1.8540m
t=0s, distance_slope_near_camera = 1.7010m
",27.49632688120715
2254,captured_0014s,lab,A3MS,24,DS,What is the displacement of the rolling object from 0s to 0.6s in cm? ,"t=0.6, ball acceleration = 4.6m/s^2","t=0s, distance_cookie_camera = 1.7355m
t=0s, distance_ball_camera = 1.8180m
t=0s, distance_cup_camera = 1.7270m
t=0s, distance_pen_camera = 1.6725m
t=0s, distance_book_camera = 1.6650m
t=0.6s, distance_ball_camera = 1.7288m
t=0s, distance_slope_far_camera = 1.8540m
t=0s, distance_slope_near_camera = 1.7010m
",1.8405677293832625e-08
2255,captured_0014x,lab,A3MX,24,DS,What is the diameter of the cookie in cm? ,"t=0.6, ball acceleration = 4.6m/s^2","t=0s, distance_cookie_camera = 1.7355m
t=0s, distance_ball_camera = 1.8180m
t=0s, distance_cup_camera = 1.7270m
t=0s, distance_pen_camera = 1.6725m
t=0s, distance_book_camera = 1.6650m
t=0.6s, distance_ball_camera = 1.7288m
t=0s, distance_slope_far_camera = 1.8540m
t=0s, distance_slope_near_camera = 1.7010m
",8.706399583432663
2256,captured_0014x,lab,A3MX,24,DS,What is the diameter of the ball in cm? ,"t=0.6, ball acceleration = 4.6m/s^2","t=0s, distance_cookie_camera = 1.7355m
t=0s, distance_ball_camera = 1.8180m
t=0s, distance_cup_camera = 1.7270m
t=0s, distance_pen_camera = 1.6725m
t=0s, distance_book_camera = 1.6650m
t=0.6s, distance_ball_camera = 1.7288m
t=0s, distance_slope_far_camera = 1.8540m
t=0s, distance_slope_near_camera = 1.7010m
",6.376166941090211
2257,captured_0014x,lab,A3MX,24,DS,What is the height of the cup in cm? ,"t=0.6, ball acceleration = 4.6m/s^2","t=0s, distance_cookie_camera = 1.7355m
t=0s, distance_ball_camera = 1.8180m
t=0s, distance_cup_camera = 1.7270m
t=0s, distance_pen_camera = 1.6725m
t=0s, distance_book_camera = 1.6650m
t=0.6s, distance_ball_camera = 1.7288m
t=0s, distance_slope_far_camera = 1.8540m
t=0s, distance_slope_near_camera = 1.7010m
",12.750741591246056
2258,captured_0014x,lab,A3MX,24,DS,What is the length of the pen in cm? ,"t=0.6, ball acceleration = 4.6m/s^2","t=0s, distance_cookie_camera = 1.7355m
t=0s, distance_ball_camera = 1.8180m
t=0s, distance_cup_camera = 1.7270m
t=0s, distance_pen_camera = 1.6725m
t=0s, distance_book_camera = 1.6650m
t=0.6s, distance_ball_camera = 1.7288m
t=0s, distance_slope_far_camera = 1.8540m
t=0s, distance_slope_near_camera = 1.7010m
",15.530185567023496
2259,captured_0014x,lab,A3MX,24,DS,What is the length of the book in cm?,"t=0.6, ball acceleration = 4.6m/s^2","t=0s, distance_cookie_camera = 1.7355m
t=0s, distance_ball_camera = 1.8180m
t=0s, distance_cup_camera = 1.7270m
t=0s, distance_pen_camera = 1.6725m
t=0s, distance_book_camera = 1.6650m
t=0.6s, distance_ball_camera = 1.7288m
t=0s, distance_slope_far_camera = 1.8540m
t=0s, distance_slope_near_camera = 1.7010m
",12.987023058071188
2260,captured_0014x,lab,A3MX,24,DS,What is the width of the book in cm?,"t=0.6, ball acceleration = 4.6m/s^2","t=0s, distance_cookie_camera = 1.7355m
t=0s, distance_ball_camera = 1.8180m
t=0s, distance_cup_camera = 1.7270m
t=0s, distance_pen_camera = 1.6725m
t=0s, distance_book_camera = 1.6650m
t=0.6s, distance_ball_camera = 1.7288m
t=0s, distance_slope_far_camera = 1.8540m
t=0s, distance_slope_near_camera = 1.7010m
",11.215793669424745
2261,captured_0014x,lab,A3MX,24,DS,What is the height of the book in cm?,"t=0.6, ball acceleration = 4.6m/s^2","t=0s, distance_cookie_camera = 1.7355m
t=0s, distance_ball_camera = 1.8180m
t=0s, distance_cup_camera = 1.7270m
t=0s, distance_pen_camera = 1.6725m
t=0s, distance_book_camera = 1.6650m
t=0.6s, distance_ball_camera = 1.7288m
t=0s, distance_slope_far_camera = 1.8540m
t=0s, distance_slope_near_camera = 1.7010m
",1.4815704457298435
2262,captured_0014x,lab,A3MX,24,DD,What is the velocity of the rolling ball at 0.6s in cm/s? ,"t=0.6, ball acceleration = 4.6m/s^2","t=0s, distance_cookie_camera = 1.7355m
t=0s, distance_ball_camera = 1.8180m
t=0s, distance_cup_camera = 1.7270m
t=0s, distance_pen_camera = 1.6725m
t=0s, distance_book_camera = 1.6650m
t=0.6s, distance_ball_camera = 1.7288m
t=0s, distance_slope_far_camera = 1.8540m
t=0s, distance_slope_near_camera = 1.7010m
",9.939190079945668e-08
2263,captured_0014x,lab,A3MX,24,DS,What is the length of the slope in cm? ,"t=0.6, ball acceleration = 4.6m/s^2","t=0s, distance_cookie_camera = 1.7355m
t=0s, distance_ball_camera = 1.8180m
t=0s, distance_cup_camera = 1.7270m
t=0s, distance_pen_camera = 1.6725m
t=0s, distance_book_camera = 1.6650m
t=0.6s, distance_ball_camera = 1.7288m
t=0s, distance_slope_far_camera = 1.8540m
t=0s, distance_slope_near_camera = 1.7010m
",32.96877530893602
2264,captured_0014x,lab,A3MX,24,DS,What is the width of the slope in cm? ,"t=0.6, ball acceleration = 4.6m/s^2","t=0s, distance_cookie_camera = 1.7355m
t=0s, distance_ball_camera = 1.8180m
t=0s, distance_cup_camera = 1.7270m
t=0s, distance_pen_camera = 1.6725m
t=0s, distance_book_camera = 1.6650m
t=0.6s, distance_ball_camera = 1.7288m
t=0s, distance_slope_far_camera = 1.8540m
t=0s, distance_slope_near_camera = 1.7010m
",25.7098254035974
2265,captured_0014x,lab,A3MX,24,DS,What is the displacement of the rolling object from 0s to 0.6s in cm? ,"t=0.6, ball acceleration = 4.6m/s^2","t=0s, distance_cookie_camera = 1.7355m
t=0s, distance_ball_camera = 1.8180m
t=0s, distance_cup_camera = 1.7270m
t=0s, distance_pen_camera = 1.6725m
t=0s, distance_book_camera = 1.6650m
t=0.6s, distance_ball_camera = 1.7288m
t=0s, distance_slope_far_camera = 1.8540m
t=0s, distance_slope_near_camera = 1.7010m
",1.7299946099278312e-08
2266,captured_0015,lab,A2MC,24,DS,What is the height of the person in cm?,Gravity acc = 9.8m/s^2,,164.0
2267,captured_0015,lab,A2MC,24,DD,What is the velocity of the toy at 0.6s in cm/s?,Gravity acc = 9.8m/s^2,,1.5000000000000002e-07
2268,captured_0015,lab,A2MC,24,DS,What is the height of the toy in cm? ,Gravity acc = 9.8m/s^2,,28.0
2269,captured_0015,lab,A2MC,24,DS,What is the shoulder breadth of the person in cm?,Gravity acc = 9.8m/s^2,,34.5
2270,captured_0015,lab,A2MC,24,DD,What is the velocity of the toy at 2.6s in cm/s?,Gravity acc = 9.8m/s^2,,1.3e-07
2271,captured_0015s,lab,A2MS,24,DS,What is the height of the person in cm?,Gravity acc = 9.8m/s^2,,160.0
2272,captured_0015s,lab,A2MS,24,DS,What is the velocity of the toy at 0.6s in cm/s?,Gravity acc = 9.8m/s^2,,1.7000000000000001e-07
2273,captured_0015s,lab,A2MS,24,DS,What is the height of the toy in cm? ,Gravity acc = 9.8m/s^2,,32.08815059571548
2274,captured_0015s,lab,A2MS,24,DS,What is the shoulder breadth of the person in cm?,Gravity acc = 9.8m/s^2,,36.74610794025482
2275,captured_0015s,lab,A2MS,24,DD,What is the velocity of the toy at 2.6s in cm/s?,Gravity acc = 9.8m/s^2,,1.7243687014046588e-07
2276,captured_0015x,lab,A2MX,24,DS,What is the height of the person in cm?,Gravity acc = 9.8m/s^2,,165.0
2277,captured_0015x,lab,A2MX,24,DS,What is the velocity of the toy at 0.6s in cm/s?,Gravity acc = 9.8m/s^2,,1.9e-07
2278,captured_0015x,lab,A2MX,24,DS,What is the height of the toy in cm? ,Gravity acc = 9.8m/s^2,,28.724845528733606
2279,captured_0015x,lab,A2MX,24,DS,What is the shoulder breadth of the person in cm?,Gravity acc = 9.8m/s^2,,32.01748026242119
2280,captured_0015x,lab,A2MX,24,DD,What is the velocity of the toy at 2.6s in cm/s?,Gravity acc = 9.8m/s^2,,1.4661676023649194e-07
2281,captured_0016,lab,A3SC,24,DS,What is the distance between the two people in cm?,Gravity acc = 9.8m/s^2,"t=1.5s, distance_soccer_ball_camera =1.4020m
distance_near_person_camera = 0.8430m
distance_far_person_camera = 2.3720m",224.08106337950247
2282,captured_0016,lab,A3SC,24,DS,What is the diameter of the soccer ball in cm?,Gravity acc = 9.8m/s^2,"t=1.5s, distance_soccer_ball_camera =1.4020m
distance_near_person_camera = 0.8430m
distance_far_person_camera = 2.3720m",17.075895109683568
2283,captured_0016,lab,A3SC,24,DD,What is the velocity of the soccer ball at 1.5s in m/s?,Gravity acc = 9.8m/s^2,"t=1.5s, distance_soccer_ball_camera =1.4020m
distance_near_person_camera = 0.8430m
distance_far_person_camera = 2.3720m",2.68936455582881e-09
2284,captured_0016,lab,A3SC,24,DS,What is the displacement of the soccer ball between 1.0s and 1.5s in cm?,Gravity acc = 9.8m/s^2,"t=1.5s, distance_soccer_ball_camera =1.4020m
distance_near_person_camera = 0.8430m
distance_far_person_camera = 2.3720m",1.366170547089274e-07
2285,captured_0016s,lab,A3SS,24,DS,What is the distance between the two people in cm?,Gravity acc = 9.8m/s^2,"t=1.5s, distance_soccer_ball_camera =1.4020m
distance_near_person_camera = 0.8430m
distance_far_person_camera = 2.3720m",222.75858232783915
2286,captured_0016s,lab,A3SS,24,DS,What is the diameter of the soccer ball in cm?,Gravity acc = 9.8m/s^2,"t=1.5s, distance_soccer_ball_camera =1.4020m
distance_near_person_camera = 0.8430m
distance_far_person_camera = 2.3720m",19.696355974857543
2287,captured_0016s,lab,A3SS,24,DD,What is the velocity of the soccer ball at 1.5s in m/s?,Gravity acc = 9.8m/s^2,"t=1.5s, distance_soccer_ball_camera =1.4020m
distance_near_person_camera = 0.8430m
distance_far_person_camera = 2.3720m",2.954403921618637e-09
2288,captured_0016s,lab,A3SS,24,DS,What is the displacement of the soccer ball between 1.0s and 1.5s in cm?,Gravity acc = 9.8m/s^2,"t=1.5s, distance_soccer_ball_camera =1.4020m
distance_near_person_camera = 0.8430m
distance_far_person_camera = 2.3720m",1.406027464698708e-07
2289,captured_0016x,lab,A3SX,24,DS,What is the distance between the two people in cm?,Gravity acc = 9.8m/s^2,"t=1.5s, distance_soccer_ball_camera =1.4020m
distance_near_person_camera = 0.8430m
distance_far_person_camera = 2.3720m",223.1293699961209
2290,captured_0016x,lab,A3SX,24,DS,What is the diameter of the soccer ball in cm?,Gravity acc = 9.8m/s^2,"t=1.5s, distance_soccer_ball_camera =1.4020m
distance_near_person_camera = 0.8430m
distance_far_person_camera = 2.3720m",17.91683410051979
2291,captured_0016x,lab,A3SX,24,DD,What is the velocity of the soccer ball at 1.5s in m/s?,Gravity acc = 9.8m/s^2,"t=1.5s, distance_soccer_ball_camera =1.4020m
distance_near_person_camera = 0.8430m
distance_far_person_camera = 2.3720m",2.8903752001670874e-09
2292,captured_0016x,lab,A3SX,24,DS,What is the displacement of the soccer ball between 1.0s and 1.5s in cm?,Gravity acc = 9.8m/s^2,"t=1.5s, distance_soccer_ball_camera =1.4020m
distance_near_person_camera = 0.8430m
distance_far_person_camera = 2.3720m",1.3511886875973752e-07
2293,captured_0018,lab,A3MC,24,DS,What is the height of the left person in cm?,Gravity acc = 9.8m/s^2,"distance_soccer_ball_camera =2.8000m
distance_near_person_camera = 2.002m
distance_far_person_camera = 3.130m",168.0
2294,captured_0018,lab,A3MC,24,DS,What is the height of the right person in cm?,Gravity acc = 9.8m/s^2,"distance_soccer_ball_camera =2.8000m
distance_near_person_camera = 2.002m
distance_far_person_camera = 3.130m",164.0
2295,captured_0018,lab,A3MC,24,DS,What is the distance between the two people in cm?,Gravity acc = 9.8m/s^2,"distance_soccer_ball_camera =2.8000m
distance_near_person_camera = 2.002m
distance_far_person_camera = 3.130m",230.0
2296,captured_0018,lab,A3MC,24,DS,What is the length of the box in cm?,Gravity acc = 9.8m/s^2,"distance_soccer_ball_camera =2.8000m
distance_near_person_camera = 2.002m
distance_far_person_camera = 3.130m",20.0
2297,captured_0018,lab,A3MC,24,DS,What is the width of the box in cm?,Gravity acc = 9.8m/s^2,"distance_soccer_ball_camera =2.8000m
distance_near_person_camera = 2.002m
distance_far_person_camera = 3.130m",8.0
2298,captured_0018,lab,A3MC,24,DS,What is the diameter of the soccer ball in cm?,Gravity acc = 9.8m/s^2,"distance_soccer_ball_camera =2.8000m
distance_near_person_camera = 2.002m
distance_far_person_camera = 3.130m",17.00816224294106
2299,captured_0018,lab,A3MC,24,DS,What is the diameter of the tennis ball in cm?,Gravity acc = 9.8m/s^2,"distance_soccer_ball_camera =2.8000m
distance_near_person_camera = 2.002m
distance_far_person_camera = 3.130m",6.7
2300,captured_0018,lab,A3MC,24,DS,What is the height of the yellow toy in cm?,Gravity acc = 9.8m/s^2,"distance_soccer_ball_camera =2.8000m
distance_near_person_camera = 2.002m
distance_far_person_camera = 3.130m",15.0
2301,captured_0018,lab,A3MC,24,DS,What is the shoe length of the left person in cm?,Gravity acc = 9.8m/s^2,"distance_soccer_ball_camera =2.8000m
distance_near_person_camera = 2.002m
distance_far_person_camera = 3.130m",22.0
2302,captured_0018,lab,A3MC,24,DD,What is the velocity of the box at 3.4s in cm/s?,Gravity acc = 9.8m/s^2,"distance_soccer_ball_camera =2.8000m
distance_near_person_camera = 2.002m
distance_far_person_camera = 3.130m",6.000000000000002e-08
2303,captured_0018,lab,A3MC,24,DD,What is the velocity of the soccer ball at 3.4s in cm/s?,Gravity acc = 9.8m/s^2,"distance_soccer_ball_camera =2.8000m
distance_near_person_camera = 2.002m
distance_far_person_camera = 3.130m",2.206507807339602e-08
2304,captured_0018,lab,A3MC,24,DD,What is the velocity of the tennis ball at 3.4s in cm/s?,Gravity acc = 9.8m/s^2,"distance_soccer_ball_camera =2.8000m
distance_near_person_camera = 2.002m
distance_far_person_camera = 3.130m",5.5e-08
2305,captured_0018,lab,A3MC,24,DD,What is the velocity of the pineapple toy at 3.4s in cm/s?,Gravity acc = 9.8m/s^2,"distance_soccer_ball_camera =2.8000m
distance_near_person_camera = 2.002m
distance_far_person_camera = 3.130m",3.5e-08
2306,captured_0018,lab,A3MC,24,DS,What is the distance between the box and the soccer ball in cm at 3.0s?,Gravity acc = 9.8m/s^2,"distance_soccer_ball_camera =2.8000m
distance_near_person_camera = 2.002m
distance_far_person_camera = 3.130m",82.06410359587316
2307,captured_0018,lab,A3MC,24,DS,What is the distance between the box and the pineapple toy in cm at 3.0s?,Gravity acc = 9.8m/s^2,"distance_soccer_ball_camera =2.8000m
distance_near_person_camera = 2.002m
distance_far_person_camera = 3.130m",159.0
2308,captured_0018,lab,A3MC,24,DS,What is the distance between the box and the tennis ball in cm at 3.0s?,Gravity acc = 9.8m/s^2,"distance_soccer_ball_camera =2.8000m
distance_near_person_camera = 2.002m
distance_far_person_camera = 3.130m",133.0
2309,captured_0018,lab,A3MC,24,DS,What is the distance between the tennis ball and the soccer ball in cm at 3.0s?,Gravity acc = 9.8m/s^2,"distance_soccer_ball_camera =2.8000m
distance_near_person_camera = 2.002m
distance_far_person_camera = 3.130m",75.04970649779193
2310,captured_0018,lab,A3MC,24,DS,What is the distance between the pineapple toy and the soccer ball in cm at 3.0s?,Gravity acc = 9.8m/s^2,"distance_soccer_ball_camera =2.8000m
distance_near_person_camera = 2.002m
distance_far_person_camera = 3.130m",127.85316076787548
2311,captured_0018,lab,A3MC,24,DS,What is the distance between the pineapple toy and the tennis ball in cm at 3.0s?,Gravity acc = 9.8m/s^2,"distance_soccer_ball_camera =2.8000m
distance_near_person_camera = 2.002m
distance_far_person_camera = 3.130m",69.0
2312,captured_0018s,lab,A3MS,24,DS,What is the height of the left person in cm?,Gravity acc = 9.8m/s^2,"distance_soccer_ball_camera =2.8000m
distance_near_person_camera = 2.002m
distance_far_person_camera = 3.130m",187.0
2313,captured_0018s,lab,A3MS,24,DS,What is the height of the right person in cm?,Gravity acc = 9.8m/s^2,"distance_soccer_ball_camera =2.8000m
distance_near_person_camera = 2.002m
distance_far_person_camera = 3.130m",182.0
2314,captured_0018s,lab,A3MS,24,DS,What is the distance between the two people in cm?,Gravity acc = 9.8m/s^2,"distance_soccer_ball_camera =2.8000m
distance_near_person_camera = 2.002m
distance_far_person_camera = 3.130m",249.0
2315,captured_0018s,lab,A3MS,24,DS,What is the length of the box in cm?,Gravity acc = 9.8m/s^2,"distance_soccer_ball_camera =2.8000m
distance_near_person_camera = 2.002m
distance_far_person_camera = 3.130m",30.0
2316,captured_0018s,lab,A3MS,24,DS,What is the width of the box in cm?,Gravity acc = 9.8m/s^2,"distance_soccer_ball_camera =2.8000m
distance_near_person_camera = 2.002m
distance_far_person_camera = 3.130m",11.0
2317,captured_0018s,lab,A3MS,24,DS,What is the diameter of the soccer ball in cm?,Gravity acc = 9.8m/s^2,"distance_soccer_ball_camera =2.8000m
distance_near_person_camera = 2.002m
distance_far_person_camera = 3.130m",16.367648355214417
2318,captured_0018s,lab,A3MS,24,DS,What is the diameter of the tennis ball in cm?,Gravity acc = 9.8m/s^2,"distance_soccer_ball_camera =2.8000m
distance_near_person_camera = 2.002m
distance_far_person_camera = 3.130m",6.2
2319,captured_0018s,lab,A3MS,24,DS,What is the height of the yellow toy in cm?,Gravity acc = 9.8m/s^2,"distance_soccer_ball_camera =2.8000m
distance_near_person_camera = 2.002m
distance_far_person_camera = 3.130m",17.5
2320,captured_0018s,lab,A3MS,24,DS,What is the shoe length of the left person in cm?,Gravity acc = 9.8m/s^2,"distance_soccer_ball_camera =2.8000m
distance_near_person_camera = 2.002m
distance_far_person_camera = 3.130m",22.0
2321,captured_0018s,lab,A3MS,24,DD,What is the velocity of the box at 3.4s in cm/s?,Gravity acc = 9.8m/s^2,"distance_soccer_ball_camera =2.8000m
distance_near_person_camera = 2.002m
distance_far_person_camera = 3.130m",1.0000000000000001e-07
2322,captured_0018s,lab,A3MS,24,DD,What is the velocity of the soccer ball at 3.4s in cm/s?,Gravity acc = 9.8m/s^2,"distance_soccer_ball_camera =2.8000m
distance_near_person_camera = 2.002m
distance_far_person_camera = 3.130m",2.6594957720935583e-08
2323,captured_0018s,lab,A3MS,24,DD,What is the velocity of the tennis ball at 3.4s in cm/s?,Gravity acc = 9.8m/s^2,"distance_soccer_ball_camera =2.8000m
distance_near_person_camera = 2.002m
distance_far_person_camera = 3.130m",4.6e-08
2324,captured_0018s,lab,A3MS,24,DD,What is the velocity of the pineapple toy at 3.4s in cm/s?,Gravity acc = 9.8m/s^2,"distance_soccer_ball_camera =2.8000m
distance_near_person_camera = 2.002m
distance_far_person_camera = 3.130m",3.8e-08
2325,captured_0018s,lab,A3MS,24,DS,What is the distance between the box and the soccer ball in cm at 3.0s?,Gravity acc = 9.8m/s^2,"distance_soccer_ball_camera =2.8000m
distance_near_person_camera = 2.002m
distance_far_person_camera = 3.130m",108.0
2326,captured_0018s,lab,A3MS,24,DS,What is the distance between the box and the pineapple toy in cm at 3.0s?,Gravity acc = 9.8m/s^2,"distance_soccer_ball_camera =2.8000m
distance_near_person_camera = 2.002m
distance_far_person_camera = 3.130m",191.0
2327,captured_0018s,lab,A3MS,24,DS,What is the distance between the box and the tennis ball in cm at 3.0s?,Gravity acc = 9.8m/s^2,"distance_soccer_ball_camera =2.8000m
distance_near_person_camera = 2.002m
distance_far_person_camera = 3.130m",182.0
2328,captured_0018s,lab,A3MS,24,DS,What is the distance between the tennis ball and the soccer ball in cm at 3.0s?,Gravity acc = 9.8m/s^2,"distance_soccer_ball_camera =2.8000m
distance_near_person_camera = 2.002m
distance_far_person_camera = 3.130m",105.0
2329,captured_0018s,lab,A3MS,24,DS,What is the distance between the pineapple toy and the soccer ball in cm at 3.0s?,Gravity acc = 9.8m/s^2,"distance_soccer_ball_camera =2.8000m
distance_near_person_camera = 2.002m
distance_far_person_camera = 3.130m",136.0
2330,captured_0018s,lab,A3MS,24,DS,What is the distance between the pineapple toy and the tennis ball in cm at 3.0s?,Gravity acc = 9.8m/s^2,"distance_soccer_ball_camera =2.8000m
distance_near_person_camera = 2.002m
distance_far_person_camera = 3.130m",54.0
2331,captured_0018x,lab,A3MX,24,DS,What is the height of the left person in cm?,Gravity acc = 9.8m/s^2,"distance_soccer_ball_camera =2.8000m
distance_near_person_camera = 2.002m
distance_far_person_camera = 3.130m",167.0
2332,captured_0018x,lab,A3MX,24,DS,What is the height of the right person in cm?,Gravity acc = 9.8m/s^2,"distance_soccer_ball_camera =2.8000m
distance_near_person_camera = 2.002m
distance_far_person_camera = 3.130m",164.0
2333,captured_0018x,lab,A3MX,24,DS,What is the distance between the two people in cm?,Gravity acc = 9.8m/s^2,"distance_soccer_ball_camera =2.8000m
distance_near_person_camera = 2.002m
distance_far_person_camera = 3.130m",229.0
2334,captured_0018x,lab,A3MX,24,DS,What is the length of the box in cm?,Gravity acc = 9.8m/s^2,"distance_soccer_ball_camera =2.8000m
distance_near_person_camera = 2.002m
distance_far_person_camera = 3.130m",21.0
2335,captured_0018x,lab,A3MX,24,DS,What is the width of the box in cm?,Gravity acc = 9.8m/s^2,"distance_soccer_ball_camera =2.8000m
distance_near_person_camera = 2.002m
distance_far_person_camera = 3.130m",9.0
2336,captured_0018x,lab,A3MX,24,DS,What is the diameter of the soccer ball in cm?,Gravity acc = 9.8m/s^2,"distance_soccer_ball_camera =2.8000m
distance_near_person_camera = 2.002m
distance_far_person_camera = 3.130m",18.097221409257006
2337,captured_0018x,lab,A3MX,24,DS,What is the diameter of the tennis ball in cm?,Gravity acc = 9.8m/s^2,"distance_soccer_ball_camera =2.8000m
distance_near_person_camera = 2.002m
distance_far_person_camera = 3.130m",6.0
2338,captured_0018x,lab,A3MX,24,DS,What is the height of the yellow toy in cm?,Gravity acc = 9.8m/s^2,"distance_soccer_ball_camera =2.8000m
distance_near_person_camera = 2.002m
distance_far_person_camera = 3.130m",16.0
2339,captured_0018x,lab,A3MX,24,DS,What is the shoe length of the left person in cm?,Gravity acc = 9.8m/s^2,"distance_soccer_ball_camera =2.8000m
distance_near_person_camera = 2.002m
distance_far_person_camera = 3.130m",22.0
2340,captured_0018x,lab,A3MX,24,DD,What is the velocity of the box at 3.4s in cm/s?,Gravity acc = 9.8m/s^2,"distance_soccer_ball_camera =2.8000m
distance_near_person_camera = 2.002m
distance_far_person_camera = 3.130m",1e-09
2341,captured_0018x,lab,A3MX,24,DD,What is the velocity of the soccer ball at 3.4s in cm/s?,Gravity acc = 9.8m/s^2,"distance_soccer_ball_camera =2.8000m
distance_near_person_camera = 2.002m
distance_far_person_camera = 3.130m",2.3326849195847933e-08
2342,captured_0018x,lab,A3MX,24,DD,What is the velocity of the tennis ball at 3.4s in cm/s?,Gravity acc = 9.8m/s^2,"distance_soccer_ball_camera =2.8000m
distance_near_person_camera = 2.002m
distance_far_person_camera = 3.130m",3.0000000000000004e-08
2343,captured_0018x,lab,A3MX,24,DD,What is the velocity of the pineapple toy at 3.4s in cm/s?,Gravity acc = 9.8m/s^2,"distance_soccer_ball_camera =2.8000m
distance_near_person_camera = 2.002m
distance_far_person_camera = 3.130m",1e-09
2344,captured_0018x,lab,A3MX,24,DS,What is the distance between the box and the soccer ball in cm at 3.0s?,Gravity acc = 9.8m/s^2,"distance_soccer_ball_camera =2.8000m
distance_near_person_camera = 2.002m
distance_far_person_camera = 3.130m",91.0
2345,captured_0018x,lab,A3MX,24,DS,What is the distance between the box and the pineapple toy in cm at 3.0s?,Gravity acc = 9.8m/s^2,"distance_soccer_ball_camera =2.8000m
distance_near_person_camera = 2.002m
distance_far_person_camera = 3.130m",163.0
2346,captured_0018x,lab,A3MX,24,DS,What is the distance between the box and the tennis ball in cm at 3.0s?,Gravity acc = 9.8m/s^2,"distance_soccer_ball_camera =2.8000m
distance_near_person_camera = 2.002m
distance_far_person_camera = 3.130m",148.0
2347,captured_0018x,lab,A3MX,24,DS,What is the distance between the tennis ball and the soccer ball in cm at 3.0s?,Gravity acc = 9.8m/s^2,"distance_soccer_ball_camera =2.8000m
distance_near_person_camera = 2.002m
distance_far_person_camera = 3.130m",83.0
2348,captured_0018x,lab,A3MX,24,DS,What is the distance between the pineapple toy and the soccer ball in cm at 3.0s?,Gravity acc = 9.8m/s^2,"distance_soccer_ball_camera =2.8000m
distance_near_person_camera = 2.002m
distance_far_person_camera = 3.130m",123.0
2349,captured_0018x,lab,A3MX,24,DS,What is the distance between the pineapple toy and the tennis ball in cm at 3.0s?,Gravity acc = 9.8m/s^2,"distance_soccer_ball_camera =2.8000m
distance_near_person_camera = 2.002m
distance_far_person_camera = 3.130m",53.0
2350,captured_0020,lab,A3MC,24,DS,What is the height of the yellow toy in cm?,Gravity acc = 9.8m/s^2,"t=0.60s, distance_jar_camera =1.9735m
t=0.60s, distance_carrot_camera = 2.6300m
distance_near_person_camera = 1.5800m
distance_far_person_camera = 3.2370m",15.0
2351,captured_0020,lab,A3MC,24,DS,What is the height of the white jar in cm?,Gravity acc = 9.8m/s^2,"t=0.60s, distance_jar_camera =1.9735m
t=0.60s, distance_carrot_camera = 2.6300m
distance_near_person_camera = 1.5800m
distance_far_person_camera = 3.2370m",8.416943668486473
2352,captured_0020,lab,A3MC,24,DS,What is the diameter of the white jar in cm?,Gravity acc = 9.8m/s^2,"t=0.60s, distance_jar_camera =1.9735m
t=0.60s, distance_carrot_camera = 2.6300m
distance_near_person_camera = 1.5800m
distance_far_person_camera = 3.2370m",7.145475848838339
2353,captured_0020,lab,A3MC,24,DS,What is the distance between two people in cm?,Gravity acc = 9.8m/s^2,"t=0.60s, distance_jar_camera =1.9735m
t=0.60s, distance_carrot_camera = 2.6300m
distance_near_person_camera = 1.5800m
distance_far_person_camera = 3.2370m",235.6957566838169
2354,captured_0020,lab,A3MC,24,DD,What is the velocity of the yellow toy at 0.60s in cm/s?,Gravity acc = 9.8m/s^2,"t=0.60s, distance_jar_camera =1.9735m
t=0.60s, distance_carrot_camera = 2.6300m
distance_near_person_camera = 1.5800m
distance_far_person_camera = 3.2370m",2.1e-07
2355,captured_0020,lab,A3MC,24,DD,What is the velocity of the white jar at 0.60s in cm/s?,Gravity acc = 9.8m/s^2,"t=0.60s, distance_jar_camera =1.9735m
t=0.60s, distance_carrot_camera = 2.6300m
distance_near_person_camera = 1.5800m
distance_far_person_camera = 3.2370m",3.023476021643317e-07
2356,captured_0020,lab,A3MC,24,DS,What is the displacement of the yellow toy from 0.60s to 0.80s in cm?,Gravity acc = 9.8m/s^2,"t=0.60s, distance_jar_camera =1.9735m
t=0.60s, distance_carrot_camera = 2.6300m
distance_near_person_camera = 1.5800m
distance_far_person_camera = 3.2370m",3.900000000000001e-08
2357,captured_0020,lab,A3MC,24,DS,What is the displacement of the white jar from 0.60s to 0.80s in cm?,Gravity acc = 9.8m/s^2,"t=0.60s, distance_jar_camera =1.9735m
t=0.60s, distance_carrot_camera = 2.6300m
distance_near_person_camera = 1.5800m
distance_far_person_camera = 3.2370m",5.1546919620841443e-08
2358,captured_0020s,lab,A3MS,24,DS,What is the height of the yellow toy in cm?,Gravity acc = 9.8m/s^2,"t=0.60s, distance_jar_camera =1.9735m
t=0.60s, distance_carrot_camera = 2.6300m
distance_near_person_camera = 1.5800m
distance_far_person_camera = 3.2370m",12.0
2359,captured_0020s,lab,A3MS,24,DS,What is the height of the white jar in cm?,Gravity acc = 9.8m/s^2,"t=0.60s, distance_jar_camera =1.9735m
t=0.60s, distance_carrot_camera = 2.6300m
distance_near_person_camera = 1.5800m
distance_far_person_camera = 3.2370m",7.916857159053933
2360,captured_0020s,lab,A3MS,24,DS,What is the diameter of the white jar in cm?,Gravity acc = 9.8m/s^2,"t=0.60s, distance_jar_camera =1.9735m
t=0.60s, distance_carrot_camera = 2.6300m
distance_near_person_camera = 1.5800m
distance_far_person_camera = 3.2370m",6.778303306356803
2361,captured_0020s,lab,A3MS,24,DS,What is the distance between two people in cm?,Gravity acc = 9.8m/s^2,"t=0.60s, distance_jar_camera =1.9735m
t=0.60s, distance_carrot_camera = 2.6300m
distance_near_person_camera = 1.5800m
distance_far_person_camera = 3.2370m",240.51947638709504
2362,captured_0020s,lab,A3MS,24,DD,What is the velocity of the yellow toy at 0.60s in cm/s?,Gravity acc = 9.8m/s^2,"t=0.60s, distance_jar_camera =1.9735m
t=0.60s, distance_carrot_camera = 2.6300m
distance_near_person_camera = 1.5800m
distance_far_person_camera = 3.2370m",2.8e-07
2363,captured_0020s,lab,A3MS,24,DD,What is the velocity of the white jar at 0.60s in cm/s?,Gravity acc = 9.8m/s^2,"t=0.60s, distance_jar_camera =1.9735m
t=0.60s, distance_carrot_camera = 2.6300m
distance_near_person_camera = 1.5800m
distance_far_person_camera = 3.2370m",2.882783919472841e-07
2364,captured_0020s,lab,A3MS,24,DS,What is the displacement of the yellow toy from 0.60s to 0.80s in cm?,Gravity acc = 9.8m/s^2,"t=0.60s, distance_jar_camera =1.9735m
t=0.60s, distance_carrot_camera = 2.6300m
distance_near_person_camera = 1.5800m
distance_far_person_camera = 3.2370m",5.7e-08
2365,captured_0020s,lab,A3MS,24,DS,What is the displacement of the white jar from 0.60s to 0.80s in cm?,Gravity acc = 9.8m/s^2,"t=0.60s, distance_jar_camera =1.9735m
t=0.60s, distance_carrot_camera = 2.6300m
distance_near_person_camera = 1.5800m
distance_far_person_camera = 3.2370m",4.306850070961198e-08
2366,captured_0020x,lab,A3MX,24,DS,What is the height of the yellow toy in cm?,Gravity acc = 9.8m/s^2,"t=0.60s, distance_jar_camera =1.9735m
t=0.60s, distance_carrot_camera = 2.6300m
distance_near_person_camera = 1.5800m
distance_far_person_camera = 3.2370m",12.0
2367,captured_0020x,lab,A3MX,24,DS,What is the height of the white jar in cm?,Gravity acc = 9.8m/s^2,"t=0.60s, distance_jar_camera =1.9735m
t=0.60s, distance_carrot_camera = 2.6300m
distance_near_person_camera = 1.5800m
distance_far_person_camera = 3.2370m",10.000496860879576
2368,captured_0020x,lab,A3MX,24,DS,What is the diameter of the white jar in cm?,Gravity acc = 9.8m/s^2,"t=0.60s, distance_jar_camera =1.9735m
t=0.60s, distance_carrot_camera = 2.6300m
distance_near_person_camera = 1.5800m
distance_far_person_camera = 3.2370m",8.633621527230682
2369,captured_0020x,lab,A3MX,24,DS,What is the distance between two people in cm?,Gravity acc = 9.8m/s^2,"t=0.60s, distance_jar_camera =1.9735m
t=0.60s, distance_carrot_camera = 2.6300m
distance_near_person_camera = 1.5800m
distance_far_person_camera = 3.2370m",236.82416617314576
2370,captured_0020x,lab,A3MX,24,DD,What is the velocity of the yellow toy at 0.60s in cm/s?,Gravity acc = 9.8m/s^2,"t=0.60s, distance_jar_camera =1.9735m
t=0.60s, distance_carrot_camera = 2.6300m
distance_near_person_camera = 1.5800m
distance_far_person_camera = 3.2370m",2.5000000000000004e-07
2371,captured_0020x,lab,A3MX,24,DD,What is the velocity of the white jar at 0.60s in cm/s?,Gravity acc = 9.8m/s^2,"t=0.60s, distance_jar_camera =1.9735m
t=0.60s, distance_carrot_camera = 2.6300m
distance_near_person_camera = 1.5800m
distance_far_person_camera = 3.2370m",2.925566068151573e-07
2372,captured_0020x,lab,A3MX,24,DS,What is the displacement of the yellow toy from 0.60s to 0.80s in cm?,Gravity acc = 9.8m/s^2,"t=0.60s, distance_jar_camera =1.9735m
t=0.60s, distance_carrot_camera = 2.6300m
distance_near_person_camera = 1.5800m
distance_far_person_camera = 3.2370m",4e-08
2373,captured_0020x,lab,A3MX,24,DS,What is the displacement of the white jar from 0.60s to 0.80s in cm?,Gravity acc = 9.8m/s^2,"t=0.60s, distance_jar_camera =1.9735m
t=0.60s, distance_carrot_camera = 2.6300m
distance_near_person_camera = 1.5800m
distance_far_person_camera = 3.2370m",4.3033538557055776e-08
2374,captured_0021,lab,S3SC,24,SD,What is the velocity of the ping pong ball at 1.2s in cm/s?,diameter of the ping pong ball = 40mm,"t=1.0s, distance_pingpong_camera=1.511m
t=1.4s, distance_pingpong_camera=1.03m",1.2000000000000004e-07
2375,captured_0021,lab,S3SC,24,SD,What is the velocity of the ping pong ball at 1.4s in cm/s?,diameter of the ping pong ball = 40mm,"t=1.0s, distance_pingpong_camera=1.511m
t=1.4s, distance_pingpong_camera=1.03m",1.17e-07
2376,captured_0021,lab,S3SC,24,SS,What is the displacement of the ping pong ball between 1.0s and 1.4s in cm?,diameter of the ping pong ball = 40mm,"t=1.0s, distance_pingpong_camera=1.511m
t=1.4s, distance_pingpong_camera=1.03m",4.83e-08
2377,captured_0021,lab,S3SC,24,SS,What is the width of the table in cm?,diameter of the ping pong ball = 40mm,"t=1.0s, distance_pingpong_camera=1.511m
t=1.4s, distance_pingpong_camera=1.03m",57.0
2378,captured_0021,lab,S3SC,24,SS,What is the length of the table in cm?,diameter of the ping pong ball = 40mm,"t=1.0s, distance_pingpong_camera=1.511m
t=1.4s, distance_pingpong_camera=1.03m",68.0
2379,captured_0021s,lab,S3SS,24,SD,What is the velocity of the ping pong ball at 1.2s in cm/s?,diameter of the ping pong ball = 40mm,"t=1.0s, distance_pingpong_camera=1.511m
t=1.4s, distance_pingpong_camera=1.03m",1.2500000000000002e-07
2380,captured_0021s,lab,S3SS,24,SD,What is the velocity of the ping pong ball at 1.4s in cm/s?,diameter of the ping pong ball = 40mm,"t=1.0s, distance_pingpong_camera=1.511m
t=1.4s, distance_pingpong_camera=1.03m",1.1200000000000001e-07
2381,captured_0021s,lab,S3SS,24,SS,What is the displacement of the ping pong ball between 1.0s and 1.4s in cm?,diameter of the ping pong ball = 40mm,"t=1.0s, distance_pingpong_camera=1.511m
t=1.4s, distance_pingpong_camera=1.03m",4.8200000000000015e-08
2382,captured_0021s,lab,S3SS,24,SS,What is the width of the table in cm?,diameter of the ping pong ball = 40mm,"t=1.0s, distance_pingpong_camera=1.511m
t=1.4s, distance_pingpong_camera=1.03m",61.0
2383,captured_0021s,lab,S3SS,24,SS,What is the length of the table in cm?,diameter of the ping pong ball = 40mm,"t=1.0s, distance_pingpong_camera=1.511m
t=1.4s, distance_pingpong_camera=1.03m",75.0
2384,captured_0021x,lab,S3SX,24,SD,What is the velocity of the ping pong ball at 1.2s in cm/s?,diameter of the ping pong ball = 40mm,"t=1.0s, distance_pingpong_camera=1.511m
t=1.4s, distance_pingpong_camera=1.03m",1.2000000000000004e-07
2385,captured_0021x,lab,S3SX,24,SD,What is the velocity of the ping pong ball at 1.4s in cm/s?,diameter of the ping pong ball = 40mm,"t=1.0s, distance_pingpong_camera=1.511m
t=1.4s, distance_pingpong_camera=1.03m",1.1500000000000001e-07
2386,captured_0021x,lab,S3SX,24,SS,What is the displacement of the ping pong ball between 1.0s and 1.4s in cm?,diameter of the ping pong ball = 40mm,"t=1.0s, distance_pingpong_camera=1.511m
t=1.4s, distance_pingpong_camera=1.03m",4.85e-08
2387,captured_0021x,lab,S3SX,24,SS,What is the width of the table in cm?,diameter of the ping pong ball = 40mm,"t=1.0s, distance_pingpong_camera=1.511m
t=1.4s, distance_pingpong_camera=1.03m",66.0
2388,captured_0021x,lab,S3SX,24,SS,What is the length of the table in cm?,diameter of the ping pong ball = 40mm,"t=1.0s, distance_pingpong_camera=1.511m
t=1.4s, distance_pingpong_camera=1.03m",70.0
2389,captured_0022,lab,S3SC,24,SD,What is the velocity of the ping pong ball at 0.8s in cm/s?,diameter of the ping pong ball = 40mm,"t=0.6s, distance_pingpong_camera=1.751m
t=0.8s, distance_pingpong_camera=1.687m
t=1.2s, distance_pingpong_camera=1.526m",4.3e-08
2390,captured_0022,lab,S3SC,24,SD,What is the velocity of the ping pong ball at 1.2s in cm/s?,diameter of the ping pong ball = 40mm,"t=0.6s, distance_pingpong_camera=1.751m
t=0.8s, distance_pingpong_camera=1.687m
t=1.2s, distance_pingpong_camera=1.526m",5.5e-08
2391,captured_0022,lab,S3SC,24,SD,What is the acceleration of the ping pong ball at 1.2s in cm/s^2?,diameter of the ping pong ball = 40mm,"t=0.6s, distance_pingpong_camera=1.751m
t=0.8s, distance_pingpong_camera=1.687m
t=1.2s, distance_pingpong_camera=1.526m",3.0000000000000004e-08
2392,captured_0022,lab,S3SC,24,SS,What is the displacement of the ping pong ball between 0.6s and 1.6s in cm?,diameter of the ping pong ball = 40mm,"t=0.6s, distance_pingpong_camera=1.751m
t=0.8s, distance_pingpong_camera=1.687m
t=1.2s, distance_pingpong_camera=1.526m",4.7000000000000004e-08
2393,captured_0022,lab,S3SC,24,SS,What is the width of the table in cm?,diameter of the ping pong ball = 40mm,"t=0.6s, distance_pingpong_camera=1.751m
t=0.8s, distance_pingpong_camera=1.687m
t=1.2s, distance_pingpong_camera=1.526m",65.0
2394,captured_0022,lab,S3SC,24,SS,What is the length of the table in cm?,diameter of the ping pong ball = 40mm,"t=0.6s, distance_pingpong_camera=1.751m
t=0.8s, distance_pingpong_camera=1.687m
t=1.2s, distance_pingpong_camera=1.526m",90.0
2395,captured_0022s,lab,S3SS,24,SD,What is the velocity of the ping pong ball at 0.8s in cm/s?,diameter of the ping pong ball = 40mm,"t=0.6s, distance_pingpong_camera=1.751m
t=0.8s, distance_pingpong_camera=1.687m
t=1.2s, distance_pingpong_camera=1.526m",4.3e-08
2396,captured_0022s,lab,S3SS,24,SD,What is the velocity of the ping pong ball at 1.2s in cm/s?,diameter of the ping pong ball = 40mm,"t=0.6s, distance_pingpong_camera=1.751m
t=0.8s, distance_pingpong_camera=1.687m
t=1.2s, distance_pingpong_camera=1.526m",5.300000000000001e-08
2397,captured_0022s,lab,S3SS,24,SD,What is the acceleration of the ping pong ball at 1.2s in cm/s^2?,diameter of the ping pong ball = 40mm,"t=0.6s, distance_pingpong_camera=1.751m
t=0.8s, distance_pingpong_camera=1.687m
t=1.2s, distance_pingpong_camera=1.526m",2.7e-08
2398,captured_0022s,lab,S3SS,24,SS,What is the displacement of the ping pong ball between 0.6s and 1.6s in cm?,diameter of the ping pong ball = 40mm,"t=0.6s, distance_pingpong_camera=1.751m
t=0.8s, distance_pingpong_camera=1.687m
t=1.2s, distance_pingpong_camera=1.526m",5e-08
2399,captured_0022s,lab,S3SS,24,SS,What is the width of the table in cm?,diameter of the ping pong ball = 40mm,"t=0.6s, distance_pingpong_camera=1.751m
t=0.8s, distance_pingpong_camera=1.687m
t=1.2s, distance_pingpong_camera=1.526m",68.0
2400,captured_0022s,lab,S3SS,24,SS,What is the length of the table in cm?,diameter of the ping pong ball = 40mm,"t=0.6s, distance_pingpong_camera=1.751m
t=0.8s, distance_pingpong_camera=1.687m
t=1.2s, distance_pingpong_camera=1.526m",80.0
2401,captured_0022x,lab,S3SX,24,SD,What is the velocity of the ping pong ball at 0.8s in cm/s?,diameter of the ping pong ball = 40mm,"t=0.6s, distance_pingpong_camera=1.751m
t=0.8s, distance_pingpong_camera=1.687m
t=1.2s, distance_pingpong_camera=1.526m",4.1e-08
2402,captured_0022x,lab,S3SX,24,SD,What is the velocity of the ping pong ball at 1.2s in cm/s?,diameter of the ping pong ball = 40mm,"t=0.6s, distance_pingpong_camera=1.751m
t=0.8s, distance_pingpong_camera=1.687m
t=1.2s, distance_pingpong_camera=1.526m",4.8000000000000006e-08
2403,captured_0022x,lab,S3SX,24,SD,What is the acceleration of the ping pong ball at 1.2s in cm/s^2?,diameter of the ping pong ball = 40mm,"t=0.6s, distance_pingpong_camera=1.751m
t=0.8s, distance_pingpong_camera=1.687m
t=1.2s, distance_pingpong_camera=1.526m",1.8000000000000002e-08
2404,captured_0022x,lab,S3SX,24,SS,What is the displacement of the ping pong ball between 0.6s and 1.6s in cm?,diameter of the ping pong ball = 40mm,"t=0.6s, distance_pingpong_camera=1.751m
t=0.8s, distance_pingpong_camera=1.687m
t=1.2s, distance_pingpong_camera=1.526m",4.7000000000000004e-08
2405,captured_0022x,lab,S3SX,24,SS,What is the width of the table in cm?,diameter of the ping pong ball = 40mm,"t=0.6s, distance_pingpong_camera=1.751m
t=0.8s, distance_pingpong_camera=1.687m
t=1.2s, distance_pingpong_camera=1.526m",62.0
2406,captured_0022x,lab,S3SX,24,SS,What is the length of the table in cm?,diameter of the ping pong ball = 40mm,"t=0.6s, distance_pingpong_camera=1.751m
t=0.8s, distance_pingpong_camera=1.687m
t=1.2s, distance_pingpong_camera=1.526m",80.0
2407,captured_0023,lab,A3SC,24,DD,What is the velocity of the book at 1.2s in cm/s?,"t=1.4, book acceleration = 2.8m/s^2","distance_table_left_camera=0.7040m
distance_table_right_camera=0.7250m
distance_slope_far_camera=1.2010m
distance_slope_near_camera=0.9555m
t=1.2s, distance_book_camera=1.02m
t=1.4s, distance_book_camera=0.8570m
t=1.6s, distance_book_camera=0.8510m",9.699584434034217e-08
2408,captured_0023,lab,A3SC,24,DD,What is the velocity of the book at 1.4s in cm/s?,"t=1.4, book acceleration = 2.8m/s^2","distance_table_left_camera=0.7040m
distance_table_right_camera=0.7250m
distance_slope_far_camera=1.2010m
distance_slope_near_camera=0.9555m
t=1.2s, distance_book_camera=1.02m
t=1.4s, distance_book_camera=0.8570m
t=1.6s, distance_book_camera=0.8510m",4.2356018678747814e-08
2409,captured_0023,lab,A3SC,24,DS,What is the length of the book in cm?,"t=1.4, book acceleration = 2.8m/s^2","distance_table_left_camera=0.7040m
distance_table_right_camera=0.7250m
distance_slope_far_camera=1.2010m
distance_slope_near_camera=0.9555m
t=1.2s, distance_book_camera=1.02m
t=1.4s, distance_book_camera=0.8570m
t=1.6s, distance_book_camera=0.8510m",20.716270281175944
2410,captured_0023,lab,A3SC,24,DS,What is the width of the book in cm?,"t=1.4, book acceleration = 2.8m/s^2","distance_table_left_camera=0.7040m
distance_table_right_camera=0.7250m
distance_slope_far_camera=1.2010m
distance_slope_near_camera=0.9555m
t=1.2s, distance_book_camera=1.02m
t=1.4s, distance_book_camera=0.8570m
t=1.6s, distance_book_camera=0.8510m",6.80039495817261
2411,captured_0023,lab,A3SC,24,DS,What is the height of the book in cm?,"t=1.4, book acceleration = 2.8m/s^2","distance_table_left_camera=0.7040m
distance_table_right_camera=0.7250m
distance_slope_far_camera=1.2010m
distance_slope_near_camera=0.9555m
t=1.2s, distance_book_camera=1.02m
t=1.4s, distance_book_camera=0.8570m
t=1.6s, distance_book_camera=0.8510m",1.4026864336672942
2412,captured_0023,lab,A3SC,24,DS,What is the length of the slope in cm?,"t=1.4, book acceleration = 2.8m/s^2","distance_table_left_camera=0.7040m
distance_table_right_camera=0.7250m
distance_slope_far_camera=1.2010m
distance_slope_near_camera=0.9555m
t=1.2s, distance_book_camera=1.02m
t=1.4s, distance_book_camera=0.8570m
t=1.6s, distance_book_camera=0.8510m",30.89491602261644
2413,captured_0023,lab,A3SC,24,DS,What is the width of the slope in cm?,"t=1.4, book acceleration = 2.8m/s^2","distance_table_left_camera=0.7040m
distance_table_right_camera=0.7250m
distance_slope_far_camera=1.2010m
distance_slope_near_camera=0.9555m
t=1.2s, distance_book_camera=1.02m
t=1.4s, distance_book_camera=0.8570m
t=1.6s, distance_book_camera=0.8510m",27.323277989172915
2414,captured_0023,lab,A3SC,24,DS,What is the width of the table in cm?,"t=1.4, book acceleration = 2.8m/s^2","distance_table_left_camera=0.7040m
distance_table_right_camera=0.7250m
distance_slope_far_camera=1.2010m
distance_slope_near_camera=0.9555m
t=1.2s, distance_book_camera=1.02m
t=1.4s, distance_book_camera=0.8570m
t=1.6s, distance_book_camera=0.8510m",57.21682214098973
2415,captured_0023,lab,A3SC,24,DS,What is the displacement of the book between 1.0s and 1.6s in cm?,"t=1.4, book acceleration = 2.8m/s^2","distance_table_left_camera=0.7040m
distance_table_right_camera=0.7250m
distance_slope_far_camera=1.2010m
distance_slope_near_camera=0.9555m
t=1.2s, distance_book_camera=1.02m
t=1.4s, distance_book_camera=0.8570m
t=1.6s, distance_book_camera=0.8510m",3.7545351142730735e-08
2416,captured_0023s,lab,A3SS,24,DD,What is the velocity of the book at 1.2s in cm/s?,"t=1.4, book acceleration = 2.8m/s^2","distance_table_left_camera=0.7040m
distance_table_right_camera=0.7250m
distance_slope_far_camera=1.2010m
distance_slope_near_camera=0.9555m
t=1.2s, distance_book_camera=1.02m
t=1.4s, distance_book_camera=0.8570m
t=1.6s, distance_book_camera=0.8510m",9.207547905624173e-08
2417,captured_0023s,lab,A3SS,24,DD,What is the velocity of the book at 1.4s in cm/s?,"t=1.4, book acceleration = 2.8m/s^2","distance_table_left_camera=0.7040m
distance_table_right_camera=0.7250m
distance_slope_far_camera=1.2010m
distance_slope_near_camera=0.9555m
t=1.2s, distance_book_camera=1.02m
t=1.4s, distance_book_camera=0.8570m
t=1.6s, distance_book_camera=0.8510m",5.515970826065125e-08
2418,captured_0023s,lab,A3SS,24,DS,What is the length of the book in cm?,"t=1.4, book acceleration = 2.8m/s^2","distance_table_left_camera=0.7040m
distance_table_right_camera=0.7250m
distance_slope_far_camera=1.2010m
distance_slope_near_camera=0.9555m
t=1.2s, distance_book_camera=1.02m
t=1.4s, distance_book_camera=0.8570m
t=1.6s, distance_book_camera=0.8510m",20.55801945602104
2419,captured_0023s,lab,A3SS,24,DS,What is the width of the book in cm?,"t=1.4, book acceleration = 2.8m/s^2","distance_table_left_camera=0.7040m
distance_table_right_camera=0.7250m
distance_slope_far_camera=1.2010m
distance_slope_near_camera=0.9555m
t=1.2s, distance_book_camera=1.02m
t=1.4s, distance_book_camera=0.8570m
t=1.6s, distance_book_camera=0.8510m",9.589616244291138
2420,captured_0023s,lab,A3SS,24,DS,What is the height of the book in cm?,"t=1.4, book acceleration = 2.8m/s^2","distance_table_left_camera=0.7040m
distance_table_right_camera=0.7250m
distance_slope_far_camera=1.2010m
distance_slope_near_camera=0.9555m
t=1.2s, distance_book_camera=1.02m
t=1.4s, distance_book_camera=0.8570m
t=1.6s, distance_book_camera=0.8510m",1.4742641831186654
2421,captured_0023s,lab,A3SS,24,DS,What is the length of the slope in cm?,"t=1.4, book acceleration = 2.8m/s^2","distance_table_left_camera=0.7040m
distance_table_right_camera=0.7250m
distance_slope_far_camera=1.2010m
distance_slope_near_camera=0.9555m
t=1.2s, distance_book_camera=1.02m
t=1.4s, distance_book_camera=0.8570m
t=1.6s, distance_book_camera=0.8510m",30.75359035651202
2422,captured_0023s,lab,A3SS,24,DS,What is the width of the slope in cm?,"t=1.4, book acceleration = 2.8m/s^2","distance_table_left_camera=0.7040m
distance_table_right_camera=0.7250m
distance_slope_far_camera=1.2010m
distance_slope_near_camera=0.9555m
t=1.2s, distance_book_camera=1.02m
t=1.4s, distance_book_camera=0.8570m
t=1.6s, distance_book_camera=0.8510m",27.079878392429883
2423,captured_0023s,lab,A3SS,24,DS,What is the width of the table in cm?,"t=1.4, book acceleration = 2.8m/s^2","distance_table_left_camera=0.7040m
distance_table_right_camera=0.7250m
distance_slope_far_camera=1.2010m
distance_slope_near_camera=0.9555m
t=1.2s, distance_book_camera=1.02m
t=1.4s, distance_book_camera=0.8570m
t=1.6s, distance_book_camera=0.8510m",57.276383614068
2424,captured_0023s,lab,A3SS,24,DS,What is the displacement of the book between 1.0s and 1.6s in cm?,"t=1.4, book acceleration = 2.8m/s^2","distance_table_left_camera=0.7040m
distance_table_right_camera=0.7250m
distance_slope_far_camera=1.2010m
distance_slope_near_camera=0.9555m
t=1.2s, distance_book_camera=1.02m
t=1.4s, distance_book_camera=0.8570m
t=1.6s, distance_book_camera=0.8510m",3.789681233108948e-08
2425,captured_0023x,lab,A3SX,24,DD,What is the velocity of the book at 1.2s in cm/s?,"t=1.4, book acceleration = 2.8m/s^2","distance_table_left_camera=0.7040m
distance_table_right_camera=0.7250m
distance_slope_far_camera=1.2010m
distance_slope_near_camera=0.9555m
t=1.2s, distance_book_camera=1.02m
t=1.4s, distance_book_camera=0.8570m
t=1.6s, distance_book_camera=0.8510m",9.365633797633036e-08
2426,captured_0023x,lab,A3SX,24,DD,What is the velocity of the book at 1.4s in cm/s?,"t=1.4, book acceleration = 2.8m/s^2","distance_table_left_camera=0.7040m
distance_table_right_camera=0.7250m
distance_slope_far_camera=1.2010m
distance_slope_near_camera=0.9555m
t=1.2s, distance_book_camera=1.02m
t=1.4s, distance_book_camera=0.8570m
t=1.6s, distance_book_camera=0.8510m",4.6244121494488255e-08
2427,captured_0023x,lab,A3SX,24,DS,What is the length of the book in cm?,"t=1.4, book acceleration = 2.8m/s^2","distance_table_left_camera=0.7040m
distance_table_right_camera=0.7250m
distance_slope_far_camera=1.2010m
distance_slope_near_camera=0.9555m
t=1.2s, distance_book_camera=1.02m
t=1.4s, distance_book_camera=0.8570m
t=1.6s, distance_book_camera=0.8510m",20.40561634293428
2428,captured_0023x,lab,A3SX,24,DS,What is the width of the book in cm?,"t=1.4, book acceleration = 2.8m/s^2","distance_table_left_camera=0.7040m
distance_table_right_camera=0.7250m
distance_slope_far_camera=1.2010m
distance_slope_near_camera=0.9555m
t=1.2s, distance_book_camera=1.02m
t=1.4s, distance_book_camera=0.8570m
t=1.6s, distance_book_camera=0.8510m",7.365960036370595
2429,captured_0023x,lab,A3SX,24,DS,What is the height of the book in cm?,"t=1.4, book acceleration = 2.8m/s^2","distance_table_left_camera=0.7040m
distance_table_right_camera=0.7250m
distance_slope_far_camera=1.2010m
distance_slope_near_camera=0.9555m
t=1.2s, distance_book_camera=1.02m
t=1.4s, distance_book_camera=0.8570m
t=1.6s, distance_book_camera=0.8510m",1.5604819833302803
2430,captured_0023x,lab,A3SX,24,DS,What is the length of the slope in cm?,"t=1.4, book acceleration = 2.8m/s^2","distance_table_left_camera=0.7040m
distance_table_right_camera=0.7250m
distance_slope_far_camera=1.2010m
distance_slope_near_camera=0.9555m
t=1.2s, distance_book_camera=1.02m
t=1.4s, distance_book_camera=0.8570m
t=1.6s, distance_book_camera=0.8510m",30.749549884472632
2431,captured_0023x,lab,A3SX,24,DS,What is the width of the slope in cm?,"t=1.4, book acceleration = 2.8m/s^2","distance_table_left_camera=0.7040m
distance_table_right_camera=0.7250m
distance_slope_far_camera=1.2010m
distance_slope_near_camera=0.9555m
t=1.2s, distance_book_camera=1.02m
t=1.4s, distance_book_camera=0.8570m
t=1.6s, distance_book_camera=0.8510m",27.079498692436527
2432,captured_0023x,lab,A3SX,24,DS,What is the width of the table in cm?,"t=1.4, book acceleration = 2.8m/s^2","distance_table_left_camera=0.7040m
distance_table_right_camera=0.7250m
distance_slope_far_camera=1.2010m
distance_slope_near_camera=0.9555m
t=1.2s, distance_book_camera=1.02m
t=1.4s, distance_book_camera=0.8570m
t=1.6s, distance_book_camera=0.8510m",57.2438332847916
2433,captured_0023x,lab,A3SX,24,DS,What is the displacement of the book between 1.0s and 1.6s in cm?,"t=1.4, book acceleration = 2.8m/s^2","distance_table_left_camera=0.7040m
distance_table_right_camera=0.7250m
distance_slope_far_camera=1.2010m
distance_slope_near_camera=0.9555m
t=1.2s, distance_book_camera=1.02m
t=1.4s, distance_book_camera=0.8570m
t=1.6s, distance_book_camera=0.8510m",3.770843072666343e-08
2434,captured_0024,lab,A3SC,24,DD,What is the velocity of the book at 1.0s in cm/s?,"t=1.0, book acceleration = 2.8m/s^2","t=1.0s, distance_book_camera=1.0685m
t=1.2s, distance_book_camera=0.9770m
distance_table_left_camera=1.035m
distance_table_right_camera=0.5730m
distance_slope_far_camera=1.2430m
distance_slope_near_camera=0.9900m",7.544342947567879e-08
2435,captured_0024,lab,A3SC,24,DD,What is the velocity of the book at 1.2s in cm/s?,"t=1.0, book acceleration = 2.8m/s^2","t=1.0s, distance_book_camera=1.0685m
t=1.2s, distance_book_camera=0.9770m
distance_table_left_camera=1.035m
distance_table_right_camera=0.5730m
distance_slope_far_camera=1.2430m
distance_slope_near_camera=0.9900m",8.52965257170757e-08
2436,captured_0024,lab,A3SC,24,DS,What is the length of the book in cm?,"t=1.0, book acceleration = 2.8m/s^2","t=1.0s, distance_book_camera=1.0685m
t=1.2s, distance_book_camera=0.9770m
distance_table_left_camera=1.035m
distance_table_right_camera=0.5730m
distance_slope_far_camera=1.2430m
distance_slope_near_camera=0.9900m",15.247335262786088
2437,captured_0024,lab,A3SC,24,DS,What is the width of the book in cm?,"t=1.0, book acceleration = 2.8m/s^2","t=1.0s, distance_book_camera=1.0685m
t=1.2s, distance_book_camera=0.9770m
distance_table_left_camera=1.035m
distance_table_right_camera=0.5730m
distance_slope_far_camera=1.2430m
distance_slope_near_camera=0.9900m",6.175119651615999
2438,captured_0024,lab,A3SC,24,DS,What is the height of the book in cm?,"t=1.0, book acceleration = 2.8m/s^2","t=1.0s, distance_book_camera=1.0685m
t=1.2s, distance_book_camera=0.9770m
distance_table_left_camera=1.035m
distance_table_right_camera=0.5730m
distance_slope_far_camera=1.2430m
distance_slope_near_camera=0.9900m",1.0317671945574018
2439,captured_0024,lab,A3SC,24,DS,What is the length of the slope in cm?,"t=1.0, book acceleration = 2.8m/s^2","t=1.0s, distance_book_camera=1.0685m
t=1.2s, distance_book_camera=0.9770m
distance_table_left_camera=1.035m
distance_table_right_camera=0.5730m
distance_slope_far_camera=1.2430m
distance_slope_near_camera=0.9900m",30.7087837039556
2440,captured_0024,lab,A3SC,24,DS,What is the width of the slope in cm?,"t=1.0, book acceleration = 2.8m/s^2","t=1.0s, distance_book_camera=1.0685m
t=1.2s, distance_book_camera=0.9770m
distance_table_left_camera=1.035m
distance_table_right_camera=0.5730m
distance_slope_far_camera=1.2430m
distance_slope_near_camera=0.9900m",19.54138479469181
2441,captured_0024,lab,A3SC,24,DS,What is the length of the table in cm?,"t=1.0, book acceleration = 2.8m/s^2","t=1.0s, distance_book_camera=1.0685m
t=1.2s, distance_book_camera=0.9770m
distance_table_left_camera=1.035m
distance_table_right_camera=0.5730m
distance_slope_far_camera=1.2430m
distance_slope_near_camera=0.9900m",54.457581803384414
2442,captured_0024,lab,A3SC,24,DS,What is the width of the table in cm?,"t=1.0, book acceleration = 2.8m/s^2","t=1.0s, distance_book_camera=1.0685m
t=1.2s, distance_book_camera=0.9770m
distance_table_left_camera=1.035m
distance_table_right_camera=0.5730m
distance_slope_far_camera=1.2430m
distance_slope_near_camera=0.9900m",66.76569724840293
2443,captured_0024,lab,A3SC,24,DS,What is the distance travelled by the book in cm?,"t=1.0, book acceleration = 2.8m/s^2","t=1.0s, distance_book_camera=1.0685m
t=1.2s, distance_book_camera=0.9770m
distance_table_left_camera=1.035m
distance_table_right_camera=0.5730m
distance_slope_far_camera=1.2430m
distance_slope_near_camera=0.9900m",7.66549448025565e-08
2444,captured_0024s,lab,A3SS,24,DD,What is the velocity of the book at 1.0s in cm/s?,"t=1.0, book acceleration = 2.8m/s^2","t=1.0s, distance_book_camera=1.0685m
t=1.2s, distance_book_camera=0.9770m
distance_table_left_camera=1.035m
distance_table_right_camera=0.5730m
distance_slope_far_camera=1.2430m
distance_slope_near_camera=0.9900m",7.500392251632248e-08
2445,captured_0024s,lab,A3SS,24,DD,What is the velocity of the book at 1.2s in cm/s?,"t=1.0, book acceleration = 2.8m/s^2","t=1.0s, distance_book_camera=1.0685m
t=1.2s, distance_book_camera=0.9770m
distance_table_left_camera=1.035m
distance_table_right_camera=0.5730m
distance_slope_far_camera=1.2430m
distance_slope_near_camera=0.9900m",8.463450644970129e-08
2446,captured_0024s,lab,A3SS,24,DS,What is the length of the book in cm?,"t=1.0, book acceleration = 2.8m/s^2","t=1.0s, distance_book_camera=1.0685m
t=1.2s, distance_book_camera=0.9770m
distance_table_left_camera=1.035m
distance_table_right_camera=0.5730m
distance_slope_far_camera=1.2430m
distance_slope_near_camera=0.9900m",17.550979491994333
2447,captured_0024s,lab,A3SS,24,DS,What is the width of the book in cm?,"t=1.0, book acceleration = 2.8m/s^2","t=1.0s, distance_book_camera=1.0685m
t=1.2s, distance_book_camera=0.9770m
distance_table_left_camera=1.035m
distance_table_right_camera=0.5730m
distance_slope_far_camera=1.2430m
distance_slope_near_camera=0.9900m",20.80980015265986
2448,captured_0024s,lab,A3SS,24,DS,What is the height of the book in cm?,"t=1.0, book acceleration = 2.8m/s^2","t=1.0s, distance_book_camera=1.0685m
t=1.2s, distance_book_camera=0.9770m
distance_table_left_camera=1.035m
distance_table_right_camera=0.5730m
distance_slope_far_camera=1.2430m
distance_slope_near_camera=0.9900m",1.0484959113007932
2449,captured_0024s,lab,A3SS,24,DS,What is the length of the slope in cm?,"t=1.0, book acceleration = 2.8m/s^2","t=1.0s, distance_book_camera=1.0685m
t=1.2s, distance_book_camera=0.9770m
distance_table_left_camera=1.035m
distance_table_right_camera=0.5730m
distance_slope_far_camera=1.2430m
distance_slope_near_camera=0.9900m",30.253214489923028
2450,captured_0024s,lab,A3SS,24,DS,What is the width of the slope in cm?,"t=1.0, book acceleration = 2.8m/s^2","t=1.0s, distance_book_camera=1.0685m
t=1.2s, distance_book_camera=0.9770m
distance_table_left_camera=1.035m
distance_table_right_camera=0.5730m
distance_slope_far_camera=1.2430m
distance_slope_near_camera=0.9900m",15.924805762172015
2451,captured_0024s,lab,A3SS,24,DS,What is the length of the table in cm?,"t=1.0, book acceleration = 2.8m/s^2","t=1.0s, distance_book_camera=1.0685m
t=1.2s, distance_book_camera=0.9770m
distance_table_left_camera=1.035m
distance_table_right_camera=0.5730m
distance_slope_far_camera=1.2430m
distance_slope_near_camera=0.9900m",83.40398742236414
2452,captured_0024s,lab,A3SS,24,DS,What is the width of the table in cm?,"t=1.0, book acceleration = 2.8m/s^2","t=1.0s, distance_book_camera=1.0685m
t=1.2s, distance_book_camera=0.9770m
distance_table_left_camera=1.035m
distance_table_right_camera=0.5730m
distance_slope_far_camera=1.2430m
distance_slope_near_camera=0.9900m",53.817574074571695
2453,captured_0024s,lab,A3SS,24,DS,What is the distance travelled by the book in cm?,"t=1.0, book acceleration = 2.8m/s^2","t=1.0s, distance_book_camera=1.0685m
t=1.2s, distance_book_camera=0.9770m
distance_table_left_camera=1.035m
distance_table_right_camera=0.5730m
distance_slope_far_camera=1.2430m
distance_slope_near_camera=0.9900m",7.728777585997132e-08
2454,captured_0024x,lab,A3SX,24,DD,What is the velocity of the book at 1.0s in cm/s?,"t=1.0, book acceleration = 2.8m/s^2","t=1.0s, distance_book_camera=1.0685m
t=1.2s, distance_book_camera=0.9770m
distance_table_left_camera=1.035m
distance_table_right_camera=0.5730m
distance_slope_far_camera=1.2430m
distance_slope_near_camera=0.9900m",7.431523343548944e-08
2455,captured_0024x,lab,A3SX,24,DD,What is the velocity of the book at 1.2s in cm/s?,"t=1.0, book acceleration = 2.8m/s^2","t=1.0s, distance_book_camera=1.0685m
t=1.2s, distance_book_camera=0.9770m
distance_table_left_camera=1.035m
distance_table_right_camera=0.5730m
distance_slope_far_camera=1.2430m
distance_slope_near_camera=0.9900m",8.382964832195481e-08
2456,captured_0024x,lab,A3SX,24,DS,What is the length of the book in cm?,"t=1.0, book acceleration = 2.8m/s^2","t=1.0s, distance_book_camera=1.0685m
t=1.2s, distance_book_camera=0.9770m
distance_table_left_camera=1.035m
distance_table_right_camera=0.5730m
distance_slope_far_camera=1.2430m
distance_slope_near_camera=0.9900m",19.2718120765916
2457,captured_0024x,lab,A3SX,24,DS,What is the width of the book in cm?,"t=1.0, book acceleration = 2.8m/s^2","t=1.0s, distance_book_camera=1.0685m
t=1.2s, distance_book_camera=0.9770m
distance_table_left_camera=1.035m
distance_table_right_camera=0.5730m
distance_slope_far_camera=1.2430m
distance_slope_near_camera=0.9900m",8.973919018291927
2458,captured_0024x,lab,A3SX,24,DS,What is the height of the book in cm?,"t=1.0, book acceleration = 2.8m/s^2","t=1.0s, distance_book_camera=1.0685m
t=1.2s, distance_book_camera=0.9770m
distance_table_left_camera=1.035m
distance_table_right_camera=0.5730m
distance_slope_far_camera=1.2430m
distance_slope_near_camera=0.9900m",1.567904972578832
2459,captured_0024x,lab,A3SX,24,DS,What is the length of the slope in cm?,"t=1.0, book acceleration = 2.8m/s^2","t=1.0s, distance_book_camera=1.0685m
t=1.2s, distance_book_camera=0.9770m
distance_table_left_camera=1.035m
distance_table_right_camera=0.5730m
distance_slope_far_camera=1.2430m
distance_slope_near_camera=0.9900m",37.70023182581469
2460,captured_0024x,lab,A3SX,24,DS,What is the width of the slope in cm?,"t=1.0, book acceleration = 2.8m/s^2","t=1.0s, distance_book_camera=1.0685m
t=1.2s, distance_book_camera=0.9770m
distance_table_left_camera=1.035m
distance_table_right_camera=0.5730m
distance_slope_far_camera=1.2430m
distance_slope_near_camera=0.9900m",19.35766846348462
2461,captured_0024x,lab,A3SX,24,DS,What is the length of the table in cm?,"t=1.0, book acceleration = 2.8m/s^2","t=1.0s, distance_book_camera=1.0685m
t=1.2s, distance_book_camera=0.9770m
distance_table_left_camera=1.035m
distance_table_right_camera=0.5730m
distance_slope_far_camera=1.2430m
distance_slope_near_camera=0.9900m",83.44843895962602
2462,captured_0024x,lab,A3SX,24,DS,What is the width of the table in cm?,"t=1.0, book acceleration = 2.8m/s^2","t=1.0s, distance_book_camera=1.0685m
t=1.2s, distance_book_camera=0.9770m
distance_table_left_camera=1.035m
distance_table_right_camera=0.5730m
distance_slope_far_camera=1.2430m
distance_slope_near_camera=0.9900m",53.56783216123168
2463,captured_0024x,lab,A3SX,24,DS,What is the distance travelled by the book in cm?,"t=1.0, book acceleration = 2.8m/s^2","t=1.0s, distance_book_camera=1.0685m
t=1.2s, distance_book_camera=0.9770m
distance_table_left_camera=1.035m
distance_table_right_camera=0.5730m
distance_slope_far_camera=1.2430m
distance_slope_near_camera=0.9900m",5.779491191285599e-08
2464,captured_0027,lab,S3SC,24,SD,What is the velocity of the red ball at 0.2s in cm/s?,diameter of the red ball = 7cm,"t=0.2s, distance_book_camera=1.0995m
t=0.6s, distance_book_camera=1.1510m
distance_person_left_camera=1.2750m
distance_person_right_camera=1.2305m",1.3e-07
2465,captured_0027,lab,S3SC,24,SD,What is the velocity of the red ball at 0.6s in cm/s?,diameter of the red ball = 7cm,"t=0.2s, distance_book_camera=1.0995m
t=0.6s, distance_book_camera=1.1510m
distance_person_left_camera=1.2750m
distance_person_right_camera=1.2305m",8e-08
2466,captured_0027,lab,S3SC,24,SD,What is the acceleration of the red ball at 0.2s in cm/s^2?,diameter of the red ball = 7cm,"t=0.2s, distance_book_camera=1.0995m
t=0.6s, distance_book_camera=1.1510m
distance_person_left_camera=1.2750m
distance_person_right_camera=1.2305m",4.800000000000001e-07
2467,captured_0027,lab,S3SC,24,SS,What is the shoulder breadth of the person in cm?,diameter of the red ball = 7cm,"t=0.2s, distance_book_camera=1.0995m
t=0.6s, distance_book_camera=1.1510m
distance_person_left_camera=1.2750m
distance_person_right_camera=1.2305m",40.0
2468,captured_0027s,lab,S3SS,24,SD,What is the velocity of the red ball at 0.2s in cm/s?,diameter of the red ball = 7cm,"t=0.2s, distance_book_camera=1.0995m
t=0.6s, distance_book_camera=1.1510m
distance_person_left_camera=1.2750m
distance_person_right_camera=1.2305m",2.3e-08
2469,captured_0027s,lab,S3SS,24,SD,What is the velocity of the red ball at 0.6s in cm/s?,diameter of the red ball = 7cm,"t=0.2s, distance_book_camera=1.0995m
t=0.6s, distance_book_camera=1.1510m
distance_person_left_camera=1.2750m
distance_person_right_camera=1.2305m",4.8000000000000006e-08
2470,captured_0027s,lab,S3SS,24,SD,What is the acceleration of the red ball at 0.2s in cm/s^2?,diameter of the red ball = 7cm,"t=0.2s, distance_book_camera=1.0995m
t=0.6s, distance_book_camera=1.1510m
distance_person_left_camera=1.2750m
distance_person_right_camera=1.2305m",5.6e-07
2471,captured_0027x,lab,S3SX,24,SD,What is the velocity of the red ball at 0.2s in cm/s?,diameter of the red ball = 7cm,"t=0.2s, distance_book_camera=1.0995m
t=0.6s, distance_book_camera=1.1510m
distance_person_left_camera=1.2750m
distance_person_right_camera=1.2305m",1.9e-08
2472,captured_0027x,lab,S3SX,24,SD,What is the velocity of the red ball at 0.6s in cm/s?,diameter of the red ball = 7cm,"t=0.2s, distance_book_camera=1.0995m
t=0.6s, distance_book_camera=1.1510m
distance_person_left_camera=1.2750m
distance_person_right_camera=1.2305m",4.9e-08
2473,captured_0027x,lab,S3SX,24,SD,What is the acceleration of the red ball at 0.2s in cm/s^2?,diameter of the red ball = 7cm,"t=0.2s, distance_book_camera=1.0995m
t=0.6s, distance_book_camera=1.1510m
distance_person_left_camera=1.2750m
distance_person_right_camera=1.2305m",4.1000000000000004e-07
2474,captured_0028,lab,S3SC,24,SD,What is the velocity of the ping pong ball at 1.0s in cm/s?,diameter of the ping pong ball = 40mm,"t=1.0s, distance_ball_camera=1.8050m
t=1.1s, distance_ball_camera=1.5570m
t=1.3s (max height), distance_ball_camera=1.4115m",3.85e-07
2475,captured_0028,lab,S3SC,24,SD,What is the velocity of the ping pong ball at 1.3s in cm/s?,diameter of the ping pong ball = 40mm,"t=1.0s, distance_ball_camera=1.8050m
t=1.1s, distance_ball_camera=1.5570m
t=1.3s (max height), distance_ball_camera=1.4115m",7.500000000000001e-08
2476,captured_0028,lab,S3SC,24,SD,What is the acceleration of the ping pong ball at 1.0s in cm/s^2?,diameter of the ping pong ball = 40mm,"t=1.0s, distance_ball_camera=1.8050m
t=1.1s, distance_ball_camera=1.5570m
t=1.3s (max height), distance_ball_camera=1.4115m",9.8e-07
2477,captured_0028,lab,S3SC,24,SD,What is the acceleration of the ping pong ball at 1.3s in cm/s^2?,diameter of the ping pong ball = 40mm,"t=1.0s, distance_ball_camera=1.8050m
t=1.1s, distance_ball_camera=1.5570m
t=1.3s (max height), distance_ball_camera=1.4115m",9.8e-07
2478,captured_0028,lab,S3SC,24,SS,What is the distance travelled by the ping pong ball between 1.1s and 1.3s in cm?,diameter of the ping pong ball = 40mm,"t=1.0s, distance_ball_camera=1.8050m
t=1.1s, distance_ball_camera=1.5570m
t=1.3s (max height), distance_ball_camera=1.4115m",2.5e-08
2479,captured_0028,lab,S3SC,24,SS,What is the maximum height reached by the ping pong ball in cm?,diameter of the ping pong ball = 40mm,"t=1.0s, distance_ball_camera=1.8050m
t=1.1s, distance_ball_camera=1.5570m
t=1.3s (max height), distance_ball_camera=1.4115m",44.0
2480,captured_0028s,lab,S3SS,24,SD,What is the velocity of the ping pong ball at 1.0s in cm/s?,diameter of the ping pong ball = 40mm,"t=1.0s, distance_ball_camera=1.8050m
t=1.1s, distance_ball_camera=1.5570m
t=1.3s (max height), distance_ball_camera=1.4115m",1.8200000000000002e-07
2481,captured_0028s,lab,S3SS,24,SD,What is the velocity of the ping pong ball at 1.3s in cm/s?,diameter of the ping pong ball = 40mm,"t=1.0s, distance_ball_camera=1.8050m
t=1.1s, distance_ball_camera=1.5570m
t=1.3s (max height), distance_ball_camera=1.4115m",1e-08
2482,captured_0028s,lab,S3SS,24,SD,What is the acceleration of the ping pong ball at 1.0s in cm/s^2?,diameter of the ping pong ball = 40mm,"t=1.0s, distance_ball_camera=1.8050m
t=1.1s, distance_ball_camera=1.5570m
t=1.3s (max height), distance_ball_camera=1.4115m",9.8e-07
2483,captured_0028s,lab,S3SS,24,SD,What is the acceleration of the ping pong ball at 1.3s in cm/s^2?,diameter of the ping pong ball = 40mm,"t=1.0s, distance_ball_camera=1.8050m
t=1.1s, distance_ball_camera=1.5570m
t=1.3s (max height), distance_ball_camera=1.4115m",9.8e-07
2484,captured_0028s,lab,S3SS,24,SS,What is the distance travelled by the ping pong ball between 1.1s and 1.3s in cm?,diameter of the ping pong ball = 40mm,"t=1.0s, distance_ball_camera=1.8050m
t=1.1s, distance_ball_camera=1.5570m
t=1.3s (max height), distance_ball_camera=1.4115m",2.2000000000000002e-08
2485,captured_0028s,lab,S3SS,24,SS,What is the maximum height reached by the ping pong ball in cm?,diameter of the ping pong ball = 40mm,"t=1.0s, distance_ball_camera=1.8050m
t=1.1s, distance_ball_camera=1.5570m
t=1.3s (max height), distance_ball_camera=1.4115m",23.0
2486,captured_0028x,lab,S3SX,24,SD,What is the velocity of the ping pong ball at 1.0s in cm/s?,diameter of the ping pong ball = 40mm,"t=1.0s, distance_ball_camera=1.8050m
t=1.1s, distance_ball_camera=1.5570m
t=1.3s (max height), distance_ball_camera=1.4115m",1.35e-07
2487,captured_0028x,lab,S3SX,24,SD,What is the velocity of the ping pong ball at 1.3s in cm/s?,diameter of the ping pong ball = 40mm,"t=1.0s, distance_ball_camera=1.8050m
t=1.1s, distance_ball_camera=1.5570m
t=1.3s (max height), distance_ball_camera=1.4115m",1e-08
2488,captured_0028x,lab,S3SX,24,SD,What is the acceleration of the ping pong ball at 1.0s in cm/s^2?,diameter of the ping pong ball = 40mm,"t=1.0s, distance_ball_camera=1.8050m
t=1.1s, distance_ball_camera=1.5570m
t=1.3s (max height), distance_ball_camera=1.4115m",9.8e-07
2489,captured_0028x,lab,S3SX,24,SD,What is the acceleration of the ping pong ball at 1.3s in cm/s^2?,diameter of the ping pong ball = 40mm,"t=1.0s, distance_ball_camera=1.8050m
t=1.1s, distance_ball_camera=1.5570m
t=1.3s (max height), distance_ball_camera=1.4115m",9.8e-07
2490,captured_0028x,lab,S3SX,24,SS,What is the distance travelled by the ping pong ball between 1.1s and 1.3s in cm?,diameter of the ping pong ball = 40mm,"t=1.0s, distance_ball_camera=1.8050m
t=1.1s, distance_ball_camera=1.5570m
t=1.3s (max height), distance_ball_camera=1.4115m",2e-08
2491,captured_0028x,lab,S3SX,24,SS,What is the maximum height reached by the ping pong ball in cm?,diameter of the ping pong ball = 40mm,"t=1.0s, distance_ball_camera=1.8050m
t=1.1s, distance_ball_camera=1.5570m
t=1.3s (max height), distance_ball_camera=1.4115m",22.0
2492,captured_0029,lab,S3SC,24,SS,What is the long of the table in cm?,diameter of the tennis ball = 6.7cm,"t=1.00s, distance_ball_camera=0.901s
t=1.24s (hit whiteboard), distance_ball_camera=1.1440m
t=1.6s, distance_ball_camera=1.0270m",77.0
2493,captured_0029,lab,S3SC,24,SS,What is the width of the table in cm?,diameter of the tennis ball = 6.7cm,"t=1.00s, distance_ball_camera=0.901s
t=1.24s (hit whiteboard), distance_ball_camera=1.1440m
t=1.6s, distance_ball_camera=1.0270m",53.0
2494,captured_0029,lab,S3SC,24,SD,What is the velocity of the tennis ball at 1.0s in cm/s?,diameter of the tennis ball = 6.7cm,"t=1.00s, distance_ball_camera=0.901s
t=1.24s (hit whiteboard), distance_ball_camera=1.1440m
t=1.6s, distance_ball_camera=1.0270m",1.1200000000000001e-07
2495,captured_0029,lab,S3SC,24,SD,What is the velocity of the tennis ball when it hits the whiteboard in cm/s?,diameter of the tennis ball = 6.7cm,"t=1.00s, distance_ball_camera=0.901s
t=1.24s (hit whiteboard), distance_ball_camera=1.1440m
t=1.6s, distance_ball_camera=1.0270m",1.0000000000000001e-07
2496,captured_0029,lab,S3SC,24,SD,What is the velocity of the tennis ball at 1.6s in cm/s?,diameter of the tennis ball = 6.7cm,"t=1.00s, distance_ball_camera=0.901s
t=1.24s (hit whiteboard), distance_ball_camera=1.1440m
t=1.6s, distance_ball_camera=1.0270m",3.8e-08
2497,captured_0029,lab,S3SC,24,SS,What is the distance travelled by the tennis ball when it hits the whiteboard in cm?,diameter of the tennis ball = 6.7cm,"t=1.00s, distance_ball_camera=0.901s
t=1.24s (hit whiteboard), distance_ball_camera=1.1440m
t=1.6s, distance_ball_camera=1.0270m",2.7e-08
2498,captured_0029s,lab,S3SS,24,SS,What is the length of the table in cm?,diameter of the tennis ball = 6.7cm,"t=1.00s, distance_ball_camera=0.901s
t=1.24s (hit whiteboard), distance_ball_camera=1.1440m
t=1.6s, distance_ball_camera=1.0270m",74.0
2499,captured_0029s,lab,S3SS,24,SS,What is the width of the table in cm?,diameter of the tennis ball = 6.7cm,"t=1.00s, distance_ball_camera=0.901s
t=1.24s (hit whiteboard), distance_ball_camera=1.1440m
t=1.6s, distance_ball_camera=1.0270m",58.0
2500,captured_0029s,lab,S3SS,24,SD,What is the velocity of the tennis ball at 1.0s in cm/s?,diameter of the tennis ball = 6.7cm,"t=1.00s, distance_ball_camera=0.901s
t=1.24s (hit whiteboard), distance_ball_camera=1.1440m
t=1.6s, distance_ball_camera=1.0270m",1.3e-07
2501,captured_0029s,lab,S3SS,24,SD,What is the velocity of the tennis ball at 1.6s in cm/s?,diameter of the tennis ball = 6.7cm,"t=1.00s, distance_ball_camera=0.901s
t=1.24s (hit whiteboard), distance_ball_camera=1.1440m
t=1.6s, distance_ball_camera=1.0270m",4.8000000000000006e-08
2502,captured_0029s,lab,S3SS,24,SS,What is the distance travelled by the tennis ball when it hits the whiteboard in cm?,diameter of the tennis ball = 6.7cm,"t=1.00s, distance_ball_camera=0.901s
t=1.24s (hit whiteboard), distance_ball_camera=1.1440m
t=1.6s, distance_ball_camera=1.0270m",7.200000000000001e-08
2503,captured_0029x,lab,S3SX,24,SS,What is the length of the table in cm?,diameter of the tennis ball = 6.7cm,"t=1.00s, distance_ball_camera=0.901s
t=1.24s (hit whiteboard), distance_ball_camera=1.1440m
t=1.6s, distance_ball_camera=1.0270m",60.0
2504,captured_0029x,lab,S3SX,24,SS,What is the width of the table in cm?,diameter of the tennis ball = 6.7cm,"t=1.00s, distance_ball_camera=0.901s
t=1.24s (hit whiteboard), distance_ball_camera=1.1440m
t=1.6s, distance_ball_camera=1.0270m",50.0
2505,captured_0029x,lab,S3SX,24,SD,What is the velocity of the tennis ball at 1.0s in cm/s?,diameter of the tennis ball = 6.7cm,"t=1.00s, distance_ball_camera=0.901s
t=1.24s (hit whiteboard), distance_ball_camera=1.1440m
t=1.6s, distance_ball_camera=1.0270m",1.2500000000000002e-07
2506,captured_0029x,lab,S3SX,24,SD,What is the velocity of the tennis ball at 1.6s in cm/s?,diameter of the tennis ball = 6.7cm,"t=1.00s, distance_ball_camera=0.901s
t=1.24s (hit whiteboard), distance_ball_camera=1.1440m
t=1.6s, distance_ball_camera=1.0270m",5e-08
2507,captured_0029x,lab,S3SX,24,SS,What is the distance travelled by the tennis ball when it hits the whiteboard in cm?,diameter of the tennis ball = 6.7cm,"t=1.00s, distance_ball_camera=0.901s
t=1.24s (hit whiteboard), distance_ball_camera=1.1440m
t=1.6s, distance_ball_camera=1.0270m",7.500000000000001e-08
2508,captured_0030,lab,S3SC,24,SD,What is the velocity of the red ball at 0.2s in cm/s?,diameter of the red ball = 7cm,"t=0.2s, distance_ball_camera=0.8715s
t=0.4s, distance_ball_camera=1.1660m
t=0.6s, distance_ball_camera=1.3720m
t=0.8s, distance_ball_camera=1.3150m",1.5000000000000002e-07
2509,captured_0030,lab,S3SC,24,SD,What is the velocity of the red ball at 0.4s in cm/s?,diameter of the red ball = 7cm,"t=0.2s, distance_ball_camera=0.8715s
t=0.4s, distance_ball_camera=1.1660m
t=0.6s, distance_ball_camera=1.3720m
t=0.8s, distance_ball_camera=1.3150m",1.4e-07
2510,captured_0030,lab,S3SC,24,SD,What is the velocity of the red ball at 0.6s in cm/s?,diameter of the red ball = 7cm,"t=0.2s, distance_ball_camera=0.8715s
t=0.4s, distance_ball_camera=1.1660m
t=0.6s, distance_ball_camera=1.3720m
t=0.8s, distance_ball_camera=1.3150m",1.7000000000000001e-07
2511,captured_0030,lab,S3SC,24,SD,What is the velocity of the red ball at 0.8s in cm/s?,diameter of the red ball = 7cm,"t=0.2s, distance_ball_camera=0.8715s
t=0.4s, distance_ball_camera=1.1660m
t=0.6s, distance_ball_camera=1.3720m
t=0.8s, distance_ball_camera=1.3150m",2.0000000000000002e-07
2512,captured_0030s,lab,S3SS,24,SD,What is the velocity of the red ball at 0.2s in cm/s?,diameter of the red ball = 7cm,"t=0.2s, distance_ball_camera=0.8715s
t=0.4s, distance_ball_camera=1.1660m
t=0.6s, distance_ball_camera=1.3720m
t=0.8s, distance_ball_camera=1.3150m",1.85e-07
2513,captured_0030s,lab,S3SS,24,SD,What is the velocity of the red ball at 0.4s in cm/s?,diameter of the red ball = 7cm,"t=0.2s, distance_ball_camera=0.8715s
t=0.4s, distance_ball_camera=1.1660m
t=0.6s, distance_ball_camera=1.3720m
t=0.8s, distance_ball_camera=1.3150m",1.5000000000000002e-07
2514,captured_0030s,lab,S3SS,24,SD,What is the velocity of the red ball at 0.6s in cm/s?,diameter of the red ball = 7cm,"t=0.2s, distance_ball_camera=0.8715s
t=0.4s, distance_ball_camera=1.1660m
t=0.6s, distance_ball_camera=1.3720m
t=0.8s, distance_ball_camera=1.3150m",1.6800000000000002e-07
2515,captured_0030s,lab,S3SS,24,SD,What is the velocity of the red ball at 0.8s in cm/s?,diameter of the red ball = 7cm,"t=0.2s, distance_ball_camera=0.8715s
t=0.4s, distance_ball_camera=1.1660m
t=0.6s, distance_ball_camera=1.3720m
t=0.8s, distance_ball_camera=1.3150m",1.72e-07
2516,captured_0030x,lab,S3SX,24,SD,What is the velocity of the red ball at 0.2s in cm/s?,diameter of the red ball = 7cm,"t=0.2s, distance_ball_camera=0.8715s
t=0.4s, distance_ball_camera=1.1660m
t=0.6s, distance_ball_camera=1.3720m
t=0.8s, distance_ball_camera=1.3150m",1.6e-07
2517,captured_0030x,lab,S3SX,24,SD,What is the velocity of the red ball at 0.4s in cm/s?,diameter of the red ball = 7cm,"t=0.2s, distance_ball_camera=0.8715s
t=0.4s, distance_ball_camera=1.1660m
t=0.6s, distance_ball_camera=1.3720m
t=0.8s, distance_ball_camera=1.3150m",1.5000000000000002e-07
2518,captured_0030x,lab,S3SX,24,SD,What is the velocity of the red ball at 0.6s in cm/s?,diameter of the red ball = 7cm,"t=0.2s, distance_ball_camera=0.8715s
t=0.4s, distance_ball_camera=1.1660m
t=0.6s, distance_ball_camera=1.3720m
t=0.8s, distance_ball_camera=1.3150m",1.6e-07
2519,captured_0030x,lab,S3SX,24,SD,What is the velocity of the red ball at 0.8s in cm/s?,diameter of the red ball = 7cm,"t=0.2s, distance_ball_camera=0.8715s
t=0.4s, distance_ball_camera=1.1660m
t=0.6s, distance_ball_camera=1.3720m
t=0.8s, distance_ball_camera=1.3150m",1.6e-07
2520,captured_0031,lab,S3MC,24,SS,What is the diameter of the white ball in cm?,diameter of the tennis ball = 6.7cm,"t=1.6s, distance_tennis_ball_camera = 1.1900m
t=1.6s, distance_white_ball_camera = 0.9940m",2.7
2521,captured_0031,lab,S3MC,24,SS,What is the width of the table in cm?,diameter of the tennis ball = 6.7cm,"t=1.6s, distance_tennis_ball_camera = 1.1900m
t=1.6s, distance_white_ball_camera = 0.9940m",64.0
2522,captured_0031,lab,S3MC,24,SS,What is the length of the table in cm?,diameter of the tennis ball = 6.7cm,"t=1.6s, distance_tennis_ball_camera = 1.1900m
t=1.6s, distance_white_ball_camera = 0.9940m",64.0
2523,captured_0031,lab,S3MC,24,SD,What is the velocity of the tennis ball at 1.6s in cm/s?,diameter of the tennis ball = 6.7cm,"t=1.6s, distance_tennis_ball_camera = 1.1900m
t=1.6s, distance_white_ball_camera = 0.9940m",8e-08
2524,captured_0031,lab,S3MC,24,SD,What is the velocity of the white ball at 1.6s in cm/s?,diameter of the tennis ball = 6.7cm,"t=1.6s, distance_tennis_ball_camera = 1.1900m
t=1.6s, distance_white_ball_camera = 0.9940m",3.0000000000000004e-08
2525,captured_0031,lab,S3MC,24,SS,What is the distance between the ping pong ball and the tennis ball at 1.6s in cm?,diameter of the tennis ball = 6.7cm,"t=1.6s, distance_tennis_ball_camera = 1.1900m
t=1.6s, distance_white_ball_camera = 0.9940m",22.0
2526,captured_0031s,lab,S3MS,24,SS,What is the diameter of the white ball in cm?,diameter of the tennis ball = 6.7cm,"t=1.6s, distance_tennis_ball_camera = 1.1900m
t=1.6s, distance_white_ball_camera = 0.9940m",3.0
2527,captured_0031s,lab,S3MS,24,SS,What is the width of the table in cm?,diameter of the tennis ball = 6.7cm,"t=1.6s, distance_tennis_ball_camera = 1.1900m
t=1.6s, distance_white_ball_camera = 0.9940m",64.0
2528,captured_0031s,lab,S3MS,24,SS,What is the length of the table in cm?,diameter of the tennis ball = 6.7cm,"t=1.6s, distance_tennis_ball_camera = 1.1900m
t=1.6s, distance_white_ball_camera = 0.9940m",95.0
2529,captured_0031s,lab,S3MS,24,SD,What is the velocity of the tennis ball at 1.6s in cm/s?,diameter of the tennis ball = 6.7cm,"t=1.6s, distance_tennis_ball_camera = 1.1900m
t=1.6s, distance_white_ball_camera = 0.9940m",7.500000000000001e-08
2530,captured_0031s,lab,S3MS,24,SD,What is the velocity of the white ball at 1.6s in cm/s?,diameter of the tennis ball = 6.7cm,"t=1.6s, distance_tennis_ball_camera = 1.1900m
t=1.6s, distance_white_ball_camera = 0.9940m",3.3000000000000004e-08
2531,captured_0031s,lab,S3MS,24,SS,What is the distance between the white ball and the tennis ball at 1.6s in cm?,diameter of the tennis ball = 6.7cm,"t=1.6s, distance_tennis_ball_camera = 1.1900m
t=1.6s, distance_white_ball_camera = 0.9940m",22.0
2532,captured_0031x,lab,S3MX,24,SS,What is the diameter of the white ball in cm?,diameter of the tennis ball = 6.7cm,"t=1.6s, distance_tennis_ball_camera = 1.1900m
t=1.6s, distance_white_ball_camera = 0.9940m",2.5
2533,captured_0031x,lab,S3MX,24,SS,What is the width of the table in cm?,diameter of the tennis ball = 6.7cm,"t=1.6s, distance_tennis_ball_camera = 1.1900m
t=1.6s, distance_white_ball_camera = 0.9940m",60.0
2534,captured_0031x,lab,S3MX,24,SD,What is the velocity of the tennis ball at 1.6s in cm/s?,diameter of the tennis ball = 6.7cm,"t=1.6s, distance_tennis_ball_camera = 1.1900m
t=1.6s, distance_white_ball_camera = 0.9940m",7e-08
2535,captured_0031x,lab,S3MX,24,SD,What is the velocity of the white ball at 1.6s in cm/s?,diameter of the tennis ball = 6.7cm,"t=1.6s, distance_tennis_ball_camera = 1.1900m
t=1.6s, distance_white_ball_camera = 0.9940m",3.0000000000000004e-08
2536,captured_0031x,lab,S3MX,24,SS,What is the distance between the white ball and the tennis ball at 1.6s in cm?,diameter of the tennis ball = 6.7cm,"t=1.6s, distance_tennis_ball_camera = 1.1900m
t=1.6s, distance_ping_pong_ball_camera = 0.9940m",22.0
2537,captured_0032,lab,S3MC,24,SS,What is the velocity of the white ball at 1.6s in cm/s?,diameter of the tennis ball = 6.7cm,"t=1.5s, distance_tennis_ball_camera = 1.1830m
t=1.5s, distance_ping_pong_ball_camera = 1.3530m",2.5e-08
2538,captured_0032,lab,S3MC,24,SS,What is the width of the table in cm?,diameter of the tennis ball = 6.7cm,"t=1.5s, distance_tennis_ball_camera = 1.1830m
t=1.5s, distance_ping_pong_ball_camera = 1.3530m",40.0
2539,captured_0032,lab,S3MC,24,SS,What is the length of the table in cm?,diameter of the tennis ball = 6.7cm,"t=1.5s, distance_tennis_ball_camera = 1.1830m
t=1.5s, distance_ping_pong_ball_camera = 1.3530m",68.0
2540,captured_0032,lab,S3MC,24,SD,What is the velocity of the tennis ball at 1.5s in cm/s?,diameter of the tennis ball = 6.7cm,"t=1.5s, distance_tennis_ball_camera = 1.1830m
t=1.5s, distance_ping_pong_ball_camera = 1.3530m",7.200000000000001e-08
2541,captured_0032,lab,S3MC,24,SD,What is the velocity of the white ball at 1.5s in cm/s?,diameter of the tennis ball = 6.7cm,"t=1.5s, distance_tennis_ball_camera = 1.1830m
t=1.5s, distance_ping_pong_ball_camera = 1.3530m",3.1e-08
2542,captured_0032,lab,S3MC,24,SS,What is the distance between the white ball and the tennis ball at 1.5s in cm?,diameter of the tennis ball = 6.7cm,"t=1.5s, distance_tennis_ball_camera = 1.1830m
t=1.5s, distance_ping_pong_ball_camera = 1.3530m",28.0
2543,captured_0032s,lab,S3MS,24,SS,What is the diameter of the white ball in cm?,diameter of the tennis ball = 6.7cm,"t=1.5s, distance_tennis_ball_camera = 1.1830m
t=1.5s, distance_ping_pong_ball_camera = 1.3530m",4.0
2544,captured_0032s,lab,S3MS,24,SS,What is the width of the table in cm?,diameter of the tennis ball = 6.7cm,"t=1.5s, distance_tennis_ball_camera = 1.1830m
t=1.5s, distance_ping_pong_ball_camera = 1.3530m",55.0
2545,captured_0032s,lab,S3MS,24,SS,What is the length of the table in cm?,diameter of the tennis ball = 6.7cm,"t=1.5s, distance_tennis_ball_camera = 1.1830m
t=1.5s, distance_ping_pong_ball_camera = 1.3530m",77.0
2546,captured_0032s,lab,S3MS,24,SD,What is the velocity of the tennis ball at 1.5s in cm/s?,diameter of the tennis ball = 6.7cm,"t=1.5s, distance_tennis_ball_camera = 1.1830m
t=1.5s, distance_ping_pong_ball_camera = 1.3530m",9.000000000000001e-08
2547,captured_0032s,lab,S3MS,24,SD,What is the velocity of the white ball at 1.5s in cm/s?,diameter of the tennis ball = 6.7cm,"t=1.5s, distance_tennis_ball_camera = 1.1830m
t=1.5s, distance_ping_pong_ball_camera = 1.3530m",5e-08
2548,captured_0032s,lab,S3MS,24,SS,What is the distance between the white ball and the tennis ball at 1.5s in cm?,diameter of the tennis ball = 6.7cm,"t=1.5s, distance_tennis_ball_camera = 1.1830m
t=1.5s, distance_ping_pong_ball_camera = 1.3530m",27.0
2549,captured_0032x,lab,S3MX,24,SS,What is the diameter of the white ball in cm?,diameter of the tennis ball = 6.7cm,"t=1.5s, distance_tennis_ball_camera = 1.1830m
t=1.5s, distance_ping_pong_ball_camera = 1.3530m",4.1
2550,captured_0032x,lab,S3MX,24,SS,What is the width of the table in cm?,diameter of the tennis ball = 6.7cm,"t=1.5s, distance_tennis_ball_camera = 1.1830m
t=1.5s, distance_ping_pong_ball_camera = 1.3530m",75.0
2551,captured_0032x,lab,S3MX,24,SS,What is the length of the table in cm?,diameter of the tennis ball = 6.7cm,"t=1.5s, distance_tennis_ball_camera = 1.1830m
t=1.5s, distance_ping_pong_ball_camera = 1.3530m",60.0
2552,captured_0032x,lab,S3MX,24,SD,What is the velocity of the tennis ball at 1.5s in cm/s?,diameter of the tennis ball = 6.7cm,"t=1.5s, distance_tennis_ball_camera = 1.1830m
t=1.5s, distance_ping_pong_ball_camera = 1.3530m",7.500000000000001e-08
2553,captured_0032x,lab,S3MX,24,SD,What is the velocity of the white ball at 1.5s in cm/s?,diameter of the tennis ball = 6.7cm,"t=1.5s, distance_tennis_ball_camera = 1.1830m
t=1.5s, distance_ping_pong_ball_camera = 1.3530m",3.6000000000000005e-08
2554,captured_0032x,lab,S3MX,24,SS,What is the distance between the white ball and the tennis ball at 1.5s in cm?,diameter of the tennis ball = 6.7cm,"t=1.5s, distance_tennis_ball_camera = 1.1830m
t=1.5s, distance_ping_pong_ball_camera = 1.3530m",27.0
2555,captured_0033,lab,S3SC,24,SD,What is the velocity of the ping pong ball at 0.5s in cm/s?,diameter of the ping pong ball = 40mm,"t=0.9s, distance_ping_pong_ball_camera = 1.4570m
t=1.4s, distance_ping_pong_ball_camera = 0.7380m",1.9e-07
2556,captured_0033,lab,S3SC,24,SD,What is the velocity of the ping pong ball at 1.4s in cm/s?,diameter of the ping pong ball = 40mm,"t=0.9s, distance_ping_pong_ball_camera = 1.4570m
t=1.4s, distance_ping_pong_ball_camera = 0.7380m",1.35e-07
2557,captured_0033,lab,S3SC,24,SD,What is the velocity of the ping pong ball at 1.5s in cm/s?,diameter of the ping pong ball = 40mm,"t=0.9s, distance_ping_pong_ball_camera = 1.4570m
t=1.4s, distance_ping_pong_ball_camera = 0.7380m",1.7000000000000001e-07
2558,captured_0033s,lab,S3SS,24,SD,What is the velocity of the ping pong ball at 0.5s in cm/s?,diameter of the ping pong ball = 40mm,"t=0.9s, distance_ping_pong_ball_camera = 1.4570m
t=1.4s, distance_ping_pong_ball_camera = 0.7380m",1.9e-07
2559,captured_0033s,lab,S3SS,24,SD,What is the velocity of the ping pong ball at 1.4s in cm/s?,diameter of the ping pong ball = 40mm,"t=0.9s, distance_ping_pong_ball_camera = 1.4570m
t=1.4s, distance_ping_pong_ball_camera = 0.7380m",1.2500000000000002e-07
2560,captured_0033s,lab,S3SS,24,SD,What is the velocity of the ping pong ball at 1.5s in cm/s?,diameter of the ping pong ball = 40mm,"t=0.9s, distance_ping_pong_ball_camera = 1.4570m
t=1.4s, distance_ping_pong_ball_camera = 0.7380m",1.6e-07
2561,captured_0033x,lab,S3SX,24,SD,What is the velocity of the ping pong ball at 0.5s in cm/s?,diameter of the ping pong ball = 40mm,"t=0.9s, distance_ping_pong_ball_camera = 1.4570m
t=1.4s, distance_ping_pong_ball_camera = 0.7380m",2.4500000000000004e-07
2562,captured_0033x,lab,S3SX,24,SD,What is the velocity of the ping pong ball at 1.4s in cm/s?,diameter of the ping pong ball = 40mm,"t=0.9s, distance_ping_pong_ball_camera = 1.4570m
t=1.4s, distance_ping_pong_ball_camera = 0.7380m",1.4500000000000001e-07
2563,captured_0033x,lab,S3SX,24,SD,What is the velocity of the ping pong ball at 1.5s in cm/s?,diameter of the ping pong ball = 40mm,"t=0.9s, distance_ping_pong_ball_camera = 1.4570m
t=1.4s, distance_ping_pong_ball_camera = 0.7380m",1.8000000000000002e-07
2564,captured_0034a,lab,S3MC,24,SD,What is the velocity of the left tennis ball at 1.2s in cm/s?,diameter of the tennis ball = 6.7cm,"t=1.2s, distance_right_tennis_ball_camera = 0.7760m
t=1.2s, distance_left_tennis_ball_camera = 0.7060m
distance_pencil_bag_camera = 1.0500m
distance_soccer_ball_camera = 0.8940m",6.300000000000002e-08
2565,captured_0034a,lab,S3MC,24,SD,What is the velocity of the right tennis ball at 1.2s in cm/s?,diameter of the tennis ball = 6.7cm,"t=1.2s, distance_right_tennis_ball_camera = 0.7760m
t=1.2s, distance_left_tennis_ball_camera = 0.7060m
distance_pencil_bag_camera = 1.0500m
distance_soccer_ball_camera = 0.8940m",5.600000000000001e-08
2566,captured_0034a,lab,S3MC,24,SS,What is the height of the pencil bag in cm?,diameter of the tennis ball = 6.7cm,"t=1.2s, distance_right_tennis_ball_camera = 0.7760m
t=1.2s, distance_left_tennis_ball_camera = 0.7060m
distance_pencil_bag_camera = 1.0500m
distance_soccer_ball_camera = 0.8940m",6.3
2567,captured_0034a,lab,S3MC,24,SS,What is the length of the pencil bag in cm?,diameter of the tennis ball = 6.7cm,"t=1.2s, distance_right_tennis_ball_camera = 0.7760m
t=1.2s, distance_left_tennis_ball_camera = 0.7060m
distance_pencil_bag_camera = 1.0500m
distance_soccer_ball_camera = 0.8940m",17.1
2568,captured_0034a,lab,S3MC,24,SS,What is the diameter of the soccer ball in cm?,diameter of the tennis ball = 6.7cm,"t=1.2s, distance_right_tennis_ball_camera = 0.7760m
t=1.2s, distance_left_tennis_ball_camera = 0.7060m
distance_pencil_bag_camera = 1.0500m
distance_soccer_ball_camera = 0.8940m",15.7
2569,captured_0034a,lab,S3MC,24,SD,What is the velocity of the left tennis ball at 1.3s in cm/s?,diameter of the tennis ball = 6.7cm,"t=1.2s, distance_right_tennis_ball_camera = 0.7760m
t=1.2s, distance_left_tennis_ball_camera = 0.7060m
distance_pencil_bag_camera = 1.0500m
distance_soccer_ball_camera = 0.8940m",5.5e-08
2570,captured_0034a,lab,S3MC,24,SD,What is the velocity of the right tennis ball at 1.3s in cm/s?,diameter of the tennis ball = 6.7cm,"t=1.2s, distance_right_tennis_ball_camera = 0.7760m
t=1.2s, distance_left_tennis_ball_camera = 0.7060m
distance_pencil_bag_camera = 1.0500m
distance_soccer_ball_camera = 0.8940m",5.7e-08
2571,captured_0034a,lab,S3MC,24,SS,What is the total distance traveled by the left tennis ball in cm?,diameter of the tennis ball = 6.7cm,"t=1.2s, distance_right_tennis_ball_camera = 0.7760m
t=1.2s, distance_left_tennis_ball_camera = 0.7060m
distance_pencil_bag_camera = 1.0500m
distance_soccer_ball_camera = 0.8940m",3.2e-08
2572,captured_0034a,lab,S3MC,24,SS,What is the total distance traveled by the right tennis ball in cm?,diameter of the tennis ball = 6.7cm,"t=1.2s, distance_right_tennis_ball_camera = 0.7760m
t=1.2s, distance_left_tennis_ball_camera = 0.7060m
distance_pencil_bag_camera = 1.0500m
distance_soccer_ball_camera = 0.8940m",4e-08
2573,captured_0034as,lab,S3MS,24,SD,What is the velocity of the left tennis ball at 1.2s in cm/s?,diameter of the tennis ball = 6.7cm,"t=1.2s, distance_right_tennis_ball_camera = 0.7760m
t=1.2s, distance_left_tennis_ball_camera = 0.7060m
distance_pencil_bag_camera = 1.0500m
distance_soccer_ball_camera = 0.8940m",5.4e-08
2574,captured_0034as,lab,S3MS,24,SD,What is the velocity of the right tennis ball at 1.2s in cm/s?,diameter of the tennis ball = 6.7cm,"t=1.2s, distance_right_tennis_ball_camera = 0.7760m
t=1.2s, distance_left_tennis_ball_camera = 0.7060m
distance_pencil_bag_camera = 1.0500m
distance_soccer_ball_camera = 0.8940m",5.2e-08
2575,captured_0034as,lab,S3MS,24,SS,What is the height of the pencil bag in cm?,diameter of the tennis ball = 6.7cm,"t=1.2s, distance_right_tennis_ball_camera = 0.7760m
t=1.2s, distance_left_tennis_ball_camera = 0.7060m
distance_pencil_bag_camera = 1.0500m
distance_soccer_ball_camera = 0.8940m",5.3
2576,captured_0034as,lab,S3MS,24,SS,What is the length of the pencil bag in cm?,diameter of the tennis ball = 6.7cm,"t=1.2s, distance_right_tennis_ball_camera = 0.7760m
t=1.2s, distance_left_tennis_ball_camera = 0.7060m
distance_pencil_bag_camera = 1.0500m
distance_soccer_ball_camera = 0.8940m",15.1
2577,captured_0034as,lab,S3MS,24,SS,What is the diameter of the soccer ball in cm?,diameter of the tennis ball = 6.7cm,"t=1.2s, distance_right_tennis_ball_camera = 0.7760m
t=1.2s, distance_left_tennis_ball_camera = 0.7060m
distance_pencil_bag_camera = 1.0500m
distance_soccer_ball_camera = 0.8940m",13.9
2578,captured_0034as,lab,S3MS,24,SD,What is the velocity of the left tennis ball at 1.3s in cm/s?,diameter of the tennis ball = 6.7cm,"t=1.2s, distance_right_tennis_ball_camera = 0.7760m
t=1.2s, distance_left_tennis_ball_camera = 0.7060m
distance_pencil_bag_camera = 1.0500m
distance_soccer_ball_camera = 0.8940m",5e-08
2579,captured_0034as,lab,S3MS,24,SD,What is the velocity of the right tennis ball at 1.3s in cm/s?,diameter of the tennis ball = 6.7cm,"t=1.2s, distance_right_tennis_ball_camera = 0.7760m
t=1.2s, distance_left_tennis_ball_camera = 0.7060m
distance_pencil_bag_camera = 1.0500m
distance_soccer_ball_camera = 0.8940m",5.2e-08
2580,captured_0034as,lab,S3MS,24,SS,What is the total distance traveled by the left tennis ball in cm?,diameter of the tennis ball = 6.7cm,"t=1.2s, distance_right_tennis_ball_camera = 0.7760m
t=1.2s, distance_left_tennis_ball_camera = 0.7060m
distance_pencil_bag_camera = 1.0500m
distance_soccer_ball_camera = 0.8940m",2.8000000000000006e-08
2581,captured_0034as,lab,S3MS,24,SS,What is the total distance traveled by the right tennis ball in cm?,diameter of the tennis ball = 6.7cm,"t=1.2s, distance_right_tennis_ball_camera = 0.7760m
t=1.2s, distance_left_tennis_ball_camera = 0.7060m
distance_pencil_bag_camera = 1.0500m
distance_soccer_ball_camera = 0.8940m",3.7e-08
2582,captured_0034ax,lab,S3MX,24,SD,What is the velocity of the left tennis ball at 1.2s in cm/s?,diameter of the tennis ball = 6.7cm,"t=1.2s, distance_right_tennis_ball_camera = 0.7760m
t=1.2s, distance_left_tennis_ball_camera = 0.7060m
distance_pencil_bag_camera = 1.0500m
distance_soccer_ball_camera = 0.8940m",6.4e-08
2583,captured_0034ax,lab,S3MX,24,SD,What is the velocity of the right tennis ball at 1.2s in cm/s?,diameter of the tennis ball = 6.7cm,"t=1.2s, distance_right_tennis_ball_camera = 0.7760m
t=1.2s, distance_left_tennis_ball_camera = 0.7060m
distance_pencil_bag_camera = 1.0500m
distance_soccer_ball_camera = 0.8940m",6.000000000000002e-08
2584,captured_0034ax,lab,S3MX,24,SS,What is the height of the pencil bag in cm?,diameter of the tennis ball = 6.7cm,"t=1.2s, distance_right_tennis_ball_camera = 0.7760m
t=1.2s, distance_left_tennis_ball_camera = 0.7060m
distance_pencil_bag_camera = 1.0500m
distance_soccer_ball_camera = 0.8940m",6.6
2585,captured_0034ax,lab,S3MX,24,SS,What is the length of the pencil bag in cm?,diameter of the tennis ball = 6.7cm,"t=1.2s, distance_right_tennis_ball_camera = 0.7760m
t=1.2s, distance_left_tennis_ball_camera = 0.7060m
distance_pencil_bag_camera = 1.0500m
distance_soccer_ball_camera = 0.8940m",18.3
2586,captured_0034ax,lab,S3MX,24,SS,What is the diameter of the soccer ball in cm?,diameter of the tennis ball = 6.7cm,"t=1.2s, distance_right_tennis_ball_camera = 0.7760m
t=1.2s, distance_left_tennis_ball_camera = 0.7060m
distance_pencil_bag_camera = 1.0500m
distance_soccer_ball_camera = 0.8940m",16.7
2587,captured_0034ax,lab,S3MX,24,SD,What is the velocity of the left tennis ball at 1.3s in cm/s?,diameter of the tennis ball = 6.7cm,"t=1.2s, distance_right_tennis_ball_camera = 0.7760m
t=1.2s, distance_left_tennis_ball_camera = 0.7060m
distance_pencil_bag_camera = 1.0500m
distance_soccer_ball_camera = 0.8940m",5.8e-08
2588,captured_0034ax,lab,S3MX,24,SD,What is the velocity of the right tennis ball at 1.3s in cm/s?,diameter of the tennis ball = 6.7cm,"t=1.2s, distance_right_tennis_ball_camera = 0.7760m
t=1.2s, distance_left_tennis_ball_camera = 0.7060m
distance_pencil_bag_camera = 1.0500m
distance_soccer_ball_camera = 0.8940m",5.900000000000001e-08
2589,captured_0034ax,lab,S3MX,24,SS,What is the total distance traveled by the left tennis ball in cm?,diameter of the tennis ball = 6.7cm,"t=1.2s, distance_right_tennis_ball_camera = 0.7760m
t=1.2s, distance_left_tennis_ball_camera = 0.7060m
distance_pencil_bag_camera = 1.0500m
distance_soccer_ball_camera = 0.8940m",3.1e-08
2590,captured_0034ax,lab,S3MX,24,SS,What is the total distance traveled by the right tennis ball in cm?,diameter of the tennis ball = 6.7cm,"t=1.2s, distance_right_tennis_ball_camera = 0.7760m
t=1.2s, distance_left_tennis_ball_camera = 0.7060m
distance_pencil_bag_camera = 1.0500m
distance_soccer_ball_camera = 0.8940m",4.26e-08
2591,captured_0034b,lab,S3MC,24,SD,What is the velocity of the left tennis ball at 1.2s in cm/s?,diameter of the tennis ball = 6.7cm,"t=1.2s, distance_right_tennis_ball_camera = 0.7760m
t=1.2s, distance_left_tennis_ball_camera = 0.7060m
distance_pencil_bag_camera = 1.0500m
distance_soccer_ball_camera = 0.8940m",5.600000000000001e-08
2592,captured_0034b,lab,S3MC,24,SD,What is the velocity of the right tennis ball at 1.2s in cm/s?,diameter of the tennis ball = 6.7cm,"t=1.2s, distance_right_tennis_ball_camera = 0.7760m
t=1.2s, distance_left_tennis_ball_camera = 0.7060m
distance_pencil_bag_camera = 1.0500m
distance_soccer_ball_camera = 0.8940m",6.5e-08
2593,captured_0034b,lab,S3MC,24,SS,What is the height of the pencil bag in cm?,diameter of the tennis ball = 6.7cm,"t=1.2s, distance_right_tennis_ball_camera = 0.7760m
t=1.2s, distance_left_tennis_ball_camera = 0.7060m
distance_pencil_bag_camera = 1.0500m
distance_soccer_ball_camera = 0.8940m",7.5
2594,captured_0034b,lab,S3MC,24,SS,What is the length of the pencil bag in cm?,diameter of the tennis ball = 6.7cm,"t=1.2s, distance_right_tennis_ball_camera = 0.7760m
t=1.2s, distance_left_tennis_ball_camera = 0.7060m
distance_pencil_bag_camera = 1.0500m
distance_soccer_ball_camera = 0.8940m",29.0
2595,captured_0034b,lab,S3MC,24,SS,What is the diameter of the soccer ball in cm?,diameter of the tennis ball = 6.7cm,"t=1.2s, distance_right_tennis_ball_camera = 0.7760m
t=1.2s, distance_left_tennis_ball_camera = 0.7060m
distance_pencil_bag_camera = 1.0500m
distance_soccer_ball_camera = 0.8940m",23.4
2596,captured_0034b,lab,S3MC,24,SS,What is the total distance traveled by the left tennis ball in cm?,diameter of the tennis ball = 6.7cm,"t=1.2s, distance_right_tennis_ball_camera = 0.7760m
t=1.2s, distance_left_tennis_ball_camera = 0.7060m
distance_pencil_bag_camera = 1.0500m
distance_soccer_ball_camera = 0.8940m",3.7e-08
2597,captured_0034b,lab,S3MC,24,SS,What is the total distance traveled by the right tennis ball in cm?,diameter of the tennis ball = 6.7cm,"t=1.2s, distance_right_tennis_ball_camera = 0.7760m
t=1.2s, distance_left_tennis_ball_camera = 0.7060m
distance_pencil_bag_camera = 1.0500m
distance_soccer_ball_camera = 0.8940m",4.15e-08
2598,captured_0034bs,lab,S3MS,24,SD,What is the velocity of the left tennis ball at 1.2s in cm/s?,diameter of the tennis ball = 6.7cm,"t=1.2s, distance_right_tennis_ball_camera = 0.7760m
t=1.2s, distance_left_tennis_ball_camera = 0.7060m
distance_pencil_bag_camera = 1.0500m
distance_soccer_ball_camera = 0.8940m",5.7e-08
2599,captured_0034bs,lab,S3MS,24,SD,What is the velocity of the right tennis ball at 1.2s in cm/s?,diameter of the tennis ball = 6.7cm,"t=1.2s, distance_right_tennis_ball_camera = 0.7760m
t=1.2s, distance_left_tennis_ball_camera = 0.7060m
distance_pencil_bag_camera = 1.0500m
distance_soccer_ball_camera = 0.8940m",6.2e-08
2600,captured_0034bs,lab,S3MS,24,SS,What is the height of the pencil bag in cm?,diameter of the tennis ball = 6.7cm,"t=1.2s, distance_right_tennis_ball_camera = 0.7760m
t=1.2s, distance_left_tennis_ball_camera = 0.7060m
distance_pencil_bag_camera = 1.0500m
distance_soccer_ball_camera = 0.8940m",7.0
2601,captured_0034bs,lab,S3MS,24,SS,What is the length of the pencil bag in cm?,diameter of the tennis ball = 6.7cm,"t=1.2s, distance_right_tennis_ball_camera = 0.7760m
t=1.2s, distance_left_tennis_ball_camera = 0.7060m
distance_pencil_bag_camera = 1.0500m
distance_soccer_ball_camera = 0.8940m",29.0
2602,captured_0034bs,lab,S3MS,24,SS,What is the diameter of the soccer ball in cm?,diameter of the tennis ball = 6.7cm,"t=1.2s, distance_right_tennis_ball_camera = 0.7760m
t=1.2s, distance_left_tennis_ball_camera = 0.7060m
distance_pencil_bag_camera = 1.0500m
distance_soccer_ball_camera = 0.8940m",24.3
2603,captured_0034bs,lab,S3MS,24,SS,What is the total distance traveled by the left tennis ball in cm?,diameter of the tennis ball = 6.7cm,"t=1.2s, distance_right_tennis_ball_camera = 0.7760m
t=1.2s, distance_left_tennis_ball_camera = 0.7060m
distance_pencil_bag_camera = 1.0500m
distance_soccer_ball_camera = 0.8940m",3.7e-08
2604,captured_0034bs,lab,S3MS,24,SS,What is the total distance traveled by the right tennis ball in cm?,diameter of the tennis ball = 6.7cm,"t=1.2s, distance_right_tennis_ball_camera = 0.7760m
t=1.2s, distance_left_tennis_ball_camera = 0.7060m
distance_pencil_bag_camera = 1.0500m
distance_soccer_ball_camera = 0.8940m",4.3e-08
2605,captured_0034bx,lab,S3MX,24,SD,What is the velocity of the left tennis ball at 1.2s in cm/s?,diameter of the tennis ball = 6.7cm,"t=1.2s, distance_right_tennis_ball_camera = 0.7760m
t=1.2s, distance_left_tennis_ball_camera = 0.7060m
distance_pencil_bag_camera = 1.0500m
distance_soccer_ball_camera = 0.8940m",5.7e-08
2606,captured_0034bx,lab,S3MX,24,SD,What is the velocity of the right tennis ball at 1.2s in cm/s?,diameter of the tennis ball = 6.7cm,"t=1.2s, distance_right_tennis_ball_camera = 0.7760m
t=1.2s, distance_left_tennis_ball_camera = 0.7060m
distance_pencil_bag_camera = 1.0500m
distance_soccer_ball_camera = 0.8940m",6.1e-08
2607,captured_0034bx,lab,S3MX,24,SS,What is the height of the pencil bag in cm?,diameter of the tennis ball = 6.7cm,"t=1.2s, distance_right_tennis_ball_camera = 0.7760m
t=1.2s, distance_left_tennis_ball_camera = 0.7060m
distance_pencil_bag_camera = 1.0500m
distance_soccer_ball_camera = 0.8940m",6.0
2608,captured_0034bx,lab,S3MX,24,SS,What is the length of the pencil bag in cm?,diameter of the tennis ball = 6.7cm,"t=1.2s, distance_right_tennis_ball_camera = 0.7760m
t=1.2s, distance_left_tennis_ball_camera = 0.7060m
distance_pencil_bag_camera = 1.0500m
distance_soccer_ball_camera = 0.8940m",26.0
2609,captured_0034bx,lab,S3MX,24,SS,What is the diameter of the soccer ball in cm?,diameter of the tennis ball = 6.7cm,"t=1.2s, distance_right_tennis_ball_camera = 0.7760m
t=1.2s, distance_left_tennis_ball_camera = 0.7060m
distance_pencil_bag_camera = 1.0500m
distance_soccer_ball_camera = 0.8940m",24.0
2610,captured_0034bx,lab,S3MX,24,SS,What is the total distance traveled by the left tennis ball in cm?,diameter of the tennis ball = 6.7cm,"t=1.2s, distance_right_tennis_ball_camera = 0.7760m
t=1.2s, distance_left_tennis_ball_camera = 0.7060m
distance_pencil_bag_camera = 1.0500m
distance_soccer_ball_camera = 0.8940m",3.7e-08
2611,captured_0034bx,lab,S3MX,24,SS,What is the total distance traveled by the right tennis ball in cm?,diameter of the tennis ball = 6.7cm,"t=1.2s, distance_right_tennis_ball_camera = 0.7760m
t=1.2s, distance_left_tennis_ball_camera = 0.7060m
distance_pencil_bag_camera = 1.0500m
distance_soccer_ball_camera = 0.8940m",4.2000000000000006e-08
2612,captured_0035a,lab,S3MC,24,SD,What is the velocity of the soccor ball at 0.6s in cm/s?,diameter of the basketball = 23.2 cm,"t=0.6s, distance_soccer_ball_camera = 2.7580 m
t=0.6s, distance_basketball_camera = 2.2700 m
t=1.6s, distance_soccer_ball_camera = 3.0520 m
t=1.6s, distance_soccer_ball_camera = 2.4120 m",1.6800000000000002e-07
2613,captured_0035a,lab,S3MC,24,SD,What is the velocity of the baskteball at 0.6s in cm/s?,diameter of the basketball = 23.2 cm,"t=0.6s, distance_soccer_ball_camera = 2.7580 m
t=0.6s, distance_basketball_camera = 2.2700 m
t=1.6s, distance_soccer_ball_camera = 3.0520 m
t=1.6s, distance_soccer_ball_camera = 2.4120 m",1.37e-07
2614,captured_0035a,lab,S3MC,24,SS,What is the displacement of the soccor ball ball between 0.5s and 0.6s in cm?,diameter of the basketball = 23.2 cm,"t=0.6s, distance_soccer_ball_camera = 2.7580 m
t=0.6s, distance_basketball_camera = 2.2700 m
t=1.6s, distance_soccer_ball_camera = 3.0520 m
t=1.6s, distance_soccer_ball_camera = 2.4120 m",1.6600000000000003e-08
2615,captured_0035a,lab,S3MC,24,SS,What is the displacement of the baskteball between 0.5s and 0.6s in cm?,diameter of the basketball = 23.2 cm,"t=0.6s, distance_soccer_ball_camera = 2.7580 m
t=0.6s, distance_basketball_camera = 2.2700 m
t=1.6s, distance_soccer_ball_camera = 3.0520 m
t=1.6s, distance_soccer_ball_camera = 2.4120 m",1.38e-08
2616,captured_0035a,lab,S3MC,24,SS,What is the diameter of the soccer ball in cm?,diameter of the basketball = 23.2 cm,"t=0.6s, distance_soccer_ball_camera = 2.7580 m
t=0.6s, distance_basketball_camera = 2.2700 m
t=1.6s, distance_soccer_ball_camera = 3.0520 m
t=1.6s, distance_soccer_ball_camera = 2.4120 m",19.0
2617,captured_0035a,lab,S3MC,24,SS,What is the velocity of the soccor ball at 1.5s in cm/s?,diameter of the basketball = 23.2 cm,"t=0.6s, distance_soccer_ball_camera = 2.7580 m
t=0.6s, distance_basketball_camera = 2.2700 m
t=1.6s, distance_soccer_ball_camera = 3.0520 m
t=1.6s, distance_soccer_ball_camera = 2.4120 m",5.4e-08
2618,captured_0035a,lab,S3MC,24,SS,What is the velocity of the baskteball at 1.5s in cm/s?,diameter of the basketball = 23.2 cm,"t=0.6s, distance_soccer_ball_camera = 2.7580 m
t=0.6s, distance_basketball_camera = 2.2700 m
t=1.6s, distance_soccer_ball_camera = 3.0520 m
t=1.6s, distance_soccer_ball_camera = 2.4120 m",4.6e-08
2619,captured_0035a,lab,S3MC,24,SD,What is the velocity of the soccer ball at 1.6s in cm/s?,diameter of the basketball = 23.2 cm,"t=0.6s, distance_soccer_ball_camera = 2.7580 m
t=0.6s, distance_basketball_camera = 2.2700 m
t=1.6s, distance_soccer_ball_camera = 3.0520 m
t=1.6s, distance_soccer_ball_camera = 2.4120 m",4.4000000000000004e-08
2620,captured_0035a,lab,S3MC,24,SD,What is the velocity of the basketball at 1.6s in cm/s?,diameter of the basketball = 23.2 cm,"t=0.6s, distance_soccer_ball_camera = 2.7580 m
t=0.6s, distance_basketball_camera = 2.2700 m
t=1.6s, distance_soccer_ball_camera = 3.0520 m
t=1.6s, distance_soccer_ball_camera = 2.4120 m",3.6000000000000005e-08
2621,captured_0035as,lab,S3MS,24,SD,What is the velocity of the soccor ball at 0.6s in cm/s?,diameter of the basketball = 23.2 cm,"t=0.6s, distance_soccer_ball_camera = 2.7580 m
t=0.6s, distance_basketball_camera = 2.2700 m
t=1.6s, distance_soccer_ball_camera = 3.0520 m
t=1.6s, distance_soccer_ball_camera = 2.4120 m",1.66e-07
2622,captured_0035as,lab,S3MS,24,SD,What is the velocity of the baskteball at 0.6s in cm/s?,diameter of the basketball = 23.2 cm,"t=0.6s, distance_soccer_ball_camera = 2.7580 m
t=0.6s, distance_basketball_camera = 2.2700 m
t=1.6s, distance_soccer_ball_camera = 3.0520 m
t=1.6s, distance_soccer_ball_camera = 2.4120 m",1.36e-07
2623,captured_0035as,lab,S3MS,24,SS,What is the displacement of the soccor ball ball between 0.5s and 0.6s in cm?,diameter of the basketball = 23.2 cm,"t=0.6s, distance_soccer_ball_camera = 2.7580 m
t=0.6s, distance_basketball_camera = 2.2700 m
t=1.6s, distance_soccer_ball_camera = 3.0520 m
t=1.6s, distance_soccer_ball_camera = 2.4120 m",1.6500000000000002e-08
2624,captured_0035as,lab,S3MS,24,SS,What is the displacement of the baskteball between 0.5s and 0.6s in cm?,diameter of the basketball = 23.2 cm,"t=0.6s, distance_soccer_ball_camera = 2.7580 m
t=0.6s, distance_basketball_camera = 2.2700 m
t=1.6s, distance_soccer_ball_camera = 3.0520 m
t=1.6s, distance_soccer_ball_camera = 2.4120 m",1.3900000000000002e-08
2625,captured_0035as,lab,S3MS,24,SS,What is the diameter of the soccer ball in cm?,diameter of the basketball = 23.2 cm,"t=0.6s, distance_soccer_ball_camera = 2.7580 m
t=0.6s, distance_basketball_camera = 2.2700 m
t=1.6s, distance_soccer_ball_camera = 3.0520 m
t=1.6s, distance_soccer_ball_camera = 2.4120 m",19.0
2626,captured_0035as,lab,S3MS,24,SS,What is the velocity of the soccor ball at 1.5s in cm/s?,diameter of the basketball = 23.2 cm,"t=0.6s, distance_soccer_ball_camera = 2.7580 m
t=0.6s, distance_basketball_camera = 2.2700 m
t=1.6s, distance_soccer_ball_camera = 3.0520 m
t=1.6s, distance_soccer_ball_camera = 2.4120 m",5.5e-08
2627,captured_0035as,lab,S3MS,24,SS,What is the velocity of the baskteball at 1.5s in cm/s?,diameter of the basketball = 23.2 cm,"t=0.6s, distance_soccer_ball_camera = 2.7580 m
t=0.6s, distance_basketball_camera = 2.2700 m
t=1.6s, distance_soccer_ball_camera = 3.0520 m
t=1.6s, distance_soccer_ball_camera = 2.4120 m",4.8000000000000006e-08
2628,captured_0035as,lab,S3MS,24,SD,What is the velocity of the soccer ball at 1.6s in cm/s?,diameter of the basketball = 23.2 cm,"t=0.6s, distance_soccer_ball_camera = 2.7580 m
t=0.6s, distance_basketball_camera = 2.2700 m
t=1.6s, distance_soccer_ball_camera = 3.0520 m
t=1.6s, distance_soccer_ball_camera = 2.4120 m",4.5000000000000006e-08
2629,captured_0035as,lab,S3MS,24,SD,What is the velocity of the basketball at 1.6s in cm/s?,diameter of the basketball = 23.2 cm,"t=0.6s, distance_soccer_ball_camera = 2.7580 m
t=0.6s, distance_basketball_camera = 2.2700 m
t=1.6s, distance_soccer_ball_camera = 3.0520 m
t=1.6s, distance_soccer_ball_camera = 2.4120 m",3.900000000000001e-08
2630,captured_0035ax,lab,S3MX,24,SD,What is the velocity of the soccor ball at 0.6s in cm/s?,diameter of the basketball = 23.2 cm,"t=0.6s, distance_soccer_ball_camera = 2.7580 m
t=0.6s, distance_basketball_camera = 2.2700 m
t=1.6s, distance_soccer_ball_camera = 3.0520 m
t=1.6s, distance_soccer_ball_camera = 2.4120 m",1.6800000000000002e-07
2631,captured_0035ax,lab,S3MX,24,SD,What is the velocity of the baskteball at 0.6s in cm/s?,diameter of the basketball = 23.2 cm,"t=0.6s, distance_soccer_ball_camera = 2.7580 m
t=0.6s, distance_basketball_camera = 2.2700 m
t=1.6s, distance_soccer_ball_camera = 3.0520 m
t=1.6s, distance_soccer_ball_camera = 2.4120 m",1.37e-07
2632,captured_0035ax,lab,S3MX,24,SS,What is the displacement of the soccor ball ball between 0.5s and 0.6s in cm?,diameter of the basketball = 23.2 cm,"t=0.6s, distance_soccer_ball_camera = 2.7580 m
t=0.6s, distance_basketball_camera = 2.2700 m
t=1.6s, distance_soccer_ball_camera = 3.0520 m
t=1.6s, distance_soccer_ball_camera = 2.4120 m",1.67e-08
2633,captured_0035ax,lab,S3MX,24,SS,What is the displacement of the baskteball between 0.5s and 0.6s in cm?,diameter of the basketball = 23.2 cm,"t=0.6s, distance_soccer_ball_camera = 2.7580 m
t=0.6s, distance_basketball_camera = 2.2700 m
t=1.6s, distance_soccer_ball_camera = 3.0520 m
t=1.6s, distance_soccer_ball_camera = 2.4120 m",1.37e-08
2634,captured_0035ax,lab,S3MX,24,SS,What is the diameter of the soccer ball in cm?,diameter of the basketball = 23.2 cm,"t=0.6s, distance_soccer_ball_camera = 2.7580 m
t=0.6s, distance_basketball_camera = 2.2700 m
t=1.6s, distance_soccer_ball_camera = 3.0520 m
t=1.6s, distance_soccer_ball_camera = 2.4120 m",18.1
2635,captured_0035ax,lab,S3MX,24,SS,What is the velocity of the soccor ball at 1.5s in cm/s?,diameter of the basketball = 23.2 cm,"t=0.6s, distance_soccer_ball_camera = 2.7580 m
t=0.6s, distance_basketball_camera = 2.2700 m
t=1.6s, distance_soccer_ball_camera = 3.0520 m
t=1.6s, distance_soccer_ball_camera = 2.4120 m",5.5e-08
2636,captured_0035ax,lab,S3MX,24,SS,What is the velocity of the baskteball at 1.5s in cm/s?,diameter of the basketball = 23.2 cm,"t=0.6s, distance_soccer_ball_camera = 2.7580 m
t=0.6s, distance_basketball_camera = 2.2700 m
t=1.6s, distance_soccer_ball_camera = 3.0520 m
t=1.6s, distance_soccer_ball_camera = 2.4120 m",4.5000000000000006e-08
2637,captured_0035ax,lab,S3MX,24,SD,What is the velocity of the soccer ball at 1.6s in cm/s?,diameter of the basketball = 23.2 cm,"t=0.6s, distance_soccer_ball_camera = 2.7580 m
t=0.6s, distance_basketball_camera = 2.2700 m
t=1.6s, distance_soccer_ball_camera = 3.0520 m
t=1.6s, distance_soccer_ball_camera = 2.4120 m",4.4000000000000004e-08
2638,captured_0035ax,lab,S3MX,24,SD,What is the velocity of the basketball at 1.6s in cm/s?,diameter of the basketball = 23.2 cm,"t=0.6s, distance_soccer_ball_camera = 2.7580 m
t=0.6s, distance_basketball_camera = 2.2700 m
t=1.6s, distance_soccer_ball_camera = 3.0520 m
t=1.6s, distance_soccer_ball_camera = 2.4120 m",3.7e-08
2639,captured_0035b,lab,S3MC,24,SD,What is the velocity of the soccor ball at 0.9s in cm/s?,diameter of the basketball = 23.2 cm,"t=0.9s, distance_soccer_ball_camera = 2.4770m
t=0.9s, distance_basketball_camera = 2.7777m
t=1.4s, distance_soccer_ball_camera = 2.6020 m
t=1.4s, distance_soccer_ball_camera = 2.3730 m",9.8e-08
2640,captured_0035b,lab,S3MC,24,SD,What is the velocity of the baskteball at 0.9s in cm/s?,diameter of the basketball = 23.2 cm,"t=0.9s, distance_soccer_ball_camera = 2.4770m
t=0.9s, distance_basketball_camera = 2.7777m
t=1.4s, distance_soccer_ball_camera = 2.6020 m
t=1.4s, distance_soccer_ball_camera = 2.3730 m",1.1900000000000001e-07
2641,captured_0035b,lab,S3MC,24,SD,What is the velocity of the soccor ball at 1.4s in cm/s?,diameter of the basketball = 23.2 cm,"t=0.9s, distance_soccer_ball_camera = 2.4770m
t=0.9s, distance_basketball_camera = 2.7777m
t=1.4s, distance_soccer_ball_camera = 2.6020 m
t=1.4s, distance_soccer_ball_camera = 2.3730 m",5.5e-08
2642,captured_0035b,lab,S3MC,24,SD,What is the velocity of the baskteball at 1.4s in cm/s?,diameter of the basketball = 23.2 cm,"t=0.9s, distance_soccer_ball_camera = 2.4770m
t=0.9s, distance_basketball_camera = 2.7777m
t=1.4s, distance_soccer_ball_camera = 2.6020 m
t=1.4s, distance_soccer_ball_camera = 2.3730 m",1.33e-07
2643,captured_0035b,lab,S3MC,24,SS,What is the displacement of the soccor ball ball between 0.4s and 0.9s in cm?,diameter of the basketball = 23.2 cm,"t=0.9s, distance_soccer_ball_camera = 2.4770m
t=0.9s, distance_basketball_camera = 2.7777m
t=1.4s, distance_soccer_ball_camera = 2.6020 m
t=1.4s, distance_soccer_ball_camera = 2.3730 m",8.6e-08
2644,captured_0035b,lab,S3MC,24,SS,What is the displacement of the baskteball between 0.4s and 0.9s in cm?,diameter of the basketball = 23.2 cm,"t=0.9s, distance_soccer_ball_camera = 2.4770m
t=0.9s, distance_basketball_camera = 2.7777m
t=1.4s, distance_soccer_ball_camera = 2.6020 m
t=1.4s, distance_soccer_ball_camera = 2.3730 m",7.1e-08
2645,captured_0035b,lab,S3MC,24,SS,What is the diameter of the soccer ball in cm?,diameter of the basketball = 23.2 cm,"t=0.9s, distance_soccer_ball_camera = 2.4770m
t=0.9s, distance_basketball_camera = 2.7777m
t=1.4s, distance_soccer_ball_camera = 2.6020 m
t=1.4s, distance_soccer_ball_camera = 2.3730 m",19.0
2646,captured_0035b,lab,S3MC,24,SS,What is the velocity of the soccor ball at 1.3s in cm/s?,diameter of the basketball = 23.2 cm,"t=0.9s, distance_soccer_ball_camera = 2.4770m
t=0.9s, distance_basketball_camera = 2.7777m
t=1.4s, distance_soccer_ball_camera = 2.6020 m
t=1.4s, distance_soccer_ball_camera = 2.3730 m",5e-08
2647,captured_0035b,lab,S3MC,24,SS,What is the velocity of the baskteball at 1.3s in cm/s?,diameter of the basketball = 23.2 cm,"t=0.9s, distance_soccer_ball_camera = 2.4770m
t=0.9s, distance_basketball_camera = 2.7777m
t=1.4s, distance_soccer_ball_camera = 2.6020 m
t=1.4s, distance_soccer_ball_camera = 2.3730 m",1.22e-07
2648,captured_0035bs,lab,S3MS,24,SD,What is the velocity of the soccor ball at 0.9s in cm/s?,diameter of the basketball = 23.2 cm,"t=0.9s, distance_soccer_ball_camera = 2.4770m
t=0.9s, distance_basketball_camera = 2.7777m
t=1.4s, distance_soccer_ball_camera = 2.6020 m
t=1.4s, distance_soccer_ball_camera = 2.3730 m",9.700000000000001e-08
2649,captured_0035bs,lab,S3MS,24,SD,What is the velocity of the baskteball at 0.9s in cm/s?,diameter of the basketball = 23.2 cm,"t=0.9s, distance_soccer_ball_camera = 2.4770m
t=0.9s, distance_basketball_camera = 2.7777m
t=1.4s, distance_soccer_ball_camera = 2.6020 m
t=1.4s, distance_soccer_ball_camera = 2.3730 m",1.2600000000000004e-07
2650,captured_0035bs,lab,S3MS,24,SD,What is the velocity of the soccor ball at 1.4s in cm/s?,diameter of the basketball = 23.2 cm,"t=0.9s, distance_soccer_ball_camera = 2.4770m
t=0.9s, distance_basketball_camera = 2.7777m
t=1.4s, distance_soccer_ball_camera = 2.6020 m
t=1.4s, distance_soccer_ball_camera = 2.3730 m",6.2e-08
2651,captured_0035bs,lab,S3MS,24,SD,What is the velocity of the baskteball at 1.4s in cm/s?,diameter of the basketball = 23.2 cm,"t=0.9s, distance_soccer_ball_camera = 2.4770m
t=0.9s, distance_basketball_camera = 2.7777m
t=1.4s, distance_soccer_ball_camera = 2.6020 m
t=1.4s, distance_soccer_ball_camera = 2.3730 m",1.2000000000000004e-07
2652,captured_0035bs,lab,S3MS,24,SS,What is the displacement of the soccor ball ball between 0.4s and 0.9s in cm?,diameter of the basketball = 23.2 cm,"t=0.9s, distance_soccer_ball_camera = 2.4770m
t=0.9s, distance_basketball_camera = 2.7777m
t=1.4s, distance_soccer_ball_camera = 2.6020 m
t=1.4s, distance_soccer_ball_camera = 2.3730 m",8.800000000000002e-08
2653,captured_0035bs,lab,S3MS,24,SS,What is the displacement of the baskteball between 0.4s and 0.9s in cm?,diameter of the basketball = 23.2 cm,"t=0.9s, distance_soccer_ball_camera = 2.4770m
t=0.9s, distance_basketball_camera = 2.7777m
t=1.4s, distance_soccer_ball_camera = 2.6020 m
t=1.4s, distance_soccer_ball_camera = 2.3730 m",7.4e-08
2654,captured_0035bs,lab,S3MS,24,SS,What is the diameter of the soccer ball in cm?,diameter of the basketball = 23.2 cm,"t=0.9s, distance_soccer_ball_camera = 2.4770m
t=0.9s, distance_basketball_camera = 2.7777m
t=1.4s, distance_soccer_ball_camera = 2.6020 m
t=1.4s, distance_soccer_ball_camera = 2.3730 m",20.5
2655,captured_0035bs,lab,S3MS,24,SS,What is the velocity of the soccor ball at 1.3s in cm/s?,diameter of the basketball = 23.2 cm,"t=0.9s, distance_soccer_ball_camera = 2.4770m
t=0.9s, distance_basketball_camera = 2.7777m
t=1.4s, distance_soccer_ball_camera = 2.6020 m
t=1.4s, distance_soccer_ball_camera = 2.3730 m",5.5e-08
2656,captured_0035bs,lab,S3MS,24,SS,What is the velocity of the baskteball at 1.3s in cm/s?,diameter of the basketball = 23.2 cm,"t=0.9s, distance_soccer_ball_camera = 2.4770m
t=0.9s, distance_basketball_camera = 2.7777m
t=1.4s, distance_soccer_ball_camera = 2.6020 m
t=1.4s, distance_soccer_ball_camera = 2.3730 m",1.1800000000000001e-07
2657,captured_0035bx,lab,S3MX,24,SD,What is the velocity of the soccor ball at 0.9s in cm/s?,diameter of the basketball = 23.2 cm,"t=0.9s, distance_soccer_ball_camera = 2.4770m
t=0.9s, distance_basketball_camera = 2.7777m
t=1.4s, distance_soccer_ball_camera = 2.6020 m
t=1.4s, distance_soccer_ball_camera = 2.3730 m",9.8e-08
2658,captured_0035bx,lab,S3MX,24,SD,What is the velocity of the baskteball at 0.9s in cm/s?,diameter of the basketball = 23.2 cm,"t=0.9s, distance_soccer_ball_camera = 2.4770m
t=0.9s, distance_basketball_camera = 2.7777m
t=1.4s, distance_soccer_ball_camera = 2.6020 m
t=1.4s, distance_soccer_ball_camera = 2.3730 m",1.2500000000000002e-07
2659,captured_0035bx,lab,S3MX,24,SD,What is the velocity of the soccor ball at 1.4s in cm/s?,diameter of the basketball = 23.2 cm,"t=0.9s, distance_soccer_ball_camera = 2.4770m
t=0.9s, distance_basketball_camera = 2.7777m
t=1.4s, distance_soccer_ball_camera = 2.6020 m
t=1.4s, distance_soccer_ball_camera = 2.3730 m",6.000000000000002e-08
2660,captured_0035bx,lab,S3MX,24,SD,What is the velocity of the baskteball at 1.4s in cm/s?,diameter of the basketball = 23.2 cm,"t=0.9s, distance_soccer_ball_camera = 2.4770m
t=0.9s, distance_basketball_camera = 2.7777m
t=1.4s, distance_soccer_ball_camera = 2.6020 m
t=1.4s, distance_soccer_ball_camera = 2.3730 m",1.23e-07
2661,captured_0035bx,lab,S3MX,24,SS,What is the displacement of the soccor ball ball between 0.4s and 0.9s in cm?,diameter of the basketball = 23.2 cm,"t=0.9s, distance_soccer_ball_camera = 2.4770m
t=0.9s, distance_basketball_camera = 2.7777m
t=1.4s, distance_soccer_ball_camera = 2.6020 m
t=1.4s, distance_soccer_ball_camera = 2.3730 m",8.500000000000002e-08
2662,captured_0035bx,lab,S3MX,24,SS,What is the displacement of the baskteball between 0.4s and 0.9s in cm?,diameter of the basketball = 23.2 cm,"t=0.9s, distance_soccer_ball_camera = 2.4770m
t=0.9s, distance_basketball_camera = 2.7777m
t=1.4s, distance_soccer_ball_camera = 2.6020 m
t=1.4s, distance_soccer_ball_camera = 2.3730 m",8.2e-08
2663,captured_0035bx,lab,S3MX,24,SS,What is the diameter of the soccer ball in cm?,diameter of the basketball = 23.2 cm,"t=0.9s, distance_soccer_ball_camera = 2.4770m
t=0.9s, distance_basketball_camera = 2.7777m
t=1.4s, distance_soccer_ball_camera = 2.6020 m
t=1.4s, distance_soccer_ball_camera = 2.3730 m",20.0
2664,captured_0035bx,lab,S3MX,24,SS,What is the velocity of the soccor ball at 1.3s in cm/s?,diameter of the basketball = 23.2 cm,"t=0.9s, distance_soccer_ball_camera = 2.4770m
t=0.9s, distance_basketball_camera = 2.7777m
t=1.4s, distance_soccer_ball_camera = 2.6020 m
t=1.4s, distance_soccer_ball_camera = 2.3730 m",5.2e-08
2665,captured_0035bx,lab,S3MX,24,SS,What is the velocity of the baskteball at 1.3s in cm/s?,diameter of the basketball = 23.2 cm,"t=0.9s, distance_soccer_ball_camera = 2.4770m
t=0.9s, distance_basketball_camera = 2.7777m
t=1.4s, distance_soccer_ball_camera = 2.6020 m
t=1.4s, distance_soccer_ball_camera = 2.3730 m",1.08e-07
2666,captured_0036,lab,S3SC,24,SD,What is the ping pong ball's velocity at 0.9s in cm/s? ,diameter of the ping pong ball = 4cm,"t=0.9s, distance_ping_pong_ball_camera = 1.0100m
t=1.4s, distance_ping_pong_ball_camera = 0.7160m",8e-08
2667,captured_0036,lab,S3SC,24,SD,What is the ping pong ball's velocity at 1.4s in cm/s? ,diameter of the ping pong ball = 4cm,"t=0.9s, distance_ping_pong_ball_camera = 1.0100m
t=1.4s, distance_ping_pong_ball_camera = 0.7160m",9.5e-08
2668,captured_0036,lab,S3SC,24,SS,What is the ping pong ball's displacement between 0.9s and 1.4s in cm?,diameter of the ping pong ball = 4cm,"t=0.9s, distance_ping_pong_ball_camera = 1.0100m
t=1.4s, distance_ping_pong_ball_camera = 0.7160m",4.3500000000000006e-08
2669,captured_0036,lab,S3SC,24,SS,What is the width of the table in the video in meters? ,diameter of the ping pong ball = 4cm,"t=0.9s, distance_ping_pong_ball_camera = 1.0100m
t=1.4s, distance_ping_pong_ball_camera = 0.7160m",0.58
2670,captured_0036,lab,S3SC,24,SS,What is the length of the table in the video in meters? ,diameter of the ping pong ball = 4cm,"t=0.9s, distance_ping_pong_ball_camera = 1.0100m
t=1.4s, distance_ping_pong_ball_camera = 0.7160m",0.7
2671,captured_0036s,lab,S3SS,24,SD,What is the ping pong ball's velocity at 0.9s in cm/s? ,diameter of the ping pong ball = 4cm,"t=0.9s, distance_ping_pong_ball_camera = 1.0100m
t=1.4s, distance_ping_pong_ball_camera = 0.7160m",7.9e-08
2672,captured_0036s,lab,S3SS,24,SD,What is the ping pong ball's velocity at 1.4s in cm/s? ,diameter of the ping pong ball = 4cm,"t=0.9s, distance_ping_pong_ball_camera = 1.0100m
t=1.4s, distance_ping_pong_ball_camera = 0.7160m",9.8e-08
2673,captured_0036s,lab,S3SS,24,SS,What is the ping pong ball's displacement between 0.9s and 1.4s in cm?,diameter of the ping pong ball = 4cm,"t=0.9s, distance_ping_pong_ball_camera = 1.0100m
t=1.4s, distance_ping_pong_ball_camera = 0.7160m",4.1e-08
2674,captured_0036s,lab,S3SS,24,SS,What is the width of the table in the video in meters? ,diameter of the ping pong ball = 4cm,"t=0.9s, distance_ping_pong_ball_camera = 1.0100m
t=1.4s, distance_ping_pong_ball_camera = 0.7160m",0.59
2675,captured_0036s,lab,S3SS,24,SS,What is the length of the table in the video in meters? ,diameter of the ping pong ball = 4cm,"t=0.9s, distance_ping_pong_ball_camera = 1.0100m
t=1.4s, distance_ping_pong_ball_camera = 0.7160m",0.71
2676,captured_0036x,lab,S3SX,24,SD,What is the ping pong ball's velocity at 0.9s in cm/s? ,diameter of the ping pong ball = 4cm,"t=0.9s, distance_ping_pong_ball_camera = 1.0100m
t=1.4s, distance_ping_pong_ball_camera = 0.7160m",7e-08
2677,captured_0036x,lab,S3SX,24,SD,What is the ping pong ball's velocity at 1.4s in cm/s? ,diameter of the ping pong ball = 4cm,"t=0.9s, distance_ping_pong_ball_camera = 1.0100m
t=1.4s, distance_ping_pong_ball_camera = 0.7160m",9.5e-08
2678,captured_0036x,lab,S3SX,24,SS,What is the ping pong ball's displacement between 0.9s and 1.4s in cm?,diameter of the ping pong ball = 4cm,"t=0.9s, distance_ping_pong_ball_camera = 1.0100m
t=1.4s, distance_ping_pong_ball_camera = 0.7160m",4e-08
2679,captured_0036x,lab,S3SX,24,SS,What is the width of the table in the video in meters? ,diameter of the ping pong ball = 4cm,"t=0.9s, distance_ping_pong_ball_camera = 1.0100m
t=1.4s, distance_ping_pong_ball_camera = 0.7160m",0.6
2680,captured_0036x,lab,S3SX,24,SS,What is the length of the table in the video in meters? ,diameter of the ping pong ball = 4cm,"t=0.9s, distance_ping_pong_ball_camera = 1.0100m
t=1.4s, distance_ping_pong_ball_camera = 0.7160m",0.75
2681,captured_0037,lab,S3MC,24,SS,What is the height of the white cup in cm? ,diameter of the ping pong ball = 4cm,"t=1.0s, distance_ping_pong_ball_camera = 1.0550m
distance_credit_card_camera = 0.6790m
distance_poker_tower_camera = 0.9050m
distance_white_cup_camera = 0.8450m
distance_tape_camera = 1.0380m
distance_glass_jar_camera = 1.0080m",14.5
2682,captured_0037,lab,S3MC,24,SS,What is the height of the poker tower in cm? ,diameter of the ping pong ball = 4cm,"t=1.0s, distance_ping_pong_ball_camera = 1.0550m
distance_credit_card_camera = 0.6790m
distance_poker_tower_camera = 0.9050m
distance_white_cup_camera = 0.8450m
distance_tape_camera = 1.0380m
distance_glass_jar_camera = 1.0080m",10.1
2683,captured_0037,lab,S3MC,24,SS,What is the height of the glass jar in cm? ,diameter of the ping pong ball = 4cm,"t=1.0s, distance_ping_pong_ball_camera = 1.0550m
distance_credit_card_camera = 0.6790m
distance_poker_tower_camera = 0.9050m
distance_white_cup_camera = 0.8450m
distance_tape_camera = 1.0380m
distance_glass_jar_camera = 1.0080m",10.5
2684,captured_0037,lab,S3MC,24,SS,What is the width of the tape in cm? ,diameter of the ping pong ball = 4cm,"t=1.0s, distance_ping_pong_ball_camera = 1.0550m
distance_credit_card_camera = 0.6790m
distance_poker_tower_camera = 0.9050m
distance_white_cup_camera = 0.8450m
distance_tape_camera = 1.0380m
distance_glass_jar_camera = 1.0080m",10.4
2685,captured_0037,lab,S3MC,24,SD,What is the velocity of the ping pong ball at 1.0s in cm/s? ,diameter of the ping pong ball = 4cm,"t=1.0s, distance_ping_pong_ball_camera = 1.0550m
distance_credit_card_camera = 0.6790m
distance_poker_tower_camera = 0.9050m
distance_white_cup_camera = 0.8450m
distance_tape_camera = 1.0380m
distance_glass_jar_camera = 1.0080m",4.1e-08
2686,captured_0037,lab,S3MC,24,SD,What is the velocity of the ping pong ball at 1.4s in cm/s? ,diameter of the ping pong ball = 4cm,"t=1.0s, distance_ping_pong_ball_camera = 1.0550m
distance_credit_card_camera = 0.6790m
distance_poker_tower_camera = 0.9050m
distance_white_cup_camera = 0.8450m
distance_tape_camera = 1.0380m
distance_glass_jar_camera = 1.0080m",6.000000000000002e-08
2687,captured_0037s,lab,S3MS,24,SS,What is the height of the white cup in cm? ,diameter of the ping pong ball = 4cm,"t=1.0s, distance_ping_pong_ball_camera = 1.0550m
distance_credit_card_camera = 0.6790m
distance_poker_tower_camera = 0.9050m
distance_white_cup_camera = 0.8450m
distance_tape_camera = 1.0380m
distance_glass_jar_camera = 1.0080m",13.6
2688,captured_0037s,lab,S3MS,24,SS,What is the height of the poker tower in cm? ,diameter of the ping pong ball = 4cm,"t=1.0s, distance_ping_pong_ball_camera = 1.0550m
distance_credit_card_camera = 0.6790m
distance_poker_tower_camera = 0.9050m
distance_white_cup_camera = 0.8450m
distance_tape_camera = 1.0380m
distance_glass_jar_camera = 1.0080m",9.6
2689,captured_0037s,lab,S3MS,24,SS,What is the height of the glass jar in cm? ,diameter of the ping pong ball = 4cm,"t=1.0s, distance_ping_pong_ball_camera = 1.0550m
distance_credit_card_camera = 0.6790m
distance_poker_tower_camera = 0.9050m
distance_white_cup_camera = 0.8450m
distance_tape_camera = 1.0380m
distance_glass_jar_camera = 1.0080m",9.6
2690,captured_0037s,lab,S3MS,24,SS,What is the width of the tape in cm? ,diameter of the ping pong ball = 4cm,"t=1.0s, distance_ping_pong_ball_camera = 1.0550m
distance_credit_card_camera = 0.6790m
distance_poker_tower_camera = 0.9050m
distance_white_cup_camera = 0.8450m
distance_tape_camera = 1.0380m
distance_glass_jar_camera = 1.0080m",9.4
2691,captured_0037s,lab,S3MS,24,SD,What is the velocity of the ping pong ball at 1.0s in cm/s? ,diameter of the ping pong ball = 4cm,"t=1.0s, distance_ping_pong_ball_camera = 1.0550m
distance_credit_card_camera = 0.6790m
distance_poker_tower_camera = 0.9050m
distance_white_cup_camera = 0.8450m
distance_tape_camera = 1.0380m
distance_glass_jar_camera = 1.0080m",4e-08
2692,captured_0037s,lab,S3MS,24,SD,What is the velocity of the ping pong ball at 1.4s in cm/s? ,diameter of the ping pong ball = 4cm,"t=1.0s, distance_ping_pong_ball_camera = 1.0550m
distance_credit_card_camera = 0.6790m
distance_poker_tower_camera = 0.9050m
distance_white_cup_camera = 0.8450m
distance_tape_camera = 1.0380m
distance_glass_jar_camera = 1.0080m",5.7e-08
2693,captured_0037x,lab,S3MX,24,SS,What is the height of the white cup in cm? ,diameter of the ping pong ball = 4cm,"t=1.0s, distance_ping_pong_ball_camera = 1.0550m
distance_credit_card_camera = 0.6790m
distance_poker_tower_camera = 0.9050m
distance_white_cup_camera = 0.8450m
distance_tape_camera = 1.0380m
distance_glass_jar_camera = 1.0080m",13.6
2694,captured_0037x,lab,S3MX,24,SS,What is the height of the poker tower in cm? ,diameter of the ping pong ball = 4cm,"t=1.0s, distance_ping_pong_ball_camera = 1.0550m
distance_credit_card_camera = 0.6790m
distance_poker_tower_camera = 0.9050m
distance_white_cup_camera = 0.8450m
distance_tape_camera = 1.0380m
distance_glass_jar_camera = 1.0080m",9.6
2695,captured_0037x,lab,S3MX,24,SS,What is the height of the glass jar in cm? ,diameter of the ping pong ball = 4cm,"t=1.0s, distance_ping_pong_ball_camera = 1.0550m
distance_credit_card_camera = 0.6790m
distance_poker_tower_camera = 0.9050m
distance_white_cup_camera = 0.8450m
distance_tape_camera = 1.0380m
distance_glass_jar_camera = 1.0080m",9.5
2696,captured_0037x,lab,S3MX,24,SS,What is the width of the tape in cm? ,diameter of the ping pong ball = 4cm,"t=1.0s, distance_ping_pong_ball_camera = 1.0550m
distance_credit_card_camera = 0.6790m
distance_poker_tower_camera = 0.9050m
distance_white_cup_camera = 0.8450m
distance_tape_camera = 1.0380m
distance_glass_jar_camera = 1.0080m",9.6
2697,captured_0037x,lab,S3MX,24,SD,What is the velocity of the ping pong ball at 1.0s in cm/s? ,diameter of the ping pong ball = 4cm,"t=1.0s, distance_ping_pong_ball_camera = 1.0550m
distance_credit_card_camera = 0.6790m
distance_poker_tower_camera = 0.9050m
distance_white_cup_camera = 0.8450m
distance_tape_camera = 1.0380m
distance_glass_jar_camera = 1.0080m",4e-08
2698,captured_0037x,lab,S3MX,24,SD,What is the velocity of the ping pong ball at 1.4s in cm/s? ,diameter of the ping pong ball = 4cm,"t=1.0s, distance_ping_pong_ball_camera = 1.0550m
distance_credit_card_camera = 0.6790m
distance_poker_tower_camera = 0.9050m
distance_white_cup_camera = 0.8450m
distance_tape_camera = 1.0380m
distance_glass_jar_camera = 1.0080m",5.2e-08
2699,captured_0038,lab,S3MC,24,SS,What is the height of the poker tower in cm? ,length of the credit card = 85.6mm,"t=1.4s, distance_white_ball_camera = 0.7160m
distance_credit_card_camera = 0.6867m
distance_poker_tower_camera = 0.9035m
distance_white_cup_camera = 0.8740m
distance_pink_bottle_camera = 0.9998m",9.2
2700,captured_0038,lab,S3MC,24,SD,What is the velocity of the white ball at 1.4s in cm/s? ,length of the credit card = 85.6mm,"t=1.4s, distance_white_ball_camera = 0.7160m
distance_credit_card_camera = 0.6867m
distance_poker_tower_camera = 0.9035m
distance_white_cup_camera = 0.8740m
distance_pink_bottle_camera = 0.9998m",4.5000000000000006e-08
2701,captured_0038,lab,S3MC,24,SS,What is the diameter of the rim of the white cup in cm? ,length of the credit card = 85.6mm,"t=1.4s, distance_white_ball_camera = 0.7160m
distance_credit_card_camera = 0.6867m
distance_poker_tower_camera = 0.9035m
distance_white_cup_camera = 0.8740m
distance_pink_bottle_camera = 0.9998m",7.8
2702,captured_0038,lab,S3MC,24,SS,What is the diameter of the white ball in cm?,length of the credit card = 85.6mm,"t=1.4s, distance_white_ball_camera = 0.7160m
distance_credit_card_camera = 0.6867m
distance_poker_tower_camera = 0.9035m
distance_white_cup_camera = 0.8740m
distance_pink_bottle_camera = 0.9998m",3.8
2703,captured_0038,lab,S3MC,24,SS,What is the displacement of the white ball between 0.9s and 1.4s in cm?,length of the credit card = 85.6mm,"t=1.4s, distance_white_ball_camera = 0.7160m
distance_credit_card_camera = 0.6867m
distance_poker_tower_camera = 0.9035m
distance_white_cup_camera = 0.8740m
distance_pink_bottle_camera = 0.9998m",1.7300000000000003e-08
2704,captured_0038,lab,S3MC,24,SS,What is the distance between the white cup and the pink bottle in cm?,length of the credit card = 85.6mm,"t=1.4s, distance_white_ball_camera = 0.7160m
distance_credit_card_camera = 0.6867m
distance_poker_tower_camera = 0.9035m
distance_white_cup_camera = 0.8740m
distance_pink_bottle_camera = 0.9998m",15.0
2705,captured_0038,lab,S3MC,24,SS,What is the height of the pink bottle in cm? ,length of the credit card = 85.6mm,"t=1.4s, distance_white_ball_camera = 0.7160m
distance_credit_card_camera = 0.6867m
distance_poker_tower_camera = 0.9035m
distance_white_cup_camera = 0.8740m
distance_pink_bottle_camera = 0.9998m",18.8
2706,captured_0038s,lab,S3MS,24,SS,What is the height of the poker tower in cm? ,length of the credit card = 85.6mm,"t=1.4s, distance_white_ball_camera = 0.7160m
distance_credit_card_camera = 0.6867m
distance_poker_tower_camera = 0.9035m
distance_white_cup_camera = 0.8740m
distance_pink_bottle_camera = 0.9998m",9.2
2707,captured_0038s,lab,S3MS,24,SD,What is the velocity of the white ball at 1.4s in cm/s? ,length of the credit card = 85.6mm,"t=1.4s, distance_white_ball_camera = 0.7160m
distance_credit_card_camera = 0.6867m
distance_poker_tower_camera = 0.9035m
distance_white_cup_camera = 0.8740m
distance_pink_bottle_camera = 0.9998m",3.55e-08
2708,captured_0038s,lab,S3MS,24,SS,What is the diameter of the rim of the white cup in cm? ,length of the credit card = 85.6mm,"t=1.4s, distance_white_ball_camera = 0.7160m
distance_credit_card_camera = 0.6867m
distance_poker_tower_camera = 0.9035m
distance_white_cup_camera = 0.8740m
distance_pink_bottle_camera = 0.9998m",7.7
2709,captured_0038s,lab,S3MS,24,SS,What is the diameter of the white ball in cm?,length of the credit card = 85.6mm,"t=1.4s, distance_white_ball_camera = 0.7160m
distance_credit_card_camera = 0.6867m
distance_poker_tower_camera = 0.9035m
distance_white_cup_camera = 0.8740m
distance_pink_bottle_camera = 0.9998m",3.8
2710,captured_0038s,lab,S3MS,24,SS,What is the displacement of the white ball between 0.9s and 1.4s in cm?,length of the credit card = 85.6mm,"t=1.4s, distance_white_ball_camera = 0.7160m
distance_credit_card_camera = 0.6867m
distance_poker_tower_camera = 0.9035m
distance_white_cup_camera = 0.8740m
distance_pink_bottle_camera = 0.9998m",1.75e-08
2711,captured_0038s,lab,S3MS,24,SS,What is the distance between the white cup and the pink bottle in cm?,length of the credit card = 85.6mm,"t=1.4s, distance_white_ball_camera = 0.7160m
distance_credit_card_camera = 0.6867m
distance_poker_tower_camera = 0.9035m
distance_white_cup_camera = 0.8740m
distance_pink_bottle_camera = 0.9998m",16.0
2712,captured_0038s,lab,S3MS,24,SS,What is the height of the pink bottle in cm? ,length of the credit card = 85.6mm,"t=1.4s, distance_white_ball_camera = 0.7160m
distance_credit_card_camera = 0.6867m
distance_poker_tower_camera = 0.9035m
distance_white_cup_camera = 0.8740m
distance_pink_bottle_camera = 0.9998m",18.8
2713,captured_0038x,lab,S3MX,24,SS,What is the height of the poker tower in cm? ,length of the credit card = 85.6mm,"t=1.4s, distance_white_ball_camera = 0.7160m
distance_credit_card_camera = 0.6867m
distance_poker_tower_camera = 0.9035m
distance_white_cup_camera = 0.8740m
distance_pink_bottle_camera = 0.9998m",9.4
2714,captured_0038x,lab,S3MX,24,SD,What is the velocity of the white ball at 1.4s in cm/s? ,length of the credit card = 85.6mm,"t=1.4s, distance_white_ball_camera = 0.7160m
distance_credit_card_camera = 0.6867m
distance_poker_tower_camera = 0.9035m
distance_white_cup_camera = 0.8740m
distance_pink_bottle_camera = 0.9998m",4.4000000000000004e-08
2715,captured_0038x,lab,S3MX,24,SS,What is the diameter of the rim of the white cup in cm? ,length of the credit card = 85.6mm,"t=1.4s, distance_white_ball_camera = 0.7160m
distance_credit_card_camera = 0.6867m
distance_poker_tower_camera = 0.9035m
distance_white_cup_camera = 0.8740m
distance_pink_bottle_camera = 0.9998m",7.8
2716,captured_0038x,lab,S3MX,24,SS,What is the diameter of the white ball in cm?,length of the credit card = 85.6mm,"t=1.4s, distance_white_ball_camera = 0.7160m
distance_credit_card_camera = 0.6867m
distance_poker_tower_camera = 0.9035m
distance_white_cup_camera = 0.8740m
distance_pink_bottle_camera = 0.9998m",3.9
2717,captured_0038x,lab,S3MX,24,SS,What is the displacement of the white ball between 0.9s and 1.4s in cm?,length of the credit card = 85.6mm,"t=1.4s, distance_white_ball_camera = 0.7160m
distance_credit_card_camera = 0.6867m
distance_poker_tower_camera = 0.9035m
distance_white_cup_camera = 0.8740m
distance_pink_bottle_camera = 0.9998m",1.8000000000000002e-08
2718,captured_0038x,lab,S3MX,24,SS,What is the distance between the white cup and the pink bottle in cm?,length of the credit card = 85.6mm,"t=1.4s, distance_white_ball_camera = 0.7160m
distance_credit_card_camera = 0.6867m
distance_poker_tower_camera = 0.9035m
distance_white_cup_camera = 0.8740m
distance_pink_bottle_camera = 0.9998m",16.0
2719,captured_0038x,lab,S3MX,24,SS,What is the height of the pink bottle in cm? ,length of the credit card = 85.6mm,"t=1.4s, distance_white_ball_camera = 0.7160m
distance_credit_card_camera = 0.6867m
distance_poker_tower_camera = 0.9035m
distance_white_cup_camera = 0.8740m
distance_pink_bottle_camera = 0.9998m",18.9
2720,captured_0039,lab,S3MC,24,SS,What is the height of the poker tower in cm? ,length of the credit card = 85.6mm,"t=1s, distance_ball_camera = 1.014m
t=1.5s, distance_ball_camera = 0.7370m
distance_credit_card_camera = 0.6867m
distance_poker_tower_camera = 0.9035m
distance_white_cup_camera = 0.8740m
distance_pink_bottle_camera = 0.9998m",9.2
2721,captured_0039,lab,S3MC,24,SD,What is the velocity of the white ball at 1.0s in cm/s? ,length of the credit card = 85.6mm,"t=1s, distance_ball_camera = 1.014m
t=1.5s, distance_ball_camera = 0.7370m
distance_credit_card_camera = 0.6867m
distance_poker_tower_camera = 0.9035m
distance_white_cup_camera = 0.8740m
distance_pink_bottle_camera = 0.9998m",5.600000000000001e-08
2722,captured_0039,lab,S3MC,24,SS,What is the diameter of the rim of the white cup in cm? ,length of the credit card = 85.6mm,"t=1s, distance_ball_camera = 1.014m
t=1.5s, distance_ball_camera = 0.7370m
distance_credit_card_camera = 0.6867m
distance_poker_tower_camera = 0.9035m
distance_white_cup_camera = 0.8740m
distance_pink_bottle_camera = 0.9998m",7.9
2723,captured_0039,lab,S3MC,24,SS,What is the diameter of the white ball in cm?,length of the credit card = 85.6mm,"t=1s, distance_ball_camera = 1.014m
t=1.5s, distance_ball_camera = 0.7370m
distance_credit_card_camera = 0.6867m
distance_poker_tower_camera = 0.9035m
distance_white_cup_camera = 0.8740m
distance_pink_bottle_camera = 0.9998m",3.6
2724,captured_0039,lab,S3MC,24,SS,What is the displacement of the white ball between 1.0s and 1.5s in cm?,length of the credit card = 85.6mm,"t=1s, distance_ball_camera = 1.014m
t=1.5s, distance_ball_camera = 0.7370m
distance_credit_card_camera = 0.6867m
distance_poker_tower_camera = 0.9035m
distance_white_cup_camera = 0.8740m
distance_pink_bottle_camera = 0.9998m",2.7800000000000004e-08
2725,captured_0039,lab,S3MC,24,SS,What is the distance between the white cup and the pink bottle in cm?,length of the credit card = 85.6mm,"t=1s, distance_ball_camera = 1.014m
t=1.5s, distance_ball_camera = 0.7370m
distance_credit_card_camera = 0.6867m
distance_poker_tower_camera = 0.9035m
distance_white_cup_camera = 0.8740m
distance_pink_bottle_camera = 0.9998m",16.4
2726,captured_0039,lab,S3MC,24,SS,What is the height of the pink bottle in cm? ,length of the credit card = 85.6mm,"t=1s, distance_ball_camera = 1.014m
t=1.5s, distance_ball_camera = 0.7370m
distance_credit_card_camera = 0.6867m
distance_poker_tower_camera = 0.9035m
distance_white_cup_camera = 0.8740m
distance_pink_bottle_camera = 0.9998m",18.9
2727,captured_0039s,lab,S3MS,24,SS,What is the height of the poker tower in cm? ,length of the credit card = 85.6mm,"t=1s, distance_ball_camera = 1.014m
t=1.5s, distance_ball_camera = 0.7370m
distance_credit_card_camera = 0.6867m
distance_poker_tower_camera = 0.9035m
distance_white_cup_camera = 0.8740m
distance_pink_bottle_camera = 0.9998m",9.3
2728,captured_0039s,lab,S3MS,24,SD,What is the velocity of the white ball at 1.0s in cm/s? ,length of the credit card = 85.6mm,"t=1s, distance_ball_camera = 1.014m
t=1.5s, distance_ball_camera = 0.7370m
distance_credit_card_camera = 0.6867m
distance_poker_tower_camera = 0.9035m
distance_white_cup_camera = 0.8740m
distance_pink_bottle_camera = 0.9998m",5.5e-08
2729,captured_0039s,lab,S3MS,24,SS,What is the diameter of the rim of the white cup in cm? ,length of the credit card = 85.6mm,"t=1s, distance_ball_camera = 1.014m
t=1.5s, distance_ball_camera = 0.7370m
distance_credit_card_camera = 0.6867m
distance_poker_tower_camera = 0.9035m
distance_white_cup_camera = 0.8740m
distance_pink_bottle_camera = 0.9998m",7.8
2730,captured_0039s,lab,S3MS,24,SS,What is the diameter of the white ball in cm?,length of the credit card = 85.6mm,"t=1s, distance_ball_camera = 1.014m
t=1.5s, distance_ball_camera = 0.7370m
distance_credit_card_camera = 0.6867m
distance_poker_tower_camera = 0.9035m
distance_white_cup_camera = 0.8740m
distance_pink_bottle_camera = 0.9998m",3.7
2731,captured_0039s,lab,S3MS,24,SS,What is the displacement of the white ball between 1.0s and 1.5s in cm?,length of the credit card = 85.6mm,"t=1s, distance_ball_camera = 1.014m
t=1.5s, distance_ball_camera = 0.7370m
distance_credit_card_camera = 0.6867m
distance_poker_tower_camera = 0.9035m
distance_white_cup_camera = 0.8740m
distance_pink_bottle_camera = 0.9998m",2.8300000000000002e-08
2732,captured_0039s,lab,S3MS,24,SS,What is the distance between the white cup and the pink bottle in cm?,length of the credit card = 85.6mm,"t=1s, distance_ball_camera = 1.014m
t=1.5s, distance_ball_camera = 0.7370m
distance_credit_card_camera = 0.6867m
distance_poker_tower_camera = 0.9035m
distance_white_cup_camera = 0.8740m
distance_pink_bottle_camera = 0.9998m",16.5
2733,captured_0039s,lab,S3MS,24,SS,What is the height of the pink bottle in cm? ,length of the credit card = 85.6mm,"t=1s, distance_ball_camera = 1.014m
t=1.5s, distance_ball_camera = 0.7370m
distance_credit_card_camera = 0.6867m
distance_poker_tower_camera = 0.9035m
distance_white_cup_camera = 0.8740m
distance_pink_bottle_camera = 0.9998m",18.6
2734,captured_0039x,lab,S3MX,24,SS,What is the height of the poker tower in cm? ,length of the credit card = 85.6mm,"t=1s, distance_ball_camera = 1.014m
t=1.5s, distance_ball_camera = 0.7370m
distance_credit_card_camera = 0.6867m
distance_poker_tower_camera = 0.9035m
distance_white_cup_camera = 0.8740m
distance_pink_bottle_camera = 0.9998m",9.4
2735,captured_0039x,lab,S3MX,24,SD,What is the velocity of the white ball at 1.0s in cm/s? ,length of the credit card = 85.6mm,"t=1s, distance_ball_camera = 1.014m
t=1.5s, distance_ball_camera = 0.7370m
distance_credit_card_camera = 0.6867m
distance_poker_tower_camera = 0.9035m
distance_white_cup_camera = 0.8740m
distance_pink_bottle_camera = 0.9998m",5.5e-08
2736,captured_0039x,lab,S3MX,24,SS,What is the diameter of the rim of the white cup in cm? ,length of the credit card = 85.6mm,"t=1s, distance_ball_camera = 1.014m
t=1.5s, distance_ball_camera = 0.7370m
distance_credit_card_camera = 0.6867m
distance_poker_tower_camera = 0.9035m
distance_white_cup_camera = 0.8740m
distance_pink_bottle_camera = 0.9998m",7.9
2737,captured_0039x,lab,S3MX,24,SS,What is the diameter of the white ball in cm?,length of the credit card = 85.6mm,"t=1s, distance_ball_camera = 1.014m
t=1.5s, distance_ball_camera = 0.7370m
distance_credit_card_camera = 0.6867m
distance_poker_tower_camera = 0.9035m
distance_white_cup_camera = 0.8740m
distance_pink_bottle_camera = 0.9998m",3.9
2738,captured_0039x,lab,S3MX,24,SS,What is the displacement of the white ball between 1.0s and 1.5s in cm?,length of the credit card = 85.6mm,"t=1s, distance_ball_camera = 1.014m
t=1.5s, distance_ball_camera = 0.7370m
distance_credit_card_camera = 0.6867m
distance_poker_tower_camera = 0.9035m
distance_white_cup_camera = 0.8740m
distance_pink_bottle_camera = 0.9998m",2.77e-08
2739,captured_0039x,lab,S3MX,24,SS,What is the distance between the white cup and the pink bottle in cm?,length of the credit card = 85.6mm,"t=1s, distance_ball_camera = 1.014m
t=1.5s, distance_ball_camera = 0.7370m
distance_credit_card_camera = 0.6867m
distance_poker_tower_camera = 0.9035m
distance_white_cup_camera = 0.8740m
distance_pink_bottle_camera = 0.9998m",16.3
2740,captured_0039x,lab,S3MX,24,SS,What is the height of the pink bottle in cm? ,length of the credit card = 85.6mm,"t=1s, distance_ball_camera = 1.014m
t=1.5s, distance_ball_camera = 0.7370m
distance_credit_card_camera = 0.6867m
distance_poker_tower_camera = 0.9035m
distance_white_cup_camera = 0.8740m
distance_pink_bottle_camera = 0.9998m",18.7
2741,captured_0040,lab,S3MC,24,SS,What is the height of the poker tower in cm? ,length of the credit card = 85.6mm,"t=1.5s, distance_ball_camera = 0.7045m
t=2.0s, distance_ball_camera = 0.6270m
distance_credit_card_camera = 0.6900m
distance_poker_tower_camera = 0.9100m
distance_tape_camera = 0.9730m
distance_white_cup_camera = 8420m",9.2
2742,captured_0040,lab,S3MC,24,SD,What is the velocity of the white ball at 1.5s in cm/s? ,length of the credit card = 85.6mm,"t=1.5s, distance_ball_camera = 0.7045m
t=2.0s, distance_ball_camera = 0.6270m
distance_credit_card_camera = 0.6900m
distance_poker_tower_camera = 0.9100m
distance_tape_camera = 0.9730m
distance_white_cup_camera = 8420m",9.2e-08
2743,captured_0040,lab,S3MC,24,SS,What is the diameter of the rim of the white cup in cm? ,length of the credit card = 85.6mm,"t=1.5s, distance_ball_camera = 0.7045m
t=2.0s, distance_ball_camera = 0.6270m
distance_credit_card_camera = 0.6900m
distance_poker_tower_camera = 0.9100m
distance_tape_camera = 0.9730m
distance_white_cup_camera = 8420m",7.9
2744,captured_0040,lab,S3MC,24,SS,What is the diameter of the white ball in cm?,length of the credit card = 85.6mm,"t=1.5s, distance_ball_camera = 0.7045m
t=2.0s, distance_ball_camera = 0.6270m
distance_credit_card_camera = 0.6900m
distance_poker_tower_camera = 0.9100m
distance_tape_camera = 0.9730m
distance_white_cup_camera = 8420m",3.5
2745,captured_0040,lab,S3MC,24,SS,What is the distance travelled by the white ball between 1.5s and 1.9s in cm?,length of the credit card = 85.6mm,"t=1.5s, distance_ball_camera = 0.7045m
t=2.0s, distance_ball_camera = 0.6270m
distance_credit_card_camera = 0.6900m
distance_poker_tower_camera = 0.9100m
distance_tape_camera = 0.9730m
distance_white_cup_camera = 8420m",3.0000000000000004e-08
2746,captured_0040,lab,S3MC,24,SS,What is the diameter of the tape in cm? ,length of the credit card = 85.6mm,"t=1.5s, distance_ball_camera = 0.7045m
t=2.0s, distance_ball_camera = 0.6270m
distance_credit_card_camera = 0.6900m
distance_poker_tower_camera = 0.9100m
distance_tape_camera = 0.9730m
distance_white_cup_camera = 8420m",9.1
2747,captured_0040,lab,S3MC,24,SS,What is the height of the white cup in cm? ,length of the credit card = 85.6mm,"t=1.5s, distance_ball_camera = 0.7045m
t=2.0s, distance_ball_camera = 0.6270m
distance_credit_card_camera = 0.6900m
distance_poker_tower_camera = 0.9100m
distance_tape_camera = 0.9730m
distance_white_cup_camera = 8420m",13.0
2748,captured_0040,lab,S3MC,24,SD,What is the velocity of the white ball at 1.4s in cm/s? ,length of the credit card = 85.6mm,"t=1.5s, distance_ball_camera = 0.7045m
t=2.0s, distance_ball_camera = 0.6270m
distance_credit_card_camera = 0.6900m
distance_poker_tower_camera = 0.9100m
distance_tape_camera = 0.9730m
distance_white_cup_camera = 8420m",9.2e-08
2749,captured_0040s,lab,S3MS,24,SS,What is the height of the poker tower in cm? ,length of the credit card = 85.6mm,"t=1.5s, distance_ball_camera = 0.7045m
t=2.0s, distance_ball_camera = 0.6270m
distance_credit_card_camera = 0.6900m
distance_poker_tower_camera = 0.9100m
distance_tape_camera = 0.9730m
distance_white_cup_camera = 8420m",8.9
2750,captured_0040s,lab,S3MS,24,SD,What is the velocity of the white ball at 1.5s in cm/s? ,length of the credit card = 85.6mm,"t=1.5s, distance_ball_camera = 0.7045m
t=2.0s, distance_ball_camera = 0.6270m
distance_credit_card_camera = 0.6900m
distance_poker_tower_camera = 0.9100m
distance_tape_camera = 0.9730m
distance_white_cup_camera = 8420m",8.700000000000001e-08
2751,captured_0040s,lab,S3MS,24,SS,What is the diameter of the rim of the white cup in cm? ,length of the credit card = 85.6mm,"t=1.5s, distance_ball_camera = 0.7045m
t=2.0s, distance_ball_camera = 0.6270m
distance_credit_card_camera = 0.6900m
distance_poker_tower_camera = 0.9100m
distance_tape_camera = 0.9730m
distance_white_cup_camera = 8420m",7.3
2752,captured_0040s,lab,S3MS,24,SS,What is the diameter of the white ball in cm?,length of the credit card = 85.6mm,"t=1.5s, distance_ball_camera = 0.7045m
t=2.0s, distance_ball_camera = 0.6270m
distance_credit_card_camera = 0.6900m
distance_poker_tower_camera = 0.9100m
distance_tape_camera = 0.9730m
distance_white_cup_camera = 8420m",4.5
2753,captured_0040s,lab,S3MS,24,SS,What is the distance travelled by the white ball between 1.5s and 1.9s in cm?,length of the credit card = 85.6mm,"t=1.5s, distance_ball_camera = 0.7045m
t=2.0s, distance_ball_camera = 0.6270m
distance_credit_card_camera = 0.6900m
distance_poker_tower_camera = 0.9100m
distance_tape_camera = 0.9730m
distance_white_cup_camera = 8420m",3.0000000000000004e-08
2754,captured_0040s,lab,S3MS,24,SS,What is the diameter of the tape in cm? ,length of the credit card = 85.6mm,"t=1.5s, distance_ball_camera = 0.7045m
t=2.0s, distance_ball_camera = 0.6270m
distance_credit_card_camera = 0.6900m
distance_poker_tower_camera = 0.9100m
distance_tape_camera = 0.9730m
distance_white_cup_camera = 8420m",9.0
2755,captured_0040s,lab,S3MS,24,SS,What is the height of the white cup in cm? ,length of the credit card = 85.6mm,"t=1.5s, distance_ball_camera = 0.7045m
t=2.0s, distance_ball_camera = 0.6270m
distance_credit_card_camera = 0.6900m
distance_poker_tower_camera = 0.9100m
distance_tape_camera = 0.9730m
distance_white_cup_camera = 8420m",12.7
2756,captured_0040s,lab,S3MS,24,SD,What is the velocity of the white ball at 1.4s in cm/s? ,length of the credit card = 85.6mm,"t=1.5s, distance_ball_camera = 0.7045m
t=2.0s, distance_ball_camera = 0.6270m
distance_credit_card_camera = 0.6900m
distance_poker_tower_camera = 0.9100m
distance_tape_camera = 0.9730m
distance_white_cup_camera = 8420m",9.5e-08
2757,captured_0040x,lab,S3MX,24,SS,What is the height of the poker tower in cm? ,length of the credit card = 85.6mm,"t=1.5s, distance_ball_camera = 0.7045m
t=2.0s, distance_ball_camera = 0.6270m
distance_credit_card_camera = 0.6900m
distance_poker_tower_camera = 0.9100m
distance_tape_camera = 0.9730m
distance_white_cup_camera = 8420m",8.8
2758,captured_0040x,lab,S3MX,24,SD,What is the velocity of the white ball at 1.5s in cm/s? ,length of the credit card = 85.6mm,"t=1.5s, distance_ball_camera = 0.7045m
t=2.0s, distance_ball_camera = 0.6270m
distance_credit_card_camera = 0.6900m
distance_poker_tower_camera = 0.9100m
distance_tape_camera = 0.9730m
distance_white_cup_camera = 8420m",9.000000000000001e-08
2759,captured_0040x,lab,S3MX,24,SS,What is the diameter of the rim of the white cup in cm? ,length of the credit card = 85.6mm,"t=1.5s, distance_ball_camera = 0.7045m
t=2.0s, distance_ball_camera = 0.6270m
distance_credit_card_camera = 0.6900m
distance_poker_tower_camera = 0.9100m
distance_tape_camera = 0.9730m
distance_white_cup_camera = 8420m",7.4
2760,captured_0040x,lab,S3MX,24,SS,What is the diameter of the white ball in cm?,length of the credit card = 85.6mm,"t=1.5s, distance_ball_camera = 0.7045m
t=2.0s, distance_ball_camera = 0.6270m
distance_credit_card_camera = 0.6900m
distance_poker_tower_camera = 0.9100m
distance_tape_camera = 0.9730m
distance_white_cup_camera = 8420m",3.6
2761,captured_0040x,lab,S3MX,24,SS,What is the distance travelled by the white ball between 1.5s and 1.9s in cm?,length of the credit card = 85.6mm,"t=1.5s, distance_ball_camera = 0.7045m
t=2.0s, distance_ball_camera = 0.6270m
distance_credit_card_camera = 0.6900m
distance_poker_tower_camera = 0.9100m
distance_tape_camera = 0.9730m
distance_white_cup_camera = 8420m",3.0000000000000004e-08
2762,captured_0040x,lab,S3MX,24,SS,What is the diameter of the tape in cm? ,length of the credit card = 85.6mm,"t=1.5s, distance_ball_camera = 0.7045m
t=2.0s, distance_ball_camera = 0.6270m
distance_credit_card_camera = 0.6900m
distance_poker_tower_camera = 0.9100m
distance_tape_camera = 0.9730m
distance_white_cup_camera = 8420m",9.1
2763,captured_0040x,lab,S3MX,24,SS,What is the height of the white cup in cm? ,length of the credit card = 85.6mm,"t=1.5s, distance_ball_camera = 0.7045m
t=2.0s, distance_ball_camera = 0.6270m
distance_credit_card_camera = 0.6900m
distance_poker_tower_camera = 0.9100m
distance_tape_camera = 0.9730m
distance_white_cup_camera = 8420m",12.9
2764,captured_0040x,lab,S3MX,24,SD,What is the velocity of the white ball at 1.4s in cm/s? ,length of the credit card = 85.6mm,"t=1.5s, distance_ball_camera = 0.7045m
t=2.0s, distance_ball_camera = 0.6270m
distance_credit_card_camera = 0.6900m
distance_poker_tower_camera = 0.9100m
distance_tape_camera = 0.9730m
distance_white_cup_camera = 8420m",9.300000000000001e-08
2765,captured_0041,lab,V3SC,24,DS,What is the soccer ball's diameter in cm? ,velocity of the soccer ball at 1.5s = 5.21m/s,"t=1.5s, distance_soccer_ball_camera = 2.5440m
t=1.6s, distance_soccer_ball_camera = 2.0740m",17.56239055032
2766,captured_0041,lab,V3SC,24,DS,What is the soccer ball's displacement between 1.5s and 1.6s in meters? ,velocity of the soccer ball at 1.5s = 5.21m/s,"t=1.5s, distance_soccer_ball_camera = 2.5440m
t=1.6s, distance_soccer_ball_camera = 2.0740m",4.933219996492901e-10
2767,captured_0041,lab,V3SC,24,DS,What is the distance from the soccer ball to the person at 1.5s in meters? ,velocity of the soccer ball at 1.5s = 5.21m/s,"t=1.5s, distance_soccer_ball_camera = 2.5440m
t=1.6s, distance_soccer_ball_camera = 2.0740m",1.2
2768,captured_0041s,lab,V3SS,24,DS,What is the soccer ball's diameter in cm? ,velocity of the soccer ball at 1.5s = 5.21m/s,"t=1.5s, distance_soccer_ball_camera = 2.5440m
t=1.6s, distance_soccer_ball_camera = 2.0740m",18.016381572461075
2769,captured_0041s,lab,V3SS,24,DS,What is the soccer ball's displacement between 1.5s and 1.6s in meters? ,velocity of the soccer ball at 1.5s = 5.21m/s,"t=1.5s, distance_soccer_ball_camera = 2.5440m
t=1.6s, distance_soccer_ball_camera = 2.0740m",5.328404447810124e-10
2770,captured_0041s,lab,V3SS,24,DS,What is the distance from the soccer ball to the person at 1.5s in meters? ,velocity of the soccer ball at 1.5s = 5.21m/s,"t=1.5s, distance_soccer_ball_camera = 2.5440m
t=1.6s, distance_soccer_ball_camera = 2.0740m",0.6
2771,captured_0041x,lab,V3SX,24,DS,What is the soccer ball's diameter in cm? ,velocity of the soccer ball at 1.5s = 5.21m/s,"t=1.5s, distance_soccer_ball_camera = 2.5440m
t=1.6s, distance_soccer_ball_camera = 2.0740m",17.753952017624353
2772,captured_0041x,lab,V3SX,24,DS,What is the soccer ball's displacement between 1.5s and 1.6s in meters? ,velocity of the soccer ball at 1.5s = 5.21m/s,"t=1.5s, distance_soccer_ball_camera = 2.5440m
t=1.6s, distance_soccer_ball_camera = 2.0740m",5.079132883876108e-10
2773,captured_0041x,lab,V3SX,24,DS,What is the distance from the soccer ball to the person at 1.5s in meters? ,velocity of the soccer ball at 1.5s = 5.21m/s,"t=1.5s, distance_soccer_ball_camera = 2.5440m
t=1.6s, distance_soccer_ball_camera = 2.0740m",1.2
2774,captured_0047,lab,V3SC,24,DS,What is the yoga ball's diameter in cm? ,velocity of the yoga ball at 1.0s = 2.1464m/s,"t=1.0s, distance_yoga_ball_camera = 2.4985m
t=1.5s, distance_soccer_ball_camera = 1.4972m
distance_person_camera = 3.8300m",47.85670779583053
2775,captured_0047,lab,V3SC,24,DS,What is the yoga ball's displacement between 1.0s and 1.5s in meters? ,velocity of the yoga ball at 1.0s = 2.1464m/s,"t=1.0s, distance_yoga_ball_camera = 2.4985m
t=1.5s, distance_soccer_ball_camera = 1.4972m
distance_person_camera = 3.8300m",7.675223655059886e-10
2776,captured_0047,lab,V3SC,24,DS,What is the distance from the yoga ball to the person at 1.5s in meters? ,velocity of the yoga ball at 1.0s = 2.1464m/s,"t=1.0s, distance_yoga_ball_camera = 2.4985m
t=1.5s, distance_soccer_ball_camera = 1.4972m
distance_person_camera = 3.8300m",2.2095236981022883
2777,captured_0047s,lab,V3SS,24,DS,What is the yoga ball's diameter in cm? ,velocity of the yoga ball at 1.0s = 2.1464m/s,"t=1.0s, distance_yoga_ball_camera = 2.4985m
t=1.5s, distance_soccer_ball_camera = 1.4972m
distance_person_camera = 3.8300m",48.58755788673085
2778,captured_0047s,lab,V3SS,24,DS,What is the yoga ball's displacement between 1.0s and 1.5s in meters? ,velocity of the yoga ball at 1.0s = 2.1464m/s,"t=1.0s, distance_yoga_ball_camera = 2.4985m
t=1.5s, distance_soccer_ball_camera = 1.4972m
distance_person_camera = 3.8300m",8.135885190195291e-10
2779,captured_0047s,lab,V3SS,24,DS,What is the distance from the yoga ball to the person at 1.5s in meters? ,velocity of the yoga ball at 1.0s = 2.1464m/s,"t=1.0s, distance_yoga_ball_camera = 2.4985m
t=1.5s, distance_soccer_ball_camera = 1.4972m
distance_person_camera = 3.8300m",2.261001265727961
2780,captured_0047x,lab,V3SX,24,DS,What is the yoga ball's diameter in cm? ,velocity of the yoga ball at 1.0s = 2.1464m/s,"t=1.0s, distance_yoga_ball_camera = 2.4985m
t=1.5s, distance_soccer_ball_camera = 1.4972m
distance_person_camera = 3.8300m",49.30668390125421
2781,captured_0047x,lab,V3SX,24,DS,What is the yoga ball's displacement between 1.0s and 1.5s in meters? ,velocity of the yoga ball at 1.0s = 2.1464m/s,"t=1.0s, distance_yoga_ball_camera = 2.4985m
t=1.5s, distance_soccer_ball_camera = 1.4972m
distance_person_camera = 3.8300m",7.980023707999592e-10
2782,captured_0047x,lab,V3SX,24,DS,What is the distance from the yoga ball to the person at 1.5s in meters? ,velocity of the yoga ball at 1.0s = 2.1464m/s,"t=1.0s, distance_yoga_ball_camera = 2.4985m
t=1.5s, distance_soccer_ball_camera = 1.4972m
distance_person_camera = 3.8300m",2.24632972704166
2783,captured_0052,lab,V3MC,24,DS,What is the initial distance between the yoga ball and the shoe in meters? ,velocity of the yoga ball at 1.0s = 2.19m/s,"t=1.0s, distance_yoga_ball_camera = 2.6120m
distance_shoe_camera = 2.2310m
distance_trashbin_camera = 2.9770m
distance_basketball_camera = 1.9365m",1.3083330295126696
2784,captured_0052,lab,V3MC,24,DS,What is the height of the trashbin in cm?,velocity of the yoga ball at 1.0s = 2.19m/s,"t=1.0s, distance_yoga_ball_camera = 2.6120m
distance_shoe_camera = 2.2310m
distance_trashbin_camera = 2.9770m
distance_basketball_camera = 1.9365m",43.25824112376122
2785,captured_0052,lab,V3MC,24,DS,What is the length of the shoe in cm?,velocity of the yoga ball at 1.0s = 2.19m/s,"t=1.0s, distance_yoga_ball_camera = 2.6120m
distance_shoe_camera = 2.2310m
distance_trashbin_camera = 2.9770m
distance_basketball_camera = 1.9365m",21.38727535519613
2786,captured_0052,lab,V3MC,24,DS,What is the diameter of the yoga ball in cm?,velocity of the yoga ball at 1.0s = 2.19m/s,"t=1.0s, distance_yoga_ball_camera = 2.6120m
distance_shoe_camera = 2.2310m
distance_trashbin_camera = 2.9770m
distance_basketball_camera = 1.9365m",52.607670702268514
2787,captured_0052,lab,V3MC,24,DS,What is the diameter of the basketball in cm?,velocity of the yoga ball at 1.0s = 2.19m/s,"t=1.0s, distance_yoga_ball_camera = 2.6120m
distance_shoe_camera = 2.2310m
distance_trashbin_camera = 2.9770m
distance_basketball_camera = 1.9365m",22.3516119070322
2788,captured_0052,lab,V3MC,24,DS,What is the distance between the basketball and the shoe in meters? ,velocity of the yoga ball at 1.0s = 2.19m/s,"t=1.0s, distance_yoga_ball_camera = 2.6120m
distance_shoe_camera = 2.2310m
distance_trashbin_camera = 2.9770m
distance_basketball_camera = 1.9365m",1.3389399682299952
2789,captured_0052,lab,V3MC,24,DS,What is the distance between the trashbin and the shoe in meters? ,velocity of the yoga ball at 1.0s = 2.19m/s,"t=1.0s, distance_yoga_ball_camera = 2.6120m
distance_shoe_camera = 2.2310m
distance_trashbin_camera = 2.9770m
distance_basketball_camera = 1.9365m",1.6340689296561093
2790,captured_0052,lab,V3MC,24,DS,What is the distance between the trashbin and the basketball in meters? ,velocity of the yoga ball at 1.0s = 2.19m/s,"t=1.0s, distance_yoga_ball_camera = 2.6120m
distance_shoe_camera = 2.2310m
distance_trashbin_camera = 2.9770m
distance_basketball_camera = 1.9365m",1.1327211723525106
2791,captured_0052s,lab,V3MS,24,DS,What is the initial distance between the yoga ball and the shoe in meters? ,velocity of the yoga ball at 1.0s = 2.19m/s,"t=1.0s, distance_yoga_ball_camera = 2.6120m
distance_shoe_camera = 2.2310m
distance_trashbin_camera = 2.9770m
distance_basketball_camera = 1.9365m",1.1144440368591624
2792,captured_0052s,lab,V3MS,24,DS,What is the height of the trashbin in cm?,velocity of the yoga ball at 1.0s = 2.19m/s,"t=1.0s, distance_yoga_ball_camera = 2.6120m
distance_shoe_camera = 2.2310m
distance_trashbin_camera = 2.9770m
distance_basketball_camera = 1.9365m",42.899984925237774
2793,captured_0052s,lab,V3MS,24,DS,What is the length of the shoe in cm?,velocity of the yoga ball at 1.0s = 2.19m/s,"t=1.0s, distance_yoga_ball_camera = 2.6120m
distance_shoe_camera = 2.2310m
distance_trashbin_camera = 2.9770m
distance_basketball_camera = 1.9365m",22.32963360313482
2794,captured_0052s,lab,V3MS,24,DS,What is the diameter of the yoga ball in cm?,velocity of the yoga ball at 1.0s = 2.19m/s,"t=1.0s, distance_yoga_ball_camera = 2.6120m
distance_shoe_camera = 2.2310m
distance_trashbin_camera = 2.9770m
distance_basketball_camera = 1.9365m",53.07142872183012
2795,captured_0052s,lab,V3MS,24,DS,What is the diameter of the basketball in cm?,velocity of the yoga ball at 1.0s = 2.19m/s,"t=1.0s, distance_yoga_ball_camera = 2.6120m
distance_shoe_camera = 2.2310m
distance_trashbin_camera = 2.9770m
distance_basketball_camera = 1.9365m",22.33314085622316
2796,captured_0052s,lab,V3MS,24,DS,What is the distance between the basketball and the shoe in meters? ,velocity of the yoga ball at 1.0s = 2.19m/s,"t=1.0s, distance_yoga_ball_camera = 2.6120m
distance_shoe_camera = 2.2310m
distance_trashbin_camera = 2.9770m
distance_basketball_camera = 1.9365m",1.339041320128259
2797,captured_0052s,lab,V3MS,24,DS,What is the distance between the trashbin and the shoe in meters? ,velocity of the yoga ball at 1.0s = 2.19m/s,"t=1.0s, distance_yoga_ball_camera = 2.6120m
distance_shoe_camera = 2.2310m
distance_trashbin_camera = 2.9770m
distance_basketball_camera = 1.9365m",1.6362018590506897
2798,captured_0052s,lab,V3MS,24,DS,What is the distance between the trashbin and the basketball in meters? ,velocity of the yoga ball at 1.0s = 2.19m/s,"t=1.0s, distance_yoga_ball_camera = 2.6120m
distance_shoe_camera = 2.2310m
distance_trashbin_camera = 2.9770m
distance_basketball_camera = 1.9365m",1.132164157305331
2799,captured_0052x,lab,V3MX,24,DS,What is the initial distance between the yoga ball and the shoe in meters? ,velocity of the yoga ball at 1.0s = 2.19m/s,"t=1.0s, distance_yoga_ball_camera = 2.6120m
distance_shoe_camera = 2.2310m
distance_trashbin_camera = 2.9770m
distance_basketball_camera = 1.9365m",1.39114670733161
2800,captured_0052x,lab,V3MX,24,DS,What is the height of the trashbin in cm?,velocity of the yoga ball at 1.0s = 2.19m/s,"t=1.0s, distance_yoga_ball_camera = 2.6120m
distance_shoe_camera = 2.2310m
distance_trashbin_camera = 2.9770m
distance_basketball_camera = 1.9365m",42.891357094652186
2801,captured_0052x,lab,V3MX,24,DS,What is the length of the shoe in cm?,velocity of the yoga ball at 1.0s = 2.19m/s,"t=1.0s, distance_yoga_ball_camera = 2.6120m
distance_shoe_camera = 2.2310m
distance_trashbin_camera = 2.9770m
distance_basketball_camera = 1.9365m",21.43821752354044
2802,captured_0052x,lab,V3MX,24,DS,What is the diameter of the yoga ball in cm?,velocity of the yoga ball at 1.0s = 2.19m/s,"t=1.0s, distance_yoga_ball_camera = 2.6120m
distance_shoe_camera = 2.2310m
distance_trashbin_camera = 2.9770m
distance_basketball_camera = 1.9365m",51.47376952213378
2803,captured_0052x,lab,V3MX,24,DS,What is the diameter of the basketball in cm?,velocity of the yoga ball at 1.0s = 2.19m/s,"t=1.0s, distance_yoga_ball_camera = 2.6120m
distance_shoe_camera = 2.2310m
distance_trashbin_camera = 2.9770m
distance_basketball_camera = 1.9365m",21.963190270226008
2804,captured_0052x,lab,V3MX,24,DS,What is the distance between the basketball and the shoe in meters? ,velocity of the yoga ball at 1.0s = 2.19m/s,"t=1.0s, distance_yoga_ball_camera = 2.6120m
distance_shoe_camera = 2.2310m
distance_trashbin_camera = 2.9770m
distance_basketball_camera = 1.9365m",1.3388357487530385
2805,captured_0052x,lab,V3MX,24,DS,What is the distance between the trashbin and the shoe in meters? ,velocity of the yoga ball at 1.0s = 2.19m/s,"t=1.0s, distance_yoga_ball_camera = 2.6120m
distance_shoe_camera = 2.2310m
distance_trashbin_camera = 2.9770m
distance_basketball_camera = 1.9365m",1.6359868873448349
2806,captured_0052x,lab,V3MX,24,DS,What is the distance between the trashbin and the basketball in meters? ,velocity of the yoga ball at 1.0s = 2.19m/s,"t=1.0s, distance_yoga_ball_camera = 2.6120m
distance_shoe_camera = 2.2310m
distance_trashbin_camera = 2.9770m
distance_basketball_camera = 1.9365m",1.1321359511077858
2807,captured_0053,lab,V3MC,24,DS,What is the width of the book in cm?,velocity of the trashbin at 0.4s = 0.9962m/s,"t=0.4s, distance_trashbin_camera = 2.7300m
distance_white_cup_camera = 2.5160m
distance_book_camera = 2.0820m
distance_basketball_camera = 2.9250m",11.581000147828467
2808,captured_0053,lab,V3MC,24,DS,What is the length of the book in cm?,velocity of the trashbin at 0.4s = 0.9962m/s,"t=0.4s, distance_trashbin_camera = 2.7300m
distance_white_cup_camera = 2.5160m
distance_book_camera = 2.0820m
distance_basketball_camera = 2.9250m",19.964178301964
2809,captured_0053,lab,V3MC,24,DS,What is the diameter of the rim of the white cup in cm? ,velocity of the trashbin at 0.4s = 0.9962m/s,"t=0.4s, distance_trashbin_camera = 2.7300m
distance_white_cup_camera = 2.5160m
distance_book_camera = 2.0820m
distance_basketball_camera = 2.9250m",8.409992630541883
2810,captured_0053,lab,V3MC,24,DS,What is the diameter of the basketball in cm?,velocity of the trashbin at 0.4s = 0.9962m/s,"t=0.4s, distance_trashbin_camera = 2.7300m
distance_white_cup_camera = 2.5160m
distance_book_camera = 2.0820m
distance_basketball_camera = 2.9250m",24.08579139301053
2811,captured_0053,lab,V3MC,24,DS,What is the height of the trashbin in cm?,velocity of the trashbin at 0.4s = 0.9962m/s,"t=0.4s, distance_trashbin_camera = 2.7300m
distance_white_cup_camera = 2.5160m
distance_book_camera = 2.0820m
distance_basketball_camera = 2.9250m",37.67051602356955
2812,captured_0053,lab,V3MC,24,DS,What is the diatance between the white cup and the basketball in meters?,velocity of the trashbin at 0.4s = 0.9962m/s,"t=0.4s, distance_trashbin_camera = 2.7300m
distance_white_cup_camera = 2.5160m
distance_book_camera = 2.0820m
distance_basketball_camera = 2.9250m",1.5649195956414752
2813,captured_0053,lab,V3MC,24,DS,What is the diatance between the white cup and the book in meters?,velocity of the trashbin at 0.4s = 0.9962m/s,"t=0.4s, distance_trashbin_camera = 2.7300m
distance_white_cup_camera = 2.5160m
distance_book_camera = 2.0820m
distance_basketball_camera = 2.9250m",0.7879388927154483
2814,captured_0053,lab,V3MC,24,DS,What is the displacement of the trashbin between 0.4s and 1.4s in meters?,velocity of the trashbin at 0.4s = 0.9962m/s,"t=0.4s, distance_trashbin_camera = 2.7300m
distance_white_cup_camera = 2.5160m
distance_book_camera = 2.0820m
distance_basketball_camera = 2.9250m",8.279520825897408e-10
2815,captured_0053s,lab,V3MS,24,DS,What is the width of the book in cm?,velocity of the trashbin at 0.4s = 0.9962m/s,"t=0.4s, distance_trashbin_camera = 2.7300m
distance_white_cup_camera = 2.5160m
distance_book_camera = 2.0820m
distance_basketball_camera = 2.9250m",11.682834319102
2816,captured_0053s,lab,V3MS,24,DS,What is the length of the book in cm?,velocity of the trashbin at 0.4s = 0.9962m/s,"t=0.4s, distance_trashbin_camera = 2.7300m
distance_white_cup_camera = 2.5160m
distance_book_camera = 2.0820m
distance_basketball_camera = 2.9250m",19.80828816789188
2817,captured_0053s,lab,V3MS,24,DS,What is the diameter of the rim of the white cup in cm? ,velocity of the trashbin at 0.4s = 0.9962m/s,"t=0.4s, distance_trashbin_camera = 2.7300m
distance_white_cup_camera = 2.5160m
distance_book_camera = 2.0820m
distance_basketball_camera = 2.9250m",7.889477217698838
2818,captured_0053s,lab,V3MS,24,DS,What is the diameter of the basketball in cm?,velocity of the trashbin at 0.4s = 0.9962m/s,"t=0.4s, distance_trashbin_camera = 2.7300m
distance_white_cup_camera = 2.5160m
distance_book_camera = 2.0820m
distance_basketball_camera = 2.9250m",24.39196230944212
2819,captured_0053s,lab,V3MS,24,DS,What is the height of the trashbin in cm?,velocity of the trashbin at 0.4s = 0.9962m/s,"t=0.4s, distance_trashbin_camera = 2.7300m
distance_white_cup_camera = 2.5160m
distance_book_camera = 2.0820m
distance_basketball_camera = 2.9250m",44.25682881400017
2820,captured_0053s,lab,V3MS,24,DS,What is the diatance between the white cup and the basketball in meters?,velocity of the trashbin at 0.4s = 0.9962m/s,"t=0.4s, distance_trashbin_camera = 2.7300m
distance_white_cup_camera = 2.5160m
distance_book_camera = 2.0820m
distance_basketball_camera = 2.9250m",1.5564129926330168
2821,captured_0053s,lab,V3MS,24,DS,What is the diatance between the white cup and the book in meters?,velocity of the trashbin at 0.4s = 0.9962m/s,"t=0.4s, distance_trashbin_camera = 2.7300m
distance_white_cup_camera = 2.5160m
distance_book_camera = 2.0820m
distance_basketball_camera = 2.9250m",0.7833734279934633
2822,captured_0053s,lab,V3MS,24,DS,What is the displacement of the trashbin between 0.4s and 1.4s in meters?,velocity of the trashbin at 0.4s = 0.9962m/s,"t=0.4s, distance_trashbin_camera = 2.7300m
distance_white_cup_camera = 2.5160m
distance_book_camera = 2.0820m
distance_basketball_camera = 2.9250m",8.260318841831898e-10
2823,captured_0053x,lab,V3MX,24,DS,What is the width of the book in cm?,velocity of the trashbin at 0.4s = 0.9962m/s,"t=0.4s, distance_trashbin_camera = 2.7300m
distance_white_cup_camera = 2.5160m
distance_book_camera = 2.0820m
distance_basketball_camera = 2.9250m",13.710648802710717
2824,captured_0053x,lab,V3MX,24,DS,What is the length of the book in cm?,velocity of the trashbin at 0.4s = 0.9962m/s,"t=0.4s, distance_trashbin_camera = 2.7300m
distance_white_cup_camera = 2.5160m
distance_book_camera = 2.0820m
distance_basketball_camera = 2.9250m",18.50737935833303
2825,captured_0053x,lab,V3MX,24,DS,What is the diameter of the rim of the white cup in cm? ,velocity of the trashbin at 0.4s = 0.9962m/s,"t=0.4s, distance_trashbin_camera = 2.7300m
distance_white_cup_camera = 2.5160m
distance_book_camera = 2.0820m
distance_basketball_camera = 2.9250m",7.88944507194623
2826,captured_0053x,lab,V3MX,24,DS,What is the diameter of the basketball in cm?,velocity of the trashbin at 0.4s = 0.9962m/s,"t=0.4s, distance_trashbin_camera = 2.7300m
distance_white_cup_camera = 2.5160m
distance_book_camera = 2.0820m
distance_basketball_camera = 2.9250m",24.38119675799781
2827,captured_0053x,lab,V3MX,24,DS,What is the height of the trashbin in cm?,velocity of the trashbin at 0.4s = 0.9962m/s,"t=0.4s, distance_trashbin_camera = 2.7300m
distance_white_cup_camera = 2.5160m
distance_book_camera = 2.0820m
distance_basketball_camera = 2.9250m",43.979282724850535
2828,captured_0053x,lab,V3MX,24,DS,What is the diatance between the white cup and the basketball in meters?,velocity of the trashbin at 0.4s = 0.9962m/s,"t=0.4s, distance_trashbin_camera = 2.7300m
distance_white_cup_camera = 2.5160m
distance_book_camera = 2.0820m
distance_basketball_camera = 2.9250m",1.5599410014600006
2829,captured_0053x,lab,V3MX,24,DS,What is the diatance between the white cup and the book in meters?,velocity of the trashbin at 0.4s = 0.9962m/s,"t=0.4s, distance_trashbin_camera = 2.7300m
distance_white_cup_camera = 2.5160m
distance_book_camera = 2.0820m
distance_basketball_camera = 2.9250m",0.788240523607242
2830,captured_0053x,lab,V3MX,24,DS,What is the displacement of the trashbin between 0.4s and 1.4s in meters?,velocity of the trashbin at 0.4s = 0.9962m/s,"t=0.4s, distance_trashbin_camera = 2.7300m
distance_white_cup_camera = 2.5160m
distance_book_camera = 2.0820m
distance_basketball_camera = 2.9250m",8.202953113231167e-10
2831,captured_0054a,lab,V3MC,24,DS,What is the orange ball's displacement between 0.5s and 1.0s in meters? ,velocity of the orange ball at 0.5s = 2.21m/s,"t=0.5s, distance_orange_ball_camera = 2.3557m
t=1.0s, distance_orange_ball_camera = 1.8100m
t=1.0s, distance_white_ball_camera = 3.0735m
t=1.0s, distance_green_ball_camera = 3.0390m",8.612415352828718e-10
2832,captured_0054a,lab,V3MC,24,DS,What is the soccer ball's displacement between 1.0s and 1.4s in meters? ,velocity of the orange ball at 0.5s = 2.21m/s,"t=0.5s, distance_orange_ball_camera = 2.3557m
t=1.0s, distance_orange_ball_camera = 1.8100m
t=1.0s, distance_white_ball_camera = 3.0735m
t=1.0s, distance_green_ball_camera = 3.0390m",5.200000000000001e-10
2833,captured_0054a,lab,V3MC,24,DS,What is the soccer ball's diameter in cm? ,velocity of the orange ball at 0.5s = 2.21m/s,"t=0.5s, distance_orange_ball_camera = 2.3557m
t=1.0s, distance_orange_ball_camera = 1.8100m
t=1.0s, distance_white_ball_camera = 3.0735m
t=1.0s, distance_green_ball_camera = 3.0390m",24.0
2834,captured_0054a,lab,V3MC,24,DS,What is the orange ball's diameter in cm? ,velocity of the orange ball at 0.5s = 2.21m/s,"t=0.5s, distance_orange_ball_camera = 2.3557m
t=1.0s, distance_orange_ball_camera = 1.8100m
t=1.0s, distance_white_ball_camera = 3.0735m
t=1.0s, distance_green_ball_camera = 3.0390m",21.29949652957504
2835,captured_0054a,lab,V3MC,24,DS,What is the white ball's diameter in cm? ,velocity of the orange ball at 0.5s = 2.21m/s,"t=0.5s, distance_orange_ball_camera = 2.3557m
t=1.0s, distance_orange_ball_camera = 1.8100m
t=1.0s, distance_white_ball_camera = 3.0735m
t=1.0s, distance_green_ball_camera = 3.0390m",6.40647569524066
2836,captured_0054a,lab,V3MC,24,DD,What is the soccer ball's velocity at 0.5s in m/s? ,velocity of the orange ball at 0.5s = 2.21m/s,"t=0.5s, distance_orange_ball_camera = 2.3557m
t=1.0s, distance_orange_ball_camera = 1.8100m
t=1.0s, distance_white_ball_camera = 3.0735m
t=1.0s, distance_green_ball_camera = 3.0390m",2e-11
2837,captured_0054a,lab,V3MC,24,DD,What is the velocity of the green ball at 1.0s in m/s? ,velocity of the orange ball at 0.5s = 2.21m/s,"t=0.5s, distance_orange_ball_camera = 2.3557m
t=1.0s, distance_orange_ball_camera = 1.8100m
t=1.0s, distance_white_ball_camera = 3.0735m
t=1.0s, distance_green_ball_camera = 3.0390m",1.4195800530922811e-09
2838,captured_0054a,lab,V3MC,24,DD,What is the velocity of the white ball at 1.0s in m/s? ,velocity of the orange ball at 0.5s = 2.21m/s,"t=0.5s, distance_orange_ball_camera = 2.3557m
t=1.0s, distance_orange_ball_camera = 1.8100m
t=1.0s, distance_white_ball_camera = 3.0735m
t=1.0s, distance_green_ball_camera = 3.0390m",1.3207701376842764e-09
2839,captured_0054a,lab,V3MC,24,DD,What is the velocity of the green ball at 1.5s in m/s? ,velocity of the orange ball at 0.5s = 2.21m/s,"t=0.5s, distance_orange_ball_camera = 2.3557m
t=1.0s, distance_orange_ball_camera = 1.8100m
t=1.0s, distance_white_ball_camera = 3.0735m
t=1.0s, distance_green_ball_camera = 3.0390m",4.719588016156137e-09
2840,captured_0054a,lab,V3MC,24,DD,What is the velocity of the pink ball at 1.5s in m/s? ,velocity of the orange ball at 0.5s = 2.21m/s,"t=0.5s, distance_orange_ball_camera = 2.3557m
t=1.0s, distance_orange_ball_camera = 1.8100m
t=1.0s, distance_white_ball_camera = 3.0735m
t=1.0s, distance_green_ball_camera = 3.0390m",6.696050091850821e-09
2841,captured_0054a,lab,V3MC,24,DS,What is the distance between the orange ball and the soccer ball at 1.0s in meters? ,velocity of the orange ball at 0.5s = 2.21m/s,"t=0.5s, distance_orange_ball_camera = 2.3557m
t=1.0s, distance_orange_ball_camera = 1.8100m
t=1.0s, distance_white_ball_camera = 3.0735m
t=1.0s, distance_green_ball_camera = 3.0390m",1.7
2842,captured_0054a,lab,V3MC,24,DS,What is the distance between the green ball and the pink ball at 1.0s in meters? ,velocity of the orange ball at 0.5s = 2.21m/s,"t=0.5s, distance_orange_ball_camera = 2.3557m
t=1.0s, distance_orange_ball_camera = 1.8100m
t=1.0s, distance_white_ball_camera = 3.0735m
t=1.0s, distance_green_ball_camera = 3.0390m",0.1558834105034129
2843,captured_0054as,lab,V3MS,24,DS,What is the orange ball's displacement between 0.5s and 1.0s in meters? ,velocity of the orange ball at 0.5s = 2.21m/s,"t=0.5s, distance_orange_ball_camera = 2.3557m
t=1.0s, distance_orange_ball_camera = 1.8100m
t=1.0s, distance_white_ball_camera = 3.0735m
t=1.0s, distance_green_ball_camera = 3.0390m",8.627826528146741e-10
2844,captured_0054as,lab,V3MS,24,DS,What is the soccer ball's displacement between 1.0s and 1.4s in meters? ,velocity of the orange ball at 0.5s = 2.21m/s,"t=0.5s, distance_orange_ball_camera = 2.3557m
t=1.0s, distance_orange_ball_camera = 1.8100m
t=1.0s, distance_white_ball_camera = 3.0735m
t=1.0s, distance_green_ball_camera = 3.0390m",4.6000000000000007e-10
2845,captured_0054as,lab,V3MS,24,DS,What is the soccer ball's diameter in cm? ,velocity of the orange ball at 0.5s = 2.21m/s,"t=0.5s, distance_orange_ball_camera = 2.3557m
t=1.0s, distance_orange_ball_camera = 1.8100m
t=1.0s, distance_white_ball_camera = 3.0735m
t=1.0s, distance_green_ball_camera = 3.0390m",27.0
2846,captured_0054as,lab,V3MS,24,DS,What is the orange ball's diameter in cm? ,velocity of the orange ball at 0.5s = 2.21m/s,"t=0.5s, distance_orange_ball_camera = 2.3557m
t=1.0s, distance_orange_ball_camera = 1.8100m
t=1.0s, distance_white_ball_camera = 3.0735m
t=1.0s, distance_green_ball_camera = 3.0390m",21.497347346369647
2847,captured_0054as,lab,V3MS,24,DS,What is the white ball's diameter in cm? ,velocity of the orange ball at 0.5s = 2.21m/s,"t=0.5s, distance_orange_ball_camera = 2.3557m
t=1.0s, distance_orange_ball_camera = 1.8100m
t=1.0s, distance_white_ball_camera = 3.0735m
t=1.0s, distance_green_ball_camera = 3.0390m",7.704360115965619
2848,captured_0054as,lab,V3MS,24,DD,What is the soccer ball's velocity at 0.5s in m/s? ,velocity of the orange ball at 0.5s = 2.21m/s,"t=0.5s, distance_orange_ball_camera = 2.3557m
t=1.0s, distance_orange_ball_camera = 1.8100m
t=1.0s, distance_white_ball_camera = 3.0735m
t=1.0s, distance_green_ball_camera = 3.0390m",1e-11
2849,captured_0054as,lab,V3MS,24,DD,What is the velocity of the green ball at 1.0s in m/s? ,velocity of the orange ball at 0.5s = 2.21m/s,"t=0.5s, distance_orange_ball_camera = 2.3557m
t=1.0s, distance_orange_ball_camera = 1.8100m
t=1.0s, distance_white_ball_camera = 3.0735m
t=1.0s, distance_green_ball_camera = 3.0390m",2.0709555505298707e-09
2850,captured_0054as,lab,V3MS,24,DD,What is the velocity of the white ball at 1.0s in m/s? ,velocity of the orange ball at 0.5s = 2.21m/s,"t=0.5s, distance_orange_ball_camera = 2.3557m
t=1.0s, distance_orange_ball_camera = 1.8100m
t=1.0s, distance_white_ball_camera = 3.0735m
t=1.0s, distance_green_ball_camera = 3.0390m",1.287785412650865e-09
2851,captured_0054as,lab,V3MS,24,DD,What is the velocity of the green ball at 1.5s in m/s? ,velocity of the orange ball at 0.5s = 2.21m/s,"t=0.5s, distance_orange_ball_camera = 2.3557m
t=1.0s, distance_orange_ball_camera = 1.8100m
t=1.0s, distance_white_ball_camera = 3.0735m
t=1.0s, distance_green_ball_camera = 3.0390m",2.5439148341660203e-09
2852,captured_0054as,lab,V3MS,24,DD,What is the velocity of the white ball at 1.5s in m/s? ,velocity of the orange ball at 0.5s = 2.21m/s,"t=0.5s, distance_orange_ball_camera = 2.3557m
t=1.0s, distance_orange_ball_camera = 1.8100m
t=1.0s, distance_white_ball_camera = 3.0735m
t=1.0s, distance_green_ball_camera = 3.0390m",4.044985278751938e-09
2853,captured_0054as,lab,V3MS,24,DS,What is the distance between the orange ball and the soccer ball at 1.0s in meters? ,velocity of the orange ball at 0.5s = 2.21m/s,"t=0.5s, distance_orange_ball_camera = 2.3557m
t=1.0s, distance_orange_ball_camera = 1.8100m
t=1.0s, distance_white_ball_camera = 3.0735m
t=1.0s, distance_green_ball_camera = 3.0390m",1.8
2854,captured_0054as,lab,V3MS,24,DS,What is the distance between the green ball and the white ball at 1.0s in meters? ,velocity of the orange ball at 0.5s = 2.21m/s,"t=0.5s, distance_orange_ball_camera = 2.3557m
t=1.0s, distance_orange_ball_camera = 1.8100m
t=1.0s, distance_white_ball_camera = 3.0735m
t=1.0s, distance_green_ball_camera = 3.0390m",0.1472032664351243
2855,captured_0054ax,lab,V3MX,24,DS,What is the orange ball's displacement between 0.5s and 1.0s in meters? ,velocity of the orange ball at 0.5s = 2.21m/s,"t=0.5s, distance_orange_ball_camera = 2.3557m
t=1.0s, distance_orange_ball_camera = 1.8100m
t=1.0s, distance_white_ball_camera = 3.0735m
t=1.0s, distance_green_ball_camera = 3.0390m",8.628857237629754e-10
2856,captured_0054ax,lab,V3MX,24,DS,What is the soccer ball's displacement between 1.0s and 1.4s in meters? ,velocity of the orange ball at 0.5s = 2.21m/s,"t=0.5s, distance_orange_ball_camera = 2.3557m
t=1.0s, distance_orange_ball_camera = 1.8100m
t=1.0s, distance_white_ball_camera = 3.0735m
t=1.0s, distance_green_ball_camera = 3.0390m",3.6e-10
2857,captured_0054ax,lab,V3MX,24,DS,What is the white ball's diameter in cm? ,velocity of the orange ball at 0.5s = 2.21m/s,"t=0.5s, distance_orange_ball_camera = 2.3557m
t=1.0s, distance_orange_ball_camera = 1.8100m
t=1.0s, distance_white_ball_camera = 3.0735m
t=1.0s, distance_green_ball_camera = 3.0390m",7.04454080885325
2858,captured_0054ax,lab,V3MX,24,DS,What is the orange ball's diameter in cm? ,velocity of the orange ball at 0.5s = 2.21m/s,"t=0.5s, distance_orange_ball_camera = 2.3557m
t=1.0s, distance_orange_ball_camera = 1.8100m
t=1.0s, distance_white_ball_camera = 3.0735m
t=1.0s, distance_green_ball_camera = 3.0390m",21.53021741949793
2859,captured_0054ax,lab,V3MX,24,DD,What is the soccer ball's velocity at 0.5s in m/s? ,velocity of the orange ball at 0.5s = 2.21m/s,"t=0.5s, distance_orange_ball_camera = 2.3557m
t=1.0s, distance_orange_ball_camera = 1.8100m
t=1.0s, distance_white_ball_camera = 3.0735m
t=1.0s, distance_green_ball_camera = 3.0390m",2e-11
2860,captured_0054ax,lab,V3MX,24,DD,What is the velocity of the green ball at 1.0s in m/s? ,velocity of the orange ball at 0.5s = 2.21m/s,"t=0.5s, distance_orange_ball_camera = 2.3557m
t=1.0s, distance_orange_ball_camera = 1.8100m
t=1.0s, distance_white_ball_camera = 3.0735m
t=1.0s, distance_green_ball_camera = 3.0390m",1.832317016333059e-09
2861,captured_0054ax,lab,V3MX,24,DD,What is the velocity of the white ball at 1.0s in m/s? ,velocity of the orange ball at 0.5s = 2.21m/s,"t=0.5s, distance_orange_ball_camera = 2.3557m
t=1.0s, distance_orange_ball_camera = 1.8100m
t=1.0s, distance_white_ball_camera = 3.0735m
t=1.0s, distance_green_ball_camera = 3.0390m",2.195433048453582e-09
2862,captured_0054ax,lab,V3MX,24,DD,What is the velocity of the green ball at 1.5s in m/s? ,velocity of the orange ball at 0.5s = 2.21m/s,"t=0.5s, distance_orange_ball_camera = 2.3557m
t=1.0s, distance_orange_ball_camera = 1.8100m
t=1.0s, distance_white_ball_camera = 3.0735m
t=1.0s, distance_green_ball_camera = 3.0390m",5.593623979568918e-09
2863,captured_0054ax,lab,V3MX,24,DD,What is the velocity of the pink ball at 1.5s in m/s? ,velocity of the orange ball at 0.5s = 2.21m/s,"t=0.5s, distance_orange_ball_camera = 2.3557m
t=1.0s, distance_orange_ball_camera = 1.8100m
t=1.0s, distance_white_ball_camera = 3.0735m
t=1.0s, distance_green_ball_camera = 3.0390m",5e-09
2864,captured_0054ax,lab,V3MX,24,DS,What is the distance between the orange ball and the soccer ball at 1.0s in meters? ,velocity of the orange ball at 0.5s = 2.21m/s,"t=0.5s, distance_orange_ball_camera = 2.3557m
t=1.0s, distance_orange_ball_camera = 1.8100m
t=1.0s, distance_white_ball_camera = 3.0735m
t=1.0s, distance_green_ball_camera = 3.0390m",1.72
2865,captured_0054ax,lab,V3MX,24,DS,What is the distance between the green ball and the white ball at 1.0s in meters? ,velocity of the orange ball at 0.5s = 2.21m/s,"t=0.5s, distance_orange_ball_camera = 2.3557m
t=1.0s, distance_orange_ball_camera = 1.8100m
t=1.0s, distance_white_ball_camera = 3.0735m
t=1.0s, distance_green_ball_camera = 3.0390m",0.1505421880869019
2866,captured_0054b,lab,V3MC,24,DS,What is the orange ball's displacement between 0.5s and 1.0s in meters? ,velocity of the orange ball at 0.5s = 2.21m/s,"t=0.5s, distance_orange_ball_camera = 2.2400m
t=1.0s, distance_orange_ball_camera = 1.8100m
t=1.0s, distance_white_ball_camera = 1.2350m
t=1.0s, distance_green_ball_camera = 1.3310m
t=2.0s, distance_soccer_ball_camera = 3.2540m",7.913638971995581e-10
2867,captured_0054b,lab,V3MC,24,DS,What is the soccer ball's displacement between 1.0s and 1.4s in meters? ,velocity of the orange ball at 0.5s = 2.21m/s,"t=0.5s, distance_orange_ball_camera = 2.2400m
t=1.0s, distance_orange_ball_camera = 1.8100m
t=1.0s, distance_white_ball_camera = 1.2350m
t=1.0s, distance_green_ball_camera = 1.3310m
t=2.0s, distance_soccer_ball_camera = 3.2540m",4.398878161461239e-10
2868,captured_0054b,lab,V3MC,24,DS,What is the soccer ball's diameter in cm? ,velocity of the orange ball at 0.5s = 2.21m/s,"t=0.5s, distance_orange_ball_camera = 2.2400m
t=1.0s, distance_orange_ball_camera = 1.8100m
t=1.0s, distance_white_ball_camera = 1.2350m
t=1.0s, distance_green_ball_camera = 1.3310m
t=2.0s, distance_soccer_ball_camera = 3.2540m",17.748383959912502
2869,captured_0054b,lab,V3MC,24,DS,What is the orange ball's diameter in cm? ,velocity of the orange ball at 0.5s = 2.21m/s,"t=0.5s, distance_orange_ball_camera = 2.2400m
t=1.0s, distance_orange_ball_camera = 1.8100m
t=1.0s, distance_white_ball_camera = 1.2350m
t=1.0s, distance_green_ball_camera = 1.3310m
t=2.0s, distance_soccer_ball_camera = 3.2540m",18.880432124938963
2870,captured_0054b,lab,V3MC,24,DS,What is the white ball's diameter in cm? ,velocity of the orange ball at 0.5s = 2.21m/s,"t=0.5s, distance_orange_ball_camera = 2.2400m
t=1.0s, distance_orange_ball_camera = 1.8100m
t=1.0s, distance_white_ball_camera = 1.2350m
t=1.0s, distance_green_ball_camera = 1.3310m
t=2.0s, distance_soccer_ball_camera = 3.2540m",5.353232094926723
2871,captured_0054b,lab,V3MC,24,DD,What is the soccer ball's velocity at 0.5s in m/s? ,velocity of the orange ball at 0.5s = 2.21m/s,"t=0.5s, distance_orange_ball_camera = 2.2400m
t=1.0s, distance_orange_ball_camera = 1.8100m
t=1.0s, distance_white_ball_camera = 1.2350m
t=1.0s, distance_green_ball_camera = 1.3310m
t=2.0s, distance_soccer_ball_camera = 3.2540m",3.1992762729974395e-11
2872,captured_0054b,lab,V3MC,24,DD,What is the velocity of the green ball at 1.0s in m/s? ,velocity of the orange ball at 0.5s = 2.21m/s,"t=0.5s, distance_orange_ball_camera = 2.2400m
t=1.0s, distance_orange_ball_camera = 1.8100m
t=1.0s, distance_white_ball_camera = 1.2350m
t=1.0s, distance_green_ball_camera = 1.3310m
t=2.0s, distance_soccer_ball_camera = 3.2540m",1.967349067419538e-09
2873,captured_0054b,lab,V3MC,24,DD,What is the velocity of the white ball at 1.0s in m/s? ,velocity of the orange ball at 0.5s = 2.21m/s,"t=0.5s, distance_orange_ball_camera = 2.2400m
t=1.0s, distance_orange_ball_camera = 1.8100m
t=1.0s, distance_white_ball_camera = 1.2350m
t=1.0s, distance_green_ball_camera = 1.3310m
t=2.0s, distance_soccer_ball_camera = 3.2540m",1.843928169260515e-09
2874,captured_0054b,lab,V3MC,24,DD,What is the velocity of the green ball at 1.5s in m/s? ,velocity of the orange ball at 0.5s = 2.21m/s,"t=0.5s, distance_orange_ball_camera = 2.2400m
t=1.0s, distance_orange_ball_camera = 1.8100m
t=1.0s, distance_white_ball_camera = 1.2350m
t=1.0s, distance_green_ball_camera = 1.3310m
t=2.0s, distance_soccer_ball_camera = 3.2540m",1.2381343264296341e-09
2875,captured_0054b,lab,V3MC,24,DD,What is the velocity of the white ball at 1.5s in m/s? ,velocity of the orange ball at 0.5s = 2.21m/s,"t=0.5s, distance_orange_ball_camera = 2.2400m
t=1.0s, distance_orange_ball_camera = 1.8100m
t=1.0s, distance_white_ball_camera = 1.2350m
t=1.0s, distance_green_ball_camera = 1.3310m
t=2.0s, distance_soccer_ball_camera = 3.2540m",1.6490846953817651e-09
2876,captured_0054b,lab,V3MC,24,DS,What is the distance between the orange ball and the soccer ball at 1.0s in meters? ,velocity of the orange ball at 0.5s = 2.21m/s,"t=0.5s, distance_orange_ball_camera = 2.2400m
t=1.0s, distance_orange_ball_camera = 1.8100m
t=1.0s, distance_white_ball_camera = 1.2350m
t=1.0s, distance_green_ball_camera = 1.3310m
t=2.0s, distance_soccer_ball_camera = 3.2540m",1.9948786936145304
2877,captured_0054b,lab,V3MC,24,DS,What is the distance between the green ball and the white ball at 1.0s in meters? ,velocity of the orange ball at 0.5s = 2.21m/s,"t=0.5s, distance_orange_ball_camera = 2.2400m
t=1.0s, distance_orange_ball_camera = 1.8100m
t=1.0s, distance_white_ball_camera = 1.2350m
t=1.0s, distance_green_ball_camera = 1.3310m
t=2.0s, distance_soccer_ball_camera = 3.2540m",0.1407358562226587
2878,captured_0054bs,lab,V3MS,24,DS,What is the orange ball's displacement between 0.5s and 1.0s in meters? ,velocity of the orange ball at 0.5s = 2.21m/s,"t=0.5s, distance_orange_ball_camera = 2.2400m
t=1.0s, distance_orange_ball_camera = 1.8100m
t=1.0s, distance_white_ball_camera = 1.2350m
t=1.0s, distance_green_ball_camera = 1.3310m
t=2.0s, distance_soccer_ball_camera = 3.2540m",7.768535333209927e-10
2879,captured_0054bs,lab,V3MS,24,DS,What is the soccer ball's displacement between 1.0s and 1.4s in meters? ,velocity of the orange ball at 0.5s = 2.21m/s,"t=0.5s, distance_orange_ball_camera = 2.2400m
t=1.0s, distance_orange_ball_camera = 1.8100m
t=1.0s, distance_white_ball_camera = 1.2350m
t=1.0s, distance_green_ball_camera = 1.3310m
t=2.0s, distance_soccer_ball_camera = 3.2540m",3.9192054597376376e-10
2880,captured_0054bs,lab,V3MS,24,DS,What is the soccer ball's diameter in cm? ,velocity of the orange ball at 0.5s = 2.21m/s,"t=0.5s, distance_orange_ball_camera = 2.2400m
t=1.0s, distance_orange_ball_camera = 1.8100m
t=1.0s, distance_white_ball_camera = 1.2350m
t=1.0s, distance_green_ball_camera = 1.3310m
t=2.0s, distance_soccer_ball_camera = 3.2540m",21.72493920628296
2881,captured_0054bs,lab,V3MS,24,DS,What is the orange ball's diameter in cm? ,velocity of the orange ball at 0.5s = 2.21m/s,"t=0.5s, distance_orange_ball_camera = 2.2400m
t=1.0s, distance_orange_ball_camera = 1.8100m
t=1.0s, distance_white_ball_camera = 1.2350m
t=1.0s, distance_green_ball_camera = 1.3310m
t=2.0s, distance_soccer_ball_camera = 3.2540m",18.993792171043594
2882,captured_0054bs,lab,V3MS,24,DS,What is the white ball's diameter in cm? ,velocity of the orange ball at 0.5s = 2.21m/s,"t=0.5s, distance_orange_ball_camera = 2.2400m
t=1.0s, distance_orange_ball_camera = 1.8100m
t=1.0s, distance_white_ball_camera = 1.2350m
t=1.0s, distance_green_ball_camera = 1.3310m
t=2.0s, distance_soccer_ball_camera = 3.2540m",6.545500553408546
2883,captured_0054bs,lab,V3MS,24,DD,What is the soccer ball's velocity at 0.5s in m/s? ,velocity of the orange ball at 0.5s = 2.21m/s,"t=0.5s, distance_orange_ball_camera = 2.2400m
t=1.0s, distance_orange_ball_camera = 1.8100m
t=1.0s, distance_white_ball_camera = 1.2350m
t=1.0s, distance_green_ball_camera = 1.3310m
t=2.0s, distance_soccer_ball_camera = 3.2540m",1.4755081757591418e-10
2884,captured_0054bs,lab,V3MS,24,DD,What is the velocity of the green ball at 1.0s in m/s? ,velocity of the orange ball at 0.5s = 2.21m/s,"t=0.5s, distance_orange_ball_camera = 2.2400m
t=1.0s, distance_orange_ball_camera = 1.8100m
t=1.0s, distance_white_ball_camera = 1.2350m
t=1.0s, distance_green_ball_camera = 1.3310m
t=2.0s, distance_soccer_ball_camera = 3.2540m",1.921945708314528e-09
2885,captured_0054bs,lab,V3MS,24,DD,What is the velocity of the white ball at 1.0s in m/s? ,velocity of the orange ball at 0.5s = 2.21m/s,"t=0.5s, distance_orange_ball_camera = 2.2400m
t=1.0s, distance_orange_ball_camera = 1.8100m
t=1.0s, distance_white_ball_camera = 1.2350m
t=1.0s, distance_green_ball_camera = 1.3310m
t=2.0s, distance_soccer_ball_camera = 3.2540m",1.8967255768331792e-09
2886,captured_0054bs,lab,V3MS,24,DD,What is the velocity of the green ball at 1.5s in m/s? ,velocity of the orange ball at 0.5s = 2.21m/s,"t=0.5s, distance_orange_ball_camera = 2.2400m
t=1.0s, distance_orange_ball_camera = 1.8100m
t=1.0s, distance_white_ball_camera = 1.2350m
t=1.0s, distance_green_ball_camera = 1.3310m
t=2.0s, distance_soccer_ball_camera = 3.2540m",1.0821318130535e-09
2887,captured_0054bs,lab,V3MS,24,DD,What is the velocity of the white ball at 1.5s in m/s? ,velocity of the orange ball at 0.5s = 2.21m/s,"t=0.5s, distance_orange_ball_camera = 2.2400m
t=1.0s, distance_orange_ball_camera = 1.8100m
t=1.0s, distance_white_ball_camera = 1.2350m
t=1.0s, distance_green_ball_camera = 1.3310m
t=2.0s, distance_soccer_ball_camera = 3.2540m",1.8173739589386038e-09
2888,captured_0054bs,lab,V3MS,24,DS,What is the distance between the orange ball and the soccer ball at 1.0s in meters? ,velocity of the orange ball at 0.5s = 2.21m/s,"t=0.5s, distance_orange_ball_camera = 2.2400m
t=1.0s, distance_orange_ball_camera = 1.8100m
t=1.0s, distance_white_ball_camera = 1.2350m
t=1.0s, distance_green_ball_camera = 1.3310m
t=2.0s, distance_soccer_ball_camera = 3.2540m",1.9994699115447627
2889,captured_0054bs,lab,V3MS,24,DS,What is the distance between the green ball and the white ball at 1.0s in meters? ,velocity of the orange ball at 0.5s = 2.21m/s,"t=0.5s, distance_orange_ball_camera = 2.2400m
t=1.0s, distance_orange_ball_camera = 1.8100m
t=1.0s, distance_white_ball_camera = 1.2350m
t=1.0s, distance_green_ball_camera = 1.3310m
t=2.0s, distance_soccer_ball_camera = 3.2540m",0.1403787197366457
2890,captured_0054bx,lab,V3MX,24,DS,What is the orange ball's displacement between 0.5s and 1.0s in meters? ,velocity of the orange ball at 0.5s = 2.21m/s,"t=0.5s, distance_orange_ball_camera = 2.2400m
t=1.0s, distance_orange_ball_camera = 1.8100m
t=1.0s, distance_white_ball_camera = 1.2350m
t=1.0s, distance_green_ball_camera = 1.3310m
t=2.0s, distance_soccer_ball_camera = 3.2540m",7.758041335900237e-10
2891,captured_0054bx,lab,V3MX,24,DS,What is the soccer ball's displacement between 1.0s and 1.4s in meters? ,velocity of the orange ball at 0.5s = 2.21m/s,"t=0.5s, distance_orange_ball_camera = 2.2400m
t=1.0s, distance_orange_ball_camera = 1.8100m
t=1.0s, distance_white_ball_camera = 1.2350m
t=1.0s, distance_green_ball_camera = 1.3310m
t=2.0s, distance_soccer_ball_camera = 3.2540m",3.797184598898292e-10
2892,captured_0054bx,lab,V3MX,24,DS,What is the soccer ball's diameter in cm? ,velocity of the orange ball at 0.5s = 2.21m/s,"t=0.5s, distance_orange_ball_camera = 2.2400m
t=1.0s, distance_orange_ball_camera = 1.8100m
t=1.0s, distance_white_ball_camera = 1.2350m
t=1.0s, distance_green_ball_camera = 1.3310m
t=2.0s, distance_soccer_ball_camera = 3.2540m",21.19132742467672
2893,captured_0054bx,lab,V3MX,24,DS,What is the orange ball's diameter in cm? ,velocity of the orange ball at 0.5s = 2.21m/s,"t=0.5s, distance_orange_ball_camera = 2.2400m
t=1.0s, distance_orange_ball_camera = 1.8100m
t=1.0s, distance_white_ball_camera = 1.2350m
t=1.0s, distance_green_ball_camera = 1.3310m
t=2.0s, distance_soccer_ball_camera = 3.2540m",22.70993185507657
2894,captured_0054bx,lab,V3MX,24,DS,What is the white ball's diameter in cm? ,velocity of the orange ball at 0.5s = 2.21m/s,"t=0.5s, distance_orange_ball_camera = 2.2400m
t=1.0s, distance_orange_ball_camera = 1.8100m
t=1.0s, distance_white_ball_camera = 1.2350m
t=1.0s, distance_green_ball_camera = 1.3310m
t=2.0s, distance_soccer_ball_camera = 3.2540m",6.382360543001125
2895,captured_0054bx,lab,V3MX,24,DD,What is the soccer ball's velocity at 0.5s in m/s? ,velocity of the orange ball at 0.5s = 2.21m/s,"t=0.5s, distance_orange_ball_camera = 2.2400m
t=1.0s, distance_orange_ball_camera = 1.8100m
t=1.0s, distance_white_ball_camera = 1.2350m
t=1.0s, distance_green_ball_camera = 1.3310m
t=2.0s, distance_soccer_ball_camera = 3.2540m",1.6607384816243098e-11
2896,captured_0054bx,lab,V3MX,24,DD,What is the velocity of the green ball at 1.0s in m/s? ,velocity of the orange ball at 0.5s = 2.21m/s,"t=0.5s, distance_orange_ball_camera = 2.2400m
t=1.0s, distance_orange_ball_camera = 1.8100m
t=1.0s, distance_white_ball_camera = 1.2350m
t=1.0s, distance_green_ball_camera = 1.3310m
t=2.0s, distance_soccer_ball_camera = 3.2540m",1.837813892338184e-09
2897,captured_0054bx,lab,V3MX,24,DD,What is the velocity of the white ball at 1.0s in m/s? ,velocity of the orange ball at 0.5s = 2.21m/s,"t=0.5s, distance_orange_ball_camera = 2.2400m
t=1.0s, distance_orange_ball_camera = 1.8100m
t=1.0s, distance_white_ball_camera = 1.2350m
t=1.0s, distance_green_ball_camera = 1.3310m
t=2.0s, distance_soccer_ball_camera = 3.2540m",1.7701500560516202e-09
2898,captured_0054bx,lab,V3MX,24,DD,What is the velocity of the green ball at 1.5s in m/s? ,velocity of the orange ball at 0.5s = 2.21m/s,"t=0.5s, distance_orange_ball_camera = 2.2400m
t=1.0s, distance_orange_ball_camera = 1.8100m
t=1.0s, distance_white_ball_camera = 1.2350m
t=1.0s, distance_green_ball_camera = 1.3310m
t=2.0s, distance_soccer_ball_camera = 3.2540m",9.469333382954508e-10
2899,captured_0054bx,lab,V3MX,24,DD,What is the velocity of the white ball at 1.5s in m/s? ,velocity of the orange ball at 0.5s = 2.21m/s,"t=0.5s, distance_orange_ball_camera = 2.2400m
t=1.0s, distance_orange_ball_camera = 1.8100m
t=1.0s, distance_white_ball_camera = 1.2350m
t=1.0s, distance_green_ball_camera = 1.3310m
t=2.0s, distance_soccer_ball_camera = 3.2540m",1.813804503716621e-09
2900,captured_0054bx,lab,V3MX,24,DS,What is the distance between the orange ball and the soccer ball at 1.0s in meters? ,velocity of the orange ball at 0.5s = 2.21m/s,"t=0.5s, distance_orange_ball_camera = 2.2400m
t=1.0s, distance_orange_ball_camera = 1.8100m
t=1.0s, distance_white_ball_camera = 1.2350m
t=1.0s, distance_green_ball_camera = 1.3310m
t=2.0s, distance_soccer_ball_camera = 3.2540m",1.3320795243549537
2901,captured_0054bx,lab,V3MX,24,DS,What is the distance between the green ball and the white ball at 1.0s in meters? ,velocity of the orange ball at 0.5s = 2.21m/s,"t=0.5s, distance_orange_ball_camera = 2.2400m
t=1.0s, distance_orange_ball_camera = 1.8100m
t=1.0s, distance_white_ball_camera = 1.2350m
t=1.0s, distance_green_ball_camera = 1.3310m
t=2.0s, distance_soccer_ball_camera = 3.2540m",0.1376298778533786
2902,captured_0061,lab,V3MC,24,DS,What is the diameter of the yoga ball in cm? ,velocity of the yoga ball at 0.6s = 2.5104m/s,"t=0.6s, distance_yoga_ball_camera = 2.1330m
t=1.1s, distance_basketball_camera = 2.4200m
t=1.6s, distance_basketball_camera = 1.9015m
t=0.6s, distance_soccer_ball_camera = 1.9370m
t=0.9s, distance_soccer_ball_camera = 1.5850m
",47.30394191994783
2903,captured_0061,lab,V3MC,24,DS,What is the diameter of the soccer ball in cm? ,velocity of the yoga ball at 0.6s = 2.5104m/s,"t=0.6s, distance_yoga_ball_camera = 2.1330m
t=1.1s, distance_basketball_camera = 2.4200m
t=1.6s, distance_basketball_camera = 1.9015m
t=0.6s, distance_soccer_ball_camera = 1.9370m
t=0.9s, distance_soccer_ball_camera = 1.5850m
",19.747163162485585
2904,captured_0061,lab,V3MC,24,DS,What is the distance between the basketball and the yoga ball at 2.0s in meters?,velocity of the yoga ball at 0.6s = 2.5104m/s,"t=0.6s, distance_yoga_ball_camera = 2.1330m
t=1.1s, distance_basketball_camera = 2.4200m
t=1.6s, distance_basketball_camera = 1.9015m
t=0.6s, distance_soccer_ball_camera = 1.9370m
t=0.9s, distance_soccer_ball_camera = 1.5850m
",1.2122867269409574
2905,captured_0061,lab,V3MC,24,DD,What is the velocity of the soccer ball at 0.6s in m/s?,velocity of the yoga ball at 0.6s = 2.5104m/s,"t=0.6s, distance_yoga_ball_camera = 2.1330m
t=1.1s, distance_basketball_camera = 2.4200m
t=1.6s, distance_basketball_camera = 1.9015m
t=0.6s, distance_soccer_ball_camera = 1.9370m
t=0.9s, distance_soccer_ball_camera = 1.5850m
",1.7625421044423202e-09
2906,captured_0061,lab,V3MC,24,DD,What is the velocity of the soccer ball at 0.9s in m/s?,velocity of the yoga ball at 0.6s = 2.5104m/s,"t=0.6s, distance_yoga_ball_camera = 2.1330m
t=1.1s, distance_basketball_camera = 2.4200m
t=1.6s, distance_basketball_camera = 1.9015m
t=0.6s, distance_soccer_ball_camera = 1.9370m
t=0.9s, distance_soccer_ball_camera = 1.5850m
",1.8545594982435838e-09
2907,captured_0061,lab,V3MC,24,DD,What is the velocity of the basketball at 1.1s in m/s?,velocity of the yoga ball at 0.6s = 2.5104m/s,"t=0.6s, distance_yoga_ball_camera = 2.1330m
t=1.1s, distance_basketball_camera = 2.4200m
t=1.6s, distance_basketball_camera = 1.9015m
t=0.6s, distance_soccer_ball_camera = 1.9370m
t=0.9s, distance_soccer_ball_camera = 1.5850m
",4.200012934652304e-09
2908,captured_0061,lab,V3MC,24,DD,What is the velocity of the basketball at 1.6s in m/s?,velocity of the yoga ball at 0.6s = 2.5104m/s,"t=0.6s, distance_yoga_ball_camera = 2.1330m
t=1.1s, distance_basketball_camera = 2.4200m
t=1.6s, distance_basketball_camera = 1.9015m
t=0.6s, distance_soccer_ball_camera = 1.9370m
t=0.9s, distance_soccer_ball_camera = 1.5850m
",1.0941141565950107e-09
2909,captured_0061s,lab,V3MS,24,DS,What is the diameter of the yoga ball in cm? ,velocity of the yoga ball at 0.6s = 2.5104m/s,"t=0.6s, distance_yoga_ball_camera = 2.1330m
t=1.1s, distance_basketball_camera = 2.4200m
t=1.6s, distance_basketball_camera = 1.9015m
t=0.6s, distance_soccer_ball_camera = 1.9370m
t=0.9s, distance_soccer_ball_camera = 1.5850m
",47.55925545116862
2910,captured_0061s,lab,V3MS,24,DS,What is the diameter of the soccer ball in cm? ,velocity of the yoga ball at 0.6s = 2.5104m/s,"t=0.6s, distance_yoga_ball_camera = 2.1330m
t=1.1s, distance_basketball_camera = 2.4200m
t=1.6s, distance_basketball_camera = 1.9015m
t=0.6s, distance_soccer_ball_camera = 1.9370m
t=0.9s, distance_soccer_ball_camera = 1.5850m
",20.403952720258573
2911,captured_0061s,lab,V3MS,24,DS,What is the distance between the basketball and the yoga ball at 2.0s in meters?,velocity of the yoga ball at 0.6s = 2.5104m/s,"t=0.6s, distance_yoga_ball_camera = 2.1330m
t=1.1s, distance_basketball_camera = 2.4200m
t=1.6s, distance_basketball_camera = 1.9015m
t=0.6s, distance_soccer_ball_camera = 1.9370m
t=0.9s, distance_soccer_ball_camera = 1.5850m
",1.1844551085678747
2912,captured_0061s,lab,V3MS,24,DD,What is the velocity of the soccer ball at 0.6s in m/s?,velocity of the yoga ball at 0.6s = 2.5104m/s,"t=0.6s, distance_yoga_ball_camera = 2.1330m
t=1.1s, distance_basketball_camera = 2.4200m
t=1.6s, distance_basketball_camera = 1.9015m
t=0.6s, distance_soccer_ball_camera = 1.9370m
t=0.9s, distance_soccer_ball_camera = 1.5850m
",1.7179061889573596e-09
2913,captured_0061s,lab,V3MS,24,DD,What is the velocity of the soccer ball at 0.9s in m/s?,velocity of the yoga ball at 0.6s = 2.5104m/s,"t=0.6s, distance_yoga_ball_camera = 2.1330m
t=1.1s, distance_basketball_camera = 2.4200m
t=1.6s, distance_basketball_camera = 1.9015m
t=0.6s, distance_soccer_ball_camera = 1.9370m
t=0.9s, distance_soccer_ball_camera = 1.5850m
",1.9540992207967527e-09
2914,captured_0061s,lab,V3MS,24,DD,What is the velocity of the basketball at 1.1s in m/s?,velocity of the yoga ball at 0.6s = 2.5104m/s,"t=0.6s, distance_yoga_ball_camera = 2.1330m
t=1.1s, distance_basketball_camera = 2.4200m
t=1.6s, distance_basketball_camera = 1.9015m
t=0.6s, distance_soccer_ball_camera = 1.9370m
t=0.9s, distance_soccer_ball_camera = 1.5850m
",4.299465063193675e-09
2915,captured_0061s,lab,V3MS,24,DD,What is the velocity of the basketball at 1.6s in m/s?,velocity of the yoga ball at 0.6s = 2.5104m/s,"t=0.6s, distance_yoga_ball_camera = 2.1330m
t=1.1s, distance_basketball_camera = 2.4200m
t=1.6s, distance_basketball_camera = 1.9015m
t=0.6s, distance_soccer_ball_camera = 1.9370m
t=0.9s, distance_soccer_ball_camera = 1.5850m
",1.110038383325099e-09
2916,captured_0061x,lab,V3MX,24,DS,What is the diameter of the yoga ball in cm? ,velocity of the yoga ball at 0.6s = 2.5104m/s,"t=0.6s, distance_yoga_ball_camera = 2.1330m
t=1.1s, distance_basketball_camera = 2.4200m
t=1.6s, distance_basketball_camera = 1.9015m
t=0.6s, distance_soccer_ball_camera = 1.9370m
t=0.9s, distance_soccer_ball_camera = 1.5850m
",47.04896420181111
2917,captured_0061x,lab,V3MX,24,DS,What is the diameter of the soccer ball in cm? ,velocity of the yoga ball at 0.6s = 2.5104m/s,"t=0.6s, distance_yoga_ball_camera = 2.1330m
t=1.1s, distance_basketball_camera = 2.4200m
t=1.6s, distance_basketball_camera = 1.9015m
t=0.6s, distance_soccer_ball_camera = 1.9370m
t=0.9s, distance_soccer_ball_camera = 1.5850m
",20.092491246246546
2918,captured_0061x,lab,V3MX,24,DS,What is the distance between the basketball and the yoga ball at 2.0s in meters?,velocity of the yoga ball at 0.6s = 2.5104m/s,"t=0.6s, distance_yoga_ball_camera = 2.1330m
t=1.1s, distance_basketball_camera = 2.4200m
t=1.6s, distance_basketball_camera = 1.9015m
t=0.6s, distance_soccer_ball_camera = 1.9370m
t=0.9s, distance_soccer_ball_camera = 1.5850m
",1.0400056655742749
2919,captured_0061x,lab,V3MX,24,DD,What is the velocity of the soccer ball at 0.6s in m/s?,velocity of the yoga ball at 0.6s = 2.5104m/s,"t=0.6s, distance_yoga_ball_camera = 2.1330m
t=1.1s, distance_basketball_camera = 2.4200m
t=1.6s, distance_basketball_camera = 1.9015m
t=0.6s, distance_soccer_ball_camera = 1.9370m
t=0.9s, distance_soccer_ball_camera = 1.5850m
",1.7752603856568847e-09
2920,captured_0061x,lab,V3MX,24,DD,What is the velocity of the soccer ball at 0.9s in m/s?,velocity of the yoga ball at 0.6s = 2.5104m/s,"t=0.6s, distance_yoga_ball_camera = 2.1330m
t=1.1s, distance_basketball_camera = 2.4200m
t=1.6s, distance_basketball_camera = 1.9015m
t=0.6s, distance_soccer_ball_camera = 1.9370m
t=0.9s, distance_soccer_ball_camera = 1.5850m
",1.8593867936041702e-09
2921,captured_0061x,lab,V3MX,24,DD,What is the velocity of the basketball at 1.1s in m/s?,velocity of the yoga ball at 0.6s = 2.5104m/s,"t=0.6s, distance_yoga_ball_camera = 2.1330m
t=1.1s, distance_basketball_camera = 2.4200m
t=1.6s, distance_basketball_camera = 1.9015m
t=0.6s, distance_soccer_ball_camera = 1.9370m
t=0.9s, distance_soccer_ball_camera = 1.5850m
",4.280024245187071e-09
2922,captured_0061x,lab,V3MX,24,DD,What is the velocity of the basketball at 1.6s in m/s?,velocity of the yoga ball at 0.6s = 2.5104m/s,"t=0.6s, distance_yoga_ball_camera = 2.1330m
t=1.1s, distance_basketball_camera = 2.4200m
t=1.6s, distance_basketball_camera = 1.9015m
t=0.6s, distance_soccer_ball_camera = 1.9370m
t=0.9s, distance_soccer_ball_camera = 1.5850m
",1.093885562717367e-09
2923,captured_0062,lab,V3MC,24,DS,What is the length of the whiteboard in cm? ,velocity of the whiteboard at 1.4s = 1.9339m/s,"t=1.4s, distance_white_board_camera = 2.8150m
distance_blue_shopping_bag_camera = 3.3070m
distance_white_box_camera = 2.0820m
distance_trashbin_camera = 2.3030m
distance_mario_toy_camera = 2.0160m",83.57014660309828
2924,captured_0062,lab,V3MC,24,DS,What is the width of the whiteboard in cm? ,velocity of the whiteboard at 1.4s = 1.9339m/s,"t=1.4s, distance_white_board_camera = 2.8150m
distance_blue_shopping_bag_camera = 3.3070m
distance_white_box_camera = 2.0820m
distance_trashbin_camera = 2.3030m
distance_mario_toy_camera = 2.0160m",46.261476900789646
2925,captured_0062,lab,V3MC,24,DS,What is the length of the blue shoppingbag in cm? ,velocity of the whiteboard at 1.4s = 1.9339m/s,"t=1.4s, distance_white_board_camera = 2.8150m
distance_blue_shopping_bag_camera = 3.3070m
distance_white_box_camera = 2.0820m
distance_trashbin_camera = 2.3030m
distance_mario_toy_camera = 2.0160m",51.67169119867299
2926,captured_0062,lab,V3MC,24,DS,What is the width of the blue shoppingbag in cm? ,velocity of the whiteboard at 1.4s = 1.9339m/s,"t=1.4s, distance_white_board_camera = 2.8150m
distance_blue_shopping_bag_camera = 3.3070m
distance_white_box_camera = 2.0820m
distance_trashbin_camera = 2.3030m
distance_mario_toy_camera = 2.0160m",12.034611317639092
2927,captured_0062,lab,V3MC,24,DS,What is the length of the white box in cm? ,velocity of the whiteboard at 1.4s = 1.9339m/s,"t=1.4s, distance_white_board_camera = 2.8150m
distance_blue_shopping_bag_camera = 3.3070m
distance_white_box_camera = 2.0820m
distance_trashbin_camera = 2.3030m
distance_mario_toy_camera = 2.0160m",18.672619348758808
2928,captured_0062,lab,V3MC,24,DS,What is the width of the white box in cm? ,velocity of the whiteboard at 1.4s = 1.9339m/s,"t=1.4s, distance_white_board_camera = 2.8150m
distance_blue_shopping_bag_camera = 3.3070m
distance_white_box_camera = 2.0820m
distance_trashbin_camera = 2.3030m
distance_mario_toy_camera = 2.0160m",6.647379580045326
2929,captured_0062,lab,V3MC,24,DS,What is the height of the mario toy in cm? ,velocity of the whiteboard at 1.4s = 1.9339m/s,"t=1.4s, distance_white_board_camera = 2.8150m
distance_blue_shopping_bag_camera = 3.3070m
distance_white_box_camera = 2.0820m
distance_trashbin_camera = 2.3030m
distance_mario_toy_camera = 2.0160m",28.590857863547907
2930,captured_0062,lab,V3MC,24,DS,What is the height of the trashbin in cm? ,velocity of the whiteboard at 1.4s = 1.9339m/s,"t=1.4s, distance_white_board_camera = 2.8150m
distance_blue_shopping_bag_camera = 3.3070m
distance_white_box_camera = 2.0820m
distance_trashbin_camera = 2.3030m
distance_mario_toy_camera = 2.0160m",27.15050959352529
2931,captured_0062s,lab,V3MS,24,DS,What is the length of the whiteboard in cm? ,velocity of the whiteboard at 1.4s = 1.9339m/s,"t=1.4s, distance_white_board_camera = 2.8150m
distance_blue_shopping_bag_camera = 3.3070m
distance_white_box_camera = 2.0820m
distance_trashbin_camera = 2.3030m
distance_mario_toy_camera = 2.0160m",97.09569819179944
2932,captured_0062s,lab,V3MS,24,DS,What is the width of the whiteboard in cm? ,velocity of the whiteboard at 1.4s = 1.9339m/s,"t=1.4s, distance_white_board_camera = 2.8150m
distance_blue_shopping_bag_camera = 3.3070m
distance_white_box_camera = 2.0820m
distance_trashbin_camera = 2.3030m
distance_mario_toy_camera = 2.0160m",48.01315585976788
2933,captured_0062s,lab,V3MS,24,DS,What is the length of the blue shoppingbag in cm? ,velocity of the whiteboard at 1.4s = 1.9339m/s,"t=1.4s, distance_white_board_camera = 2.8150m
distance_blue_shopping_bag_camera = 3.3070m
distance_white_box_camera = 2.0820m
distance_trashbin_camera = 2.3030m
distance_mario_toy_camera = 2.0160m",56.79187379292516
2934,captured_0062s,lab,V3MS,24,DS,What is the width of the blue shoppingbag in cm? ,velocity of the whiteboard at 1.4s = 1.9339m/s,"t=1.4s, distance_white_board_camera = 2.8150m
distance_blue_shopping_bag_camera = 3.3070m
distance_white_box_camera = 2.0820m
distance_trashbin_camera = 2.3030m
distance_mario_toy_camera = 2.0160m",30.02727642199627
2935,captured_0062s,lab,V3MS,24,DS,What is the length of the white box in cm? ,velocity of the whiteboard at 1.4s = 1.9339m/s,"t=1.4s, distance_white_board_camera = 2.8150m
distance_blue_shopping_bag_camera = 3.3070m
distance_white_box_camera = 2.0820m
distance_trashbin_camera = 2.3030m
distance_mario_toy_camera = 2.0160m",18.30366660159948
2936,captured_0062s,lab,V3MS,24,DS,What is the width of the white box in cm? ,velocity of the whiteboard at 1.4s = 1.9339m/s,"t=1.4s, distance_white_board_camera = 2.8150m
distance_blue_shopping_bag_camera = 3.3070m
distance_white_box_camera = 2.0820m
distance_trashbin_camera = 2.3030m
distance_mario_toy_camera = 2.0160m",7.929106031018476
2937,captured_0062s,lab,V3MS,24,DS,What is the height of the mario toy in cm? ,velocity of the whiteboard at 1.4s = 1.9339m/s,"t=1.4s, distance_white_board_camera = 2.8150m
distance_blue_shopping_bag_camera = 3.3070m
distance_white_box_camera = 2.0820m
distance_trashbin_camera = 2.3030m
distance_mario_toy_camera = 2.0160m",32.112345838323954
2938,captured_0062s,lab,V3MS,24,DS,What is the height of the trashbin in cm? ,velocity of the whiteboard at 1.4s = 1.9339m/s,"t=1.4s, distance_white_board_camera = 2.8150m
distance_blue_shopping_bag_camera = 3.3070m
distance_white_box_camera = 2.0820m
distance_trashbin_camera = 2.3030m
distance_mario_toy_camera = 2.0160m",28.52109082061329
2939,captured_0062x,lab,V3MX,24,DS,What is the length of the whiteboard in cm? ,velocity of the whiteboard at 1.4s = 1.9339m/s,"t=1.4s, distance_white_board_camera = 2.8150m
distance_blue_shopping_bag_camera = 3.3070m
distance_white_box_camera = 2.0820m
distance_trashbin_camera = 2.3030m
distance_mario_toy_camera = 2.0160m",95.98225016643757
2940,captured_0062x,lab,V3MX,24,DS,What is the width of the whiteboard in cm? ,velocity of the whiteboard at 1.4s = 1.9339m/s,"t=1.4s, distance_white_board_camera = 2.8150m
distance_blue_shopping_bag_camera = 3.3070m
distance_white_box_camera = 2.0820m
distance_trashbin_camera = 2.3030m
distance_mario_toy_camera = 2.0160m",48.03603352254811
2941,captured_0062x,lab,V3MX,24,DS,What is the length of the blue shoppingbag in cm? ,velocity of the whiteboard at 1.4s = 1.9339m/s,"t=1.4s, distance_white_board_camera = 2.8150m
distance_blue_shopping_bag_camera = 3.3070m
distance_white_box_camera = 2.0820m
distance_trashbin_camera = 2.3030m
distance_mario_toy_camera = 2.0160m",59.23252079378706
2942,captured_0062x,lab,V3MX,24,DS,What is the width of the blue shoppingbag in cm? ,velocity of the whiteboard at 1.4s = 1.9339m/s,"t=1.4s, distance_white_board_camera = 2.8150m
distance_blue_shopping_bag_camera = 3.3070m
distance_white_box_camera = 2.0820m
distance_trashbin_camera = 2.3030m
distance_mario_toy_camera = 2.0160m",21.16254889896787
2943,captured_0062x,lab,V3MX,24,DS,What is the length of the white box in cm? ,velocity of the whiteboard at 1.4s = 1.9339m/s,"t=1.4s, distance_white_board_camera = 2.8150m
distance_blue_shopping_bag_camera = 3.3070m
distance_white_box_camera = 2.0820m
distance_trashbin_camera = 2.3030m
distance_mario_toy_camera = 2.0160m",18.41863948440769
2944,captured_0062x,lab,V3MX,24,DS,What is the width of the white box in cm? ,velocity of the whiteboard at 1.4s = 1.9339m/s,"t=1.4s, distance_white_board_camera = 2.8150m
distance_blue_shopping_bag_camera = 3.3070m
distance_white_box_camera = 2.0820m
distance_trashbin_camera = 2.3030m
distance_mario_toy_camera = 2.0160m",8.350751765692833
2945,captured_0062x,lab,V3MX,24,DS,What is the height of the mario toy in cm? ,velocity of the whiteboard at 1.4s = 1.9339m/s,"t=1.4s, distance_white_board_camera = 2.8150m
distance_blue_shopping_bag_camera = 3.3070m
distance_white_box_camera = 2.0820m
distance_trashbin_camera = 2.3030m
distance_mario_toy_camera = 2.0160m",31.88914210183351
2946,captured_0062x,lab,V3MX,24,DS,What is the height of the trashbin in cm? ,velocity of the whiteboard at 1.4s = 1.9339m/s,"t=1.4s, distance_white_board_camera = 2.8150m
distance_blue_shopping_bag_camera = 3.3070m
distance_white_box_camera = 2.0820m
distance_trashbin_camera = 2.3030m
distance_mario_toy_camera = 2.0160m",28.54239482558044
2947,internet_0001_segmented,segmentation,S2SC,30,SS,What is the length of the black car in meters? ,lane width = 3.66m,,5.696197183098592
2948,internet_0001_segmented,segmentation,S2SC,30,SS,What is the width of the black car in meters? ,lane width = 3.66m,,2.268169014084505
2949,internet_0001_segmented,segmentation,S2SC,30,SD,What is the speed of the black car in m/s? ,lane width = 3.66m,,3.573688426255921e-08
2950,internet_0002_segmented,segmentation,S2SC,30,SS,What is the length of the red car in meters? ,lane width = 3.66m,,6.116138501444806
2951,internet_0002_segmented,segmentation,S2SC,30,SS,What is the width of the red car in meters? ,lane width = 3.66m,,2.356217291540213
2952,internet_0002_segmented,segmentation,S2SC,30,SD,What is the speed of the red car in m/s? ,lane width = 3.66m,,2.913278102606176e-08
2953,internet_0003_segmented,segmentation,S2MC,30,SS,What is the diameter of the pizza in cm? ,money width = 7.5cm,,21.93542082186533
2954,internet_0003_segmented,segmentation,S2MC,30,SS,What is the diameter of the wine glass in cm? ,money width = 7.5cm,,7.1482841016941325
2955,internet_0003_segmented,segmentation,S2MC,30,SD,What is the velocity of the pizza cutter in cm/s at 0.2s? ,money width = 7.5cm,,2.0022775402457677e-08
2956,internet_0003_segmented,segmentation,S2MC,30,SS,What is the diameter of a pepperoni on the pizza in cm? ,money width = 7.5cm,,2.6630862339644787
2957,internet_0005_segmented,segmentation,V2MC,30,DS,What is the distance between the two black road signs in meters? ,walking velocity = 1.4m/s,,4.278085490101685
2958,internet_0005_segmented,segmentation,V2MC,30,DS,What is the height of the woman in yellow in meters? ,walking velocity = 1.4m/s,,1.5278876750363155
2959,internet_0005_segmented,segmentation,V2MC,30,DS,What is the length of the light right above the woman's head in meters? ,walking velocity = 1.4m/s,,1.0797072903589973
2960,internet_0005_segmented,segmentation,V2MC,30,DS,What is the side length of the floor tiles in meters? ,walking velocity = 1.4m/s,,1.0797072903589973
2961,internet_0008_segmented,segmentation,S2MC,30,SD,What is the average speed of the sailboat in m/s? ,sailboat length = 12m,,5.209311955096742e-09
2962,internet_0008_segmented,segmentation,S2MC,30,SD,What is the average speed of the speedboat in m/s? ,sailboat length = 12m,,3.3386067030319826e-08
2963,internet_0008_segmented,segmentation,S2MC,30,SS,What is the length of the speedboat in meters? ,sailboat length = 12m,,5.034482758620686e-09
2964,internet_0010_segmented,segmentation,S2MC,30,SS,How tall is the shooter in cm? ,basketball size = 24cm,,180.5750813373752
2965,internet_0010_segmented,segmentation,S2MC,30,SD,What is the velocity of the ball at 2.00s in cm/s? ,basketball size = 24cm,,4.962414923442373e-07
2966,internet_0017_segmented,segmentation,S2MS,30,SS,What is the diameter of the round container in cm? ,credit card width = 5.4cm,,10.68555503444748
2967,internet_0017_segmented,segmentation,S2MS,30,SS,What is the length of the keyboard in cm? ,credit card width = 5.4cm,,28.92827743550264
2968,internet_0017_segmented,segmentation,S2MS,30,SS,What is the width of the keyboard in cm? ,credit card width = 5.4cm,,12.208949080967855
2969,internet_0017_segmented,segmentation,S2MS,30,SS,What is the length of the pen in cm? ,credit card width = 5.4cm,,14.87166622425229
2970,internet_0017_segmented,segmentation,S2MS,30,SD,What is moving speed of the user's (middle) fingertip at 0.4s in cm/s? ,credit card width = 5.4cm,,3.297700719854864e-08
2971,internet_0019_segmented,segmentation,A2MC,30,DS,What is the size of the ball in cm? ,gravity acc = 9.8m/s,,21.194643173154752
2972,internet_0019_segmented,segmentation,A2MC,30,DS,What is the height of the person standing in the middle in cm? ,gravity acc = 9.8m/s,,171.35977869272517
2973,internet_0019_segmented,segmentation,A2MC,30,DS,What is the height of the person on the left (the passer) in cm? ,gravity acc = 9.8m/s,,146.76642131371798
2974,internet_0019_segmented,segmentation,A2MC,30,DS,What is the height of the person on the right (the receiver) in cm? ,gravity acc = 9.8m/s,,171.3233656496679
2975,internet_0019_segmented,segmentation,A2MC,30,DS,What is the initial distance between the passer and the receiver in meters?,gravity acc = 9.8m/s,,4.3978884584296205
2976,internet_0019_segmented,segmentation,A2MC,30,DD,What is the velocity of the ball at 1.00s in m/s? ,gravity acc = 9.8m/s,,3.538444029490118e-09
2977,internet_0019_segmented,segmentation,A2MC,30,DD,What is the (average) horizontal velocity of the ball in m/s? ,gravity acc = 9.8m/s,,1.9601423810601888e-09
2978,internet_0021_segmented,segmentation,S2SS,30,SD,What is the average speed of the airplane in m/s? ,length of the airplane = 40m,,7.079472537776314e-08
2979,internet_0021_segmented,segmentation,S2SS,30,SS,What is the distance between the airplane and the roof top at 0s in meters?,length of the airplane = 40m,,63.33520697724257
2980,internet_0021_segmented,segmentation,S2SS,30,SS,What is the the displacement of the airplane from 0s to 2.00s in meters? ,length of the airplane = 40m,,1.3429294393568998e-07
2981,internet_0025_segmented,segmentation,S2SC,30,SS,What is the length of the canoe in meters? ,height of the boatman = 1.75m,,10.942412896614726
2982,internet_0025_segmented,segmentation,S2SC,30,SD,What is the average speed of the canoe in m/s?,height of the boatman = 1.75m,,7.266824232964937e-10
2983,internet_0025_segmented,segmentation,S2SC,30,SS,What is the displacement of the canoe in the first 5 seconds in meters?,height of the boatman = 1.75m,,3.4334109865534264e-09
2984,internet_0026_segmented,segmentation,S2MC,30,SS,What is the sitting height of the baby in cm?,total height of the sofa = 90 cm,,38.0
2985,internet_0026_segmented,segmentation,S2MC,30,SS,What is the distance between the baby and the man in meters? ,total height of the sofa = 90 cm,,1.42
2986,internet_0026_segmented,segmentation,S2MC,30,SS,What is the length of the toy truck in cm?,total height of the sofa = 90 cm,,41.0
2987,internet_0026_segmented,segmentation,S2MC,30,SS,What is the height of the toy truck in cm?,total height of the sofa = 90 cm,,34.0
2988,internet_0026_segmented,segmentation,S2MC,30,SD,What is the speed of the toy truck at 0.50s in cm/s? ,total height of the sofa = 90 cm,,4.5000000000000006e-08
2989,internet_0026_segmented,segmentation,S2MC,30,SD,What is the average speed of the toy truck in cm/s? ,total height of the sofa = 90 cm,,4.2000000000000006e-08
2990,internet_0027_segmented,segmentation,S2MS,30,SS,What is the initial distance between the black ball and the purple ball in cm? ,diameter of billiard balls = 57.2 mm,,14.631654041836834
2991,internet_0027_segmented,segmentation,S2MS,30,SD,What is the white ball's average velocity in 1.00s to 2.00s in cm/s? ,diameter of billiard balls = 57.2 mm,,2.6722328139468856e-08
2992,internet_0027_segmented,segmentation,S2MS,30,SD,What is the velocity of the orange ball at 1.00s in cm/s? ,diameter of billiard balls = 57.2 mm,,2.4841464085671668e-08
2993,internet_0027_segmented,segmentation,S2MS,30,SS,What is the final distance between the purple ball and the black ball in cm? ,diameter of billiard balls = 57.2 mm,,17.81049129024801
2994,internet_0027_segmented,segmentation,S2MS,30,SD,What is the acceleration of the yellow balloon the left at 2.00s in cm/s^2? ,diameter of billiard balls = 57.2 mm,,5.235313477735218e-09
2995,internet_0028,internet,V2MC,24,DS,What is the length of the blue and grey bag in meters?,velocity of the conveyer belt = 0.5 m/s,,0.7259894352498423
2996,internet_0028,internet,V2MC,24,DS,What is the length of the orange suitcase in meters?,velocity of the conveyer belt = 0.5 m/s,,0.6043460260681183
2997,internet_0029,internet,A2SS,50,DS,What is the diameter of the ball in cm? ,gravity acceleration = 9.8 m/s^2,,6.979085499066399
2998,internet_0029,internet,A2SS,50,DD,What is the velocity of the ball at 0.20s in m/s? ,gravity acceleration = 9.8 m/s^2,,1.3316325051146081e-09
2999,internet_0029,internet,A2SS,50,DD,What is the velocity of the ball at 0.40s in m/s? ,gravity acceleration = 9.8 m/s^2,,3.290302660182989e-09
3000,internet_0029,internet,A2SS,50,DS,What is the distance of the ball from the desk at 0.40s in meters? ,gravity acceleration = 9.8 m/s^2,,0.3152621380612753
3001,internet_0029,internet,A2SS,50,DS,What is the distance of the ball from the desk at 0.30s in meters? ,gravity acceleration = 9.8 m/s^2,,0.5787827801811962
3002,internet_0029,internet,A2SS,50,DS,What is the displacement of the ball from 0.30s to 0.40s in meters? ,gravity acceleration = 9.8 m/s^2,,2.6803248068801325e-10
3003,internet_0030,internet,S2SC,30,SS,What is the boat's moving distance between 0.5s to 1.0s in meters? ,length of the speedboat = 3.2 m,,3.2209667491013287
3004,internet_0030,internet,S2SC,30,SS,What is the boat's moving distance between 0.5s to 1.37s in meters? ,length of the speedboat = 3.2 m,,5.554447861794472
3005,internet_0030,internet,S2SC,30,SD,What is the speed of the boat between 0.5s to 1s in m/s? ,length of the speedboat = 3.2 m,,6.441933498202657e-09
3006,internet_0030,internet,S2SC,30,SD,What is the speed of the boat between 0.5s to 1.37s in m/s? ,length of the speedboat = 3.2 m,,6.384566192376781e-09
3007,internet_0030,internet,S2SC,30,SD,What is the average acceleration of the boat over 0.5 s to 1.37 s in m/s^2?,length of the speedboat = 3.2 m,,6.423624374863625e-10
3008,internet_0031,internet,S2MS,30,SS,What is the distance traveled by the player in white shirt from 0.5 to 5.53 in meters?,length of the goal frame = 7.32m,,1.138486658734965e-08
3009,internet_0031,internet,S2MS,30,SS,What is the distance traveled by the player in black shirt from 0.5s to 5.53s in meters?,length of the goal frame = 7.32m,,2.8877872317398763e-09
3010,internet_0031,internet,S2MS,30,SD,What is the speed of the player in white shirt from 0.5 to 5.53 in m/s?,length of the goal frame = 7.32m,,2.206541488178246e-09
3011,internet_0031,internet,S2MS,30,SD,What is the speed of the player in black shirt from 0.5 to 5.53 in m/s?,length of the goal frame = 7.32m,,5.063903617705302e-10
3012,internet_0031,internet,S2MS,30,SD,What is the width of football pitch in meters?,length of the goal frame = 7.32m,,61.19329193800432
3013,internet_0032,internet,S2SC,30,SS,What is the distance traveled by the boat from 0s to 2s in meters?,length of the boat = 3.5 m,,1.1708612530032804e-09
3014,internet_0032,internet,S2SC,30,SS,What is the distance traveled by the boat from 2s to 4.5s in meters?,length of the boat = 3.5 m,,1.620286562174901e-09
3015,internet_0032,internet,S2SC,30,SS,What is the distance traveled by the boat from 4.5s to 7s in meters?,length of the boat = 3.5 m,,1.7272112780393255e-09
3016,internet_0032,internet,S2SC,30,SD,What is the average speed of the boat from 0s to 2s in m/s?,length of the boat = 3.5 m,,5.854306265016402e-10
3017,internet_0032,internet,S2SC,30,SD,What is the average speed of the boat from 2s to 4.5s in m/s?,length of the boat = 3.5 m,,6.481146248699604e-10
3018,internet_0032,internet,S2SC,30,SD,What is the average speed of the boat from 4.5s to 7s in m/s?,length of the boat = 3.5 m,,6.908845112157301e-10
3019,internet_0032,internet,S2SC,30,SD,What is the acceleration of the boat from 0s-2s to 2s-4.5s in m/s^2?,length of the boat = 3.5 m,,2.3225161246749497e-11
3020,internet_0032,internet,S2SC,30,SD,What is the acceleration of the boat from 2s-4.5s to 4.5s-7s in m/s^2?,length of the boat = 3.5 m,,1.3914176181962298e-11
3021,internet_0032,internet,S2SC,30,SD,What is the acceleration of the boat over 0-7s in m/s^2?,length of the boat = 3.5 m,,1.7879092008208898e-11
3022,internet_0033,internet,S2MC,25,SD,What is the speed of the plate of tomatoes from 0s to 0.52s in m/s?,size of the fork = 20.3 cm,,6.747496413999586e-10
3023,internet_0033,internet,S2MC,25,SD,What is the speed of the plate of tomatoes from 1s to 1.6s in m/s?,size of the fork = 20.3 cm,,2.8539800861664025e-10
3024,internet_0033,internet,S2MC,25,SS,What is the size of avocado in cm?,size of the fork = 20.3 cm,,10.707858940884696
3025,internet_0033,internet,S2MC,25,SS,What is the size of baguette in cm?,size of the fork = 20.3 cm,,45.41170626187607
3026,internet_0034,internet,S2SC,30,SS,What is the displacement of toilet paper roll from 0.5s to 1.73s in cm? ,size of toilet paper roll = 100 mm,,1.2622092432379638e-08
3027,internet_0034,internet,S2SC,30,SD,What is the speed of toilet paper roll over 0.5s to 1.73s in cm/s?,size of toilet paper roll = 100 mm,,1.0261863766162303e-08
3028,internet_0034,internet,S2SC,30,SS,What is the width of thumbnail in cm?,size of toilet paper roll = 100 mm,,0.909090909090908
3029,internet_0035,internet,S2SC,30,SD,What is the speed of the toilet paper core from 0s to 0.83s in cm/s?,size of toilet paper core = 100 mm,,1.2077687737669276e-08
3030,internet_0035,internet,S2SC,30,SS,What is the width of thumbnail in cm?,size of toilet paper core = 100 mm,,1.3309983746835488
3031,internet_0035,internet,S2SC,30,SS,What is the displacement of toilet paper core from rom start to 0.83s in cm?,size of toilet paper core = 100 mm,,1.00244808222655e-08
3032,internet_0036,internet,S2SS,25,SS,What is the length of the US one-dollar bill in mm?,width of US one-dollar bill = 66.3 mm,,154.6285992115726
3033,internet_0036,internet,S2SS,25,SD,What is the speed of the bottom hand moves between 0s to 1.4s in m/s?,width of US one-dollar bill = 66.3 mm,,2.0494148300875592e-10
3034,internet_0036,internet,S2SS,25,SD,What is the speed of the bottom hand moves between 1.72s to 2.6s in m/s?,width of US one-dollar bill = 66.3 mm,,3.174921157908517e-10
3035,internet_0036,internet,S2SS,25,SD,What is the speed of the top hand moves between 1.4s to 2.2s in m/s?,width of US one-dollar bill = 66.3 mm,,2.7432540310201783e-10
3036,internet_0037,internet,S2SC,24,SD,What is the speed of the swimming woman between 0s to 2.07s in m/s?,height of the swimming woman = 1.63 m,,4.6475502325115177e-10
3037,internet_0037,internet,S2SC,24,SD,What is the speed of the swimming woman between 2.07s to 5.20s in m/s?,height of the swimming woman = 1.63 m,,4.038945618472917e-10
3038,internet_0037,internet,S2SC,24,SD,What is the speed of the swimming woman between 0s to 5.20s in m/s?,height of the swimming woman = 1.63 m,,4.2804853030560814e-10
3039,internet_0037,internet,S2SC,24,SD,What is the acceleration of the swimming woman between 0s to 5.20s in m/s^2?,height of the swimming woman = 1.63 m,,2.0864100971863e-11
3040,internet_0037,internet,S2SC,24,SS,What is the width of the swimming pool in meters?,height of the swimming woman = 1.63 m,,4.057486604649247
3041,internet_0038,internet,S2MS,26,SS,What is the length of the Apple Magic Mouse in cm? ,width of the Apple Magic Mouse = 5.71 cm,,10.92347826086956
3042,internet_0038,internet,S2MS,26,SS,What is the length of the MacBook in cm? ,width of the Apple Magic Mouse = 5.71 cm,,35.50130434782607
3043,internet_0038,internet,S2MS,26,SS,What is the width of the MacBook in cm? ,width of the Apple Magic Mouse = 5.71 cm,,24.70195652173912
3044,internet_0038,internet,S2MS,26,SS,What is the length of the spacebar in cm? ,width of the Apple Magic Mouse = 5.71 cm,,9.061521739130434
3045,internet_0038,internet,S2MS,26,SD,What is the speed of the right hand moves between 0s to 0.54s in m/s?,width of the Apple Magic Mouse = 5.71 cm,,4.5074398204722837e-10
3046,internet_0039,internet,S2SC,25,SD,What is the speed of the swimming man between 0s to 1s in m/s?,height of the swimming man = 1.68 m,,7.55613832891103e-10
3047,internet_0039,internet,S2SC,25,SD,What is the speed of the swimming man between 1 to 2.33s in m/s?,height of the swimming man = 1.68 m,,7.416099662278628e-10
3048,internet_0039,internet,S2SC,25,SD,What is the speed of the swimming man between 0s to 2.33s in m/s?,height of the swimming man = 1.68 m,,7.453096658915425e-10
3049,internet_0039,internet,S2SC,25,SD,What is the acceleration of the swimming man between 0s to 2.33s in m/s^2?,height of the swimming man = 1.68 m,,7.882240930715741e-11
3050,internet_0039,internet,S2SC,25,SS,What is the distance between the two lane ropes in meters?,height of the swimming man = 1.68 m,,2.1513158048921825
3051,internet_0040,internet,S2SS,30,SS,What's the length of the credit card in cm?,width of credit card = 83.98 mm,,5.6576
3052,internet_0040,internet,S2SS,30,SS,What is the displacement of credit card from rom start to 0.73s in cm?,width of credit card = 83.98 mm,,1.2779719344266489e-08
3053,internet_0040,internet,S2SS,30,SD,What is the speed of credit card from rom start to 0.73s in cm/s?,width of credit card = 83.98 mm,,1.7506464855159574e-08
3054,internet_0041,internet,S2MC,24,SS,What is the displacement of the middle duck in cm?,size of the middle duck = 66 cm,,8.627974340739015e-08
3055,internet_0041,internet,S2MC,24,SD,What is the average speed of the middle duck in cm/s?,size of the middle duck = 66 cm,,4.067407683627829e-08
3056,internet_0041,internet,S2MC,24,SS,What is the distance between the pillars of the arches on the ground in cm?,size of the middle duck = 66 cm,,203.6896551724141
3057,internet_0041,internet,S2MC,24,SS,What is the height of the arches on the ground in cm?,size of the middle duck = 66 cm,,284.4827586206902
3058,internet_0041,internet,S2MC,24,SS,What is the distance between the pillars of the arches on the second floor in cm?,size of the middle duck = 66 cm,,104.689655172414
3059,internet_0041,internet,S2MC,24,SS,What is the height of the arches on the second floor in cm?,size of the middle duck = 66 cm,,238.96551724137976
3060,internet_0042,internet,S2MS,30,SS,What is the width of the white car in meters?,length of the white car = 4.572 m,,1.765425742574256
3061,internet_0042,internet,S2MS,30,SS,What is the width of the black car in meters?,length of the white car = 4.572 m,,1.674891089108911
3062,internet_0042,internet,S2MS,30,SS,What is the length of the black car in meters?,length of the white car = 4.572 m,,4.526732673267325
3063,internet_0042,internet,S2MS,30,SS,What is the width of the road in meters?,length of the white car = 4.572 m,,13.625465346534654
3064,internet_0042,internet,S2MS,30,SS,What is the width of the bridge in meters?,length of the white car = 4.572 m,,15.7530297029703
3065,internet_0042,internet,S2MS,30,SD,What is the average speed of the white car in m/s?,length of the white car = 4.572 m,,9.474794015409391e-09
3066,internet_0043,internet,V2MS,30,DS,What is the diameter of the white ball in cm? ,velocity of the white ball at 1.0s = 33.38 cm/s,,2.0907017395974847
3067,internet_0043,internet,V2MS,30,DS,What is the height of the kettle in cm? ,velocity of the white ball at 1.0s = 33.38 cm/s,,6.932326820770607
3068,internet_0043,internet,V2MS,30,DS,What is the height of the white cylinder in cm? ,velocity of the white ball at 1.0s = 33.38 cm/s,,4.841625081173121
3069,internet_0043,internet,V2MS,30,DS,What is the height of the green bottle in cm? ,velocity of the white ball at 1.0s = 33.38 cm/s,,12.59922890441642
3070,internet_0043,internet,V2MS,30,DS,What is the height of the plastic bottle in cm? ,velocity of the white ball at 1.0s = 33.38 cm/s,,9.518194761851706
3071,internet_0043,internet,V2MS,30,DS,What is the height of the plate in cm? ,velocity of the white ball at 1.0s = 33.38 cm/s,,4.236421946026481
3072,internet_0043,internet,V2MS,30,DS,What is the distance between the kettle and the plate in cm? ,velocity of the white ball at 1.0s = 33.38 cm/s,,25.08775726646444
3073,internet_0043,internet,V2MS,30,DS,What is the distance between the cylinder and the plastic bottle in cm? ,velocity of the white ball at 1.0s = 33.38 cm/s,,10.207371397941545
3074,internet_0044,internet,V2MS,30,DS,What is the diameter of the white ball in cm? ,gravity acceleration = 9.8 m/s^2,,4.230447158301452
3075,internet_0044,internet,V2MS,30,DS,What is the height of the kettle in cm? ,gravity acceleration = 9.8 m/s^2,,16.280811791038932
3076,internet_0044,internet,V2MS,30,DS,What is the height of the white cylinder in cm? ,gravity acceleration = 9.8 m/s^2,,11.281192422137218
3077,internet_0044,internet,V2MS,30,DS,What is the height of the green bottle in cm? ,gravity acceleration = 9.8 m/s^2,,29.356739371243435
3078,internet_0044,internet,V2MS,30,DS,What is the height of the plastic bottle in cm? ,gravity acceleration = 9.8 m/s^2,,22.177798738974293
3079,internet_0044,internet,V2MS,30,DS,What is the height of the plate in cm? ,gravity acceleration = 9.8 m/s^2,,9.358261895636554
3080,internet_0044,internet,V2MS,30,DS,What is the distance between the kettle and the plate in cm? ,gravity acceleration = 9.8 m/s^2,,58.16086966137562
3081,internet_0044,internet,V2MS,30,DS,What is the distance between the cylinder and the plastic bottle in cm? ,gravity acceleration = 9.8 m/s^2,,23.331557054874693
3082,internet_0044,internet,V2MS,30,DS,What is the velocity of the white ball at 1.50s in m/s? ,gravity acceleration = 9.8 m/s^2,,9.912053095702591e-10
3083,internet_0044,internet,V2MS,30,DS,What is the velocity of the white ball at 2.50s in m/s? ,gravity acceleration = 9.8 m/s^2,,3.497239274360779e-10
3084,internet_0045,internet,V2MS,30,DS,What is the diameter of the rolling cylinder in cm? ,velocity of the rolling cylinder = 107.3 cm/s,,12.783845187721818
3085,internet_0045,internet,V2MS,30,DS,What is the height of the green bottle in cm? ,velocity of the rolling cylinder = 107.3 cm/s,,34.61158085399151
3086,internet_0045,internet,V2MS,30,DS,What is the height of the plastic bottle in cm? ,velocity of the rolling cylinder = 107.3 cm/s,,25.839687081565376
3087,internet_0045,internet,V2MS,30,DS,What is the height of the plate in cm? ,velocity of the rolling cylinder = 107.3 cm/s,,11.083865774460936
3088,internet_0045,internet,V2MS,30,DS,What is the distance between the two bottles in cm? ,velocity of the rolling cylinder = 107.3 cm/s,,14.551823777513135
3089,internet_0045,internet,V2MS,30,DS,What is the distance between the kettle and the plate in cm? ,velocity of the rolling cylinder = 107.3 cm/s,,59.83927534678298
3090,internet_0046,internet,S2SS,30,SD,What is the velocity of the cup at 1.00s in m/s?,height of the cup = 10.5 cm,,5.70256001665694e-10
3091,internet_0046,internet,S2SS,30,SD,What is the velocity of the cup at 1.10s in m/s?,height of the cup = 10.5 cm,,6.327477509158425e-10
3092,internet_0046,internet,S2SS,30,SD,What is the velocity of the cup at 1.20s in m/s?,height of the cup = 10.5 cm,,6.775307346445398e-10
3093,internet_0046,internet,S2SS,30,SS,What is the displacement of the cup between 1.00s and 1.10s in cm? ,height of the cup = 10.5 cm,,6.029732113638811e-09
3094,internet_0046,internet,S2SS,30,SS,What is the displacement of the cup between 1.10s and 1.30s in cm? ,height of the cup = 10.5 cm,,1.3491541121860984e-08
3095,internet_0046,internet,S2SS,30,SD,What is the acceleration of the cup at 1.10s in m/s^2?,height of the cup = 10.5 cm,,5.368787495241593e-10
3096,internet_0047,internet,V2SS,30,DS,What is the diameter of the rolling ball in cm? ,velocity of the rolling ball at 0.5s = 2.94m/s,,27.788823155947096
3097,internet_0047,internet,V2SS,30,DS,What is distance between the two vertical red lines in meters? ,velocity of the rolling ball at 0.5s = 2.94m/s,,1.882692768815416
3098,internet_0047,internet,V2SS,30,DS,What is distance between the ball and the white line in meters? ,velocity of the rolling ball at 0.5s = 2.94m/s,,1.3644312169570023
3099,internet_0047,internet,V2SS,30,DS,What is displacement of the ball between 0.10s and 0.30s in meters? ,velocity of the rolling ball at 0.5s = 2.94m/s,,5.824617675717196e-10
3100,internet_0047,internet,V2SS,30,DS,What is distance between the red vertical line on the left and the white line in meters? ,velocity of the rolling ball at 0.5s = 2.94m/s,,1.1893616310745356
3101,internet_0047,internet,V2SS,30,DS,What is width of the lines on the floor in cm? ,velocity of the rolling ball at 0.5s = 2.94m/s,,3.890435241832594
3102,internet_0048,internet,A2SS,30,DS,What is the diameter of the ball in cm? ,gravity acceleration = 9.8 m/s^2,,22.70111965396575
3103,internet_0048,internet,A2SS,30,DS,What is the width of a single piece wall pad in cm? ,gravity acceleration = 9.8 m/s^2,,56.3105695312657
3104,internet_0048,internet,A2SS,30,DS,What is the height of the height of the wall pads in cm? ,gravity acceleration = 9.8 m/s^2,,165.68869150037344
3105,internet_0048,internet,A2SS,30,DS,What is the distance between the ball and the floor at 1.50s in meters?,gravity acceleration = 9.8 m/s^2,,1.3916535275948023
3106,internet_0048,internet,A2SS,30,DS,What is the displacement of the ball between 1.20s and 1.80s in meters? ,gravity acceleration = 9.8 m/s^2,,3.069847224189268e-09
3107,internet_0048,internet,A2SS,30,DD,What is the velocity of the ball at 1.50s in m/s?,gravity acceleration = 9.8 m/s^2,,5.044757213796145e-09
3108,internet_0048,internet,A2SS,30,DS,What is the height of the walking person in meters?,gravity acceleration = 9.8 m/s^2,,1.8455715458938389
3109,internet_0048,internet,A2SS,30,DD,What is the average walking speed of the walking person between 2.50s and 3.50s in m/s?,gravity acceleration = 9.8 m/s^2,,1.4161970034018272e-09
3110,internet_0049,internet,V2MC,30,DS,What is the height of the person riding scooter in meters?,average speed of the person riding scooter = 3.8 m/s,,1.582793502209293
3111,internet_0049,internet,V2MC,30,DS,What is the height of the gray table in meters?,average speed of the person riding scooter = 3.8 m/s,,0.9247782260099248
3112,internet_0049,internet,V2MC,30,DS,What is the height of the gray chairs in meters?,average speed of the person riding scooter = 3.8 m/s,,0.5868784895832215
3113,internet_0049,internet,V2MC,30,DS,What is the height of the brown table in meters?,average speed of the person riding scooter = 3.8 m/s,,0.88920983270185
3114,internet_0049,internet,V2MC,30,DS,What is the length of the brown table in meters?,average speed of the person riding scooter = 3.8 m/s,,2.774334678029772
3115,internet_0049,internet,V2MC,30,DS,What is the height of the canopy in meters?,average speed of the person riding scooter = 3.8 m/s,,4.197070410352733
3116,internet_0049,internet,V2MC,30,DS,What is the distance between the middle brown table and the gray table in meters?,average speed of the person riding scooter = 3.8 m/s,,6.189130399392623
3117,internet_0050,internet,V2MC,30,DS,What is the height of the person riding scooter in meters?,average speed of the person riding scooter = 2.9 m/s,,1.6623800074786836
3118,internet_0050,internet,V2MC,30,DS,What is the height of the right basketball stand in meters?,average speed of the person riding scooter = 2.9 m/s,,4.17723622597365
3119,internet_0050,internet,V2MC,30,DS,What is the height of the left basketball stand in meters?,average speed of the person riding scooter = 2.9 m/s,,4.022171914659813
3120,internet_0050,internet,V2MC,30,DS,What is the distance of the bird to ground in meters?,average speed of the person riding scooter = 2.9 m/s,,3.9722359399208895
3121,internet_0050,internet,V2MC,30,DS,What is the distance between the two basketball stands in meters?,average speed of the person riding scooter = 2.9 m/s,,17.184850520225126
3122,internet_0050,internet,V2MC,30,DS,What is the width of the left basketball backboard in meters?,average speed of the person riding scooter = 2.9 m/s,,1.605797507627594
3123,internet_0050,internet,V2MC,30,DS,What is the height of the left basketball backboard in meters?,average speed of the person riding scooter = 2.9 m/s,,1.155047330047919
3124,internet_0051,internet,V2MC,30,DS,What is the height of the person riding scooter in meters?,average speed of the person riding scooter = 2.07 m/s,,1.1410438853276492
3125,internet_0051,internet,V2MC,30,DS,What is the width of the green car in meters?,average speed of the person riding scooter = 2.07 m/s,,1.042985426432304
3126,internet_0051,internet,V2MC,30,DS,What is the height of the green car in meters?,average speed of the person riding scooter = 2.07 m/s,,0.7844676711627585
3127,internet_0051,internet,V2MC,30,DS,What is the height of the tree in the middle of the video in meters?,average speed of the person riding scooter = 2.07 m/s,,2.756987934776607
3128,internet_0051,internet,V2MC,30,DS,What is the distance between the brown and green car in meters?,average speed of the person riding scooter = 2.07 m/s,,2.407483665951803
3129,internet_0052,internet,V2MC,30,DS,What is the height of the person riding scooter in meters?,average speed of the person riding scooter = 2.91 m/s,,1.6357977249119109
3130,internet_0052,internet,V2MC,30,DS,What is the distance between the two closest tall trees in meters? ,average speed of the person riding scooter = 2.91 m/s,,5.452659083039702
3131,internet_0052,internet,V2MC,30,DS,What is the height of the no-parking sign in meters?,average speed of the person riding scooter = 2.91 m/s,,0.3793154144723269
3132,internet_0052,internet,V2MC,30,DS,What is the width of the no-parking sign in meters?,average speed of the person riding scooter = 2.91 m/s,,0.2607793474497253
3133,internet_0052,internet,V2MC,30,DS,What is the height of the scooter in meters?,average speed of the person riding scooter = 2.91 m/s,,1.06682460320342
3134,internet_0052,internet,V2MC,30,DS,What is the wheel-to-wheel width of the scooter in meters?,average speed of the person riding scooter = 2.91 m/s,,1.0668246032034194
3135,internet_0053,internet,V2MC,30,DS,What is the height of the person riding scooter in meters?,average speed of the person riding scooter = 4.46 m/s,,2.448276155635518
3136,internet_0053,internet,V2MC,30,DS,What is the height of the lamp in meters?,average speed of the person riding scooter = 4.46 m/s,,4.512867242104276
3137,internet_0053,internet,V2MC,30,DS,What is the wheel-to-wheel width of the scooter in meters?,average speed of the person riding scooter = 4.46 m/s,,1.644364582143258
3138,internet_0053,internet,V2MC,30,DS,What is the height of the scooter in meters?,average speed of the person riding scooter = 4.46 m/s,,1.644364582143259
3139,internet_0053,internet,V2MC,30,DS,What is the height of the sign on the ground in meters?,average speed of the person riding scooter = 4.46 m/s,,0.8587237262303684
3140,internet_0053,internet,V2MC,30,DS,What is the width of the sign on the ground in meters?,average speed of the person riding scooter = 4.46 m/s,,0.5298508098017156
3141,internet_0053,internet,V2MC,30,DS,What is the height of the fire hydrant in meters?,average speed of the person riding scooter = 4.46 m/s,,0.9866187492859554
3142,internet_0053,internet,V2MC,30,DS,What is the width of the bench in meters?,average speed of the person riding scooter = 4.46 m/s,,2.576171178691106
3143,internet_0053,internet,V2MC,30,DS,What is the height of the bench in meters?,average speed of the person riding scooter = 4.46 m/s,,1.18759664265902
3144,internet_0053,internet,V2MC,30,DS,What is the height of the trash bin in meters?,average speed of the person riding scooter = 4.46 m/s,,1.0414309020240635
3145,internet_0054,internet,V2MC,30,DS,What is the height of the person riding scooter in meters?,average speed of the person riding scooter = 4.9 m/s,,2.827462707871928
3146,internet_0054,internet,V2MC,30,DS,What is the length of the brown chairs in meters?,average speed of the person riding scooter = 4.9 m/s,,2.9739049995146964
3147,internet_0054,internet,V2MC,30,DS,What is the height of the canopy in meters?,average speed of the person riding scooter = 4.9 m/s,,5.857691665710766
3148,internet_0054,internet,V2MC,30,DS,What is the width of the canopy in meters?,average speed of the person riding scooter = 4.9 m/s,,18.29402166368132
3149,internet_0054,internet,V2MC,30,DS,What is the height of the scooter in meters?,average speed of the person riding scooter = 4.9 m/s,,1.8924849996911688
3150,internet_0054,internet,V2MC,30,DS,What is the wheel-to-wheel width of the scooter in meters?,average speed of the person riding scooter = 4.9 m/s,,1.7122483330539182
3151,internet_0055,internet,V2MC,30,DS,What is the height of the walking person in meters?,average speed of the person riding scooter = 1.95 m/s,,2.317395623146335
3152,internet_0055,internet,V2MC,30,DS,What is the height of the DO NOT ENTER sign in meters?,average speed of the person riding scooter = 1.95 m/s,,1.213873897838556
3153,internet_0055,internet,V2MC,30,DS,What is the width of the DO NOT ENTER sign in meters?,average speed of the person riding scooter = 1.95 m/s,,1.25985396972638
3154,internet_0055,internet,V2MC,30,DS,What is the distance of the DO NOT ENTER sign to the ground in meters?,average speed of the person riding scooter = 1.95 m/s,,2.354179680656594
3155,internet_0055,internet,V2MC,30,DS,What is the height of the Bicycle sign in meters?,average speed of the person riding scooter = 1.95 m/s,,1.3518141135020287
3156,internet_0055,internet,V2MC,30,DS,What is the width of the Bicycle sign in meters?,average speed of the person riding scooter = 1.95 m/s,,1.3242260703693334
3157,internet_0055,internet,V2MC,30,DS,What is the distance of the Bicycle sign to the ground in meters?,average speed of the person riding scooter = 1.95 m/s,,3.145036917127168
3158,internet_0055,internet,V2MC,30,DS,What is the width of the YIELD sign in meters?,average speed of the person riding scooter = 1.95 m/s,,0.9747775240218712
3159,internet_0056,internet,V2MC,30,DS,What is the height of the person riding scooter in meters?,average speed of the person riding scooter = 2.64 m/s,,1.6119777519917775
3160,internet_0056,internet,V2MC,30,DS,What is the distance between the two closest tall trees in meters? ,average speed of the person riding scooter = 2.64 m/s,,8.093631459747346
3161,internet_0056,internet,V2MC,30,DS,What is the height of the left most tree in meters?,average speed of the person riding scooter = 2.64 m/s,,5.4930635657768665
3162,internet_0057,internet,A2MS,30,DS,What is the height of the person in meters? ,gravity acceleration = 9.8 m/s^2,,1.7106081770482369
3163,internet_0057,internet,A2MS,30,DS,What is the distance between the basket and the floor in meters? ,gravity acceleration = 9.8 m/s^2,,3.037202273534624
3164,internet_0057,internet,A2MS,30,DD,What is the velocity of the ball at 2.00s in m/s?,gravity acceleration = 9.8 m/s^2,,4.455227984730735e-09
3165,internet_0057,internet,A2MS,30,DD,What is the velocity of the ball at 3.00s in m/s?,gravity acceleration = 9.8 m/s^2,,6.407430613219091e-09
3166,internet_0057,internet,A2MS,30,DS,What is the distance between the basket and the ball at 3.00s in meters?,gravity acceleration = 9.8 m/s^2,,1.8972675038225049
3167,internet_0057,internet,A2MS,30,DS,What is the distance between the person and the ball at 3.00s in meters?,gravity acceleration = 9.8 m/s^2,,3.1411869098505987
3168,internet_0057,internet,A2MS,30,DS,What is the distance between the ball and the floor at 4.00s in meters? ,gravity acceleration = 9.8 m/s^2,,1.5535268460127554
3169,internet_0057,internet,A2MS,30,DD,What is the person's average walking speed from 3.50s to 5.00s in m/s? ,gravity acceleration = 9.8 m/s^2,,1.3789609289419582e-09
3170,internet_0057,internet,A2MS,30,DS,What is the displacement of the ball between 2.00s and 4.00s in meters? ,gravity acceleration = 9.8 m/s^2,,3.74210991975624e-09
3171,internet_0058,internet,A2MS,30,DS,What is the height of the person in meters? ,gravity acceleration = 9.8 m/s^2,,1.6838973040676408
3172,internet_0058,internet,A2MS,30,DS,What is the distance between the basket and the floor in meters? ,gravity acceleration = 9.8 m/s^2,,2.9189304860600327
3173,internet_0058,internet,A2MS,30,DD,What is the velocity of the ball at 1.00s in m/s?,gravity acceleration = 9.8 m/s^2,,4.0851833706620945e-09
3174,internet_0058,internet,A2MS,30,DS,What is the distance between the ball and the floor at 1.00s in meters? ,gravity acceleration = 9.8 m/s^2,,3.339124451630973
3175,internet_0058,internet,A2MS,30,DS,What is the distance between the ball and the basket at 1.00s in meters? ,gravity acceleration = 9.8 m/s^2,,1.0562677774181377
3176,internet_0058,internet,A2MS,30,DD,What is the velocity of the ball at 2.00s in m/s?,gravity acceleration = 9.8 m/s^2,,5.514367025852687e-09
3177,internet_0058,internet,A2MS,30,DS,What is the distance between the ball and the floor at 2.00s in meters? ,gravity acceleration = 9.8 m/s^2,,2.5130571721331223
3178,internet_0058,internet,A2MS,30,DS,What is the distance between the ball and the floor at 1.40s in meters? ,gravity acceleration = 9.8 m/s^2,,4.164733693723477
3179,internet_0058,internet,A2MS,30,DD, What is the average speed of the ball between 1.40s and 2.00s in m/s?,gravity acceleration = 9.8 m/s^2,,2.7401180589623287e-09
3180,internet_0059,internet,A2SS,30,DS,What is the diameter of the ball in cm? ,gravity acceleration = 9.8 m/s^2,,24.725213479448424
3181,internet_0059,internet,A2SS,30,DS,What is the length of the billboard in the middle in cm?,gravity acceleration = 9.8 m/s^2,,76.0071377331192
3182,internet_0059,internet,A2SS,30,DS,What is the height of the billboard on the left in cm?,gravity acceleration = 9.8 m/s^2,,78.29650935158664
3183,internet_0059,internet,A2SS,30,DS,What is the height of the billboard on the right in cm?,gravity acceleration = 9.8 m/s^2,,33.424825629624706
3184,internet_0059,internet,A2SS,30,DS,What is distance between the left edge of the left billboard and the right edge of the right bill board in cm? ,gravity acceleration = 9.8 m/s^2,,197.5727706737405
3185,internet_0059,internet,A2SS,30,DD,What is velocity of the ball at 2.50s in m/s?,gravity acceleration = 9.8 m/s^2,,3.2276297824559532e-09
3186,internet_0059,internet,A2SS,30,DD,What is velocity of the ball at 3.00s in m/s? ,gravity acceleration = 9.8 m/s^2,,4.538011663620466e-09
3187,internet_0059,internet,A2SS,30,DD,What is the average velocity of the ball between 2.50s and 3.20s in m/s? ,gravity acceleration = 9.8 m/s^2,,3.5250905192914356e-09
3188,internet_0059,internet,A2SS,30,DS,What is the displacement of the ball between 2.50s and 3.00s in meters?,gravity acceleration = 9.8 m/s^2,,1.5249807512259e-09
3189,internet_0060,internet,A2SS,30,DS,What is the length of the pink box in cm?,gravity acceleration = 9.8 m/s^2,,10.9
3190,internet_0060,internet,A2SS,30,DS,What is the width of the pink box in cm?,gravity acceleration = 9.8 m/s^2,,10.4
3191,internet_0060,internet,A2SS,30,DS,What is the distance between the pink box and the floor at 0.00s in meters?,gravity acceleration = 9.8 m/s^2,,1.33
3192,internet_0060,internet,A2SS,30,DD,What is the velocity of the box at 2.00s in m/s?,gravity acceleration = 9.8 m/s^2,,3.6e-09
3193,internet_0060,internet,A2SS,30,DS,What is the displacement of the box between 0.00s and 2.00s in meters?,gravity acceleration = 9.8 m/s^2,,5.7e-10
3194,internet_0060,internet,A2SS,30,DS,What is displacement of the box between 2.20s and 3.00s in meters?,gravity acceleration = 9.8 m/s^2,,3.4000000000000007e-10
3195,internet_0061,internet,A2SS,30,DS,What is the width of the acorn in cm? ,gravity acceleration = 9.8 m/s^2,,7.4
3196,internet_0061,internet,A2SS,30,DS,What is the height of the acorn in cm? ,gravity acceleration = 9.8 m/s^2,,8.6
3197,internet_0061,internet,A2SS,30,DD,What is the velocity of the acorn at 1.40s in m/s? ,gravity acceleration = 9.8 m/s^2,,1.55e-09
3198,internet_0061,internet,A2SS,30,DS,What is the distance between the bottom of the acorn and the chair surface at 1.40s in cm?,gravity acceleration = 9.8 m/s^2,,13.5
3199,internet_0061,internet,A2SS,30,DS,What is the distance between the bottom of the acorn and the chair surface at 1.80s in cm? ,gravity acceleration = 9.8 m/s^2,,11.4
3200,internet_0061,internet,A2SS,30,DS,What is the displacement of the acorn between 1.30s and 1.40s in cm? ,gravity acceleration = 9.8 m/s^2,,1.06e-08
3201,internet_0062,internet,A2SS,30,DS,What is the length of the longer side of the wallet in cm? ,gravity acceleration = 9.8 m/s^2,,21.0
3202,internet_0062,internet,A2SS,30,DS,What is the length of the shorter side of the wallet in cm? ,gravity acceleration = 9.8 m/s^2,,13.5
3203,internet_0062,internet,A2SS,30,DD,What is the velocity of the wallet at 2.50s in m/s? ,gravity acceleration = 9.8 m/s^2,,2.93e-09
3204,internet_0062,internet,A2SS,30,DS,What is the distance between the bottom corner of the wallet and the floor at 2.50s in meters? ,gravity acceleration = 9.8 m/s^2,,0.77
3205,internet_0062,internet,A2SS,30,DS,What is the displacement of the wallet between 2.20s and 2.50s in meters?,gravity acceleration = 9.8 m/s^2,,4.3e-10
3206,internet_0062,internet,A2SS,30,DD,What is the velocity of the wallet at 2.60s in m/s? ,gravity acceleration = 9.8 m/s^2,,3.86e-09
3207,internet_0063,internet,A2SS,30,DS,What is the height of the water bottle in cm?,gravity acceleration = 9.8 m/s^2,,24.7
3208,internet_0063,internet,A2SS,30,DS,What is the diameter of the water bottle in cm? ,gravity acceleration = 9.8 m/s^2,,6.7
3209,internet_0063,internet,A2SS,30,DD,What is the velocity of the water bottle at 1.50s in m/s?,gravity acceleration = 9.8 m/s^2,,1.9e-09
3210,internet_0063,internet,A2SS,30,DD,What is the velocity of the water bottle at 1.70s in m/s?,gravity acceleration = 9.8 m/s^2,,3.8500000000000006e-09
3211,internet_0063,internet,A2SS,30,DS,What is the displacement of the water bottle between 1.50s and 1.70s in meters?,gravity acceleration = 9.8 m/s^2,,5.75e-10
3212,internet_0063,internet,A2SS,30,DS,What is the distance between the bottom of the water bottle and the floor at 1.50s in meters?,gravity acceleration = 9.8 m/s^2,,0.84
3213,internet_0064,internet,A2MS,30,DS,What is the height of the person in meters? ,gravity acceleration = 9.8 m/s^2,,1.7905573574254772
3214,internet_0064,internet,A2MS,30,DD,What is the velocity of the ball at 3.0s in m/s? ,gravity acceleration = 9.8 m/s^2,,2.798051587736461e-09
3215,internet_0064,internet,A2MS,30,DD,What is the velocity of the ball at 3.6s in m/s? ,gravity acceleration = 9.8 m/s^2,,5.282378148669914e-09
3216,internet_0064,internet,A2MS,30,DD,What is the velocity of the person at 4.4s in m/s? ,gravity acceleration = 9.8 m/s^2,,9.110890928882539e-10
3217,internet_0064,internet,A2MS,30,DS,What is the distance between the bottom of the ball and the floor at 3.5s in meters?,gravity acceleration = 9.8 m/s^2,,1.5817644500225063
3218,internet_0064,internet,A2MS,30,DS,What is the displacement of the ball between 3.50s and 3.70s in meters? ,gravity acceleration = 9.8 m/s^2,,1.055786391638376e-09
3219,internet_0064,internet,A2MS,30,DS,What is the displacement of the person between 4.00s and 5.00s in meters? ,gravity acceleration = 9.8 m/s^2,,8.559982164652625e-10
3220,internet_0064,internet,A2MS,30,DS,What is the diameter of the ball in cm? ,gravity acceleration = 9.8 m/s^2,,25.308231200360108
3221,internet_0065,internet,A2SS,30,DD,What is the velocity of the ball at 0.20s in m/s? ,gravity acceleration = 9.8 m/s^2,,2.6e-09
3222,internet_0065,internet,A2SS,30,DD,What is the velocity of the ball at 0.30s in m/s? ,gravity acceleration = 9.8 m/s^2,,2.67e-09
3223,internet_0065,internet,A2SS,30,DD,What is the velocity of the ball at 0.40s in m/s? ,gravity acceleration = 9.8 m/s^2,,2.7300000000000003e-09
3224,internet_0065,internet,A2SS,30,DD,What is the velocity of the ball at 0.50s in m/s? ,gravity acceleration = 9.8 m/s^2,,2.7300000000000003e-09
3225,internet_0065,internet,A2SS,30,DS,What is the displacement of the ball between 0.20s and 0.30 in meters?,gravity acceleration = 9.8 m/s^2,,2.7500000000000003e-10
3226,internet_0065,internet,A2SS,30,DS,What is the displacement of the ball between 0.30s and 0.40s in meters?,gravity acceleration = 9.8 m/s^2,,2.7400000000000004e-10
3227,internet_0065,internet,A2SS,30,DS,What is the displacement of the ball between 0.40s and 0.50s in meters?,gravity acceleration = 9.8 m/s^2,,2.7200000000000004e-10
3228,internet_0065,internet,A2SS,30,DS,What is the diameter of the ball in cm? ,gravity acceleration = 9.8 m/s^2,,24.0
3229,internet_0066,internet,A2SS,30,DS,What is the diameter of the ball in cm? ,gravity acceleration = 9.8 m/s^2,,24.0
3230,internet_0066,internet,A2SS,30,DD,What is the velocity of the ball at 1.80s in m/s?,gravity acceleration = 9.8 m/s^2,,2.45e-09
3231,internet_0066,internet,A2SS,30,DD,What is the velocity of the ball at 1.90s in m/s?,gravity acceleration = 9.8 m/s^2,,2.5e-09
3232,internet_0066,internet,A2SS,30,DD,What is the velocity of the ball at 2.00s in m/s?,gravity acceleration = 9.8 m/s^2,,2.55e-09
3233,internet_0066,internet,A2SS,30,DD,What is the velocity of the ball at 2.10s in m/s?,gravity acceleration = 9.8 m/s^2,,2.55e-09
3234,internet_0066,internet,A2SS,30,DD,What is the velocity of the ball at 2.20s in m/s?,gravity acceleration = 9.8 m/s^2,,2.4e-09
3235,internet_0066,internet,A2SS,30,DS,What is the displacement of the ball between 1.70s and 1.80s in meters?,gravity acceleration = 9.8 m/s^2,,2.4e-10
3236,internet_0066,internet,A2SS,30,DS,What is the displacement of the ball between 1.80s and 1.90s in meters?,gravity acceleration = 9.8 m/s^2,,2.5e-10
3237,internet_0066,internet,A2SS,30,DS,What is the displacement of the ball between 1.90s and 2.00s in meters?,gravity acceleration = 9.8 m/s^2,,2.5e-10
3238,internet_0066,internet,A2SS,30,DS,What is the displacement of the ball between 2.00s and 2.10s in meters?,gravity acceleration = 9.8 m/s^2,,2.6000000000000003e-10
3239,internet_0067,internet,S2SS,30,DD,What is the acceleration of the acorn at 0.17s in m/s^2? ,height of the acorn = 8 cm,,1.3118051466159332e-08
3240,internet_0067,internet,S2SS,30,DD,What is the velocity of the acorn at 0.17s in m/s? ,height of the acorn = 8 cm,,2.8403882038856902e-09
3241,internet_0067,internet,S2SS,30,DD,What is the velocity of the acorn at 0.20s in m/s? ,height of the acorn = 8 cm,,3.233906778596483e-09
3242,internet_0067,internet,S2SS,30,DS,What is the width of the acorn in cm? ,height of the acorn = 8 cm,,5.950877192982455
3243,internet_0068,internet,A2SS,30,DS,What is the height of the acorn in cm? ,acceleration of the acorn from 2.00s to 2.30s = 0.77m/s^2,,7.819114390888906
3244,internet_0068,internet,A2SS,30,DD,What is the velocity of the acorn at 2.00s in m/s? ,acceleration of the acorn from 2.00s to 2.30s = 0.77m/s^2,,4.775185992038342e-10
3245,internet_0068,internet,A2SS,30,DD,What is the velocity of the acorn at 2.10s in m/s? ,acceleration of the acorn from 2.00s to 2.30s = 0.77m/s^2,,5.492009868105726e-10
3246,internet_0068,internet,A2SS,30,DD,What is the velocity of the acorn at 2.30s in m/s? ,acceleration of the acorn from 2.00s to 2.30s = 0.77m/s^2,,7.107865094683982e-10
3247,internet_0068,internet,A2SS,30,DS,What is the displacement of the acorn between 2.00s and 2.10s in cm?,acceleration of the acorn from 2.00s to 2.30s = 0.77m/s^2,,5.128534566460124e-09
3248,internet_0068,internet,A2SS,30,DS,What is the displacement of the acorn between 2.10s and 2.20s in cm?,acceleration of the acorn from 2.00s to 2.30s = 0.77m/s^2,,5.875730463009648e-09
3249,internet_0068,internet,A2SS,30,DS,What is the displacement of the acorn between 2.20s and 2.30s in cm?,acceleration of the acorn from 2.00s to 2.30s = 0.77m/s^2,,6.683658046425746e-09
3250,internet_0068,internet,A2SS,30,DS,What is the displacement of the acorn between 2.30s and 2.40s in cm?,acceleration of the acorn from 2.00s to 2.30s = 0.77m/s^2,,7.552316896923378e-09
3251,internet_0069,internet,A2SS,30,DS,What is the height of the cup in cm? ,acceleration of the cup from 2.00s to 2.30s = 0.32m/s^2,,14.888029442122184
3252,internet_0069,internet,A2SS,30,DD,What is the velocity of the cup at 2.00s in m/s?,acceleration of the cup from 2.00s to 2.30s = 0.32m/s^2,,5.26319977034643e-10
3253,internet_0069,internet,A2SS,30,DD,What is the velocity of the cup at 2.10s in m/s?,acceleration of the cup from 2.00s to 2.30s = 0.32m/s^2,,5.501094762896264e-10
3254,internet_0069,internet,A2SS,30,DD,What is the velocity of the cup at 2.20s in m/s?,acceleration of the cup from 2.00s to 2.30s = 0.32m/s^2,,5.830543880255735e-10
3255,internet_0069,internet,A2SS,30,DD,What is the velocity of the cup at 2.30s in m/s?,acceleration of the cup from 2.00s to 2.30s = 0.32m/s^2,,6.249885172528256e-10
3256,internet_0069,internet,A2SS,30,DS,What is the displacement of the cup between 2.00s and 2.10s in cm? ,acceleration of the cup from 2.00s to 2.30s = 0.32m/s^2,,5.374203266739118e-09
3257,internet_0069,internet,A2SS,30,DS,What is the displacement of the cup between 2.10s and 2.30s in cm? ,acceleration of the cup from 2.00s to 2.30s = 0.32m/s^2,,1.1690970392369058e-08
3258,internet_0069,internet,A2SS,30,DS,What is the displacement of the cup between 2.30s and 2.50s in cm? ,acceleration of the cup from 2.00s to 2.30s = 0.32m/s^2,,1.355343964085152e-08
3259,internet_0070,internet,V2SC,30,DS,What is the length of the speedboat in meters?,velocity of the speedboat at 1.00s = 11 m/s,,5.063241410045467e-09
3260,internet_0070,internet,V2SC,30,DS,What is the height of the speedboat in meters?,velocity of the speedboat at 1.00s = 11 m/s,,1.6677900598999252e-09
3261,internet_0070,internet,V2SC,30,DS,What is the displacement of the speedboat between 1.00s and 4.00s in meters?,velocity of the speedboat at 1.00s = 11 m/s,,2.9868713999560485e-08
3262,internet_0070,internet,V2SC,30,DS,What is the displacement of the speedboat between 2.00s and 3.00s in meters?,velocity of the speedboat at 1.00s = 11 m/s,,9.817860764332684e-09
3263,internet_0070,internet,V2SC,30,DD,What is the velocity of the speed boat at 2.00s in m/s?,velocity of the speedboat at 1.00s = 11 m/s,,9.565258203634764e-09
3264,internet_0071,internet,S2SS,30,SS,What is the diameter of the toilet paper roll in cm?,width of the toilet paper = 10 cm,,11.6793893129771
3265,internet_0071,internet,S2SS,30,SS,What is the length of the toilet paper holder in cm?,width of the toilet paper = 10 cm,,13.969465648854955
3266,internet_0071,internet,S2SS,30,SS,What is the length of a wall tile in cm?,width of the toilet paper = 10 cm,,27.32824427480916
3267,internet_0071,internet,S2SS,30,SS,What is the height of a wall tile in cm? ,width of the toilet paper = 10 cm,,17.938931297709924
3268,internet_0071,internet,S2SS,30,SD,What is the moving velocity of the toilet paper at 0.50s in cm/s? ,width of the toilet paper = 10 cm,,1.7383626436442466e-08
3269,internet_0071,internet,S2SS,30,SD,What is the moving velocity of the toilet paper at 1.00s in cm/s? ,width of the toilet paper = 10 cm,,9.857483996160981e-09
3270,internet_0071,internet,S2SS,30,SD,What is the average moving velocity of the toilet paper from 0.50s to 1.50s in cm/s? ,width of the toilet paper = 10 cm,,1.0758858084937556e-08
3271,internet_0072,internet,S2SS,30,SS,What is the width of the credit card in cm? ,lenth of the credit card = 8.56 cm,,5.856842105263158
3272,internet_0072,internet,S2SS,30,SD,What is the moving velocity of the credit card at 0.50s in cm/s?,lenth of the credit card = 8.56 cm,,3.0474656454078993e-08
3273,internet_0072,internet,S2SS,30,SD,What is the moving velocity of the credit card at 1.00s in cm/s?,lenth of the credit card = 8.56 cm,,6.106770905835899e-09
3274,internet_0072,internet,S2SS,30,SD,What is the acceleration of the credit card at 0.50s in cm/s^2? ,lenth of the credit card = 8.56 cm,,7.366437344426218e-08
3275,internet_0073,internet,S2MC,30,SS,What is the distance between the blue bag and the yellow bag in meters? ,velocity of the conveyor belt = 0.3m/s,,1.1927332945344122
3276,internet_0073,internet,S2MC,30,SS,What is the width of the red package in meters?,velocity of the conveyor belt = 0.3m/s,,0.4924130626003257
3277,internet_0073,internet,S2MC,30,SS,What is the height of the red package in meters?,velocity of the conveyor belt = 0.3m/s,,0.2462065313001628
3278,internet_0073,internet,S2MC,30,SS,What is the width of the package in the middle of the read package and the blue bag in meters?,velocity of the conveyor belt = 0.3m/s,,0.5580681376137026
3279,internet_0073,internet,S2MC,30,SS,What is the height of the package in the middle of the read package and the blue bag in meters?,velocity of the conveyor belt = 0.3m/s,,0.1969652250401305
3280,internet_0073,internet,S2MC,30,SS,What is the distance between the red package and the blue bag in meters?,velocity of the conveyor belt = 0.3m/s,,2.051728756864047
3281,internet_0073,internet,S2MC,30,SS,What is the displacement of the blue bag between 2.00s and 3.50s in meters? ,velocity of the conveyor belt = 0.3m/s,,4.4495353443024805e-10
3282,internet_0074,internet,S2MS,30,SS,What is the total length of the pickle ball court in meters? ,width of the pickleball court = 6.1 m,,13.407920792079205
3283,internet_0074,internet,S2MS,30,SS,What is the distance between the two players at 0.00s in meters? ,width of the pickleball court = 6.1 m,,14.386616101381255
3284,internet_0074,internet,S2MS,30,SD,What is the velocity of the ball at 1.00s in m/s? ,width of the pickleball court = 6.1 m,,1.0113650511590271e-08
3285,internet_0074,internet,S2MS,30,SS,What is the distance between the ball and the net at 1.00s in meters? ,width of the pickleball court = 6.1 m,,1.307493801571764
3286,internet_0074,internet,S2MS,30,SS,What is the distance between the ball and the nearest player at 2.00s in meters? ,width of the pickleball court = 6.1 m,,1.6018872248072806
3287,internet_0074,internet,S2MS,30,SD,What is the velocity of the ball at 3.00s in m/s? ,width of the pickleball court = 6.1 m,,4.7281420232378915e-09
3288,internet_0074,internet,S2MS,30,SS,What is the length of the net in meters?,width of the pickleball court = 6.1 m,,6.925412541254123
3289,internet_0074,internet,S2MS,30,SS,What is the distance between the two players at 4.50s in meters?,width of the pickleball court = 6.1 m,,9.818253013391232
