id,video_id,video_source,video_type,fps,inference_type,question,ground_truth_prior,depth_info,parsed_value
1,simulation_0007,simulation,S2MC,24,SS,What is the width of the wooden pier in meters?,length of boat = 3.62m,,1.42
2,simulation_0007,simulation,S2MC,24,SS,What is the length of the pier in meters?,length of boat = 3.62m,,5.79
3,simulation_0007,simulation,S2MC,24,SS,"When t=3s, what is the minimum distance from the outer end of the pier to the boat in meters?",length of boat = 3.62m,,2.0
4,simulation_0007,simulation,S2MC,24,SD,What is the speed of the boat at 1.0s in m/s?,length of boat = 3.62m,,1.4
5,simulation_0012,simulation,V2MC,24,DS,What is the total width of the house from eave to eave in meters?,speed of the bird =6m/s,,15.2
6,simulation_0012,simulation,V2MC,24,DS,What is the body length of the bird in meters?,speed of the bird =6m/s,,1.98
7,simulation_0012,simulation,V2MC,24,DS,How wide is the bird's wingspan when it spreads its wings in meters?,speed of the bird =6m/s,,3.9
8,simulation_0020,simulation,A2MC,30,DS,What is the height of the person in meters?,gravity acc = 9.8m/s^2,,11.8
9,simulation_0020,simulation,A2MC,30,DD,What is the velocity of the ball at 0.0s in m/s?,gravity acc = 9.8m/s^2,,1.2
10,simulation_0020,simulation,A2MC,30,DS,What is the diameter of the ball in meters?,gravity acc = 9.8m/s^2,,1.72
11,simulation_0041,simulation,S2MC,24,SS,What is the length of the boat in meters?,height of the person = 1.75m,,15.6
12,simulation_0041,simulation,S2MC,24,SS,What is the width of the boat in meters?,height of the person = 1.75m,,3.1
13,simulation_0041,simulation,S2MC,24,SD,What is the speed of the boat at 1.0s in m/s?,height of the person = 1.75m,,6.3
14,simulation_0041,simulation,S2MC,24,SD,What is the speed of the person at 1.0s in m/s?,height of the person = 1.75m,,1.6
15,simulation_0047,simulation,V2MC,33,DS,What is the width of the telephone booth in meters?,speed of the walking person = 1.236m/s,,1.84
16,simulation_0047,simulation,V2MC,33,DS,What is the length of the planter area between the two staircases in meters?,speed of the walking person = 1.236m/s,,3.12
17,simulation_0047,simulation,V2MC,33,DS,What is the length of the moving bicycle in meters?,speed of the walking person = 1.236m/s,,1.57
18,simulation_0047,simulation,V2MC,33,DD,What is the speed of the moving bicycle at 1.0s in m/s?,speed of the walking person = 1.236m/s,,4.95
19,simulation_0053,simulation,A2MC,30,DD,What is the speed of the green car at 2.0s in m/s?,acceleration of the orange car = -2.86m/s^2,,11.3
20,simulation_0053,simulation,A2MC,30,DS,What is the length of the orange car in meters?,acceleration of the orange car = -2.86m/s^2,,4.92
21,simulation_0053,simulation,A2MC,30,DS,What is the length of the green car in meters?,acceleration of the orange car = -2.86m/s^2,,4.98
22,simulation_0053,simulation,A2MC,30,DS,What is the distance between the two black lamps in meters?,acceleration of the orange car = -2.86m/s^2,,7.64
23,simulation_0053,simulation,A2MC,30,DD,What is the walking speed of the person at 2.0s in m/s?,acceleration of the orange car = -2.86m/s^2,,0.55
24,simulation_0054,simulation,A2MC,30,DD,What is the speed of the green car at 2.0s in m/s?,acceleration of the orange car = -2.86m/s^2,,12.3
25,simulation_0054,simulation,A2MC,30,DS,What is the length of the orange car in meters?,acceleration of the orange car = -2.86m/s^2,,5.23
26,simulation_0054,simulation,A2MC,30,DS,What is the length of the green car in meters?,acceleration of the orange car = -2.86m/s^2,,5.36
27,simulation_0054,simulation,A2MC,30,DS,What is the distance between the two black lamps in meters?,acceleration of the orange car = -2.86m/s^2,,9.64
28,simulation_0054,simulation,A2MC,30,DS,What is the width of the orange car in meters?,acceleration of the orange car = -2.86m/s^2,,2.08
29,simulation_0054,simulation,A2MC,30,DS,What is the width of the green car in meters?,acceleration of the orange car = -2.86m/s^2,,2.13
30,simulation_0057,simulation,A2MC,30,DS,What is the length of the orange car in meters?,acceleration of the orange car = -2.86m/s^2,,5.3
31,simulation_0057,simulation,A2MC,30,DS,What is the distance between the two black lamps in meters?,acceleration of the orange car = -2.86m/s^2,,9.7
32,simulation_0057,simulation,A2MC,30,DS,What is the width of the orange car in meters?,acceleration of the orange car = -2.86m/s^2,,2.05
33,simulation_0068,simulation,A2MS,24,DD,What is the speed of the yellow car at 2.5s in m/s?,acceleration of the white car = 4m/s^2,,3.9
34,simulation_0068,simulation,A2MS,24,DS,What is the length of the turning yellow car in meters?,acceleration of the white car = 4m/s^2,,5.3
35,simulation_0068,simulation,A2MS,24,DS,What is the width of the turning yellow car in meters?,acceleration of the white car = 4m/s^2,,1.95
36,simulation_0068,simulation,A2MS,24,DS,What is the width of the white car in meters?,acceleration of the white car = 4m/s^2,,2.2
37,simulation_0068,simulation,A2MS,24,DS,What is the length of the white car in meters?,acceleration of the white car = 4m/s^2,,5.67
38,simulation_0069,simulation,A2MS,24,DD,What is the speed of the walking pedestrian at 1.0s in m/s?,acceleration of the white car = 4m/s^2,,1.19
39,simulation_0069,simulation,A2MS,24,DS,What is the width of the white car in meters?,acceleration of the white car = 4m/s^2,,2.07
40,simulation_0069,simulation,A2MS,24,DS,What is the length of the white car in meters?,acceleration of the white car = 4m/s^2,,5.69
41,simulation_0070,simulation,S2MS,24,SD,What is the speed of the turing yellow car at 2.5s in m/s?,length of the yellow car = 5.44m,,4.03
42,simulation_0070,simulation,S2MS,24,SS,What is the width of the turning yellow car in meters?,length of the yellow car = 5.44m,,2.08
43,simulation_0070,simulation,S2MS,24,SD,What is the speed of the bicycle at 1.0s in m/s?,length of the yellow car = 5.44m,,5.1
44,simulation_0071,simulation,S2MS,24,SD,What is the speed of the turing yellow car at 2.5s in m/s?,length of the yellow car = 5.44m,,3.9
45,simulation_0071,simulation,S2MS,24,SS,What is the width of the turning yellow car in meters?,length of the yellow car = 5.44m,,2.0
46,simulation_0071,simulation,S2MS,24,SD,What is the speed of the walking pedestrian at 1.0s in m/s?,length of the yellow car = 5.44m,,1.15
47,simulation_0072,simulation,V2MS,24,DD,What is the speed of the walking pedestrian at 1.0s in m/s?,speed of the bicycle = 5.33m/s,,1.23
48,simulation_0073,simulation,V2MS,24,DS,What is the width of the white car in meters?,speed of the bicycle = 5.33m/s,,2.25
49,simulation_0073,simulation,V2MS,24,DS,What is the length of the white car in meters?,speed of the bicycle = 5.33m/s,,6.0
50,simulation_0073,simulation,V2MS,24,DS,What is the distance between the white car and the bicycle at 1.0s in meters?,speed of the bicycle = 5.33m/s,,6.1
51,simulation_0073,simulation,V2MS,24,DS,What is the  distance between the white car and the bicycle at 2.0s in meters?,speed of the bicycle = 5.33m/s,,5.16
52,simulation_0073,simulation,V2MS,24,DD,What is the acceleration of the white car at 1.0s in m/s^2?,speed of the bicycle = 5.33m/s,,4.27
53,simulation_0073,simulation,V2MS,24,DS,What is the side length of the square earthen platform in meters?,speed of the bicycle = 5.33m/s,,2.05
54,simulation_0073,simulation,V2MS,24,DD,What is the speed of the white car at 1.0s in m/s?,speed of the bicycle = 5.33m/s,,4.27
55,simulation_0075,simulation,S2MS,24,SS,What is the length of the turning yellow car in meters?,length of the white car = 6m,,5.61
56,simulation_0075,simulation,S2MS,24,SD,What is the speed of the walking pedestrian at 1.0s in m/s?,length of the white car = 6m,,1.3
57,simulation_0075,simulation,S2MS,24,SD,What is the speed of the turing yellow car at 2.5s in m/s?,length of the white car = 6m,,4.19
58,simulation_0075,simulation,S2MS,24,SS,What is the width of the turning yellow car in meters?,length of the white car = 6m,,2.06
59,simulation_0075,simulation,S2MS,24,SS,What is the width of the purple car in meters?,length of the white car = 6m,,1.94
60,simulation_0075,simulation,S2MS,24,SS,What is the length of the purple car in meters?,length of the white car = 6m,,5.16
61,simulation_0075,simulation,S2MS,24,SD,What is the speed of the bicycle at 1.0s in m/s?,length of the white car = 6m,,5.33
62,simulation_0075,simulation,S2MS,24,SS,What is the side length of the square earthen platform in meters?,length of the white car = 6m,,2.06
63,simulation_0075,simulation,S2MS,24,SS,What is the width of the white car in meters?,length of the white car = 6m,,2.32
64,simulation_0075,simulation,S2MS,24,SD,What is the acceleration of the white car at 1.0s in m/s^2?,length of the white car = 6m,,4.1
65,simulation_0075,simulation,S2MS,24,SS,What is the width of the green car in meters?,length of the white car = 6m,,1.87
66,simulation_0075,simulation,S2MS,24,SS,What is the length of the green car in meters?,length of the white car = 6m,,4.9
67,simulation_0076,simulation,V2MX,24,DD,What is the speed of the person in the white shirt at 1.0s in m/s?,speed of the person in the black shirt = 1m/s,,1.32
68,simulation_0076,simulation,V2MX,24,DS,What is the distance between the person in the black shirt and the person in the white shirt at 1.0s in meters?,speed of the person in the black shirt = 1m/s,,0.77
69,simulation_0076,simulation,V2MX,24,DS,What is the distance between the person in the black shirt and the person in the white shirt at 2.0s in meters?,speed of the person in the black shirt = 1m/s,,0.93
70,simulation_0077,simulation,V2MX,24,DD,What is the speed of the person in the white shirt at 1.0s in m/s?,speed of the person in the black shirt = 1m/s,,1.31
71,simulation_0077,simulation,V2MX,24,DS,What is the distance between the person in the black shirt and the person in the white shirt at 1.0s in meters?,speed of the person in the black shirt = 1m/s,,2.49
72,simulation_0077,simulation,V2MX,24,DS,What is the distance between the person in the black shirt and the person in the white shirt at 2.0s in meters?,speed of the person in the black shirt = 1m/s,,4.73
73,simulation_0078,simulation,V2MX,24,DD,What is the speed of the person in the black shirt at 1.0s in m/s?,speed of the person in the white shirt = 1.3m/s,,0.99
74,simulation_0078,simulation,V2MX,24,DS,What is the distance between the person in the black shirt and the person in the white shirt at 1.0s in meters?,speed of the person in the white shirt = 1.3m/s,,5.21
75,simulation_0078,simulation,V2MX,24,DS,What is the distance between the person in the black shirt and the person in the white shirt at 2.0s in meters?,speed of the person in the white shirt = 1.3m/s,,2.98
76,simulation_0079,simulation,S2MX,24,SD,What is the speed of the walking person at 1.0s in m/s?,length of the bike = 1.7m,,1.4
77,simulation_0079,simulation,S2MX,24,SD,What is the speed of the bike at 1.0s in m/s?,length of the bike = 1.7m,,5.09
78,simulation_0079,simulation,S2MX,24,SS,What is the distance between the walking person and the bike at 1.0s in meters?,length of the bike = 1.7m,,3.86
79,simulation_0079,simulation,S2MX,24,SS,What is the distance between the walking person and the bike at 0.5s in meters?,length of the bike = 1.7m,,2.2
80,simulation_0080,simulation,S2MX,24,SD,What is the speed of the walking person at 0.5s in m/s?,length of the bike = 1.7m,,1.4
81,simulation_0080,simulation,S2MX,24,SD,What is the speed of the bike at 0.5s in m/s?,length of the bike = 1.7m,,5.17
82,simulation_0080,simulation,S2MX,24,SS,What is the distance between the walking person and the bike at 0.5 s in meters?,length of the bike = 1.7m,,3.27
83,simulation_0080,simulation,S2MX,24,SS,What is the distance between the walking person and the bike at 1.0s in meters?,length of the bike = 1.7m,,6.53
84,simulation_0081,simulation,S2MX,24,SD,What is the speed of the walking person at 0.5s in m/s?,length of the bike = 1.7m,,1.38
85,simulation_0081,simulation,S2MX,24,SD,What is the speed of the bike at 0.5s in m/s?,length of the bike = 1.7m,,5.12
86,simulation_0081,simulation,S2MX,24,SS,What is the distance between the walking person and the bike at 0.5 s in meters?,length of the bike = 1.7m,,4.7
87,simulation_0081,simulation,S2MX,24,SS,What is the distance between the walking person and the bike at 1.0 s in meters?,length of the bike = 1.7m,,1.57
88,simulation_0082,simulation,S2MX,24,SS,What is the width of the yellow car in meters?,length of the yellow car = 5.67m,,2.11
89,simulation_0082,simulation,S2MX,24,SS,What is the length of the black and white car in meters?,length of the yellow car = 5.67m,,5.63
90,simulation_0082,simulation,S2MX,24,SS,What is the width of the black and white car in meters?,length of the yellow car = 5.67m,,2.15
91,simulation_0082,simulation,S2MX,24,SS,What is the distance between the yellow car and the black and white car at 1.0s in meters?,length of the yellow car = 5.67m,,3.14
92,simulation_0082,simulation,S2MX,24,SS,What is the distance between the yellow car and the black and white car at 2.0s in meters?,length of the yellow car = 5.67m,,4.63
93,simulation_0082,simulation,S2MX,24,SD,What is the speed of the yellow car at 1.0s in m/s?,length of the yellow car = 5.67m,,4.85
94,simulation_0082,simulation,S2MX,24,SD,What is the speed of the black and white car at 1.0s in m/s?,length of the yellow car = 5.67m,,6.75
95,simulation_0083,simulation,S2MX,24,SS,What is the width of the yellow car in meters?,length of the yellow car = 5.67m,,2.08
96,simulation_0083,simulation,S2MX,24,SS,What is the length of the black and white car in meters?,length of the yellow car = 5.67m,,5.67
97,simulation_0083,simulation,S2MX,24,SS,What is the width of the black and white car in meters?,length of the yellow car = 5.67m,,2.08
98,simulation_0083,simulation,S2MX,24,SS,What is the distance between the yellow car and the black and white car at 1.0s in meters?,length of the yellow car = 5.67m,,10.3
99,simulation_0083,simulation,S2MX,24,SS,What is the distance between the yellow car and the black and white car at 2.0s in meters?,length of the yellow car = 5.67m,,22.3
100,simulation_0083,simulation,S2MX,24,SD,What is the speed of the yellow car at 1.0s in m/s?,length of the yellow car = 5.67m,,4.95
101,simulation_0083,simulation,S2MX,24,SD,What is the speed of the black and white car at 1.0s in m/s?,length of the yellow car = 5.67m,,7.04
102,simulation_0084,simulation,V2MX,24,DS,What is the length of the yellow car in meters?,speed of the yellow car = 5.07m/s,,5.83
103,simulation_0084,simulation,V2MX,24,DS,What is the width of the yellow car in meters?,speed of the yellow car = 5.07m/s,,2.02
104,simulation_0084,simulation,V2MX,24,DS,What is the length of the black and white car in meters?,speed of the yellow car = 5.07m/s,,5.85
105,simulation_0084,simulation,V2MX,24,DS,What is the width of the black and white car in meters?,speed of the yellow car = 5.07m/s,,2.07
106,simulation_0084,simulation,V2MX,24,DS,What is the distance between the yellow car and the black and white car at 1.0s in meters?,speed of the yellow car = 5.07m/s,,24.1
107,simulation_0084,simulation,V2MX,24,DS,What is the distance between the yellow car and the black and white car at 2.0s in meters?,speed of the yellow car = 5.07m/s,,12.0
108,simulation_0084,simulation,V2MX,24,DD,What is the speed of the black and white car at 1.0s in m/s?,length of the yellow car = 5.67m,,6.84
109,simulation_0085,simulation,A2MX,24,DD,What is the speed of the bike at 1.0s in m/s?,acceleration of the car = 4.03m/s^2,,4.85
110,simulation_0085,simulation,A2MX,24,DS,What is the length of the bike in meters?,acceleration of the car = 4.03m/s^2,,1.63
111,simulation_0085,simulation,A2MX,24,DS,What is the length of the car in meters?,acceleration of the car = 4.03m/s^2,,5.52
112,simulation_0085,simulation,A2MX,24,DS,What is the width of the car in meters?,acceleration of the car = 4.03m/s^2,,1.96
113,simulation_0085,simulation,A2MX,24,DS,What is the distance between the car and the bike at 1.0s in meters?,acceleration of the car = 4.03m/s^2,,5.86
114,simulation_0085,simulation,A2MX,24,DS,What is the distance between the car and the bike at 2.0s in meters?,acceleration of the car = 4.03m/s^2,,4.97
115,simulation_0085,simulation,A2MX,24,DD,What is the speed of the car at 1.5s in m/s?,acceleration of the car = 4.03m/s^2,,5.76
116,simulation_0086,simulation,A2MX,24,DD,What is the speed of the bike at 1.0s in m/s?,acceleration of the car = 4.03m/s^2,,5.06
117,simulation_0086,simulation,A2MX,24,DS,What is the length of the bike in meters?,acceleration of the car = 4.03m/s^2,,1.66
118,simulation_0086,simulation,A2MX,24,DS,What is the length of the car in meters?,acceleration of the car = 4.03m/s^2,,5.68
119,simulation_0086,simulation,A2MX,24,DS,What is the width of the car in meters?,acceleration of the car = 4.03m/s^2,,2.08
120,simulation_0086,simulation,A2MX,24,DS,What is the distance between the car and the bike at 1.0s in meters?,acceleration of the car = 4.03m/s^2,,5.41
121,simulation_0086,simulation,A2MX,24,DS,What is the distance between the car and the bike at 2.0s in meters?,acceleration of the car = 4.03m/s^2,,16.16
122,simulation_0086,simulation,A2MX,24,DD,What is the speed of the car at 1.5s in m/s?,acceleration of the car = 4.03m/s^2,,6.0
123,simulation_0087,simulation,V2MX,24,DD,What is the acceleration of the car at 1.0s in m/s^2?,speed of the bike = 5.07m/s,,4.1
124,simulation_0087,simulation,V2MX,24,DS,What is the length of the bike in meters?,acceleration of the car = 4.03m/s^2,,1.66
125,simulation_0087,simulation,V2MX,24,DS,What is the length of the car in meters?,acceleration of the car = 4.03m/s^2,,5.6
126,simulation_0087,simulation,V2MX,24,DS,What is the width of the car in meters?,acceleration of the car = 4.03m/s^2,,2.06
127,simulation_0087,simulation,V2MX,24,DS,What is the distance between the car and the bike at 0.5 s in meters?,acceleration of the car = 4.03m/s^2,,18.0
128,simulation_0087,simulation,V2MX,24,DS,What is the distance between the car and the bike at 1.0s in meters?,acceleration of the car = 4.03m/s^2,,14.2
129,simulation_0087,simulation,V2MX,24,DD,What is the speed of the car at 1.0s in m/s?,acceleration of the car = 4.03m/s^2,,3.95
130,simulation_0088,simulation,V2MX,24,DD,What is the speed of the small bird at 0.3s in m/s?,speed of the big bird = 17.98m/s,,11.05
131,simulation_0088,simulation,V2MX,24,DS,What is the distance between the big bird and the small bird at 0.3s in meters?,speed of the big bird = 17.98m/s,,2.36
132,simulation_0088,simulation,V2MX,24,DS,What is the body length of the big bird in meters?,speed of the big bird = 17.98m/s,,0.85
133,simulation_0088,simulation,V2MX,24,DS,What is the width (wingspan) of the big bird in meters?,speed of the big bird = 17.98m/s,,1.98
134,simulation_0088,simulation,V2MX,24,DS,What is the body length of the small bird in meters?,speed of the big bird = 17.98m/s,,0.52
135,simulation_0088,simulation,V2MX,24,DS,What is the width (wingspan) of the small bird in meters?,speed of the big bird = 17.98m/s,,0.99
136,simulation_0089,simulation,S2MX,24,SS,What is the length of the big bird in meters?,length of the small bird = 0.94m,,1.54
137,simulation_0089,simulation,S2MX,24,SS,What is the width of the big bird in meters?,length of the small bird = 0.94m,,3.3
138,simulation_0089,simulation,S2MX,24,SS,What is the width (wingspan) of the small bird in meters?,length of the small bird = 0.94m,,1.72
139,simulation_0089,simulation,S2MX,24,SD,What is the speed of the small bird at 0.3s in m/s?,length of the small bird = 0.94m,,19.9
140,simulation_0089,simulation,S2MX,24,SD,What is the speed of the big bird at 0.3s in m/s?,length of the small bird = 0.94m,,32.5
141,simulation_0089,simulation,S2MX,24,SS,What is the distance between the big bird and the small bird at 0.3s in meters?,length of the small bird = 0.94m,,17.8
142,simulation_0090,simulation,V2MX,24,DD,What is the speed of the big bird at 0.2s in m/s?,speed of the small bird = 11m/s,,17.8
143,simulation_0090,simulation,V2MX,24,DS,What is the distance between the big bird and the small bird at 0.3s in meters?,speed of the small bird = 11m/s,,2.34
144,simulation_0090,simulation,V2MX,24,DS,What is the body length of the big bird in meters?,speed of the small bird = 11m/s,,0.84
145,simulation_0090,simulation,V2MX,24,DS,What is the body length of the small bird in meters?,speed of the small bird = 11m/s,,0.49
146,simulation_0091,simulation,V2MX,24,DD,What is the speed of the big bird at 0.3s in m/s?,speed of the small bird = 11m/s,,18.3
147,simulation_0091,simulation,V2MX,24,DS,What is the distance between the big bird and the small bird at 0.3s in meters?,speed of the small bird = 11m/s,,10.1
148,simulation_0091,simulation,V2MX,24,DS,What is the length of the big bird in meters?,speed of the small bird = 11m/s,,0.86
149,simulation_0091,simulation,V2MX,24,DS,What is the length of the small bird in meters?,speed of the small bird = 11m/s,,0.53
150,simulation_0092,simulation,S2MX,24,SS,What is the height of the car in meters?,length of the car = 5.67m,,1.8
151,simulation_0092,simulation,S2MX,24,SS,What is the length of the plane in meters?,length of the car = 5.67m,,36.6
152,simulation_0092,simulation,S2MX,24,SS,What is the height of the plane in meters?,length of the car = 5.67m,,10.9
153,simulation_0092,simulation,S2MX,24,SD,What is the speed of the plane at 1.0s in m/s?,length of the car = 5.67m,,58.4
154,simulation_0092,simulation,S2MX,24,SD,What is the speed of the car at 1.0s in m/s?,length of the car = 5.67m,,29.4
155,simulation_0093,simulation,S2MX,24,SS,What is the height of the car in meters?,length of the car = 5.67m,,1.8
156,simulation_0093,simulation,S2MX,24,SS,What is the length of the plane in meters?,length of the car = 5.67m,,36.1
157,simulation_0093,simulation,S2MX,24,SS,What is the height of the plane in meters?,length of the car = 5.67m,,10.8
158,simulation_0093,simulation,S2MX,24,SD,What is the speed of the plane at 0.5s in m/s?,length of the car = 5.67m,,57.6
159,simulation_0093,simulation,S2MX,24,SD,What is the speed of the car at 1.0s in m/s?,length of the car = 5.67m,,28.6
160,simulation_0094,simulation,V2MX,24,DS,What is the length of the car in meters?,speed of the car = 30m/s,,5.95
161,simulation_0094,simulation,V2MX,24,DS,What is the height of the car in meters?,speed of the car = 30m/s,,1.9
162,simulation_0094,simulation,V2MX,24,DS,What is the length of the plane in meters?,speed of the car = 30m/s,,37.6
163,simulation_0094,simulation,V2MX,24,DS,What is the height of the plane in meters?,speed of the car = 30m/s,,11.1
164,simulation_0095,simulation,A2MX,24,DD,What is the speed of the plane at 0.5s in m/s?,acceleration of the car = 10m/s^2,,58.2
165,simulation_0095,simulation,A2MX,24,DS,What is the length of the car in meters?,acceleration of the car = 10m/s^2,,5.7
166,simulation_0095,simulation,A2MX,24,DS,What is the height of the car in meters?,acceleration of the car = 10m/s^2,,1.79
167,simulation_0095,simulation,A2MX,24,DS,What is the length of the plane in meters?,acceleration of the car = 10m/s^2,,36.3
168,simulation_0095,simulation,A2MX,24,DS,What is the height of the plane in meters?,acceleration of the car = 10m/s^2,,10.8
169,simulation_0096,simulation,A2MX,24,DD,What is the speed of the plane at 0.3s in m/s?,acceleration of the car = 10m/s^2,,56.3
170,simulation_0096,simulation,A2MX,24,DS,What is the length of the car in meters?,acceleration of the car = 10m/s^2,,5.4
171,simulation_0096,simulation,A2MX,24,DS,What is the height of the car in meters?,acceleration of the car = 10m/s^2,,1.7
172,simulation_0096,simulation,A2MX,24,DS,What is the length of the plane in meters?,acceleration of the car = 10m/s^2,,35.3
173,simulation_0096,simulation,A2MX,24,DS,What is the height of the plane in meters?,acceleration of the car = 10m/s^2,,10.5
174,simulation_0097,simulation,A2MX,24,DD,What is the speed of the plane at 0.3s in m/s?,acceleration of the car = 10m/s^2,,57.5
175,simulation_0097,simulation,A2MX,24,DS,What is the length of the car in meters?,acceleration of the car = 10m/s^2,,5.6
176,simulation_0097,simulation,A2MX,24,DS,What is the height of the car in meters?,acceleration of the car = 10m/s^2,,1.72
177,simulation_0097,simulation,A2MX,24,DS,What is the length of the plane in meters?,acceleration of the car = 10m/s^2,,35.5
178,simulation_0097,simulation,A2MX,24,DS,What is the height of the plane in meters?,acceleration of the car = 10m/s^2,,10.6
179,simulation_0098,simulation,V2MS,24,DD,What is the speed of the boat at 1.0s in m/s?,speed of the shark = 3m/s,,5.07
180,simulation_0098,simulation,V2MS,24,DS,What is the length of the boat in meters?,speed of the shark = 3m/s,,10.1
181,simulation_0098,simulation,V2MS,24,DS,What is the length of the shark in meters?,speed of the shark = 3m/s,,3.12
182,simulation_0098,simulation,V2MS,24,DS,What is the height of the shark in meters?,speed of the shark = 3m/s,,1.18
183,simulation_0099,simulation,S2MS,24,SD,What is the speed of the boat at 1.0s in m/s?,length of the boat = 10m,,4.9
184,simulation_0099,simulation,S2MS,24,SD,What is the speed of the shark at 1.0s in m/s?,length of the boat = 10m,,2.94
185,simulation_0099,simulation,S2MS,24,SS,What is the length of the shark in meters?,length of the boat = 10m,,3.1
186,simulation_0099,simulation,S2MS,24,SS,What is the height of the shark in meters?,length of the boat = 10m,,1.18
187,simulation_0100,simulation,S2MS,24,SD,What is the speed of the boat at 1.0s in m/s?,length of the boat = 10m,,4.94
188,simulation_0100,simulation,S2MS,24,SD,What is the speed of the shark at 1.0s in m/s?,length of the boat = 10m,,2.95
189,simulation_0100,simulation,S2MS,24,SS,What is the length of the shark in meters?,length of the boat = 10m,,3.12
190,simulation_0100,simulation,S2MS,24,SS,What is the height of the shark in meters?,length of the boat = 10m,,1.18
191,simulation_0101,simulation,A2MS,24,DD,What is the speed of the shark at 0.0s in m/s?,acceleration of the shark = 1m/s^2,,1.79
192,simulation_0101,simulation,A2MS,24,DD,What is the speed of the boat at 1.0s in m/s?,acceleration of the shark = 1m/s^2,,4.72
193,simulation_0101,simulation,A2MS,24,DS,What is the length of the boat in meters?,acceleration of the shark = 1m/s^2,,9.5
194,simulation_0101,simulation,A2MS,24,DS,What is the length of the shark in meters?,acceleration of the shark = 1m/s^2,,3.0
195,simulation_0101,simulation,A2MS,24,DS,What is the height of the shark in meters?,acceleration of the shark = 1m/s^2,,1.12
196,simulation_0102,simulation,A2MS,24,DD,What is the speed of the shark at 0.0s in m/s?,acceleration of the shark = 1m/s^2,,1.74
197,simulation_0102,simulation,A2MS,24,DD,What is the speed of the boat at 1.0s in m/s?,acceleration of the shark = 1m/s^2,,4.59
198,simulation_0102,simulation,A2MS,24,DS,What is the length of the boat in meters?,acceleration of the shark = 1m/s^2,,9.3
199,simulation_0102,simulation,A2MS,24,DS,What is the length of the shark in meters?,acceleration of the shark = 1m/s^2,,2.85
200,simulation_0102,simulation,A2MS,24,DS,What is the height of the shark in meters?,acceleration of the shark = 1m/s^2,,1.05
201,simulation_0102,simulation,A2MS,24,DS,What is the distance between the shark and the boat at 0.5s in meters?,acceleration of the shark = 1m/s^2,,4.4
202,simulation_0103,simulation,A2MS,24,DD,What is the speed of the shark at 0.0s in m/s?,acceleration of the shark = 1m/s^2,,1.55
203,simulation_0103,simulation,A2MS,24,DD,What is the speed of the boat at 1.0s in m/s?,acceleration of the shark = 1m/s^2,,4.4
204,simulation_0103,simulation,A2MS,24,DS,What is the length of the boat in meters?,acceleration of the shark = 1m/s^2,,8.7
205,simulation_0103,simulation,A2MS,24,DS,What is the length of the shark in meters?,acceleration of the shark = 1m/s^2,,2.8
206,simulation_0103,simulation,A2MS,24,DS,What is the height of the shark in meters?,acceleration of the shark = 1m/s^2,,1.03
207,simulation_0103,simulation,A2MS,24,DS,What is the distance between the shark and the boat at 0.5s in meters?,acceleration of the shark = 1m/s^2,,13.7
208,simulation_0104,simulation,V2MX,24,DS,What is the diagonal length of the phone in meters?,the lifting speed of the charging post = 0.2m/s,,0.2
209,simulation_0104,simulation,V2MX,24,DS,What is the diameter of the gray truncated cone on the charging post in meters?,the lifting speed of the charging post = 0.2m/s,,0.098
210,simulation_0104,simulation,V2MX,24,DS,What is the extension of the charging post at 0.5s in meters?,the lifting speed of the charging post = 0.2m/s,,0.095
211,simulation_0105,simulation,A2MX,24,DS,What is the height of the ice cube in meters?,gravity acc = 9.8m/s^2,,0.385
212,simulation_0105,simulation,A2MX,24,DS,What is the height of the teacup with the plate in meters?,gravity acc = 9.8m/s^2,,1.47
213,simulation_0105,simulation,A2MX,24,DS,What is the width of the teacup with the plate in meters?,gravity acc = 9.8m/s^2,,2.69
214,simulation_0105,simulation,A2MX,24,DD,What is the velocity of the ice cube at 1.0s in m/s?,gravity acc = 9.8m/s^2,,10.0
215,simulation_0106,simulation,V2MX,24,DD,What is the velocity of the left virus at 1.0s in m/s?,speed of the right virus = 1.5667m/s,,1.7
216,simulation_0106,simulation,V2MX,24,DS,What is the distance between two viruses at 1.0s in meters?,speed of the right virus = 1.5667m/s,,4.89
217,simulation_0106,simulation,V2MX,24,DS,What is the distance between two viruses at 2.0s in meters?,speed of the right virus = 1.5667m/s,,7.62
218,simulation_0107,simulation,V2MX,24,DD,What is the velocity of the left virus at 1.0s in m/s?,speed of the right virus = 1.7393m/s,,1.8
219,simulation_0107,simulation,V2MX,24,DS,What is the distance between two viruses at 1.0s in meters?,speed of the right virus = 1.7393m/s,,6.82
220,simulation_0107,simulation,V2MX,24,DS,What is the distance between two viruses at 2.0s in meters?,speed of the right virus = 1.7393m/s,,10.4
221,simulation_0108,simulation,V2MX,24,DD,What is the velocity of the left virus at 1.0s in m/s?,speed of the left virus = 1.7393m/s,,1.74
222,simulation_0108,simulation,V2MX,24,DS,What is the distance between two viruses at 1.0s in meters?,speed of the left virus = 1.7393m/s,,5.59
223,simulation_0108,simulation,V2MX,24,DS,What is the distance between two viruses at 2.0s in meters?,speed of the left virus = 1.7393m/s,,7.92
224,simulation_0111,simulation,V2MC,24,DS,What is the length of the boat in meters?,speed of the boat = 2m/s,,3.68
225,simulation_0111,simulation,V2MC,24,DS,What is the width of the boat in meters?,speed of the boat = 2m/s,,1.27
226,simulation_0111,simulation,V2MC,24,DS,What is the width of the bridge in meters?,speed of the boat = 2m/s,,6.9
227,simulation_0112,simulation,V2MC,24,DS,What is the thickness of the bridge in meters?,speed of the car = 6.66m/s,,0.75
228,simulation_0112,simulation,V2MC,24,DS,What is the height of the car in meters?,speed of the car = 6.66m/s,,1.24
229,simulation_0112,simulation,V2MC,24,DS,What is the diameter of the wheel in meters?,speed of the car = 6.66m/s,,0.68
230,simulation_0112,simulation,V2MC,24,DS,What is the length of the car in meters?,speed of the car = 6.66m/s,,4.16
231,simulation_0113,simulation,S2MC,24,SD,What is the speed of the swim ring at 1.0s in m/s?,diameter of the swim ring = 1m,,0.14
232,simulation_0113,simulation,S2MC,24,SS,What is the side length of the pool in meters?,diameter of the swim ring = 1m,,6.2
233,simulation_0114,simulation,A2SC,24,DS,What is the width of the plane in meters?,acceleration of the plane = 18m/s^2,,8.7
234,simulation_0114,simulation,A2SC,24,DS,What is the length of the plane in meters?,acceleration of the plane = 18m/s^2,,5.6
235,simulation_0114,simulation,A2SC,24,DD,What is the speed of the plane at 1.5s in m/s?,acceleration of the plane = 18m/s^2,,27.0
236,simulation_0116,simulation,A2MC,24,DS,What is the length of the football in meters?,gravity acc = 9.8m/s^2,,0.28
237,simulation_0116,simulation,A2MC,24,DS,What is the width of the football in meters?,gravity acc = 9.8m/s^2,,0.18
238,simulation_0116,simulation,A2MC,24,DS,What is the height of he middle yellow door in meters?,gravity acc = 9.8m/s^2,,1.97
239,simulation_0116,simulation,A2MC,24,DS,What is the width of the middle yellow door in meters?,gravity acc = 9.8m/s^2,,0.88
240,simulation_0116,simulation,A2MC,24,DD,What is the speed of the football at 0.5s in m/s?,gravity acc = 9.8m/s^2,,5.0
241,simulation_0117,simulation,A2MS,24,DS,What is the diameter of the ball in meters?,gravity acc = 9.8m/s^2,,0.069
242,simulation_0117,simulation,A2MS,24,DS,What is the height of the door in meters?,gravity acc = 9.8m/s^2,,2.26
243,simulation_0117,simulation,A2MS,24,DS,What is the width of the door in meters?,gravity acc = 9.8m/s^2,,1.09
244,simulation_0117,simulation,A2MS,24,DS,What is the length of the electronic lock in meters?,gravity acc = 9.8m/s^2,,0.293
245,simulation_0117,simulation,A2MS,24,DS,What is the width of the electronic lock in meters?,gravity acc = 9.8m/s^2,,0.066
246,simulation_0118,simulation,V2MC,24,DS,What is the total displacement of the toy car in meters?,speed of the toy car = 0.05m/s,,0.25
247,simulation_0118,simulation,V2MC,24,DS,What  is the length of the toy car in meters?,speed of the toy car = 0.05m/s,,0.103
248,simulation_0118,simulation,V2MC,24,DS,What is the diameter of the disc in meters?,speed of the toy car = 0.05m/s,,0.206
249,simulation_0118,simulation,V2MC,24,DS,What is the length of the book in meters?,speed of the toy car = 0.05m/s,,0.167
250,simulation_0118,simulation,V2MC,24,DS,What is the length of the table in meters?,speed of the toy car = 0.05m/s,,0.689
251,simulation_0118,simulation,V2MC,24,DS,What is the width of the table in meters?,speed of the toy car = 0.05m/s,,0.529
252,simulation_0119,simulation,V2MC,24,DS,What is the diameter of the moving chess piece in meters?,speed of the chess = 0.04m/s,,0.038
253,simulation_0119,simulation,V2MC,24,DS,What is the side length of the chessboard in meters?,speed of the chess = 0.04m/s,,0.422
254,simulation_0119,simulation,V2MC,24,DS,What is the length of the dark grey square tray placed next to the chessboard in meters?,speed of the chess = 0.04m/s,,0.317
255,simulation_0119,simulation,V2MC,24,DS,What is the side length of the table in meters?,speed of the chess = 0.04m/s,,0.835
256,simulation_0119,simulation,V2MC,24,DS,What is the distance moved by the chess piece in meters?,speed of the chess = 0.04m/s,,0.068
257,simulation_0120,simulation,V2MC,24,DS,What is the length of the sofa in meters?,speed of the robot cleaner = 1m/s,,3.1
258,simulation_0120,simulation,V2MC,24,DS,What is the length of the TV in meters?,speed of the robot cleaner = 1m/s,,2.0
259,simulation_0120,simulation,V2MC,24,DS,What is the diameter of the robot cleaner in meters?,speed of the robot cleaner = 1m/s,,0.35
260,simulation_0120,simulation,V2MC,24,DS,What is the side length of the chessboard in meters?,speed of the robot cleaner = 1m/s,,0.42
261,simulation_0120,simulation,V2MC,24,DS,What is the length of the square tray placed next to the chessboard with two art sculptures on it in meters?,speed of the robot cleaner = 1m/s,,0.31
262,simulation_0121,simulation,S2MS,30,SD,What is the speed of the left first ball at 0.5s in m/s?,diameter of the ball = 2m,,6.2
263,simulation_0121,simulation,S2MS,30,SD,What is the speed of the left first ball at 1.0s in m/s?,diameter of the ball = 2m,,0.1
264,simulation_0122,simulation,A2SC,25,DS,What is the length of the sword in meters?,gravity acc = 9.8m/s^2,,0.88
265,simulation_0123,simulation,V2MC,24,DS,What is the length of the blue rolling cup in meters?,speed of the cup = 0.338m/s,,0.077
266,simulation_0123,simulation,V2MC,24,DS,What is the diameter of the blue rolling cup in meters?,speed of the cup = 0.338m/s,,0.042
267,simulation_0123,simulation,V2MC,24,DS,What is the length of the green toothbrush lying on the sink in meters?,speed of the cup = 0.338m/s,,0.108
268,simulation_0123,simulation,V2MC,24,DS,What is the diameter of the blue cup with the blue toothbrush in meters?,speed of the cup = 0.338m/s,,0.044
269,simulation_0123,simulation,V2MC,24,DS,What is the length of the largest towel of the three stacked towels on the sink in meters?,speed of the cup = 0.338m/s,,0.366
270,simulation_0123,simulation,V2MC,24,DS,What is the width of the largest towel of the three stacked towels on the sink in meters?,speed of the cup = 0.338m/s,,0.172
271,simulation_0124,simulation,V2MC,24,DD,What is the speed of the grey and red car at 1.0s in m/s?,speed of the black car = 26.085m/s,,20.4
272,simulation_0124,simulation,V2MC,24,DS,What is the length of the grey and red car in meters?,speed of the black car = 26.085m/s,,4.78
273,simulation_0124,simulation,V2MC,24,DS,What is the width of the grey and red car in meters?,speed of the black car = 26.085m/s,,2.13
274,simulation_0124,simulation,V2MC,24,DS,What is the length of the black car in meters?,speed of the black car = 26.085m/s,,4.27
275,simulation_0124,simulation,V2MC,24,DS,What is the width of the black car in meters?,speed of the black car = 26.085m/s,,1.93
276,simulation_0124,simulation,V2MC,24,DS,What is the distance between the two cars at 1.0s in meters?,speed of the black car = 26.085m/s,,4.2
277,simulation_0124,simulation,V2MC,24,DS,What is the smallest distance between the two cars in meters?,speed of the black car = 26.085m/s,,4.07
278,simulation_0125,simulation,V2MC,24,DS,What is the height of the potted plant in meters?,speed of the person = 1.22 m/s,,1.38
279,simulation_0125,simulation,V2MC,24,DS,What is the height of the house in meters?,speed of the person = 1.22 m/s,,8.1
280,simulation_0125,simulation,V2MC,24,DS,What is the width of the house in meters?,speed of the person = 1.22 m/s,,7.1
281,simulation_0125,simulation,V2MC,24,DS,What is the height of the person in meters?,speed of the person = 1.22 m/s,,1.94
282,simulation_0126,simulation,S2MS,24,SS,What is the diameter of the handle in meters?,diameter of the puck = 0.074m,,0.129
283,simulation_0126,simulation,S2MS,24,SD,What is the speed of the puck at 0.5s in m/s?,diameter of the puck = 0.074m,,0.663
284,simulation_0126,simulation,S2MS,24,SD,What is the speed of the puck at 2.0s in m/s?,diameter of the puck = 0.074m,,0.25
285,simulation_0126,simulation,S2MS,24,SS,What is the horizontal distance between the two handles in meters?,diameter of the puck = 0.074m,,0.208
286,simulation_0126,simulation,S2MS,24,SS,What is the shortest distance between the puck and the handle on the right in meters?,diameter of the puck = 0.074m,,0.2
287,simulation_0127,simulation,V2MC,24,DD,What is the speed of the blue car at 1.0s in m/s?,speed of the bike = 24m/s,,18.6
288,simulation_0127,simulation,V2MC,24,DS,What is the width of the blue car in meters?,speed of the bike = 24m/s,,2.63
289,simulation_0127,simulation,V2MC,24,DS,What is the length of the blue car in meters?,speed of the bike = 24m/s,,7.4
290,simulation_0127,simulation,V2MC,24,DS,What is the length of the bike in meters?,speed of the bike = 24m/s,,2.7
291,simulation_0127,simulation,V2MC,24,DS,What is the width of the red car in meters?,speed of the bike = 24m/s,,2.92
292,simulation_0127,simulation,V2MC,24,DS,What is the length of the red car in meters?,speed of the bike = 24m/s,,7.68
293,simulation_0127,simulation,V2MC,24,DS,What is the width of the dark green car in meters?,speed of the bike = 24m/s,,3.06
294,simulation_0127,simulation,V2MC,24,DS,What is the length of the dark green car in meters?,speed of the bike = 24m/s,,7.11
295,simulation_0128,simulation,A2MC,24,DS,What is the diameter of the ball in meters?,gravity acceleration = 9.8m/s^2,,0.41
296,simulation_0128,simulation,A2MC,24,DS,What is the length of the forklift in meters?,gravity acceleration = 9.8m/s^2,,6.5
297,simulation_0128,simulation,A2MC,24,DS,What is the height of the forklift in meters?,gravity acceleration = 9.8m/s^2,,3.9
298,simulation_0129,simulation,A2MC,24,DS,What is the diameter of the ball in meters?,gravity acceleration = 9.8m/s^2,,0.43
299,simulation_0129,simulation,A2MC,24,DS,What is the length of the forklift in meters?,gravity acceleration = 9.8m/s^2,,4.9
300,simulation_0129,simulation,A2MC,24,DS,What is the height of the forklift in meters?,gravity acceleration = 9.8m/s^2,,3.9
301,simulation_0130,simulation,V2MC,24,DS,What is the length of the car in meters?,speed of the car = 11.155m/s,,4.0
302,simulation_0130,simulation,V2MC,24,DS,What is the width of the car in meters?,speed of the car = 11.155m/s,,2.0
303,simulation_0130,simulation,V2MC,24,DS,What is the length of the white airplane in meters?,speed of the car = 11.155m/s,,37.8
304,simulation_0130,simulation,V2MC,24,DS,What is the width of the white airplane in meters?,speed of the car = 11.155m/s,,34.6
305,simulation_0130,simulation,V2MC,24,DS,What is the length of the helicopter in meters?,speed of the car = 11.155m/s,,35.4
306,simulation_0130,simulation,V2MC,24,DS,What is the width of the helicopter in meters?,speed of the car = 11.155m/s,,29.8
307,simulation_0130,simulation,V2MC,24,DD,What is the speed of the white airplane at 1.0s in m/s?,speed of the car = 11.155m/s,,11.2
308,simulation_0131,simulation,V2SX,24,DS,What is the width of the hot air balloon in meters?,speed of the hot air balloon = 4m/s,,14.7
309,simulation_0131,simulation,V2SX,24,DS,What is the height of the hot air balloon in meters?,speed of the hot air balloon = 4m/s,,19.3
310,simulation_0263,simulation,A2SS,24,DS,What is the length of the spacecraft in meters?,acceleration of the spacecraft = 4m/s^2,,6.1
311,simulation_0132,simulation,A2MC,120,DS,What is the diameter of the apple in meters?,gravity acceleration = 9.8m/s^2,,0.095
312,simulation_0132,simulation,A2MC,120,DS,What is the height of the table in meters?,gravity acceleration = 9.8m/s^2,,1.0
313,simulation_0132,simulation,A2MC,120,DD,"What is the horizontal speed of the apple while it is in the air, in m/s?",gravity acceleration = 9.8m/s^2,,0.68
314,simulation_0132,simulation,A2MC,120,DS,"What is the horizontal distance of the apple during its parabolic motion, in meters?",gravity acceleration = 9.8m/s^2,,0.29
315,simulation_0133,simulation,A2MS,30,DS,What is the diameter of the apple in meters?,gravity acceleration = 9.8m/s^2,,0.097
316,simulation_0133,simulation,A2MS,30,DS,What is the height of the table in meters?,gravity acceleration = 9.8m/s^2,,1.21
317,simulation_0133,simulation,A2MS,30,DD,"What is the horizontal speed of the apple when it leaves the table, in m/s?",gravity acceleration = 9.8m/s^2,,0.71
318,simulation_0133,simulation,A2MS,30,DS,"What is the horizontal displacement of the apple during its parabolic motion, in meters?",gravity acceleration = 9.8m/s^2,,0.33
319,simulation_0133,simulation,A2MS,30,DD,"What is the speed of the apple at time 1.2s, in m/s?",gravity acceleration = 9.8m/s^2,,0.93
320,simulation_0134,simulation,S2MC,24,SS,"What is the length of the toast, in meters?",height of the toaster = 0.166m,,0.137
321,simulation_0134,simulation,S2MC,24,SS,"What is the length of the toaster, in meters?",height of the toaster = 0.166m,,0.27
322,simulation_0134,simulation,S2MC,24,SS,What is the peak vertical displacement of the bread slice (relative to its starting position) in meters?,height of the toaster = 0.166m,,0.128
323,simulation_0134,simulation,S2MC,24,SD,"What is the acceleration of the bread slice at time1.75 s, in m/s^2?",height of the toaster = 0.166m,,9.8
324,simulation_0135,simulation,S2MC,24,SS,What is the length of the toaster in meters?,diameter of the cup = 0.087m,,0.288
325,simulation_0135,simulation,S2MC,24,SS,What is the height of the power outlet in meters?,diameter of the cup = 0.087m,,0.049
326,simulation_0135,simulation,S2MC,24,SD,"What is the speed of the cup at time 1s, in m/s?",diameter of the cup = 0.087m,,0.54
327,simulation_0135,simulation,S2MC,24,SD,What is the speed of the cup at time 2.25s in m/s?,diameter of the cup = 0.087m,,0.41
328,simulation_0136,simulation,S2MC,24,SS,What is the length of the toaster in meters?,diameter of the cup = 0.087m,,0.304
329,simulation_0136,simulation,S2MC,24,SD,"What is the speed of the cup at time 1s, in m/s?",diameter of the cup = 0.087m,,0.51
330,simulation_0136,simulation,S2MC,24,SD,What is the speed of the cup at time 2.25s in m/s?,diameter of the cup = 0.087m,,0.39
331,simulation_0137,simulation,V2MC,60,DS,What is the total length of the bird’s flight path in meters?,speed of the bird = 9.146m/s,,15.09
332,simulation_0137,simulation,V2MC,60,DS,What is the length of the house in meters?,speed of the bird = 9.146m/s,,6.49
333,simulation_0137,simulation,V2MC,60,DS,What is the height of the house in meters?,speed of the bird = 9.146m/s,,3.34
334,simulation_0137,simulation,V2MC,60,DS,"What is the distance from the bird to the roof at 1s, in meters?",speed of the bird = 9.146m/s,,3.06
335,simulation_0142,simulation,V2MC,24,DS,What is the height of the man in meters?,walking speed = 1.693m/s,,1.81
336,simulation_0142,simulation,V2MC,24,DS,What is the total distance the man walked in meters?,walking speed = 1.693m/s,,5.6
337,simulation_0142,simulation,V2MC,24,DS,What is the side length of the floor tile in meters?,walking speed = 1.693m/s,,0.62
338,simulation_0142,simulation,V2MC,24,DS,What is the height from the floor to the ceiling in meters?,walking speed = 1.693m/s,,2.6
339,simulation_0145,simulation,S2MC,24,SS,What is the diameter of the tire in meters?,length of the rocket = 2.9m,,1.24
340,simulation_0145,simulation,S2MC,24,SD,What is the average speed of the rocket from beginning to end in m/s?,length of the rocket = 2.9m,,14.5
341,simulation_0145,simulation,S2MC,24,SD,What is the speed of the rocket at time 1s in m/s?,length of the rocket = 2.9m,,19.0
342,simulation_0145,simulation,S2MC,24,SD,What is the acceleration of the rocket at time 1s in m/s^2?,length of the rocket = 2.9m,,15.0
343,simulation_0148,simulation,S2MC,24,SD,What is the speed of the train at time 1s in m/s?,width of the side windows on this train (not the door windows) = 1.8m,,48.0
344,simulation_0148,simulation,S2MC,24,SD,What is the speed of the train at time 0.5s in m/s?,width of the side windows on this train (not the door windows) = 1.8m,,45.5
345,simulation_0148,simulation,S2MC,24,SD,What is the acceleration of the train at time 0.5s in m/s^2?,width of the side windows on this train (not the door windows) = 1.8m,,9.0
346,simulation_0148,simulation,S2MC,24,SS,What is the length of the door on the train in meters?,width of the side windows on this train (not the door windows) = 1.8m,,1.72
347,simulation_0148,simulation,S2MC,24,SS,"What is the height, in meters, of the white pillar in the center of the semicircular arch?",width of the side windows on this train (not the door windows) = 1.8m,,3.38
348,simulation_0153,simulation,S2SC,24,SS,What is the length of the blue car in meters (including the extending wire)?,diameter of the tire of the blue car = 0.369m,,1.87
349,simulation_0153,simulation,S2SC,24,SD,What is the speed of the blue car at time 1s in m/s?,diameter of the tire of the blue car = 0.369m,,3.95
350,simulation_0153,simulation,S2SC,24,SD,What is the acceleration of the blue car at time 1s in m/s^2?,diameter of the tire of the blue car = 0.369m,,1.2
351,simulation_0153,simulation,S2SC,24,SD,What is the speed of the blue car at time 1.5s in m/s?,diameter of the tire of the blue car = 0.369m,,3.9
352,simulation_0153,simulation,S2SC,24,SD,What is the acceleration of the blue car at time 1.5s in m/s^2?,diameter of the tire of the blue car = 0.369m,,0.8
353,simulation_0154,simulation,V2SC,24,DS,What is the length of the shark in meters?,speed of the shark = 7 m/s,,4.3
354,simulation_0154,simulation,V2SC,24,DS,What is the displacement of the shark in meters?,speed of the shark = 7 m/s,,13.7
355,simulation_0155,simulation,V2SS,24,DS,What is the length of the shark in meters?,speed of the shark = 7 m/s,,4.65
356,simulation_0155,simulation,V2SS,24,DS,What is the displacement of the shark in meters?,speed of the shark = 7 m/s,,13.7
357,simulation_0156,simulation,V2MS,24,DS,What is the length of the shark in meters?,speed of the shark = 7 m/s,,4.59
358,simulation_0156,simulation,V2MS,24,DS,What is the displacement of the shark in meters?,speed of the shark = 7 m/s,,13.7
359,simulation_0156,simulation,V2MS,24,DD,What is the speed of the turtle at 1s in m/s?,speed of the shark = 7 m/s,,2.74
360,simulation_0156,simulation,V2MS,24,DS,What is the length of the turtle in meters?,speed of the shark = 7 m/s,,1.52
361,simulation_0157,simulation,A2SS,24,DS,What is the length of the turtle in meters?,acceleration of the turtle = 2.639 m/s^2,,1.34
362,simulation_0157,simulation,A2SS,24,DD,What is the speed of the turtle at time 1s in m/s?,acceleration of the turtle = 2.639 m/s^2,,2.3
363,simulation_0157,simulation,A2SS,24,DD,What is the speed of the turtle at time 1.5s in m/s?,acceleration of the turtle = 2.639 m/s^2,,3.6
364,simulation_0158,simulation,A2MS,24,DS,What is the length of the turtle in meters?,acceleration of the turtle = 2.639 m/s^2,,1.53
365,simulation_0158,simulation,A2MS,24,DD,What is the speed of the turtle at time 1s in m/s?,acceleration of the turtle = 2.639 m/s^2,,2.97
366,simulation_0158,simulation,A2MS,24,DD,What is the speed of the turtle at time 1.5s in m/s?,acceleration of the turtle = 2.639 m/s^2,,4.24
367,simulation_0158,simulation,A2MS,24,DS,How long is the shark in meters?,acceleration of the turtle = 2.639 m/s^2,,4.71
368,simulation_0158,simulation,A2MS,24,DS,What is the length of the shark in meters?,acceleration of the turtle = 2.639 m/s^2,,4.71
369,simulation_0158,simulation,A2MS,24,DD,What is the acceleration of the shark at 1s in m/s^2?,acceleration of the turtle = 2.639 m/s^2,,7.13
370,simulation_0158,simulation,A2MS,24,DD,What is the speed of the shark at time 1s in m/s?,acceleration of the turtle = 2.639 m/s^2,,7.49
371,simulation_0158,simulation,A2MS,24,DD,What is the speed of the shark at time 1.5s in m/s?,acceleration of the turtle = 2.639 m/s^2,,11.0
372,simulation_0160,simulation,S2MC,30,SS,What is the length of the billiard table in meters?,diameter of the ball = 0.0757m,,2.66
373,simulation_0160,simulation,S2MC,30,SS,What is the width of the billiard table in meters?,diameter of the ball = 0.0757m,,1.42
374,simulation_0160,simulation,S2MC,30,SS,What is the diameter of the pockets on the billiard table in meters?,diameter of the ball = 0.0757m,,0.134
375,simulation_0160,simulation,S2MC,30,SD,What is the speed of the ball at time 0.5s in m/s?,diameter of the ball = 0.0757m,,1.48
376,simulation_0160,simulation,S2MC,30,SD,What is the speed of the ball at time 1s in m/s?,diameter of the ball = 0.0757m,,1.62
377,simulation_0162,simulation,S2SC,24,SD,What is the speed of the ball at time 1s in m/s?,diameter of the ball = 0.21m,,1.02
378,simulation_0162,simulation,S2SC,24,SD,What is the acceleration of the ball at time 1s in m/s^2?,diameter of the ball = 0.21m,,0.55
379,simulation_0162,simulation,S2SC,24,SD,What is the speed of the ball at time 2s in m/s?,diameter of the ball = 0.21m,,1.54
380,simulation_0162,simulation,S2SC,24,SD,What is the acceleration of the ball at time 2s in m/s^2?,diameter of the ball = 0.21m,,0.45
381,simulation_0163,simulation,S2MC,24,SD,What is the speed of the ball at time 0.5s in m/s?,diameter of the ball = 0.21m,,3.12
382,simulation_0163,simulation,S2MC,24,SD,What is the acceleration of the ball at time 0.5s in m/s^2?,diameter of the ball = 0.21m,,0.25
383,simulation_0163,simulation,S2MC,24,SD,What is the speed of the ball at time 1s in m/s?,diameter of the ball = 0.21m,,2.98
384,simulation_0163,simulation,S2MC,24,SD,What is the acceleration of the ball at time 1s in m/s^2?,diameter of the ball = 0.21m,,0.25
385,simulation_0163,simulation,S2MC,24,SS,What is the height of the bowling pin in meters?,diameter of the ball = 0.21m,,0.315
386,simulation_0165,simulation,V2MC,24,DS,What is the diameter of the bike's wheel in meters?,speed of the bike = 5.52m/s,,0.71
387,simulation_0165,simulation,V2MC,24,DS,What is the width of the road that the bike is crossing through in meters?,speed of the bike = 5.52m/s,,7.25
388,simulation_0165,simulation,V2MC,24,DS,What is the length of the bike in meters?,speed of the bike = 5.52m/s,,1.77
389,simulation_0166,simulation,V2MC,24,DS,What is the diameter of the bike's wheel in meters?,speed of the bike = 5.52m/s,,0.73
390,simulation_0166,simulation,V2MC,24,DS,What is the width of the road that the bike is crossing through in meters?,speed of the bike = 5.52m/s,,7.1
391,simulation_0166,simulation,V2MC,24,DS,What is the length of the bike in meters?,speed of the bike = 5.52m/s,,1.77
392,simulation_0166,simulation,V2MC,24,DS,What is the length of the police car in meters?,speed of the bike = 5.52m/s,,4.73
393,simulation_0166,simulation,V2MC,24,DS,What is the diameter of the police car's tire in meters?,speed of the bike = 5.52m/s,,0.79
394,simulation_0166,simulation,V2MC,24,DD,What is the speed of the police car at 1s in m/s?,speed of the bike = 5.52m/s,,6.7
395,simulation_0167,simulation,V2MC,24,DS,What is the width of the road that the bike crossed through in meters?,speed of the bike = 5.52m/s,,8.74
396,simulation_0167,simulation,V2MC,24,DS,What is the length of the bike in meters?,speed of the bike = 5.52m/s,,1.59
397,simulation_0167,simulation,V2MC,24,DS,What is the length of the police car in meters?,speed of the bike = 5.52m/s,,4.7
398,simulation_0167,simulation,V2MC,24,DS,What is the width of the police car in meters?,speed of the bike = 5.52m/s,,1.91
399,simulation_0167,simulation,V2MC,24,DD,What is the speed of the police car at 1s in m/s?,speed of the bike = 5.52m/s,,6.89
400,simulation_0167,simulation,V2MC,24,DS,What is the width of the road that the bike and the car are on in meters?,speed of the bike = 5.52m/s,,6.1
401,simulation_0169,simulation,S2SS,24,SD,What is the speed of the astronaut at time 0.5s in m/s?,height of the astronaut = 2.2m,,1.62
402,simulation_0169,simulation,S2SS,24,SD,What is the acceleration of the astronaut at time 0.5s in m/s^2?,height of the astronaut = 2.2m,,2.4
403,simulation_0169,simulation,S2SS,24,SD,What is the speed of the astronaut at time 1s in m/s?,height of the astronaut = 2.2m,,2.78
404,simulation_0169,simulation,S2SS,24,SD,What is the acceleration of the astronaut at time 1s in m/s^2?,height of the astronaut = 2.2m,,2.0
405,simulation_0169,simulation,S2SS,24,SD,What is the speed of the astronaut at time 2s in m/s?,height of the astronaut = 2.2m,,3.0
406,simulation_0169,simulation,S2SS,24,SD,What is the acceleration of the astronaut at time 2s in m/s^2?,height of the astronaut = 2.2m,,1.0
407,simulation_0169,simulation,S2SS,24,SD,What is the speed of the astronaut at time 3s in m/s?,height of the astronaut = 2.2m,,0.75
408,simulation_0169,simulation,S2SS,24,SD,What is the acceleration of the astronaut at time 3s in m/s^2?,height of the astronaut = 2.2m,,2.3
409,simulation_0171,simulation,S2SS,24,SD,What is the speed of the astronaut at time 0.5s in m/s?,height of the astronaut = 2.2m,,1.9
410,simulation_0171,simulation,S2SS,24,SD,What is the acceleration of the astronaut at time 0.5s in m/s^2?,height of the astronaut = 2.2m,,5.0
411,simulation_0171,simulation,S2SS,24,SD,What is the speed of the astronaut at time 1s in m/s?,height of the astronaut = 2.2m,,5.3
412,simulation_0171,simulation,S2SS,24,SD,What is the acceleration of the astronaut at time 1s in m/s^2?,height of the astronaut = 2.2m,,6.0
413,simulation_0171,simulation,S2SS,24,SD,What is the speed of the astronaut at time 2s in m/s?,height of the astronaut = 2.2m,,2.2
414,simulation_0171,simulation,S2SS,24,SD,What is the acceleration of the astronaut at time 2s in m/s^2?,height of the astronaut = 2.2m,,1.6
415,simulation_0171,simulation,S2SS,24,SD,What is the speed of the astronaut at time 3s in m/s?,height of the astronaut = 2.2m,,1.5
416,simulation_0171,simulation,S2SS,24,SD,What is the acceleration of the astronaut at time 3s in m/s^2?,height of the astronaut = 2.2m,,1.5
417,simulation_0173,simulation,V2MC,24,DS,What is the length of the airplane in meters?,speed of the airplane = 153.582m/s,,46.8
418,simulation_0173,simulation,V2MC,24,DS,What is the height of the stone cliff on the beach in meters?,speed of the airplane = 153.582m/s,,51.5
419,simulation_0173,simulation,V2MC,24,DS,What is the diameter of the rear wheels on an aircraft landing gear in meters?,speed of the airplane = 153.582m/s,,1.4
420,simulation_0175,simulation,V2MC,24,DS,What is the length of the airplane in meters?,speed of the airplane = 153.582m/s,,47.1
421,simulation_0175,simulation,V2MC,24,DS,What is the height of the stone cliff on the beach in meters?,speed of the airplane = 153.582m/s,,51.5
422,simulation_0175,simulation,V2MC,24,DS,What is the diameter of the rear wheels on an aircraft landing gear in meters?,speed of the airplane = 153.582m/s,,1.4
423,simulation_0177,simulation,V2SC,24,DS,What is the height of the elephant in meters?,speed of the elephant = 1.424m/s,,3.1
424,simulation_0177,simulation,V2SC,24,DS,What is the displacement of the elephant in meters?,speed of the elephant = 1.424m/s,,3.5
425,simulation_0178,simulation,V2MC,24,DD,What is the speed of the small elephant at 1s in m/s?,speed of the big elephant = 2.313m/s,,1.98
426,simulation_0178,simulation,V2MC,24,DS,What is the height of the big elephant in meters?,speed of the big elephant = 2.313m/s,,3.03
427,simulation_0178,simulation,V2MC,24,DD,What is the height of the small elephant in meters?,speed of the big elephant = 2.313m/s,,2.0
428,simulation_0178,simulation,V2MC,24,DS,What is the displacement of the big elephant in meters?,speed of the big elephant = 2.313m/s,,5.69
429,simulation_0178,simulation,V2MC,24,DS,What is the displacement of the small elephant in meters?,speed of the big elephant = 2.313m/s,,4.85
430,simulation_0179,simulation,A2MC,24,DS,What is the length of the trolley in meters?,acceleration of the trolley = 1.507m/s,,1.01
431,simulation_0179,simulation,A2MC,24,DS,What is the height of the trolley in meters?,acceleration of the trolley = 1.507m/s,,1.22
432,simulation_0179,simulation,A2MC,24,DS,What is the height of the entrance gate (including the frame) in meters?,acceleration of the trolley = 1.507m/s,,4.5
433,simulation_0179,simulation,A2MC,24,DS,What is the length of the side of the orange tiles on the floor in meters?,acceleration of the trolley = 1.507m/s,,0.47
434,simulation_0179,simulation,A2MC,24,DD,What is the speed of the trolley at time 1s in m/s?,acceleration of the trolley = 1.507m/s,,1.507
435,simulation_0179,simulation,A2MC,24,DD,What is the speed of the trolley at time 2s in m/s?,acceleration of the trolley = 1.507m/s,,3.014
436,simulation_0181,simulation,A2MC,24,DD,What is the acceleration of the box from 0s to 0.3s in m/s^2?,acceleration of the box after 0.75s = 2.338m/s^2,,9.6
437,simulation_0181,simulation,A2MC,24,DD,What is the speed of the box at time 1s in m/s?,acceleration of the box after 0.75s = 2.338m/s^2,,3.1
438,simulation_0181,simulation,A2MC,24,DD,What is the speed of the box at time 1.5s in m/s?,acceleration of the box after 0.75s = 2.338m/s^2,,4.0
439,simulation_0181,simulation,A2MC,24,DS,What is the width of the box in meters?,acceleration of the box after 0.75s = 2.338m/s^2,,1.38
440,simulation_0181,simulation,A2MC,24,DS,What is the height of the box in meters?,acceleration of the box after 0.75s = 2.338m/s^2,,0.92
441,simulation_0183,simulation,A2MC,24,DD,What is the acceleration of the box from 0s to 0.3s in m/s^2?,acceleration of the tool box after 1.25s = 1.58m/s^2,,18.3
442,simulation_0183,simulation,A2MC,24,DD,What is the speed of the box at time 1s in m/s?,acceleration of the tool box after 1.25s = 1.58m/s^2,,3.7
443,simulation_0183,simulation,A2MC,24,DD,What is the speed of the box at time 1.5s in m/s?,acceleration of the tool box after 1.25s = 1.58m/s^2,,5.1
444,simulation_0183,simulation,A2MC,24,DS,What is the length of the box in meters?,acceleration of the tool box after 1.25s = 1.58m/s^2,,2.5
445,simulation_0183,simulation,A2MC,24,DS,What is the height of the box in meters?,acceleration of the tool box after 1.25s = 1.58m/s^2,,1.4
446,simulation_0185,simulation,A2MC,24,DD,What is the acceleration of the box from 0s to 0.3s in m/s^2?,acceleration of the gift box after 1s = 3.18m/s^2,,9.8
447,simulation_0185,simulation,A2MC,24,DD,What is the speed of the box at time 1s in m/s?,acceleration of the gift box after 1s = 3.18m/s^2,,3.3
448,simulation_0185,simulation,A2MC,24,DD,What is the speed of the box at time 1.5s in m/s?,acceleration of the gift box after 1s = 3.18m/s^2,,4.9
449,simulation_0185,simulation,A2MC,24,DS,What is the length of the box in meters?,acceleration of the gift box after 1s = 3.18m/s^2,,0.45
450,simulation_0185,simulation,A2MC,24,DS,What is the height of the box in meters?,acceleration of the gift box after 1s = 3.18m/s^2,,0.41
451,simulation_0187,simulation,A2SS,30,DS,What is the length of the truck in meters?,acceleration of the truck = 10.757m/s^2,,7.66
452,simulation_0187,simulation,A2SS,30,DS,What is the height of the truck in meters?,acceleration of the truck = 10.757m/s^2,,3.23
453,simulation_0187,simulation,A2SS,30,DS,What is the diameter of the truck's tire in meters?,acceleration of the truck = 10.757m/s^2,,0.73
454,simulation_0187,simulation,A2SS,30,DD,What is the speed of the truck at time 1s in m/s?,acceleration of the truck = 10.757m/s^2,,9.84
455,simulation_0187,simulation,A2SS,30,DD,What is the speed of the truck at time 1.5s in m/s?,acceleration of the truck = 10.757m/s^2,,15.2
456,simulation_0189,simulation,V2MS,120,DS,What is the length of the box in meters?,speed of the box = 0.094m/s,,1.9
457,simulation_0189,simulation,V2MS,120,DS,What is the height of the box in meters?,speed of the box = 0.094m/s,,0.87
458,simulation_0189,simulation,V2MS,120,DS,What is the length of the truck in meters?,speed of the box = 0.094m/s,,7.84
459,simulation_0189,simulation,V2MS,120,DS,What is the height of the truck(at time 0s) in meters?,speed of the box = 0.094m/s,,3.32
460,simulation_0189,simulation,V2MS,120,DS,What is the diameter of the truck's tire in meters?,speed of the box = 0.094m/s,,0.89
461,simulation_0190,simulation,S2MS,120,DS,What is the height of the truck(at time 0s) in meters?,width of the box = 1.33m,,3.28
462,simulation_0190,simulation,S2MS,120,DS,What is the width of the truck in meters?,width of the box = 1.33m,,2.66
463,simulation_0190,simulation,S2MS,120,DS,What is the height of the box in meters?,width of the box = 1.33m,,0.83
464,simulation_0190,simulation,S2MS,120,DD,What is the speed of the box at time 1s in m/s?,width of the box = 1.33m,,0.1
465,simulation_0190,simulation,S2MS,120,DD,What is the speed of the box at time 2s in m/s?,width of the box = 1.33m,,0.137
466,simulation_0191,simulation,A2MS,120,DS,What is the width of the box in meters?,acceleration of the box before 0.6s = 9.8m/s,,2.29
467,simulation_0191,simulation,A2MS,120,DS,What is the height of the box in meters?,acceleration of the box before 0.6s = 9.8m/s,,1.11
468,simulation_0191,simulation,A2MS,120,DS,What is the length of the truck in meters?,acceleration of the box before 0.6s = 9.8m/s,,9.49
469,simulation_0191,simulation,A2MS,120,DS,What is the height of the truck in meters?,acceleration of the box before 0.6s = 9.8m/s,,4.0
470,simulation_0191,simulation,A2MS,120,DS,What is the diameter of the truck's tire in meters?,acceleration of the box before 0.6s = 9.8m/s,,0.94
471,simulation_0191,simulation,A2MS,120,DD,What is the speed of the box at time 0.2s in m/s?,acceleration of the box before 0.6s = 9.8m/s,,2.03
472,simulation_0191,simulation,A2MS,120,DD,What is the speed of the box at time 0.4s in m/s?,acceleration of the box before 0.6s = 9.8m/s,,3.98
473,simulation_0192,simulation,A2MS,120,DS,What is the height of the box in meters?,acceleration of the box before 0.6s = 9.8m/s,,1.21
474,simulation_0192,simulation,A2MS,120,DS,What is the width of the truck in meters?,acceleration of the box before 0.6s = 9.8m/s,,3.29
475,simulation_0192,simulation,A2MS,120,DS,What is the width of the box in meters?,acceleration of the box before 0.6s = 9.8m/s,,1.65
476,simulation_0192,simulation,A2MS,120,DD,What is the speed of the box at time 0.2s in m/s?,acceleration of the box before 0.6s = 9.8m/s,,1.96
477,simulation_0192,simulation,A2MS,120,DD,What is the speed of the box at time 0.4s in m/s?,acceleration of the box before 0.6s = 9.8m/s,,3.92
478,simulation_0193,simulation,V2MC,30,DS,What is the diameter of the model of Callisto(the outermost planet) in meters?,Callisto's model speed(the outermost planet) = 0.627 m/s,,0.114
479,simulation_0193,simulation,V2MC,30,DS,What is the diameter of the model of Jupiter (the one at the center) in meters?,Callisto's model speed(the outermost planet) = 0.627 m/s,,1.67
480,simulation_0193,simulation,V2MC,30,DD,What is the speed of the model of Io at 1s in m/s?,Callisto's model speed(the outermost planet) = 0.627 m/s,,1.98
481,simulation_0193,simulation,V2MC,30,DD,What is the speed of the model of Europa at 1s in m/s?,Callisto's model speed(the outermost planet) = 0.627 m/s,,1.28
482,simulation_0193,simulation,V2MC,30,DD,What is the speed of the model of Ganymede at 1s in m/s?,Callisto's model speed(the outermost planet) = 0.627 m/s,,0.81
483,simulation_0193,simulation,V2MC,30,DS,What is the diameter of the model of Io in meters?,Callisto's model speed(the outermost planet) = 0.627 m/s,,0.114
484,simulation_0193,simulation,V2MC,30,DS,What is the diameter of the model of Europa in meters?,Callisto's model speed(the outermost planet) = 0.627 m/s,,0.114
485,simulation_0193,simulation,V2MC,30,DS,What is the diameter of the model of Ganymede in meters?,Callisto's model speed(the outermost planet) = 0.627 m/s,,0.126
486,simulation_0193,simulation,V2MC,30,DS,What is the orbital diameter of the Io model in meters?,Callisto's model speed(the outermost planet) = 0.627 m/s,,3.29
487,simulation_0193,simulation,V2MC,30,DS,What is the orbital diameter of the Europa model in meters?,Callisto's model speed(the outermost planet) = 0.627 m/s,,4.19
488,simulation_0193,simulation,V2MC,30,DS,What is the orbital diameter of the Ganymede model in meters?,Callisto's model speed(the outermost planet) = 0.627 m/s,,5.49
489,simulation_0193,simulation,V2MC,30,DS,What is the orbital diameter of the Callisto model in meters?,Callisto's model speed(the outermost planet) = 0.627 m/s,,8.42
490,simulation_0194,simulation,V2MS,30,DS,What is the orbital diameter of the Callisto model in meters?,Callisto's model speed(the outermost planet) = 0.627 m/s,,8.4
491,simulation_0194,simulation,V2MS,30,DS,What is the diameter of the model of Callisto in meters?,Callisto's model speed(the outermost planet) = 0.627 m/s,,0.09
492,simulation_0194,simulation,V2MS,30,DS,What is the diameter of the model of Jupiter (the one at the center) in meters?,Callisto's model speed(the outermost planet) = 0.627 m/s,,1.67
493,simulation_0196,simulation,V2MS,30,DS,What is the diameter of the plunge tube in meters?,speed of the bubble in the drop = 0.00144m/s,,0.0025
494,simulation_0196,simulation,V2MS,30,DS,What is the horizontal length of the droplet in meters?,speed of the bubble in the drop = 0.00144m/s,,0.0018
495,simulation_0196,simulation,V2MS,30,DS,What is the horizontal length of the “skynova” text on the bottle in meters?,speed of the bubble in the drop = 0.00144m/s,,0.00133
496,simulation_0196,simulation,V2MS,30,DS,What is the vertical height of the “skynova” lettering on the bottle in meters?,speed of the bubble in the drop = 0.00144m/s,,0.0151
497,simulation_0197,simulation,S2MS,30,SS,What is the diameter of the plunge tube in meters?,the horizontal width of the “skynova” text on the bottle = 0.00188m,,0.0033
498,simulation_0197,simulation,S2MS,30,SS,What is the width of the droplet in meters?,the horizontal width of the “skynova” text on the bottle = 0.00188m,,0.0018
499,simulation_0197,simulation,S2MS,30,SS,What is the vertical height of the “skynova” lettering on the bottle in meters?,the horizontal width of the “skynova” text on the bottle = 0.00188m,,0.011
500,simulation_0197,simulation,S2MS,30,SS,What is the diameter of the bottle's neck in meters?,the horizontal width of the “skynova” text on the bottle = 0.00188m,,0.0162
501,simulation_0197,simulation,S2MS,30,SS,What is the diameter of the bottle's body in meters?,the horizontal width of the “skynova” text on the bottle = 0.00188m,,0.024
502,simulation_0197,simulation,S2MS,30,SD,What is the speed of the bubble at time 0.5s in m/s?,the horizontal width of the “skynova” text on the bottle = 0.00188m,,0.0068
503,simulation_0197,simulation,S2MS,30,SD,What is the speed of the bubble at time 0.8s in m/s?,the horizontal width of the “skynova” text on the bottle = 0.00188m,,0.0082
504,simulation_0197,simulation,S2MS,30,SD,What is the speed of the bubble at time 1s in m/s?,the horizontal width of the “skynova” text on the bottle = 0.00188m,,0.0073
505,simulation_0198,simulation,A2MC,60,DS,What is the height of the droplet in meters?,acceleration of the droplet = 9.7m/s^2,,0.0044
506,simulation_0198,simulation,A2MC,60,DS,What is the horizontal length of the droplet in meters?,acceleration of the droplet = 9.7m/s^2,,0.0029
507,simulation_0198,simulation,A2MC,60,DS,What is the diameter of the bottle's neck in meters?,acceleration of the droplet = 9.7m/s^2,,0.023
508,simulation_0198,simulation,A2MC,60,DS,What is the diameter of the bottle's body in meters?,acceleration of the droplet = 9.7m/s^2,,0.0348
509,simulation_0198,simulation,A2MC,60,DS,What is the horizontal length of the “skynova” text on the bottle in meters?,acceleration of the droplet = 9.7m/s^2,,0.0037
510,simulation_0198,simulation,A2MC,60,DS,What is the vertical height of the “skynova” lettering on the bottle in meters?,acceleration of the droplet = 9.7m/s^2,,0.0274
511,simulation_0198,simulation,A2MC,60,DD,What is the speed of the droplet at time 0.2s in m/s?,acceleration of the droplet = 9.7m/s^2,,1.89
512,simulation_0198,simulation,A2MC,60,DD,What is the speed of the droplet at time 0.05s in m/s?,acceleration of the droplet = 9.7m/s^2,,0.43
513,simulation_0198,simulation,A2MC,60,DD,What is the speed of the droplet at time 0.1s in m/s?,acceleration of the droplet = 9.7m/s^2,,0.92
514,simulation_0199,simulation,A2MS,60,DS,What is the height of the droplet in meters?,acceleration of the droplet = 9.7m/s^2,,0.0062
515,simulation_0199,simulation,A2MS,60,DS,What is the horizontal length of the droplet in meters?,acceleration of the droplet = 9.7m/s^2,,0.0039
516,simulation_0199,simulation,A2MS,60,DS,What is the diameter of the bottle's neck in meters?,acceleration of the droplet = 9.7m/s^2,,0.0238
517,simulation_0199,simulation,A2MS,60,DS,What is the diameter of the bottle's body in meters?,acceleration of the droplet = 9.7m/s^2,,0.0373
518,simulation_0199,simulation,A2MS,60,DS,What is the horizontal width of the “skynova” text on the bottle in meters?,acceleration of the droplet = 9.7m/s^2,,0.0044
519,simulation_0199,simulation,A2MS,60,DS,What is the vertical height of the “skynova” lettering on the bottle in meters?,acceleration of the droplet = 9.7m/s^2,,0.0303
520,simulation_0199,simulation,A2MS,60,DD,What is the speed of the droplet at time 0.2s in m/s?,acceleration of the droplet = 9.7m/s^2,,1.96
521,simulation_0199,simulation,A2MS,60,DD,What is the speed of the droplet at time 0.05s in m/s?,acceleration of the droplet = 9.7m/s^2,,0.495
522,simulation_0199,simulation,A2MS,60,DD,What is the speed of the droplet at time 0.1s in m/s?,acceleration of the droplet = 9.7m/s^2,,0.99
523,simulation_0200,simulation,A2MS,60,DS,What is the height of the droplet in meters?,acceleration of the droplet = 9.7m/s^2,,0.0046
524,simulation_0200,simulation,A2MS,60,DS,What is the horizontal length of the droplet in meters?,acceleration of the droplet = 9.7m/s^2,,0.0028
525,simulation_0200,simulation,A2MS,60,DS,What is the diameter of the bottle's neck in meters?,acceleration of the droplet = 9.7m/s^2,,0.0164
526,simulation_0200,simulation,A2MS,60,DS,What is the diameter of the bottle's body in meters?,acceleration of the droplet = 9.7m/s^2,,0.0316
527,simulation_0200,simulation,A2MS,60,DS,What is the vertical height of the “skynova” lettering on the bottle in meters?,acceleration of the droplet = 9.7m/s^2,,0.0295
528,simulation_0200,simulation,A2MS,60,DD,What is the speed of the droplet at time 0.2s in m/s?,acceleration of the droplet = 9.7m/s^2,,1.89
529,simulation_0200,simulation,A2MS,60,DD,What is the speed of the droplet at time 0.05s in m/s?,acceleration of the droplet = 9.7m/s^2,,0.44
530,simulation_0200,simulation,A2MS,60,DD,What is the speed of the droplet at time 0.1s in m/s?,acceleration of the droplet = 9.7m/s^2,,0.91
531,simulation_0203,simulation,A2MC,24,DS,What is the length of the table in meters?,acceleration of the magnifying glass before 0.5s = 9.8m/s^2,,2.64
532,simulation_0203,simulation,A2MC,24,DS,What is the length of the typewriter in meters?,acceleration of the magnifying glass before 0.5s = 9.8m/s^2,,0.415
533,simulation_0203,simulation,A2MC,24,DS,What is the height of the typewriter in meters?,acceleration of the magnifying glass before 0.5s = 9.8m/s^2,,0.235
534,simulation_0203,simulation,A2MC,24,DS,What is the width of the paper next to the magnifying glass in meters?,acceleration of the magnifying glass before 0.5s = 9.8m/s^2,,0.25
535,simulation_0203,simulation,A2MC,24,DS,What is the length of the letter placed under the gun in meters?,acceleration of the magnifying glass before 0.5s = 9.8m/s^2,,0.263
536,simulation_0203,simulation,A2MC,24,DD,What is the speed of the magnifying glass at time 0.125s in m/s?,acceleration of the magnifying glass before 0.5s = 9.8m/s^2,,1.27
537,simulation_0203,simulation,A2MC,24,DD,What is the speed of the magnifying glass at time 0.25s in m/s?,acceleration of the magnifying glass before 0.5s = 9.8m/s^2,,2.5
538,simulation_0203,simulation,A2MC,24,DD,What is the speed of the magnifying glass at time 0.333s in m/s?,acceleration of the magnifying glass before 0.5s = 9.8m/s^2,,3.31
539,simulation_0204,simulation,A2MS,24,DS,What is the length of the table in meters?,acceleration of the magnifying glass before 0.5s = 9.8m/s^2,,2.45
540,simulation_0204,simulation,A2MS,24,DS,What is the length of the typewriter in meters?,acceleration of the magnifying glass before 0.5s = 9.8m/s^2,,0.41
541,simulation_0204,simulation,A2MS,24,DS,What is the height of the typewriter in meters?,acceleration of the magnifying glass before 0.5s = 9.8m/s^2,,0.22
542,simulation_0204,simulation,A2MS,24,DS,What is the length of the letter placed under the gun in meters?,acceleration of the magnifying glass before 0.5s = 9.8m/s^2,,0.26
543,simulation_0204,simulation,A2MS,24,DD,What is the speed of the magnifying glass at time 0.125s in m/s?,acceleration of the magnifying glass before 0.5s = 9.8m/s^2,,1.24
544,simulation_0204,simulation,A2MS,24,DD,What is the speed of the magnifying glass at time 0.25s in m/s?,acceleration of the magnifying glass before 0.5s = 9.8m/s^2,,2.47
545,simulation_0204,simulation,A2MS,24,DD,What is the speed of the magnifying glass at time 0.333s in m/s?,acceleration of the magnifying glass before 0.5s = 9.8m/s^2,,3.29
546,simulation_0207,simulation,A2MC,24,DS,What is the length of the table in meters?,acceleration of the typewriter before 0.45s = 9.8m/s^2,,2.68
547,simulation_0207,simulation,A2MC,24,DS,What is the length of the typewriter in meters?,acceleration of the typewriter before 0.45s = 9.8m/s^2,,0.39
548,simulation_0207,simulation,A2MC,24,DS,What is the height of the typewriter in meters?,acceleration of the typewriter before 0.45s = 9.8m/s^2,,0.165
549,simulation_0207,simulation,A2MC,24,DS,What is the width of the paper next to the typewriter in meters?,acceleration of the typewriter before 0.45s = 9.8m/s^2,,0.205
550,simulation_0207,simulation,A2MC,24,DS,What is the length of the letter placed under the gun in meters?,acceleration of the typewriter before 0.45s = 9.8m/s^2,,0.266
551,simulation_0207,simulation,A2MC,24,DD,What is the speed of the typewriter at time 0.125s in m/s?,acceleration of the typewriter before 0.45s = 9.8m/s^2,,1.24
552,simulation_0207,simulation,A2MC,24,DD,What is the speed of the typewriter at time 0.25s in m/s?,acceleration of the typewriter before 0.45s = 9.8m/s^2,,2.5
553,simulation_0207,simulation,A2MC,24,DD,What is the speed of the typewriter at time 0.333s in m/s?,acceleration of the typewriter before 0.45s = 9.8m/s^2,,3.3
554,simulation_0208,simulation,A2MS,24,DS,What is the length of the table in meters?,acceleration of the typewriter before 0.45s = 9.8m/s^2,,2.3
555,simulation_0208,simulation,A2MS,24,DS,What is the length of the typewriter in meters?,acceleration of the typewriter before 0.45s = 9.8m/s^2,,0.38
556,simulation_0208,simulation,A2MS,24,DS,What is the height of the typewriter in meters?,acceleration of the typewriter before 0.45s = 9.8m/s^2,,0.22
557,simulation_0208,simulation,A2MS,24,DS,What is the length of the letter placed under the gun in meters?,acceleration of the typewriter before 0.45s = 9.8m/s^2,,0.14
558,simulation_0208,simulation,A2MS,24,DD,What is the speed of the typewriter at time 0.125s in m/s?,acceleration of the typewriter before 0.45s = 9.8m/s^2,,1.25
559,simulation_0208,simulation,A2MS,24,DD,What is the speed of the typewriter at time 0.25s in m/s?,acceleration of the typewriter before 0.45s = 9.8m/s^2,,2.5
560,simulation_0208,simulation,A2MS,24,DD,What is the speed of the typewriter at time 0.333s in m/s?,acceleration of the typewriter before 0.45s = 9.8m/s^2,,3.4
561,simulation_0210,simulation,V2MS,24,DS,What is the length of the black cat (including its tail) in meters?,speed of the black cat = 0.94m/s,,0.69
562,simulation_0210,simulation,V2MS,24,DS,What is the height of the black cat (including its tail) in meters?,speed of the black cat = 0.94m/s,,0.49
563,simulation_0210,simulation,V2MS,24,DS,What is the length of the wooden bench in meters?,speed of the black cat = 0.94m/s,,1.02
564,simulation_0210,simulation,V2MS,24,DS,What is the height of the wooden bench in meters?,speed of the black cat = 0.94m/s,,0.47
565,simulation_0210,simulation,V2MS,24,DS,What is the height of the lampshade of the table lamp in meters?,speed of the black cat = 0.94m/s,,0.24
566,simulation_0210,simulation,V2MS,24,DS,What is the diameter of the lampshade of the table lamp in meters?,speed of the black cat = 0.94m/s,,0.47
567,simulation_0210,simulation,V2MS,24,DS,What is the height of the table lamp in meters?,speed of the black cat = 0.94m/s,,0.635
568,simulation_0210,simulation,V2MS,24,DS,What is the height of the vase in meters?,speed of the black cat = 0.94m/s,,0.47
569,simulation_0210,simulation,V2MS,24,DS,What is the height of the floor mirror in meters?,speed of the black cat = 0.94m/s,,1.27
570,simulation_0210,simulation,V2MS,24,DS,What is the width of the floor mirror in meters?,speed of the black cat = 0.94m/s,,0.565
571,simulation_0213,simulation,V2MC,24,DS,What is the length of the black cat (including its tail) in meters?,speed of the black cat = 0.94m/s,,0.68
572,simulation_0213,simulation,V2MC,24,DS,What is the height of the black cat (including its tail) in meters?,speed of the black cat = 0.94m/s,,0.48
573,simulation_0213,simulation,V2MC,24,DS,What is the length of the wooden bench in meters?,speed of the black cat = 0.94m/s,,1.01
574,simulation_0213,simulation,V2MC,24,DS,What is the height of the wooden bench in meters?,speed of the black cat = 0.94m/s,,0.46
575,simulation_0213,simulation,V2MC,24,DS,What is the height of the lampshade of the table lamp in meters?,speed of the black cat = 0.94m/s,,0.24
576,simulation_0213,simulation,V2MC,24,DS,What is the diameter of the lampshade of the table lamp in meters?,speed of the black cat = 0.94m/s,,0.465
577,simulation_0213,simulation,V2MC,24,DS,What is the height of the table lamp in meters?,speed of the black cat = 0.94m/s,,0.63
578,simulation_0213,simulation,V2MC,24,DS,What is the height of the vase in meters?,speed of the black cat = 0.94m/s,,0.475
579,simulation_0213,simulation,V2MC,24,DS,What is the height of the floor mirror in meters?,speed of the black cat = 0.94m/s,,1.26
580,simulation_0213,simulation,V2MC,24,DS,What is the width of the floor mirror in meters?,speed of the black cat = 0.94m/s,,0.56
581,simulation_0213,simulation,V2MC,24,DD,What is the speed of the dog at time 1s in m/s?,speed of the black cat = 0.94m/s,,1.11
582,simulation_0213,simulation,V2MC,24,DD,What is the speed of the dog at time 1.5s in m/s?,speed of the black cat = 0.94m/s,,0.97
583,simulation_0213,simulation,V2MC,24,DS,What is the length of the dog (including its tail) in meters?,speed of the black cat = 0.94m/s,,1.25
584,simulation_0213,simulation,V2MC,24,DS,What is the height of the dog (including its tail) in meters?,speed of the black cat = 0.94m/s,,0.68
585,simulation_0214,simulation,V2MC,24,DS,What is the length of the black cat (including its tail) in meters?,speed of the black cat = 0.94m/s,,0.7
586,simulation_0214,simulation,V2MC,24,DS,What is the length of the wooden bench in meters?,speed of the black cat = 0.94m/s,,1.04
587,simulation_0214,simulation,V2MC,24,DS,What is the width of the wooden bench in meters?,speed of the black cat = 0.94m/s,,0.42
588,simulation_0214,simulation,V2MC,24,DS,What is the length of the TV stand in meters?,speed of the black cat = 0.94m/s,,1.61
589,simulation_0214,simulation,V2MC,24,DS,What is the width of the TV stand in meters?,speed of the black cat = 0.94m/s,,0.44
590,simulation_0214,simulation,V2MC,24,DS,What is the diameter of the lampshade of the table lamp in meters?,speed of the black cat = 0.94m/s,,0.53
591,simulation_0214,simulation,V2MC,24,DS,What is the width of the floor mirror in meters?,speed of the black cat = 0.94m/s,,0.78
592,simulation_0214,simulation,V2MC,24,DD,What is the speed of the dog at time 1s in m/s?,speed of the black cat = 0.94m/s,,1.08
593,simulation_0214,simulation,V2MC,24,DD,What is the speed of the dog at time 1.5s in m/s?,speed of the black cat = 0.94m/s,,0.8
594,simulation_0214,simulation,V2MC,24,DS,What is the length of the dog (including its tail) in meters?,speed of the black cat = 0.94m/s,,1.03
595,simulation_0214,simulation,V2MC,24,DS,What is the diameter of the white fur carpet in meters?,speed of the black cat = 0.94m/s,,1.62
596,simulation_0214,simulation,V2MC,24,DS,What is the length of the white sofa in meters?,speed of the black cat = 0.94m/s,,3.16
597,simulation_0214,simulation,V2MC,24,DS,What is the width of the white sofa in meters?,speed of the black cat = 0.94m/s,,1.71
598,simulation_0215,simulation,V2MC,24,DS,What is the length of the black cat (including its tail) in meters?,speed of the black cat = 0.94m/s,,0.7
599,simulation_0215,simulation,V2MC,24,DS,What is the length of the wooden bench in meters?,speed of the black cat = 0.94m/s,,1.04
600,simulation_0215,simulation,V2MC,24,DS,What is the width of the wooden bench in meters?,speed of the black cat = 0.94m/s,,0.42
601,simulation_0215,simulation,V2MC,24,DS,What is the length of the TV stand in meters?,speed of the black cat = 0.94m/s,,1.6
602,simulation_0215,simulation,V2MC,24,DS,What is the width of the TV stand in meters?,speed of the black cat = 0.94m/s,,0.44
603,simulation_0215,simulation,V2MC,24,DS,What is the diameter of the lampshade of the table lamp in meters?,speed of the black cat = 0.94m/s,,0.53
604,simulation_0215,simulation,V2MC,24,DS,What is the diameter of the vase in meters?,speed of the black cat = 0.94m/s,,0.265
605,simulation_0215,simulation,V2MC,24,DS,What is the width of the floor mirror in meters?,speed of the black cat = 0.94m/s,,0.87
606,simulation_0215,simulation,V2MC,24,DS,What is the diameter of the white fur carpet in meters?,speed of the black cat = 0.94m/s,,1.6
607,simulation_0215,simulation,V2MC,24,DS,What is the length of the white sofa in meters?,speed of the black cat = 0.94m/s,,3.16
608,simulation_0215,simulation,V2MC,24,DS,What is the width of the white sofa in meters?,speed of the black cat = 0.94m/s,,1.37
609,simulation_0216,simulation,V2MC,24,DS,What is the length of the black cat (including its tail) in meters?,speed of the black cat = 0.94m/s,,0.69
610,simulation_0216,simulation,V2MC,24,DS,What is the height of the black cat (including its tail) in meters?,speed of the black cat = 0.94m/s,,0.48
611,simulation_0216,simulation,V2MC,24,DS,What is the length of the wooden bench in meters?,speed of the black cat = 0.94m/s,,1.04
612,simulation_0216,simulation,V2MC,24,DS,What is the height of the wooden bench in meters?,speed of the black cat = 0.94m/s,,0.47
613,simulation_0216,simulation,V2MC,24,DS,What is the height of the lampshade of the table lamp in meters?,speed of the black cat = 0.94m/s,,0.245
614,simulation_0216,simulation,V2MC,24,DS,What is the diameter of the lampshade of the table lamp in meters?,speed of the black cat = 0.94m/s,,0.47
615,simulation_0216,simulation,V2MC,24,DS,What is the height of the table lamp in meters?,speed of the black cat = 0.94m/s,,0.65
616,simulation_0216,simulation,V2MC,24,DS,What is the height of the vase in meters?,speed of the black cat = 0.94m/s,,0.48
617,simulation_0216,simulation,V2MC,24,DS,What is the height of the floor mirror in meters?,speed of the black cat = 0.94m/s,,1.29
618,simulation_0216,simulation,V2MC,24,DS,What is the length of the floor mirror in meters?,speed of the black cat = 0.94m/s,,0.59
619,simulation_0216,simulation,V2MC,24,DS,What is the length of the TV in meters?,speed of the black cat = 0.94m/s,,0.89
620,simulation_0216,simulation,V2MC,24,DS,What is the height of the TV in meters?,speed of the black cat = 0.94m/s,,0.51
621,simulation_0216,simulation,V2MC,24,DS,What is the length of the TV stand in meters?,speed of the black cat = 0.94m/s,,1.72
622,simulation_0216,simulation,V2MC,24,DS,What is the height of the TV stand in meters?,speed of the black cat = 0.94m/s,,0.47
623,simulation_0217,simulation,V2MC,24,DS,What is the length of the black cat (including its tail) in meters?,speed of the black cat = 0.94m/s,,0.68
624,simulation_0217,simulation,V2MC,24,DS,What is the length of the TV in meters?,speed of the black cat = 0.94m/s,,1.04
625,simulation_0217,simulation,V2MC,24,DS,What is the length of the wooden bench in meters?,speed of the black cat = 0.94m/s,,1.04
626,simulation_0217,simulation,V2MC,24,DS,What is the width of the wooden bench in meters?,speed of the black cat = 0.94m/s,,0.42
627,simulation_0217,simulation,V2MC,24,DS,What is the width of the TV stand in meters?,speed of the black cat = 0.94m/s,,1.57
628,simulation_0217,simulation,V2MC,24,DS,What is the diameter of the lampshade of the table lamp in meters?,speed of the black cat = 0.94m/s,,0.53
629,simulation_0217,simulation,V2MC,24,DS,What is the diameter of the vase in meters?,speed of the black cat = 0.94m/s,,0.265
630,simulation_0217,simulation,V2MC,24,DS,What is the width of the floor mirror in meters?,speed of the black cat = 0.94m/s,,0.72
631,simulation_0217,simulation,V2MC,24,DD,What is the speed of the dog at time 1s in m/s?,speed of the black cat = 0.94m/s,,0.96
632,simulation_0217,simulation,V2MC,24,DD,What is the speed of the dog at time 1.5s in m/s?,speed of the black cat = 0.94m/s,,0.87
633,simulation_0217,simulation,V2MC,24,DS,What is the length of the dog (including its tail) in meters?,speed of the black cat = 0.94m/s,,1.02
634,simulation_0217,simulation,V2MC,24,DS,What is the diameter of the white fur carpet in meters?,speed of the black cat = 0.94m/s,,1.62
635,simulation_0217,simulation,V2MC,24,DS,What is the length of the white sofa in meters?,speed of the black cat = 0.94m/s,,3.18
636,simulation_0217,simulation,V2MC,24,DS,What is the width of the white sofa in meters?,speed of the black cat = 0.94m/s,,1.71
637,simulation_0218,simulation,V2MC,24,DS,What is the length of the big robot in meters?,speed of the big robot = 5.924m/s,,3.07
638,simulation_0218,simulation,V2MC,24,DS,What is the height of the big robot in meters?,speed of the big robot = 5.924m/s,,3.02
639,simulation_0218,simulation,V2MC,24,DS,What is the length in meters of the long side of a marked parking space on the ground?,speed of the big robot = 5.924m/s,,5.65
640,simulation_0218,simulation,V2MC,24,DS,What is the outer diameter of the robot's tires in meters?,speed of the big robot = 5.924m/s,,0.35
641,simulation_0219,simulation,V2MC,24,DS,What is the length of the big robot in meters?,speed of the big robot = 5.924m/s,,2.9
642,simulation_0219,simulation,V2MC,24,DS,What is the height of the big robot in meters?,speed of the big robot = 5.924m/s,,2.82
643,simulation_0219,simulation,V2MC,24,DS,What is the length in meters of the long side of a marked parking space on the ground?,speed of the big robot = 5.924m/s,,5.2
644,simulation_0219,simulation,V2MC,24,DS,What is the outer diameter of the robot's tires in meters?,speed of the big robot = 5.924m/s,,0.34
645,simulation_0219,simulation,V2MC,24,DD,What is the speed of the small robot at 1s in m/s?,speed of the big robot = 5.924m/s,,0.74
646,simulation_0219,simulation,V2MC,24,DS,What is the height of the small robot in meters?,speed of the big robot = 5.924m/s,,1.35
647,simulation_0220,simulation,V2MC,24,DS,What is the length in meters of the long side of a marked parking space on the ground?,speed of the small robot = 0.82m/s,,4.68
648,simulation_0220,simulation,V2MC,24,DS,What is the height of the small robot in meters?,speed of the small robot = 0.82m/s,,1.23
649,simulation_0221,simulation,S2MC,24,SS,What is the length of the wooden bench in meters?,diameter of the vacuum cleaner = 0.438m,,1.05
650,simulation_0221,simulation,S2MC,24,SS,What is the width of the wooden bench in meters?,diameter of the vacuum cleaner = 0.438m,,0.42
651,simulation_0221,simulation,S2MC,24,SS,What is the length of the TV stand in meters?,diameter of the vacuum cleaner = 0.438m,,1.82
652,simulation_0221,simulation,S2MC,24,SS,What is the width of the TV stand in meters?,diameter of the vacuum cleaner = 0.438m,,0.43
653,simulation_0221,simulation,S2MC,24,SS,What is the diameter of the lampshade of the table lamp in meters?,diameter of the vacuum cleaner = 0.438m,,0.53
654,simulation_0221,simulation,S2MC,24,SS,What is the diameter of the vase in meters?,diameter of the vacuum cleaner = 0.438m,,0.27
655,simulation_0221,simulation,S2MC,24,SS,What is the width of the floor mirror in meters?,diameter of the vacuum cleaner = 0.438m,,0.73
656,simulation_0221,simulation,S2MC,24,SS,What is the diameter of the white fur carpet in meters?,diameter of the vacuum cleaner = 0.438m,,1.64
657,simulation_0221,simulation,S2MC,24,SS,What is the length of the white sofa in meters?,diameter of the vacuum cleaner = 0.438m,,3.2
658,simulation_0221,simulation,S2MC,24,SS,What is the width of the white sofa in meters?,diameter of the vacuum cleaner = 0.438m,,1.7
659,simulation_0221,simulation,S2MC,24,SD,What is the speed of the vacuum cleaner at time 0.5s in m/s?,diameter of the vacuum cleaner = 0.438m,,1.15
660,simulation_0221,simulation,S2MC,24,SD,What is the acceleration of the vacuum cleaner at time 0.5s in m/s^2?,diameter of the vacuum cleaner = 0.438m,,1.7
661,simulation_0221,simulation,S2MC,24,SD,What is the speed of the vacuum cleaner at time 1s in m/s?,diameter of the vacuum cleaner = 0.438m,,1.76
662,simulation_0221,simulation,S2MC,24,SD,What is the acceleration of the vacuum cleaner at time 1s in m/s^2?,diameter of the vacuum cleaner = 0.438m,,0.3
663,simulation_0221,simulation,S2MC,24,SD,What is the speed of the vacuum cleaner at time 2s in m/s?,diameter of the vacuum cleaner = 0.438m,,1.95
664,simulation_0221,simulation,S2MC,24,SD,What is the acceleration of the vacuum cleaner at time 2s in m/s^2?,diameter of the vacuum cleaner = 0.438m,,1.4
665,simulation_0222,simulation,S2MS,24,SS,What is the length of the wooden bench in meters?,diameter of the vacuum cleaner = 0.438m,,1.04
666,simulation_0222,simulation,S2MS,24,SS,What is the width of the wooden bench in meters?,diameter of the vacuum cleaner = 0.438m,,0.42
667,simulation_0222,simulation,S2MS,24,SS,What is the length of the TV stand in meters?,diameter of the vacuum cleaner = 0.438m,,1.7
668,simulation_0222,simulation,S2MS,24,SS,What is the width of the TV stand in meters?,diameter of the vacuum cleaner = 0.438m,,0.44
669,simulation_0222,simulation,S2MS,24,SS,What is the diameter of the lampshade of the table lamp in meters?,diameter of the vacuum cleaner = 0.438m,,0.52
670,simulation_0222,simulation,S2MS,24,SS,What is the diameter of the vase in meters?,diameter of the vacuum cleaner = 0.438m,,0.27
671,simulation_0222,simulation,S2MS,24,SS,What is the width of the floor mirror in meters?,diameter of the vacuum cleaner = 0.438m,,0.64
672,simulation_0222,simulation,S2MS,24,SS,What is the diameter of the white fur carpet in meters?,diameter of the vacuum cleaner = 0.438m,,1.68
673,simulation_0222,simulation,S2MS,24,SS,What is the length of the white sofa in meters?,diameter of the vacuum cleaner = 0.438m,,3.19
674,simulation_0222,simulation,S2MS,24,SS,What is the width of the white sofa in meters?,diameter of the vacuum cleaner = 0.438m,,1.73
675,simulation_0222,simulation,S2MS,24,SD,What is the speed of the vacuum cleaner at time 0.5s in m/s?,diameter of the vacuum cleaner = 0.438m,,1.13
676,simulation_0222,simulation,S2MS,24,SD,What is the acceleration of the vacuum cleaner at time 0.5s in m/s^2?,diameter of the vacuum cleaner = 0.438m,,1.8
677,simulation_0222,simulation,S2MS,24,SD,What is the speed of the vacuum cleaner at time 1s in m/s?,diameter of the vacuum cleaner = 0.438m,,1.77
678,simulation_0222,simulation,S2MS,24,SD,What is the acceleration of the vacuum cleaner at time 1s in m/s^2?,diameter of the vacuum cleaner = 0.438m,,0.3
679,simulation_0222,simulation,S2MS,24,SD,What is the speed of the vacuum cleaner at time 2s in m/s?,diameter of the vacuum cleaner = 0.438m,,1.86
680,simulation_0222,simulation,S2MS,24,SD,What is the acceleration of the vacuum cleaner at time 2s in m/s^2?,diameter of the vacuum cleaner = 0.438m,,0.5
681,simulation_0223,simulation,S2MC,24,SS,What is the length(horizontal) of the chinese chess board in meters?,diameter of one chinese chess = 0.097m,,1.18
682,simulation_0223,simulation,S2MC,24,SS,What is the width(vertical) of the chinese chess board in meters?,diameter of one chinese chess = 0.097m,,1.06
683,simulation_0223,simulation,S2MC,24,SD,What is the speed of the moving red general chess at time 0.5s in m/s?,diameter of one chinese chess = 0.097m,,0.37
684,simulation_0223,simulation,S2MC,24,SD,What is the acceleration of the moving red general chess at time 0.5s in m/s^2?,diameter of one chinese chess = 0.097m,,0.7
685,simulation_0223,simulation,S2MC,24,SD,What is the speed of the moving red general chess at time 1s in m/s?,diameter of one chinese chess = 0.097m,,0.71
686,simulation_0223,simulation,S2MC,24,SD,What is the acceleration of the moving red general chess at time 1s in m/s^2?,diameter of one chinese chess = 0.097m,,0.7
687,simulation_0223,simulation,S2MC,24,SD,What is the speed of the moving red general chess at time 1.5s in m/s?,diameter of one chinese chess = 0.097m,,1.04
688,simulation_0223,simulation,S2MC,24,SD,What is the acceleration of the moving red general chess at time 1.5s in m/s^2?,diameter of one chinese chess = 0.097m,,0.7
689,simulation_0224,simulation,S2MC,24,SS,What is the length of the chinese chess board in meters?,diameter of one chinese chess = 0.097m,,1.83
690,simulation_0224,simulation,S2MC,24,SD,What is the speed of the moving chess at time 0.5s in m/s?,diameter of one chinese chess = 0.097m,,0.49
691,simulation_0224,simulation,S2MC,24,SD,What is the acceleration of the moving chess at time 0.5s in m/s^2?,diameter of one chinese chess = 0.097m,,0.99
692,simulation_0224,simulation,S2MC,24,SD,What is the speed of the moving chess at time 1s in m/s?,diameter of one chinese chess = 0.097m,,0.99
693,simulation_0224,simulation,S2MC,24,SD,What is the acceleration of the moving chess at time 1s in m/s^2?,diameter of one chinese chess = 0.097m,,0.99
694,simulation_0224,simulation,S2MC,24,SD,What is the speed of the moving chess at time 1.5s in m/s?,diameter of one chinese chess = 0.097m,,1.48
695,simulation_0224,simulation,S2MC,24,SD,What is the acceleration of the moving chess at time 1.5s in m/s^2?,diameter of one chinese chess = 0.097m,,0.99
696,simulation_0225,simulation,V2MC,24,DS,What is the length of the black cat (including its tail) in meters?,speed of the black cat = 1.041m/s,,0.86
697,simulation_0225,simulation,V2MC,24,DS,What is the height of the black cat (including its tail) in meters?,speed of the black cat = 1.041m/s,,0.58
698,simulation_0225,simulation,V2MC,24,DS,What is the width of the beach chair in meters?,speed of the black cat = 1.041m/s,,1.45
699,simulation_0225,simulation,V2MC,24,DS,What is the width of the pool tiles (horizontal side) in meters?,speed of the black cat = 1.041m/s,,1.19
700,simulation_0226,simulation,V2MC,24,DS,What is the length of the black cat (including its tail) in meters?,speed of the black cat = 1.041m/s,,0.84
701,simulation_0226,simulation,V2MC,24,DS,What is the width of the beach chair in meters?,speed of the black cat = 1.041m/s,,1.6
702,simulation_0226,simulation,V2MC,24,DS,What is the width of the pool tiles (horizontal side) in meters?,speed of the black cat = 1.041m/s,,1.14
703,simulation_0227,simulation,V2MC,24,DS,What is the length of the black cat (including its tail) in meters?,speed of the black cat = 1.041m/s,,0.86
704,simulation_0227,simulation,V2MC,24,DS,What is the height of the black cat (including its tail) in meters?,speed of the black cat = 1.041m/s,,0.58
705,simulation_0227,simulation,V2MC,24,DS,What is the width of the beach chair in meters?,speed of the black cat = 1.041m/s,,1.44
706,simulation_0227,simulation,V2MC,24,DS,What is the width of the pool tiles (horizontal side) in meters?,speed of the black cat = 1.041m/s,,1.2
707,simulation_0227,simulation,V2MC,24,DS,What is the length of the swimming ring in meters?,speed of the black cat = 1.041m/s,,1.26
708,simulation_0227,simulation,V2MC,24,DS,What is the height of the swimming ring in meters?,speed of the black cat = 1.041m/s,,1.2
709,simulation_0227,simulation,V2MC,24,DD,What is the speed of the swimming ring at time 0.5s in m/s?,speed of the black cat = 1.041m/s,,1.8
710,simulation_0228,simulation,V2MC,24,DS,What is the length of the black cat (including its tail) in meters?,speed of the black cat = 1.041m/s,,0.85
711,simulation_0228,simulation,V2MC,24,DS,What is the width of the beach chair in meters?,speed of the black cat = 1.041m/s,,1.58
712,simulation_0228,simulation,V2MC,24,DS,What is the width of the paving stones in meters?,speed of the black cat = 1.041m/s,,1.14
713,simulation_0228,simulation,V2MC,24,DS,What is the length of the swimming ring in meters?,speed of the black cat = 1.041m/s,,1.1
714,simulation_0228,simulation,V2MC,24,DD,What is the speed of the swimming ring at time 0.5s in m/s?,speed of the black cat = 1.041m/s,,1.71
715,simulation_0229,simulation,S2MC,24,SS,What is the diameter of the clock in meters?,length of the chalkboard = 5m,,0.42
716,simulation_0229,simulation,S2MC,24,SS,What is the height of the chalkboard in meters?,length of the chalkboard = 5m,,1.6
717,simulation_0229,simulation,S2MC,24,SS,What is the width of the orange chair next to the blackboard in meters?,length of the chalkboard = 5m,,0.56
718,simulation_0229,simulation,S2MC,24,SS,What is the length of the teacher's table in meters?,length of the chalkboard = 5m,,2.52
719,simulation_0229,simulation,S2MC,24,SS,What is the ceiling height of the room in meters?,length of the chalkboard = 5m,,2.8
720,simulation_0229,simulation,S2MC,24,SD,What is the speed of the paper airplane at time 1s in m/s?,length of the chalkboard = 5m,,6.0
721,simulation_0229,simulation,S2MC,24,SD,What is the acceleration of the paper airplane at time 1s in m/s^2?,length of the chalkboard = 5m,,9.0
722,simulation_0229,simulation,S2MC,24,SD,What is the speed of the paper airplane at time 1.25s in m/s?,length of the chalkboard = 5m,,5.3
723,simulation_0229,simulation,S2MC,24,SD,What is the acceleration of the paper airplane at time 1.25s in m/s^2?,length of the chalkboard = 5m,,7.0
724,simulation_0230,simulation,S2MC,24,SS,What is the diameter of the clock in meters?,length of the chalkboard = 5m,,0.42
725,simulation_0230,simulation,S2MC,24,SS,What is the height of the chalkboard in meters?,length of the chalkboard = 5m,,1.6
726,simulation_0230,simulation,S2MC,24,SS,What is the width of the orange chair next to the blackboard in meters?,length of the chalkboard = 5m,,0.56
727,simulation_0230,simulation,S2MC,24,SS,What is the length of the teacher's table in meters?,length of the chalkboard = 5m,,2.5
728,simulation_0230,simulation,S2MC,24,SS,What is the ceiling height of the room in meters?,length of the chalkboard = 5m,,2.85
729,simulation_0230,simulation,S2MC,24,SD,What is the speed of the paper airplane at time 1s in m/s?,length of the chalkboard = 5m,,6.0
730,simulation_0230,simulation,S2MC,24,SD,What is the acceleration of the paper airplane at time 1s in m/s^2?,length of the chalkboard = 5m,,8.0
731,simulation_0230,simulation,S2MC,24,SD,What is the speed of the paper airplane at time 1.25s in m/s?,length of the chalkboard = 5m,,5.3
732,simulation_0230,simulation,S2MC,24,SD,What is the acceleration of the paper airplane at time 1.25s in m/s^2?,length of the chalkboard = 5m,,7.0
733,simulation_0230,simulation,S2MC,24,SS,What is the length of the black cat (including its tail) in meters?,length of the chalkboard = 5m,,0.64
734,simulation_0230,simulation,S2MC,24,SS,What is the height of the black cat (including its tail) in meters?,length of the chalkboard = 5m,,0.49
735,simulation_0230,simulation,S2MC,24,SD,What is the average speed of the black cat from the beginning to the end in m/s?,length of the chalkboard = 5m,,0.78
736,simulation_0231,simulation,V2MC,24,DS,What is the height of the chalkboard in meters?,speed of the black cat = 0.714m/s,,1.47
737,simulation_0231,simulation,V2MC,24,DS,What is the width of the orange chair next to the blackboard in meters?,speed of the black cat = 0.714m/s,,0.66
738,simulation_0231,simulation,V2MC,24,DS,What is the length of the teacher's table in meters?,speed of the black cat = 0.714m/s,,2.4
739,simulation_0231,simulation,V2MC,24,DS,What is the ceiling height of the room in meters?,speed of the black cat = 0.714m/s,,2.61
740,simulation_0231,simulation,V2MC,24,DD,What is the speed of the paper airplane at time 1s in m/s?,speed of the black cat = 0.714m/s,,5.5
741,simulation_0231,simulation,V2MC,24,DD,What is the acceleration of the paper airplane at time 1s in m/s^2?,speed of the black cat = 0.714m/s,,7.8
742,simulation_0231,simulation,V2MC,24,DD,What is the speed of the paper airplane at time 1.25s in m/s?,speed of the black cat = 0.714m/s,,4.93
743,simulation_0231,simulation,V2MC,24,DD,What is the acceleration of the paper airplane at time 1.25s in m/s^2?,speed of the black cat = 0.714m/s,,7.8
744,simulation_0231,simulation,V2MC,24,DS,What is the length of the black cat (including its tail) in meters?,speed of the black cat = 0.714m/s,,0.64
745,simulation_0231,simulation,V2MC,24,DS,What is the height of the black cat (including its tail) in meters?,speed of the black cat = 0.714m/s,,0.48
746,simulation_0231,simulation,V2MC,24,DS,What is the length of the chalkboard in meters?,speed of the black cat = 0.714m/s,,4.63
747,simulation_0231,simulation,V2MC,24,DS,What is the diameter of the clock in meters?,speed of the black cat = 0.714m/s,,0.38
748,simulation_0232,simulation,V2MS,24,DS,What is the width of the chair next to the blackboard in meters?,speed of the black cat = 0.714m/s,,0.51
749,simulation_0232,simulation,V2MS,24,DS,What is the length of the teacher's table in meters?,speed of the black cat = 0.714m/s,,2.39
750,simulation_0232,simulation,V2MS,24,DS,What is the ceiling height of the room in meters?,speed of the black cat = 0.714m/s,,2.6
751,simulation_0232,simulation,V2MS,24,DD,What is the speed of the paper airplane at time 1s in m/s?,speed of the black cat = 0.714m/s,,5.45
752,simulation_0232,simulation,V2MS,24,DD,What is the acceleration of the paper airplane at time 1s in m/s^2?,speed of the black cat = 0.714m/s,,7.0
753,simulation_0232,simulation,V2MS,24,DD,What is the speed of the paper airplane at time 1.25s in m/s?,speed of the black cat = 0.714m/s,,4.9
754,simulation_0232,simulation,V2MS,24,DD,What is the acceleration of the paper airplane at time 1.25s in m/s^2?,speed of the black cat = 0.714m/s,,5.1
755,simulation_0232,simulation,V2MS,24,DS,What is the length of the black cat (including its tail) in meters?,speed of the black cat = 0.714m/s,,0.67
756,simulation_0232,simulation,V2MS,24,DS,What is the height of the black cat (including its tail) in meters?,speed of the black cat = 0.714m/s,,0.48
757,simulation_0232,simulation,V2MS,24,DS,What is the diameter of the clock in meters?,speed of the black cat = 0.714m/s,,0.38
758,simulation_0233,simulation,V2MC,24,DS,What is the length of the black cat (including its tail) in meters?,speed of the black cat = 0.714m/s,,0.73
759,simulation_0233,simulation,V2MC,24,DS,What is the width of the chair in meters?,speed of the black cat = 0.714m/s,,0.65
760,simulation_0233,simulation,V2MC,24,DS,What is the length of the chair in meters?,speed of the black cat = 0.714m/s,,0.48
761,simulation_0234,simulation,S2MC,24,SS,What is the length of the white basketball backboard in meters?,diameter of the basketball = 0.282m,,1.34
762,simulation_0234,simulation,S2MC,24,SS,What is the height of the white basketball backboard in meters?,diameter of the basketball = 0.282m,,0.79
763,simulation_0234,simulation,S2MC,24,SS,What is the height of the green section on the wall in meters?,diameter of the basketball = 0.282m,,1.14
764,simulation_0234,simulation,S2MC,24,SD,What is the speed of the basketball at time 0.5s in m/s?,diameter of the basketball = 0.282m,,1.01
765,simulation_0234,simulation,S2MC,24,SD,What is the acceleration of the basketball at time 0.5s in m/s^2?,diameter of the basketball = 0.282m,,2.15
766,simulation_0234,simulation,S2MC,24,SD,What is the speed of the basketball at time 1.5s in m/s?,diameter of the basketball = 0.282m,,1.01
767,simulation_0234,simulation,S2MC,24,SD,What is the acceleration of the basketball at time 1.5s in m/s^2?,diameter of the basketball = 0.282m,,2.05
768,simulation_0235,simulation,S2MS,24,SS,What is the height of the trophy next to the basketball in meters?,diameter of the basketball = 0.282m,,1.13
769,simulation_0235,simulation,S2MS,24,SS,What is the length of each small pane of the window in meters?,diameter of the basketball = 0.282m,,0.52
770,simulation_0235,simulation,S2MS,24,SS,What is the height of each small pane of the window in meters?,diameter of the basketball = 0.282m,,0.4
771,simulation_0235,simulation,S2MS,24,SS,What is the height of the green section on the wall in meters?,diameter of the basketball = 0.282m,,1.22
772,simulation_0235,simulation,S2MS,24,SD,What is the speed of the basketball at time 0.5s in m/s?,diameter of the basketball = 0.282m,,1.03
773,simulation_0235,simulation,S2MS,24,SD,What is the acceleration of the basketball at time 0.5s in m/s^2?,diameter of the basketball = 0.282m,,2.0
774,simulation_0235,simulation,S2MS,24,SD,What is the speed of the basketball at time 1.5s in m/s?,diameter of the basketball = 0.282m,,1.03
775,simulation_0235,simulation,S2MS,24,SD,What is the acceleration of the basketball at time 1.5s in m/s^2?,diameter of the basketball = 0.282m,,2.0
776,simulation_0236,simulation,V2MC,24,DS,What is the height of the brown horse in meters?,speed of the horse at the back = 0.874m/s,,1.87
777,simulation_0236,simulation,V2MC,24,DS,What is the length of the brown horse in meters?,speed of the horse at the back = 0.874m/s,,2.18
778,simulation_0236,simulation,V2MC,24,DS,What is the height of the house in meters?,speed of the horse at the back = 0.874m/s,,9.6
779,simulation_0236,simulation,V2MC,24,DS,What is the width of the house in meters?,speed of the horse at the back = 0.874m/s,,8.9
780,simulation_0236,simulation,V2MC,24,DS,What is the height of each glass window in meters?,speed of the horse at the back = 0.874m/s,,1.34
781,simulation_0236,simulation,V2MC,24,DS,What is the width of each glass window in meters?,speed of the horse at the back = 0.874m/s,,0.78
782,simulation_0237,simulation,V2MC,24,DS,What is the length of the brown horse in meters?,speed of the horse at the back = 0.874m/s,,1.75
783,simulation_0237,simulation,V2MC,24,DS,What is the width of the house in meters?,speed of the horse at the back = 0.874m/s,,10.6
784,simulation_0237,simulation,V2MC,24,DS,What is the length of the house in meters?,speed of the horse at the back = 0.874m/s,,9.5
785,simulation_0238,simulation,V2MC,24,DS,What is the height of the brown horse in meters?,speed of the horse at the back = 0.874m/s,,1.8
786,simulation_0238,simulation,V2MC,24,DS,What is the length of the brown horse in meters?,speed of the horse at the back = 0.874m/s,,2.1
787,simulation_0238,simulation,V2MC,24,DS,What is the height of the house in meters?,speed of the horse at the back = 0.874m/s,,9.4
788,simulation_0238,simulation,V2MC,24,DS,What is the width of the house in meters?,speed of the horse at the back = 0.874m/s,,8.4
789,simulation_0238,simulation,V2MC,24,DS,What is the height of each glass window in meters?,speed of the horse at the back = 0.874m/s,,1.31
790,simulation_0238,simulation,V2MC,24,DS,What is the width of each glass window in meters?,speed of the horse at the back = 0.874m/s,,0.78
791,simulation_0238,simulation,V2MC,24,DD,What is the speed of the horse in the front in m/s?,speed of the horse at the back = 0.874m/s,,1.78
792,simulation_0238,simulation,V2MC,24,DS,What is the height of the horse in the front in meters?,speed of the horse at the back = 0.874m/s,,2.05
793,simulation_0238,simulation,V2MC,24,DS,What is the length of the horse in the front in meters?,speed of the horse at the back = 0.874m/s,,2.6
794,simulation_0239,simulation,V2MC,24,DS,What is the length of the horse at the back in meters?,speed of the horse at the back = 0.874m/s,,1.92
795,simulation_0239,simulation,V2MC,24,DS,What is the width of the house in meters?,speed of the horse at the back = 0.874m/s,,9.3
796,simulation_0239,simulation,V2MC,24,DS,What is the length of the house in meters?,speed of the horse at the back = 0.874m/s,,9.5
797,simulation_0239,simulation,V2MC,24,DD,What is the speed of the horse in the front at 1s in m/s?,speed of the horse at the back = 0.874m/s,,1.48
798,simulation_0239,simulation,V2MC,24,DS,What is the length of the horse in the front in meters?,speed of the horse at the back = 0.874m/s,,2.07
799,simulation_0240,simulation,V2MC,24,DS,What is the height of the horse at the back in meters?,speed of the horse at the back = 0.874m/s,,1.72
800,simulation_0240,simulation,V2MC,24,DS,What is the length of the horse at the back in meters?,speed of the horse at the back = 0.874m/s,,2.0
801,simulation_0240,simulation,V2MC,24,DS,What is the height of the house in meters?,speed of the horse at the back = 0.874m/s,,9.0
802,simulation_0240,simulation,V2MC,24,DS,What is the width of the house in meters?,speed of the horse at the back = 0.874m/s,,8.0
803,simulation_0240,simulation,V2MC,24,DS,What is the height of each glass window in meters?,speed of the horse at the back = 0.874m/s,,1.22
804,simulation_0240,simulation,V2MC,24,DS,What is the width of each glass window in meters?,speed of the horse at the back = 0.874m/s,,0.73
805,simulation_0240,simulation,V2MC,24,DD,What is the speed of the horse in the front at 1s in m/s?,speed of the horse at the back = 0.874m/s,,1.65
806,simulation_0240,simulation,V2MC,24,DS,What is the height of the horse in the front in meters?,speed of the horse at the back = 0.874m/s,,1.93
807,simulation_0240,simulation,V2MC,24,DS,What is the length of the horse in the front in meters?,speed of the horse at the back = 0.874m/s,,2.45
808,simulation_0240,simulation,V2MC,24,DD,What is the speed of the rabbit at 1s in m/s?,speed of the horse at the back = 0.874m/s,,1.75
809,simulation_0240,simulation,V2MC,24,DS,What is the length of the rabbit in meters?,speed of the horse at the back = 0.874m/s,,0.48
810,simulation_0241,simulation,V2MC,24,DS,What is the length of the brown horse in meters?,speed of the horse at the back = 0.874m/s,,1.55
811,simulation_0241,simulation,V2MC,24,DS,What is the width of the house in meters?,speed of the horse at the back = 0.874m/s,,9.5
812,simulation_0241,simulation,V2MC,24,DS,What is the length of the house in meters?,speed of the horse at the back = 0.874m/s,,8.5
813,simulation_0241,simulation,V2MC,24,DD,What is the speed of the white horse at 1s in m/s?,speed of the horse at the back = 0.874m/s,,1.25
814,simulation_0241,simulation,V2MC,24,DS,What is the length of the white horse in meters?,speed of the horse at the back = 0.874m/s,,2.0
815,simulation_0241,simulation,V2MC,24,DS,What is the length of the rabbit in meters?,speed of the horse at the back = 0.874m/s,,0.39
816,simulation_0241,simulation,V2MC,24,DD,What is the speed of the rabbit at 1s in m/s?,speed of the horse at the back = 0.874m/s,,1.27
817,simulation_0243,simulation,V2MC,30,DS,What is the height of the antelope in meters?,speed of the antelope = 1.277m/s,,2.62
818,simulation_0243,simulation,V2MC,30,DS,What is the length of the antelope in meters?,speed of the antelope = 1.277m/s,,2.25
819,simulation_0243,simulation,V2MC,30,DS,What is the height of the tree on the left in meters?,speed of the antelope = 1.277m/s,,7.5
820,simulation_0244,simulation,V2MC,30,DS,What is the height of the antelope in meters?,speed of the antelope = 1.277m/s,,2.7
821,simulation_0244,simulation,V2MC,30,DS,What is the length of the antelope in meters?,speed of the antelope = 1.277m/s,,2.62
822,simulation_0244,simulation,V2MC,30,DS,What is the height of the tree on the left in meters?,speed of the antelope = 1.277m/s,,6.7
823,simulation_0244,simulation,V2MC,30,DD,What is the speed of the rabbit in m/s?,speed of the antelope = 1.277m/s,,1.3
824,simulation_0244,simulation,V2MC,30,DS,What is the height of the rabbit in meters?,speed of the antelope = 1.277m/s,,0.34
825,simulation_0244,simulation,V2MC,30,DS,What is the length of the rabbit in meters?,speed of the antelope = 1.277m/s,,0.45
826,simulation_0245,simulation,V2MS,30,DS,What is the height of the antelope in meters?,speed of the antelope = 1.277m/s,,2.71
827,simulation_0245,simulation,V2MS,30,DS,What is the length of the antelope in meters?,speed of the antelope = 1.277m/s,,3.1
828,simulation_0245,simulation,V2MS,30,DD,What is the speed of the rabbit at 1s in m/s?,speed of the antelope = 1.277m/s,,1.37
829,simulation_0245,simulation,V2MS,30,DS,What is the height of the rabbit in meters?,speed of the antelope = 1.277m/s,,0.42
830,simulation_0245,simulation,V2MS,30,DS,What is the length of the rabbit in meters?,speed of the antelope = 1.277m/s,,0.43
831,simulation_0246,simulation,V2MS,30,DS,What is the length of the antelope in meters?,speed of the antelope = 1.277m/s,,3.08
832,simulation_0246,simulation,V2MS,30,DD,What is the speed of the rabbit at 1s in m/s?,speed of the antelope = 1.277m/s,,1.14
833,simulation_0246,simulation,V2MS,30,DS,What is the length of the rabbit in meters?,speed of the antelope = 1.277m/s,,0.4
834,simulation_0248,simulation,V2MS,24,DS,What is the height of the horse at the back in meters?,speed of the horse at the back = 0.874m/s,,1.86
835,simulation_0248,simulation,V2MS,24,DS,What is the length of the horse at the back in meters?,speed of the horse at the back = 0.874m/s,,2.07
836,simulation_0248,simulation,V2MS,24,DD,What is the speed of the horse in the front at 1s in m/s?,speed of the horse at the back = 0.874m/s,,1.72
837,simulation_0248,simulation,V2MS,24,DS,What is the height of the horse in the front in meters?,speed of the horse at the back = 0.874m/s,,2.04
838,simulation_0248,simulation,V2MS,24,DS,What is the length of horse in the front in meters?,speed of the horse at the back = 0.874m/s,,2.62
839,simulation_0248,simulation,V2MS,24,DD,What is the speed of the rabbit at 1s in m/s?,speed of the horse at the back = 0.874m/s,,1.8
840,simulation_0248,simulation,V2MS,24,DS,What is the length of the rabbit in meters?,speed of the horse at the back = 0.874m/s,,0.5
841,simulation_0248,simulation,V2MS,24,DS,What is the height of the rabbit in meters?,speed of the horse at the back = 0.874m/s,,0.4
842,simulation_0249,simulation,V2MS,24,DS,What is the length of the horse at the back in meters?,speed of the horse at the back = 0.874m/s,,2.03
843,simulation_0249,simulation,V2MS,24,DD,What is the speed of the horse in the front at 1s in m/s?,speed of the horse at the back = 0.874m/s,,1.56
844,simulation_0249,simulation,V2MS,24,DS,What is the length of horse in the front in meters?,speed of the horse at the back = 0.874m/s,,2.43
845,simulation_0249,simulation,V2MS,24,DS,What is the length of the rabbit in meters?,speed of the horse at the back = 0.874m/s,,0.44
846,simulation_0249,simulation,V2MS,24,DD,What is the speed of the rabbit at 1s in m/s?,speed of the horse at the back = 0.874m/s,,1.53
847,simulation_0251,simulation,S2SS,24,SD,What is the speed of the soccer ball at time 0.5s in m/s?,diameter of the soccer ball = 0.344m,,5.38
848,simulation_0251,simulation,S2SS,24,SD,What is the speed of the soccer ball at time 2s in m/s?,diameter of the soccer ball = 0.344m,,4.42
849,simulation_0251,simulation,S2SS,24,SD,What is the speed of the soccer ball at time 1s in m/s?,diameter of the soccer ball = 0.344m,,4.99
850,simulation_0251,simulation,S2SS,24,SD,What is the speed of the soccer ball at time 1.5s in m/s?,diameter of the soccer ball = 0.344m,,4.8
851,simulation_0252,simulation,S2SS,24,SD,What is the speed of the soccer ball at time 0.5s in m/s?,diameter of the soccer ball = 0.344m,,6.19
852,simulation_0252,simulation,S2SS,24,SD,What is the speed of the soccer ball at time 1s in m/s?,diameter of the soccer ball = 0.344m,,5.68
853,simulation_0252,simulation,S2SS,24,SD,What is the speed of the soccer ball at time 1.5s in m/s?,diameter of the soccer ball = 0.344m,,5.29
854,simulation_0252,simulation,S2SS,24,SD,What is the speed of the soccer ball at time 2s in m/s?,diameter of the soccer ball = 0.344m,,4.85
855,simulation_0253,simulation,S2SS,24,SD,What is the speed of the box at time 0.5s in m/s?,width of the box (side parallel to the slope) = 0.611m,,3.5
856,simulation_0253,simulation,S2SS,24,SD,What is the speed of the box at time 1s in m/s?,width of the box (side parallel to the slope) = 0.611m,,6.15
857,simulation_0253,simulation,S2SS,24,SD,What is the speed of the box at time 1.5s in m/s?,width of the box (side parallel to the slope) = 0.611m,,8.75
858,simulation_0253,simulation,S2SS,24,SD,What is the speed of the box at time 1.75s in m/s?,width of the box (side parallel to the slope) = 0.611m,,9.75
859,simulation_0253,simulation,S2SS,24,SD,What is the acceleration of the box at time 0.5s in m/s^2?,width of the box (side parallel to the slope) = 0.611m,,5.1
860,simulation_0253,simulation,S2SS,24,SD,What is the acceleration of the box at time 1s in m/s^2?,width of the box (side parallel to the slope) = 0.611m,,5.1
861,simulation_0253,simulation,S2SS,24,SD,What is the acceleration of the box at time 1.5s in m/s^2?,width of the box (side parallel to the slope) = 0.611m,,5.1
862,simulation_0253,simulation,S2SS,24,SD,What is the acceleration of the box at time 1.75s in m/s^2?,width of the box (side parallel to the slope) = 0.611m,,5.1
863,simulation_0254,simulation,S2SS,24,SD,What is the speed of the tennis ball at time 0.5s in m/s?,diameter of the tennis ball = 0.17m,,4.55
864,simulation_0254,simulation,S2SS,24,SD,What is the speed of the tennis ball at time 1s in m/s?,diameter of the tennis ball = 0.17m,,7.17
865,simulation_0254,simulation,S2SS,24,SD,What is the speed of the tennis ball at time 1.5s in m/s?,diameter of the tennis ball = 0.17m,,10.1
866,simulation_0254,simulation,S2SS,24,SD,What is the speed of the tennis ball at time 1.75s in m/s?,diameter of the tennis ball = 0.17m,,11.2
867,simulation_0254,simulation,S2SS,24,SD,What is the acceleration of the tennis ball at time 0.5s in m/s^2?,diameter of the tennis ball = 0.17m,,5.3
868,simulation_0254,simulation,S2SS,24,SD,What is the acceleration of the tennis ball at time 1s in m/s^2?,diameter of the tennis ball = 0.17m,,5.3
869,simulation_0254,simulation,S2SS,24,SD,What is the acceleration of the tennis ball at time 1.5s in m/s^2?,diameter of the tennis ball = 0.17m,,5.3
870,simulation_0254,simulation,S2SS,24,SD,What is the acceleration of the tennis ball at time 1.75s in m/s^2?,diameter of the tennis ball = 0.17m,,5.3
871,simulation_0255,simulation,S2SS,24,SD,What is the speed of the tennis ball at time 0.5s in m/s?,diameter of the tennis ball = 0.17m,,6.8
872,simulation_0255,simulation,S2SS,24,SD,What is the speed of the tennis ball at time 1s in m/s?,diameter of the tennis ball = 0.17m,,6.2
873,simulation_0255,simulation,S2SS,24,SD,What is the speed of the tennis ball at time 1.5s in m/s?,diameter of the tennis ball = 0.17m,,5.75
874,simulation_0255,simulation,S2SS,24,SD,What is the acceleration of the tennis ball at time 0.5s in m/s^2?,diameter of the tennis ball = 0.17m,,1.0
875,simulation_0255,simulation,S2SS,24,SD,What is the acceleration of the tennis ball at time 1s in m/s^2?,diameter of the tennis ball = 0.17m,,1.0
876,simulation_0255,simulation,S2SS,24,SD,What is the acceleration of the tennis ball at time 1.5s in m/s^2?,diameter of the tennis ball = 0.17m,,1.0
877,simulation_0256,simulation,S2SS,24,SD,What is the speed of the tennis ball at time 0.5s in m/s?,diameter of the tennis ball = 0.17m,,7.65
878,simulation_0256,simulation,S2SS,24,SD,What is the speed of the tennis ball at time 1s in m/s?,diameter of the tennis ball = 0.17m,,7.07
879,simulation_0256,simulation,S2SS,24,SD,What is the speed of the tennis ball at time 1.5s in m/s?,diameter of the tennis ball = 0.17m,,6.56
880,simulation_0256,simulation,S2SS,24,SD,What is the acceleration of the tennis ball at time 0.5s in m/s^2?,diameter of the tennis ball = 0.17m,,1.1
881,simulation_0256,simulation,S2SS,24,SD,What is the acceleration of the tennis ball at time 1s in m/s^2?,diameter of the tennis ball = 0.17m,,1.1
882,simulation_0256,simulation,S2SS,24,SD,What is the acceleration of the tennis ball at time 1.5s in m/s^2?,diameter of the tennis ball = 0.17m,,1.1
883,simulation_0257,simulation,A2MC,30,DS,What is the height of the plant in meters?,acceleration of the plant before 0.5s = 9.8m/s^2,,0.1
884,simulation_0257,simulation,A2MC,30,DS,What is the diameter (width) of the plant in meters?,acceleration of the plant before 0.5s = 9.8m/s^2,,0.067
885,simulation_0257,simulation,A2MC,30,DS,What is the width (longer side) of the table in meters?,acceleration of the plant before 0.5s = 9.8m/s^2,,1.59
886,simulation_0257,simulation,A2MC,30,DS,What is the width (longer side) of the AC in meters?,acceleration of the plant before 0.5s = 9.8m/s^2,,0.79
887,simulation_0257,simulation,A2MC,30,DS,"What is the width of the phone placed to the right of the plant, in meters?",acceleration of the plant before 0.5s = 9.8m/s^2,,0.07
888,simulation_0257,simulation,A2MC,30,DD,What is the speed of the plant at time 0.2s in m/s?,acceleration of the plant before 0.5s = 9.8m/s^2,,1.95
889,simulation_0257,simulation,A2MC,30,DD,What is the speed of the plant at time 0.4s in m/s?,acceleration of the plant before 0.5s = 9.8m/s^2,,3.9
890,simulation_0258,simulation,A2MC,30,DS,What is the height of the plant in meters?,acceleration of the pen before 0.5s = 9.8m/s^2,,0.102
891,simulation_0258,simulation,A2MC,30,DS,What is the diameter (width) of the plant in meters?,acceleration of the pen before 0.5s = 9.8m/s^2,,0.067
892,simulation_0258,simulation,A2MC,30,DS,What is the width (longer side) of the table in meters?,acceleration of the pen before 0.5s = 9.8m/s^2,,1.6
893,simulation_0258,simulation,A2MC,30,DS,What is the width (longer side) of the AC in meters?,acceleration of the pen before 0.5s = 9.8m/s^2,,0.79
894,simulation_0258,simulation,A2MC,30,DS,"What is the width of the phone placed to the right of the plant, in meters?",acceleration of the pen before 0.5s = 9.8m/s^2,,0.074
895,simulation_0258,simulation,A2MC,30,DD,What is the speed of the pen at time 0.2s in m/s?,acceleration of the pen before 0.5s = 9.8m/s^2,,1.95
896,simulation_0258,simulation,A2MC,30,DD,What is the speed of the pen at time 0.4s in m/s?,acceleration of the pen before 0.5s = 9.8m/s^2,,3.92
897,simulation_0259,simulation,A2MC,30,DS,What is the height of the red cup in meters?,acceleration of the red cup before 0.5s = 9.8m/s^2,,0.107
898,simulation_0259,simulation,A2MC,30,DS,What is the height of the plant in meters?,acceleration of the red cup before 0.5s = 9.8m/s^2,,0.098
899,simulation_0259,simulation,A2MC,30,DS,What is the diameter（width) of the plant in meters?,acceleration of the red cup before 0.5s = 9.8m/s^2,,0.074
900,simulation_0259,simulation,A2MC,30,DS,What is the width(long side) of the table in meters?,acceleration of the red cup before 0.5s = 9.8m/s^2,,1.6
901,simulation_0259,simulation,A2MC,30,DS,What is the width(long side) of the AC in meters?,acceleration of the red cup before 0.5s = 9.8m/s^2,,0.79
902,simulation_0259,simulation,A2MC,30,DS,"What is the width of the iPhone placed to the right of the plant, in meters?",acceleration of the red cup before 0.5s = 9.8m/s^2,,0.084
903,simulation_0259,simulation,A2MC,30,DD,What is the speed of the red cup at time 0.2s in m/s?,acceleration of the red cup before 0.5s = 9.8m/s^2,,1.97
904,simulation_0259,simulation,A2MC,30,DD,What is the speed of the red cup at time 0.4s in m/s?,acceleration of the red cup before 0.5s = 9.8m/s^2,,3.93
905,simulation_0259,simulation,A2MC,30,DS,What is the height of the mug in meters?,acceleration of the red cup before 0.5s = 9.8m/s^2,,0.084
906,simulation_0259,simulation,A2MC,30,DS,What is the long side of the bag in meters?,acceleration of the red cup before 0.5s = 9.8m/s^2,,0.348
907,simulation_0260,simulation,A2MC,30,DS,What is the height of the red cup in meters?,acceleration of the mug cup before 0.5s = 9.8m/s^2,,0.109
908,simulation_0260,simulation,A2MC,30,DS,What is the height of the plant in meters?,acceleration of the mug cup before 0.5s = 9.8m/s^2,,0.1
909,simulation_0260,simulation,A2MC,30,DS,What is the diameter (width) of the plant in meters?,acceleration of the mug cup before 0.5s = 9.8m/s^2,,0.07
910,simulation_0260,simulation,A2MC,30,DS,What is the width (longer side) of the table in meters?,acceleration of the mug cup before 0.5s = 9.8m/s^2,,1.64
911,simulation_0260,simulation,A2MC,30,DS,What is the width (longer side) of the AC in meters?,acceleration of the mug cup before 0.5s = 9.8m/s^2,,0.82
912,simulation_0260,simulation,A2MC,30,DS,"What is the width of the iphone placed to the right of the plant, in meters?",acceleration of the mug cup before 0.5s = 9.8m/s^2,,0.084
913,simulation_0260,simulation,A2MC,30,DD,What is the speed of the mug at time 0.2s in m/s?,acceleration of the mug cup before 0.5s = 9.8m/s^2,,2.12
914,simulation_0260,simulation,A2MC,30,DD,What is the speed of the mug at time 0.4s in m/s?,acceleration of the mug cup before 0.5s = 9.8m/s^2,,4.08
915,simulation_0260,simulation,A2MC,30,DS,What is the height of the mug in meters?,acceleration of the mug cup before 0.5s = 9.8m/s^2,,0.086
916,simulation_0260,simulation,A2MC,30,DS,What is the long side of the bag in meters?,acceleration of the mug cup before 0.5s = 9.8m/s^2,,0.363
917,simulation_0261,simulation,A2SS,24,DS,What is the height of the mug in meters?,acceleration of the mug cup before 1s = 9.8m/s^2,,0.2
918,simulation_0261,simulation,A2SS,24,DD,What is the speed of the mug at time 0.2s in m/s?,acceleration of the mug cup before 1s = 9.8m/s^2,,1.99
919,simulation_0261,simulation,A2SS,24,DD,What is the speed of the mug at time 0.4s in m/s?,acceleration of the mug cup before 1s = 9.8m/s^2,,3.95
920,simulation_0261,simulation,A2SS,24,DD,What is the speed of the mug at time 0.625s in m/s?,acceleration of the mug cup before 1s = 9.8m/s^2,,6.16
921,simulation_0262,simulation,A2SS,24,DS,What is the height of the red cup in meters?,acceleration of the red cup before 0.75s = 9.8m/s^2,,0.24
922,simulation_0262,simulation,A2SS,24,DD,What is the speed of the red cup at time 0.25s in m/s?,acceleration of the red cup before 0.75s = 9.8m/s^2,,2.5
923,simulation_0262,simulation,A2SS,24,DD,What is the speed of the red cup at time 0.5s in m/s?,acceleration of the red cup before 0.75s = 9.8m/s^2,,4.98
924,simulation_0262,simulation,A2SS,24,DD,What is the speed of the red cup at time 0.625s in m/s?,acceleration of the red cup before 0.75s = 9.8m/s^2,,6.2
925,simulation_0263,simulation,A2SS,24,DS,What is the length of the spacecraft in meters?,acceleration of the spacecraft at 1.0s = 4m/s^2,,6.1
926,simulation_0263,simulation,A2SS,24,DS,What is the width of the spacecraft in meters?,acceleration of the spacecraft at 1.0s = 4m/s^2,,3.05
927,simulation_0263,simulation,A2SS,24,DD,What is the speed of the spacecraft at 0.5s in m/s?,acceleration of the spacecraft at 1.0s = 4m/s^2,,2.0
928,simulation_0263,simulation,A2SS,24,DD,What is the speed of the spacecraft at 1.0s in m/s?,acceleration of the spacecraft at 1.0s = 4m/s^2,,4.0
929,simulation_0264,simulation,A2SS,24,DS,What is the length of the spacecraft in meters?,acceleration of the spacecraft at 1.0s = 4m/s^2,,6.09
930,simulation_0264,simulation,A2SS,24,DS,What is the height of the spacecraft in meters?,acceleration of the spacecraft at 1.0s = 4m/s^2,,1.85
931,simulation_0264,simulation,A2SS,24,DD,What is the speed of the spacecraft at 0.5s in m/s?,acceleration of the spacecraft at 1.0s = 4m/s^2,,2.0
932,simulation_0264,simulation,A2SS,24,DD,What is the speed of the spacecraft at 1.0s in m/s?,acceleration of the spacecraft at 1.0s = 4m/s^2,,4.0
933,simulation_0265,simulation,A2SS,24,DS,What is the length of the spacecraft in meters?,acceleration of the spacecraft at 1.0s = 4m/s^2,,5.9
934,simulation_0265,simulation,A2SS,24,DS,What is the width of the spacecraft in meters?,acceleration of the spacecraft at 1.0s = 4m/s^2,,2.95
935,simulation_0265,simulation,A2SS,24,DD,What is the speed of the spacecraft at 0.5s in m/s?,acceleration of the spacecraft at 1.0s = 4m/s^2,,2.0
936,simulation_0265,simulation,A2SS,24,DD,What is the speed of the spacecraft at 1.0s in m/s?,acceleration of the spacecraft at 1.0s = 4m/s^2,,4.0
937,simulation_0266,simulation,A2SC,24,DS,What is the length of the spacecraft in meters?,acceleration of the spacecraft at 1.0s = 4m/s^2,,6.26
938,simulation_0266,simulation,A2SC,24,DS,What is the width of the spacecraft in meters?,acceleration of the spacecraft at 1.0s = 4m/s^2,,2.75
939,simulation_0266,simulation,A2SC,24,DD,What is the speed of the spacecraft at 0.5s in m/s?,acceleration of the spacecraft at 1.0s = 4m/s^2,,2.0
940,simulation_0266,simulation,A2SC,24,DD,What is the speed of the spacecraft at 1.0s in m/s?,acceleration of the spacecraft at 1.0s = 4m/s^2,,4.0
941,simulation_0267,simulation,A2SC,24,DS,What is the length of the spacecraft in meters?,acceleration of the spacecraft at 1.0s = 4m/s^2,,5.87
942,simulation_0267,simulation,A2SC,24,DS,What is the height of the spacecraft in meters?,acceleration of the spacecraft at 1.0s = 4m/s^2,,1.72
943,simulation_0267,simulation,A2SC,24,DD,What is the speed of the spacecraft at 0.5s in m/s?,acceleration of the spacecraft at 1.0s = 4m/s^2,,2.0
944,simulation_0267,simulation,A2SC,24,DD,What is the speed of the spacecraft at 1.0s in m/s?,acceleration of the spacecraft at 1.0s = 4m/s^2,,4.0
945,simulation_0268,simulation,A2SC,24,DS,What is the length of the spacecraft in meters?,acceleration of the spacecraft at 1.0s = 4m/s^2,,6.0
946,simulation_0268,simulation,A2SC,24,DS,What is the width of the spacecraft in meters?,acceleration of the spacecraft at 1.0s = 4m/s^2,,2.95
947,simulation_0268,simulation,A2SC,24,DD,What is the speed of the spacecraft at 0.5s in m/s?,acceleration of the spacecraft at 1.0s = 4m/s^2,,1.98
948,simulation_0268,simulation,A2SC,24,DD,What is the speed of the spacecraft at 1.0s in m/s?,acceleration of the spacecraft at 1.0s = 4m/s^2,,3.98
949,simulation_0269,simulation,A2SS,24,DS,What is the body length of the phoenix in meters?,acceleration of the phoenix at 2.0s = 2m/s^2,,3.7
950,simulation_0269,simulation,A2SS,24,DS,What is the width (wing span) of the phoenix in meters?,acceleration of the phoenix at 2.0s = 2m/s^2,,5.0
951,simulation_0269,simulation,A2SS,24,DD,What is the speed of the phoenix at 0.5s in m/s?,acceleration of the phoenix at 2.0s = 2m/s^2,,1.0
952,simulation_0269,simulation,A2SS,24,DD,What is the speed of the phoenix at 1.0s in m/s?,acceleration of the phoenix at 2.0s = 2m/s^2,,2.0
953,simulation_0270,simulation,A2SS,24,DS,What is the length of the phoenix in meters?,acceleration of the phoenix at 2.0s = 2m/s^2,,4.18
954,simulation_0270,simulation,A2SS,24,DS,What is the height of the phoenix in meters?,acceleration of the phoenix at 2.0s = 2m/s^2,,3.0
955,simulation_0270,simulation,A2SS,24,DD,What is the speed of the phoenix at 0.5s in m/s?,acceleration of the phoenix at 2.0s = 2m/s^2,,1.07
956,simulation_0270,simulation,A2SS,24,DD,What is the speed of the phoenix at 1.0s in m/s?,acceleration of the phoenix at 2.0s = 2m/s^2,,2.06
957,simulation_0271,simulation,A2SS,24,DS,What is the body length of the phoenix in meters?,acceleration of the phoenix at 2.0s = 2m/s^2,,3.63
958,simulation_0271,simulation,A2SS,24,DS,What is the width (wing span) of the phoenix in meters?,acceleration of the phoenix at 2.0s = 2m/s^2,,5.16
959,simulation_0271,simulation,A2SS,24,DD,What is the speed of the phoenix at 0.5s in m/s?,acceleration of the phoenix at 2.0s = 2m/s^2,,1.0
960,simulation_0271,simulation,A2SS,24,DD,What is the speed of the phoenix at 1.0s in m/s?,acceleration of the phoenix at 2.0s = 2m/s^2,,2.0
961,simulation_0272,simulation,A2SC,24,DS,What is the body length of the phoenix in meters?,acceleration of the phoenix at 2.0s = 2m/s^2,,3.55
962,simulation_0272,simulation,A2SC,24,DS,What is the width (wing span) of the phoenix in meters?,acceleration of the phoenix at 2.0s = 2m/s^2,,5.1
963,simulation_0272,simulation,A2SC,24,DD,What is the speed of the phoenix at 0.5s in m/s?,acceleration of the phoenix at 2.0s = 2m/s^2,,1.05
964,simulation_0272,simulation,A2SC,24,DD,What is the speed of the phoenix at 1.0s in m/s?,acceleration of the phoenix at 2.0s = 2m/s^2,,2.05
965,simulation_0273,simulation,A2SC,24,DS,What is the body length of the phoenix in meters?,acceleration of the phoenix at 2.0s = 2m/s^2,,4.1
966,simulation_0273,simulation,A2SC,24,DD,What is the speed of the phoenix at 0.5s in m/s?,acceleration of the phoenix at 2.0s = 2m/s^2,,0.92
967,simulation_0273,simulation,A2SC,24,DD,What is the speed of the phoenix at 1.0s in m/s?,acceleration of the phoenix at 2.0s = 2m/s^2,,1.92
968,simulation_0274,simulation,S2SS,24,SS,What is the width of the raccoon in meters?,length of the raccoon = 1.51m,,0.44
969,simulation_0274,simulation,S2SS,24,SD,What is the speed of the raccoon at 1.0s in m/s?,length of the raccoon (tail included) = 1.51m,,2.45
970,simulation_0274,simulation,S2SS,24,SS,"What is the displacement of the raccoon from 0.5 s to 1.0 s, in meters?",length of the raccoon (tail included) = 1.51m,,1.24
971,simulation_0275,simulation,S2SS,24,SS,What is the height of the raccoon in meters?,length of the raccoon (tail included) = 1.51m,,0.59
972,simulation_0275,simulation,S2SS,24,SD,What is the speed of the raccoon at 1.0s in m/s?,length of the raccoon (tail included) = 1.51m,,2.48
973,simulation_0275,simulation,S2SS,24,SS,"What is the displacement of the raccoon from 0.5 s to 1.0 s, in meters?",length of the raccoon (tail included) = 1.51m,,1.26
974,simulation_0276,simulation,S2SC,24,SS,What is the width of the raccoon in meters?,length of the raccoon (tail included) = 1.51m,,0.28
975,simulation_0276,simulation,S2SC,24,SD,What is the speed of the raccoon at 1.0s in m/s?,length of the raccoon (tail included) = 1.51m,,2.8
976,simulation_0276,simulation,S2SC,24,SS,"What is the displacement of the raccoon from 0.5 s to 1.0 s, in meters?",length of the raccoon (tail included) = 1.51m,,1.41
977,simulation_0277,simulation,S2SC,24,SS,What is the height of the raccoon in meters?,length of the raccoon (tail included) = 1.51m,,0.62
978,simulation_0277,simulation,S2SC,24,SD,What is the speed of the raccoon at 1.0s in m/s?,length of the raccoon (tail included) = 1.51m,,2.7
979,simulation_0277,simulation,S2SC,24,SS,"What is the displacement of the raccoon from 0.5 s to 1.0 s, in meters?",length of the raccoon (tail included) = 1.51m,,1.33
980,simulation_0278,simulation,V2SS,24,DS,What is the length of the whale in meters?,speed of the whale = 1.67m/s,,19.0
981,simulation_0278,simulation,V2SS,24,DS,What is the width of the whale in meters?,speed of the whale = 1.67m/s,,3.75
982,simulation_0278,simulation,V2SS,24,DS,"What is the displacement of the whale from 0.5 s to 1.0 s, in meters?",speed of the whale = 1.67m/s,,0.85
983,simulation_0279,simulation,V2SS,24,DS,What is the length of the whale in meters?,speed of the whale = 1.67m/s,,20.2
984,simulation_0279,simulation,V2SS,24,DS,What is the height of the whale in meters?,speed of the whale = 1.67m/s,,2.94
985,simulation_0279,simulation,V2SS,24,DS,"What is the displacement of the whale from 0.5 s to 1.0 s, in meters?",speed of the whale = 1.67m/s,,0.84
986,simulation_0280,simulation,S2SC,24,DS,What is the speed of the whale at 1.0s in m/s?,length of the whale = 19.17m,,1.52
987,simulation_0280,simulation,S2SC,24,DS,What is the height of the whale in meters?,length of the whale = 19.17m,,2.85
988,simulation_0280,simulation,S2SC,24,DS,"What is the displacement of the whale from 0.5 s to 1.0 s, in meters?",length of the whale = 19.17m,,0.77
989,simulation_0281,simulation,S2SC,24,DS,What is the speed of the whale at 1.0s in m/s?,length of the whale = 19.17m,,1.7
990,simulation_0281,simulation,S2SC,24,DS,What is the width of the whale in meters?,length of the whale = 19.17m,,3.8
991,simulation_0281,simulation,S2SC,24,DS,"What is the displacement of the whale from 0.5 s to 1.0 s, in meters?",length of the whale = 19.17m,,0.83
992,simulation_0282,simulation,V2SS,24,DS,What is the body length of the dragon in meters?,speed of the dragon = 1.29m/s,,0.84
993,simulation_0282,simulation,V2SS,24,DS,What is the width (wing span) of the dragon in meters?,speed of the dragon = 1.29m/s,,1.63
994,simulation_0282,simulation,V2SS,24,DS,"What is the displacement of the dragon from 0.5 s to 1.0 s, in meters?",speed of the dragon = 1.29m/s,,0.64
995,simulation_0283,simulation,S2SC,24,SD,What is the speed of the dragon at 1.0s in m/s?,length of the dragon = 0.75m,,1.8
996,simulation_0283,simulation,S2SC,24,SS,"What is the displacement of the dragon from 0.5s to 1.0s, in meters?",length of the dragon = 0.75m,,0.57
997,simulation_0284,simulation,V2SS,25,DS,What is the length of the plane in meters?,speed of the plane = 22.16 m/s,,14.4
998,simulation_0284,simulation,V2SS,25,DS,What is the width of the plane in meters?,speed of the plane = 22.16 m/s,,18.1
999,simulation_0284,simulation,V2SS,25,DS,"What is the displacement of the plane from 0.5s to 1.0s, in meters?",speed of the plane = 22.16 m/s,,11.08
1000,simulation_0285,simulation,V2SS,25,DS,What is the length of the plane in meters?,speed of the plane = 22.16 m/s,,14.8
1001,simulation_0285,simulation,V2SS,25,DS,What is the height of the plane in meters?,speed of the plane = 22.16 m/s,,4.25
1002,simulation_0285,simulation,V2SS,25,DS,"What is the displacement of the plane from 0.5 s to 1.0 s, in meters?",speed of the plane = 22.16 m/s,,11.08
1003,simulation_0286,simulation,V2SC,25,DS,What is the length of the plane in meters?,speed of the plane = 22.16 m/s,,13.9
1004,simulation_0286,simulation,V2SC,25,DS,What is the width of the plane in meters?,speed of the plane = 22.16 m/s,,18.2
1005,simulation_0286,simulation,V2SC,25,DS,"What is the displacement of the plane from 0.5 s to 1.0 s, in meters?",speed of the plane = 22.16 m/s,,11.08
1006,simulation_0287,simulation,V2SC,25,DS,What is the length of the plane in meters?,speed of the plane = 22.16 m/s,,14.7
1007,simulation_0287,simulation,V2SC,25,DS,What is the height of the plane in meters?,speed of the plane = 22.16 m/s,,4.5
1008,simulation_0287,simulation,V2SC,25,DS,"What is the displacement of the plane from 0.5 s to 1.0 s, in meters?",speed of the plane = 22.16 m/s,,11.08
1009,simulation_0288,simulation,V2SS,24,DS,What is the length of the fish in meters?,speed of the fish = 0.67m/s,,0.81
1010,simulation_0288,simulation,V2SS,24,DS,What is the width of the fish in meters?,speed of the fish = 0.67m/s,,0.155
1011,simulation_0288,simulation,V2SS,24,DS,"What is the displacement of the fish from 0.5 s to 1.0 s, in meters?",speed of the fish = 0.67m/s,,0.34
1012,simulation_0289,simulation,V2SS,24,DS,What is the length of the fish in meters?,speed of the fish = 0.67m/s,,0.78
1013,simulation_0289,simulation,V2SS,24,DS,"What is the displacement of the fish from 0.5 s to 1.0 s, in meters?",speed of the fish = 0.67m/s,,0.345
1014,simulation_0290,simulation,V2SC,24,DS,What is the length of the fish in meters?,speed of the fish = 0.67m/s,,0.816
1015,simulation_0290,simulation,V2SC,24,DS,What is the width of the fish in meters?,speed of the fish = 0.67m/s,,0.16
1016,simulation_0290,simulation,V2SC,24,DS,"What is the displacement of the fish from 0.5 s to 1.0 s, in meters?",speed of the fish = 0.67m/s,,0.375
1017,simulation_0291,simulation,V2SC,24,DS,What is the length of the fish in meters?,speed of the fish = 0.67m/s,,0.79
1018,simulation_0291,simulation,V2SC,24,DS,What is the height of the fish in meters?,speed of the fish = 0.67m/s,,0.375
1019,simulation_0291,simulation,V2SC,24,DS,"What is the displacement of the fish from 0.5 s to 1.0 s, in meters?",speed of the fish = 0.67m/s,,0.34
1020,simulation_0292,simulation,V2SS,24,DS,What is the length of the column below the drone in meters?,speed of the column below the drone =  0.96m/s,,0.88
1021,simulation_0292,simulation,V2SS,24,DS,What is the height of the column below the drone in meters?,speed of the column below the drone =  0.96m/s,,0.88
1022,simulation_0292,simulation,V2SS,24,DS,"What is the displacement of the column below the drone from 0.5 s to 1.0 s, in meters?",speed of the column below the drone =  0.96m/s,,0.48
1023,simulation_0293,simulation,V2SC,24,DS,What is the length of the column below the drone in meters?,speed of the column below the drone =  0.96m/s,,0.51
1024,simulation_0293,simulation,V2SC,24,DS,What is the height of the column below the drone in meters?,speed of the column below the drone =  0.96m/s,,0.96
1025,simulation_0293,simulation,V2SC,24,DS,"What is the displacement of the column below the drone from 0.5 s to 1.0 s, in meters?",speed of the column below the drone =  0.96m/s,,0.47
1026,simulation_0294,simulation,V2SS,24,DS,What is the length of the butterfly's wings in meters?,speed of the butterfly = 0.32m/s,,0.198
1027,simulation_0294,simulation,V2SS,24,DS,"What is the displacement of the butterfly from 0.5 s to 1.0 s, in meters?",speed of the butterfly = 0.32m/s,,0.161
1028,simulation_0295,simulation,V2SC,24,DS,What is the length of the butterfly's wings in meters?,speed of the butterfly = 0.32m/s,,0.183
1029,simulation_0295,simulation,V2SC,24,DS,"What is the displacement of the butterfly from 0.5 s to 1.0 s, in meters?",speed of the butterfly = 0.32m/s,,0.163
1030,simulation_0296,simulation,V2SC,24,DS,What is the width (wing span) of the butterfly in meters?,speed of the butterfly = 0.32m/s,,0.22
1031,simulation_0296,simulation,V2SC,24,DS,What is the length of the butterfly's wings in meters?,speed of the butterfly = 0.32m/s,,0.165
1032,simulation_0296,simulation,V2SC,24,DS,"What is the displacement of the butterfly from 0.5 s to 1.0 s, in meters?",speed of the butterfly = 0.32m/s,,0.168
1033,simulation_0297,simulation,V2SC,24,DS,"What is the displacement of the jellyfish from 0.5 s to 1.0 s, in meters?",speed of the jellyfish = 1.75m/s,,0.88
1034,simulation_0298,simulation,V2SX,24,DS,What is the length of the fire truck in meters?,speed of the fire truck = 11.18m/s,,9.47
1035,simulation_0298,simulation,V2SX,24,DS,What is the width of the fire truck in meters?,speed of the fire truck = 11.18m/s,,2.71
1036,simulation_0298,simulation,V2SX,24,DS,"What is the displacement of the fire truck from 0.5 s to 1.0 s, in meters?",speed of the fire truck = 11.18m/s,,5.59
1037,simulation_0008,simulation,S3MC,24,SS,What is the width of the wooden pier in meters?,height of boat = 0.75m,"t=0s, distance_boat_camera = 7.452 m
t=1s, distance_boat_camera = 6.655m
distance_pier_camera = 11.579m
distance_stairs_camera = 17.623m",2.09
1038,simulation_0008,simulation,S3MC,24,SS,What is the length of the pier from the shore-side edge to the water-side edge in meters?,height of boat = 0.75m,"t=0s, distance_boat_camera = 7.452 m
t=1s, distance_boat_camera = 6.655m
distance_pier_camera = 11.579m
distance_stairs_camera = 17.623m",3.0
1039,simulation_0008,simulation,S3MC,24,SS,"When t=3s, what is the minimum distance from the outer end of the pier to the boat in meters?",height of boat = 0.75m,"t=0s, distance_boat_camera = 7.452 m
t=1s, distance_boat_camera = 6.655m
distance_pier_camera = 11.579m
distance_stairs_camera = 17.623m",4.0
1040,simulation_0008,simulation,S3MC,24,SS,What is the width of the wooden stairs in meters?,height of boat = 0.75m,"t=0s, distance_boat_camera = 7.452 m
t=1s, distance_boat_camera = 6.655m
distance_pier_camera = 11.579m
distance_stairs_camera = 17.623m",1.75
1041,simulation_0008,simulation,S3MC,24,SS,What is the height of the pier deck above the water surface in meters?,height of boat = 0.75m,"t=0s, distance_boat_camera = 7.452 m
t=1s, distance_boat_camera = 6.655m
distance_pier_camera = 11.579m
distance_stairs_camera = 17.623m",0.48
1042,simulation_0008,simulation,S3MC,24,SS,What is the height of the cabin floor above the ground in meters?,height of boat = 0.75m,"t=0s, distance_boat_camera = 7.452 m
t=1s, distance_boat_camera = 6.655m
distance_pier_camera = 11.579m
distance_stairs_camera = 17.623m",0.9
1043,simulation_0008,simulation,S3MC,24,SD,What is the average speed of the boat from 1.0s to 2.0s in m/s?,height of boat = 0.75m,"t=0s, distance_boat_camera = 7.452 m
t=1s, distance_boat_camera = 6.655m
distance_pier_camera = 11.579m
distance_stairs_camera = 17.623m",1.65
1044,simulation_0009,simulation,V3MC,24,DS,What is the length of the boat in meters?,speed of the boat = 1.5 m/s,"t=0s, distance_boat_camera =11.827 m
t=1s, distance_boat_camera = 13.154m
distance_pier_camera = 18.920m
distance_stairs_camera = 23.125m",2.0
1045,simulation_0009,simulation,V3MC,24,DS,What is the width of the boat in meters?,speed of the boat = 1.5 m/s,"t=0s, distance_boat_camera =11.827 m
t=1s, distance_boat_camera = 13.154m
distance_pier_camera = 18.920m
distance_stairs_camera = 23.125m",0.65
1046,simulation_0009,simulation,V3MC,24,DS,What is the height of the boat in meters?,speed of the boat = 1.5 m/s,"t=0s, distance_boat_camera =11.827 m
t=1s, distance_boat_camera = 13.154m
distance_pier_camera = 18.920m
distance_stairs_camera = 23.125m",0.45
1047,simulation_0009,simulation,V3MC,24,DS,What is the width (shorter side) of the wooden pier in meters?,speed of the boat = 1.5 m/s,"t=0s, distance_boat_camera =11.827 m
t=1s, distance_boat_camera = 13.154m
distance_pier_camera = 18.920m
distance_stairs_camera = 23.125m",1.2
1048,simulation_0009,simulation,V3MC,24,DS,What is the length of the pier from the shore-side edge to the water-side edge in meters?,speed of the boat = 1.5 m/s,"t=0s, distance_boat_camera =11.827 m
t=1s, distance_boat_camera = 13.154m
distance_pier_camera = 18.920m
distance_stairs_camera = 23.125m",5.3
1049,simulation_0009,simulation,V3MC,24,DS,"When t=3s, what is the minimum distance from the outer end of the pier to the boat in meters?",speed of the boat = 1.5 m/s,"t=0s, distance_boat_camera =11.827 m
t=1s, distance_boat_camera = 13.154m
distance_pier_camera = 18.920m
distance_stairs_camera = 23.125m",2.8
1050,simulation_0009,simulation,V3MC,24,DS,What is the width of the wooden steps in meters?,speed of the boat = 1.5 m/s,"t=0s, distance_boat_camera =11.827 m
t=1s, distance_boat_camera = 13.154m
distance_pier_camera = 18.920m
distance_stairs_camera = 23.125m",1.3
1051,simulation_0009,simulation,V3MC,24,DS,What is the height of the pier deck above the water surface in meters?,speed of the boat = 1.5 m/s,"t=0s, distance_boat_camera =11.827 m
t=1s, distance_boat_camera = 13.154m
distance_pier_camera = 18.920m
distance_stairs_camera = 23.125m",0.5
1052,simulation_0009,simulation,V3MC,24,DS,What is the height of the cabin floor above the ground in meters?,speed of the boat = 1.5 m/s,"t=0s, distance_boat_camera =11.827 m
t=1s, distance_boat_camera = 13.154m
distance_pier_camera = 18.920m
distance_stairs_camera = 23.125m",1.0
1053,simulation_0010,simulation,V3MC,24,SS,What is the width between the two widest eaves of the small house in meters?,length of the bird = 1.19m,"t=0s, distance_bird_camera = 34.584m
t=1s, distance_bird_camera = 33.999m
distance_cart_camera = 30.374m
distance_house_camera = 55.083m",17.3
1054,simulation_0010,simulation,V3MC,24,SS,What is the height of the house’s door in meters?,length of the bird = 1.19m,"t=0s, distance_bird_camera = 34.584m
t=1s, distance_bird_camera = 33.999m
distance_cart_camera = 30.374m
distance_house_camera = 55.083m",5.05
1055,simulation_0010,simulation,V3MC,24,SS,What is the maximum height of the cart from the ground in meters?,length of the bird = 1.19m,"t=0s, distance_bird_camera = 34.584m
t=1s, distance_bird_camera = 33.999m
distance_cart_camera = 30.374m
distance_house_camera = 55.083m",2.58
1056,simulation_0010,simulation,V3MC,24,SS,What is the diameter of the cart’s wheels in meters?,length of the bird = 1.19m,"t=0s, distance_bird_camera = 34.584m
t=1s, distance_bird_camera = 33.999m
distance_cart_camera = 30.374m
distance_house_camera = 55.083m",2.04
1057,simulation_0010,simulation,V3MC,24,SD,What is the average speed of the bird from 0.5s to 1.0s in m/s?,length of the bird = 1.19m,"t=0s, distance_bird_camera = 34.584m
t=1s, distance_bird_camera = 33.999m
distance_cart_camera = 30.374m
distance_house_camera = 55.083m",6.3
1058,simulation_0011,simulation,A3MC,24,DD,What is the average speed of the bird from 0.5s to 1.0s in m/s?,gravity acc = 9.8m/s^2,"t=0s, distance_bird_camera = 46.654m
t=1s, distance_bird_camera = 43.970m
t=0s, distance_nest_camera = 17.268m
t=1s, distance_nest_camera = 17.248m
distance_cart_camera = 33.235m
distance_house_camera = 63.603m",5.5
1059,simulation_0011,simulation,A3MC,24,DS,What is the height of the house’s door in meters?,gravity acc = 9.8m/s^2,"t=0s, distance_bird_camera = 46.654m
t=1s, distance_bird_camera = 43.970m
t=0s, distance_nest_camera = 17.268m
t=1s, distance_nest_camera = 17.248m
distance_cart_camera = 33.235m
distance_house_camera = 63.603m",6.3
1060,simulation_0011,simulation,A3MC,24,DS,What is the diameter of the cart’s wheels in meters?,gravity acc = 9.8m/s^2,"t=0s, distance_bird_camera = 46.654m
t=1s, distance_bird_camera = 43.970m
t=0s, distance_nest_camera = 17.268m
t=1s, distance_nest_camera = 17.248m
distance_cart_camera = 33.235m
distance_house_camera = 63.603m",2.68
1061,simulation_0011,simulation,A3MC,24,DS,What is the width between the two widest eaves of the house in meters?,gravity acc = 9.8m/s^2,"t=0s, distance_bird_camera = 46.654m
t=1s, distance_bird_camera = 43.970m
t=0s, distance_nest_camera = 17.268m
t=1s, distance_nest_camera = 17.248m
distance_cart_camera = 33.235m
distance_house_camera = 63.603m",26.3
1062,simulation_0011,simulation,A3MC,24,DS,What is the body length of the bird in meters?,gravity acc = 9.8m/s^2,"t=0s, distance_bird_camera = 46.654m
t=1s, distance_bird_camera = 43.970m
t=0s, distance_nest_camera = 17.268m
t=1s, distance_nest_camera = 17.248m
distance_cart_camera = 33.235m
distance_house_camera = 63.603m",0.75
1063,simulation_0011,simulation,A3MC,24,DS,How wide is the bird's wingspan when it spreads its wings in meters?,gravity acc = 9.8m/s^2,"t=0s, distance_bird_camera = 46.654m
t=1s, distance_bird_camera = 43.970m
t=0s, distance_nest_camera = 17.268m
t=1s, distance_nest_camera = 17.248m
distance_cart_camera = 33.235m
distance_house_camera = 63.603m",1.5
1064,simulation_0013,simulation,A3MC,24,DD,What is the flight speed of the bird at 1.0s in m/s?,gravity acc = 9.8m/s^2,"t=0s, distance_nest_camera = 4.932m
t=1s, distance_nest_camera = 4.895m
t=0s, distance_bird_camera = 35.960m
t=1s, distance_bird_camera = 34.077m
distance_cart_camera = 26.342m",7.2
1065,simulation_0013,simulation,A3MC,24,DS,What is the body length of the bird in meters?,gravity acc = 9.8m/s^2,"t=0s, distance_nest_camera = 4.932m
t=1s, distance_nest_camera = 4.895m
t=0s, distance_bird_camera = 35.960m
t=1s, distance_bird_camera = 34.077m
distance_cart_camera = 26.342m",1.35
1066,simulation_0013,simulation,A3MC,24,DS,What is the diameter of the cart’s wheels in meters?,gravity acc = 9.8m/s^2,"t=0s, distance_nest_camera = 4.932m
t=1s, distance_nest_camera = 4.895m
t=0s, distance_bird_camera = 35.960m
t=1s, distance_bird_camera = 34.077m
distance_cart_camera = 26.342m",2.13
1067,simulation_0014,simulation,A3MC,24,DS,What is the height of the house’s door in meters?,gravity acc = 9.8m/s^2,"t=0s, distance_nest_camera = 5.661m
t=1s, distance_nest_camera = 5.630m
distance_cart_camera = 27.562m
distance_house_camera = 55.767m",6.9
1068,simulation_0014,simulation,A3MC,24,DS,What is the diameter of the cart’s wheels in meters?,gravity acc = 9.8m/s^2,"t=0s, distance_nest_camera = 5.661m
t=1s, distance_nest_camera = 5.630m
distance_cart_camera = 27.562m
distance_house_camera = 55.767m",2.88
1069,simulation_0014,simulation,A3MC,24,DS,What is the width between the two widest eaves of the house in meters?,gravity acc = 9.8m/s^2,"t=0s, distance_nest_camera = 5.661m
t=1s, distance_nest_camera = 5.630m
distance_cart_camera = 27.562m
distance_house_camera = 55.767m",23.8
1070,simulation_0014,simulation,A3MC,24,DS,What is the maximum height of the cart from the ground in meters?,gravity acc = 9.8m/s^2,"t=0s, distance_nest_camera = 5.661m
t=1s, distance_nest_camera = 5.630m
distance_cart_camera = 27.562m
distance_house_camera = 55.767m",3.39
1071,simulation_0014,simulation,A3MC,24,DS,What is the height of the rectangular cargo box on the cart in meters?,gravity acc = 9.8m/s^2,"t=0s, distance_nest_camera = 5.661m
t=1s, distance_nest_camera = 5.630m
distance_cart_camera = 27.562m
distance_house_camera = 55.767m",1.61
1072,simulation_0014,simulation,A3MC,24,DS,What is the length of rectangular cargo box on the cart in meters?,gravity acc = 9.8m/s^2,"t=0s, distance_nest_camera = 5.661m
t=1s, distance_nest_camera = 5.630m
distance_cart_camera = 27.562m
distance_house_camera = 55.767m",5.2
1073,simulation_0015,simulation,S3MC,33,SS,What is the height of the central sculpture itself (excluding the pedestal) in meters?,height of the person = 1.87m,"t=0s, distance_human_camera = 12.26m
t=1s, distance_human_camera = 10.97m
distance_the_pedestal_of_the_central _sculpture_and_camera = 9.460m
distance_the central_sculpture_camera = 9.460m
distance_the_nearest_freestanding_art_display_panel = 11.874m",1.67
1074,simulation_0015,simulation,S3MC,33,SS,What is the width of the pedestal (square base) of the central sculpture in meters?,height of the person = 1.87m,"t=0s, distance_human_camera = 12.26m
t=1s, distance_human_camera = 10.97m
distance_the_pedestal_of_the_central _sculpture_and_camera = 9.460m
distance_the central_sculpture_camera = 9.460m
distance_the_nearest_freestanding_art_display_panel = 11.874m",1.57
1075,simulation_0015,simulation,S3MC,33,SS,What is the height of the pedestal (square base) of the central sculpture in meters?,height of the person = 1.87m,"t=0s, distance_human_camera = 12.26m
t=1s, distance_human_camera = 10.97m
distance_the_pedestal_of_the_central _sculpture_and_camera = 9.460m
distance_the central_sculpture_camera = 9.460m
distance_the_nearest_freestanding_art_display_panel = 11.874m",1.01
1076,simulation_0015,simulation,S3MC,33,SS,What is the height of the freestanding art display panel in meters?,height of the person = 1.87m,"t=0s, distance_human_camera = 12.26m
t=1s, distance_human_camera = 10.97m
distance_the_pedestal_of_the_central _sculpture_and_camera = 9.460m
distance_the central_sculpture_camera = 9.460m
distance_the_nearest_freestanding_art_display_panel = 11.874m",2.01
1077,simulation_0015,simulation,S3MC,33,SS,What is the height of the bench seat in the atrium in meters?,height of the person = 1.87m,"t=0s, distance_human_camera = 12.26m
t=1s, distance_human_camera = 10.97m
distance_the_pedestal_of_the_central _sculpture_and_camera = 9.460m
distance_the central_sculpture_camera = 9.460m
distance_the_nearest_freestanding_art_display_panel = 11.874m",0.7
1078,simulation_0015,simulation,S3MC,33,SS,What is the width of the bench seat in the atrium in meters?,height of the person = 1.87m,"t=0s, distance_human_camera = 12.26m
t=1s, distance_human_camera = 10.97m
distance_the_pedestal_of_the_central _sculpture_and_camera = 9.460m
distance_the central_sculpture_camera = 9.460m
distance_the_nearest_freestanding_art_display_panel = 11.874m",0.6
1079,simulation_0015,simulation,S3MC,33,SS,What is the length of the bench seat in the atrium in meters?,height of the person = 1.87m,"t=0s, distance_human_camera = 12.26m
t=1s, distance_human_camera = 10.97m
distance_the_pedestal_of_the_central _sculpture_and_camera = 9.460m
distance_the central_sculpture_camera = 9.460m
distance_the_nearest_freestanding_art_display_panel = 11.874m",1.5
1080,simulation_0015,simulation,S3MC,33,SS,What is the clear height from the floor to the underside of the open roof frame (lattice) in meters?,height of the person = 1.87m,"t=0s, distance_human_camera = 12.26m
t=1s, distance_human_camera = 10.97m
distance_the_pedestal_of_the_central _sculpture_and_camera = 9.460m
distance_the central_sculpture_camera = 9.460m
distance_the_nearest_freestanding_art_display_panel = 11.874m",10.8
1081,simulation_0015,simulation,S3MC,33,SS,What is the vertical depth (thickness) of the open roof frame (top edge to bottom edge) in meters?,height of the person = 1.87m,"t=0s, distance_human_camera = 12.26m
t=1s, distance_human_camera = 10.97m
distance_the_pedestal_of_the_central _sculpture_and_camera = 9.460m
distance_the central_sculpture_camera = 9.460m
distance_the_nearest_freestanding_art_display_panel = 11.874m",0.45
1082,simulation_0015,simulation,S3MC,33,SD,What is the speed of the human at 1.0s in m/s?,height of the person = 1.87m,"t=0s, distance_human_camera = 12.26m
t=1s, distance_human_camera = 10.97m
distance_the_pedestal_of_the_central _sculpture_and_camera = 9.460m
distance_the central_sculpture_camera = 9.460m
distance_the_nearest_freestanding_art_display_panel = 11.874m",1.3
1083,simulation_0017,simulation,V3MC,33,DS,What is the height of the person in meters?,speed of the person = 1.3m/s,"t=0s, distance_human_camera = 5.424m
t=1s, distance_human_camera = 4.886m
distance_bench_camera = 2.267m
distance_the_pedestal_of_the_central _sculpture_and_camera = 5.963m
distance_the central_sculpture_camera = 5.962m
distance_the_freestanding_art_display_panel = 4.223m",1.6
1084,simulation_0017,simulation,V3MC,33,DS,What is the width of the pedestal (square base) of the central sculpture in meters?,speed of the person = 1.3m/s,"t=0s, distance_human_camera = 5.424m
t=1s, distance_human_camera = 4.886m
distance_bench_camera = 2.267m
distance_the_pedestal_of_the_central _sculpture_and_camera = 5.963m
distance_the central_sculpture_camera = 5.962m
distance_the_freestanding_art_display_panel = 4.223m",1.49
1085,simulation_0017,simulation,V3MC,33,DS,What is the height of the pedestal (square base) of the central sculpture in meters?,speed of the person = 1.3m/s,"t=0s, distance_human_camera = 5.424m
t=1s, distance_human_camera = 4.886m
distance_bench_camera = 2.267m
distance_the_pedestal_of_the_central _sculpture_and_camera = 5.963m
distance_the central_sculpture_camera = 5.962m
distance_the_freestanding_art_display_panel = 4.223m",0.92
1086,simulation_0017,simulation,V3MC,33,DS,What is the height of the bench seat in the atrium in meters?,speed of the person = 1.3m/s,"t=0s, distance_human_camera = 5.424m
t=1s, distance_human_camera = 4.886m
distance_bench_camera = 2.267m
distance_the_pedestal_of_the_central _sculpture_and_camera = 5.963m
distance_the central_sculpture_camera = 5.962m
distance_the_freestanding_art_display_panel = 4.223m",0.31
1087,simulation_0017,simulation,V3MC,33,DS,What is the length of the bench seat in the atrium in meters?,speed of the person = 1.3m/s,"t=0s, distance_human_camera = 5.424m
t=1s, distance_human_camera = 4.886m
distance_bench_camera = 2.267m
distance_the_pedestal_of_the_central _sculpture_and_camera = 5.963m
distance_the central_sculpture_camera = 5.962m
distance_the_freestanding_art_display_panel = 4.223m",2.4
1088,simulation_0017,simulation,V3MC,33,DS,What is the height of the central sculpture itself (excluding the pedestal) in meters?,speed of the person = 1.3m/s,"t=0s, distance_human_camera = 5.424m
t=1s, distance_human_camera = 4.886m
distance_bench_camera = 2.267m
distance_the_pedestal_of_the_central _sculpture_and_camera = 5.963m
distance_the central_sculpture_camera = 5.962m
distance_the_freestanding_art_display_panel = 4.223m",1.53
1089,simulation_0017,simulation,V3MC,33,DS,What is the height of the freestanding art display panel in meters?,speed of the person = 1.3m/s,"t=0s, distance_human_camera = 5.424m
t=1s, distance_human_camera = 4.886m
distance_bench_camera = 2.267m
distance_the_pedestal_of_the_central _sculpture_and_camera = 5.963m
distance_the central_sculpture_camera = 5.962m
distance_the_freestanding_art_display_panel = 4.223m",0.62
1090,simulation_0019,simulation,S3MC,33,SD,What is the walking speed of the person at 0.5s in m/s?,height of the person = 1.87m,"t=0s, distance_human_camera = 6.84m
t=1s, distance_human_camera = 6.49m
distance_the_nearest_freestanding_art_display_panel = 11.042m
distance_the_pedestal_of_the_central_sculpture_and_camera = 5.085m
distance_the_central_sculpture_camera = 5.085m",1.4
1091,simulation_0019,simulation,S3MC,33,SS,What is the width of the pedestal (square base) of the central sculpture in meters?,height of the person = 1.87m,"t=0s, distance_human_camera = 6.84m
t=1s, distance_human_camera = 6.49m
distance_the_nearest_freestanding_art_display_panel = 11.042m
distance_the_pedestal_of_the_central_sculpture_and_camera = 5.085m
distance_the_central_sculpture_camera = 5.085m",1.62
1092,simulation_0019,simulation,S3MC,33,SS,What is the height of the pedestal (square base) of the central sculpture in meters?,height of the person = 1.87m,"t=0s, distance_human_camera = 6.84m
t=1s, distance_human_camera = 6.49m
distance_the_nearest_freestanding_art_display_panel = 11.042m
distance_the_pedestal_of_the_central_sculpture_and_camera = 5.085m
distance_the_central_sculpture_camera = 5.085m",0.99
1093,simulation_0019,simulation,S3MC,33,SS,What is the height of the central sculpture itself (excluding the pedestal) in meters?,height of the person = 1.87m,"t=0s, distance_human_camera = 6.84m
t=1s, distance_human_camera = 6.49m
distance_the_nearest_freestanding_art_display_panel = 11.042m
distance_the_pedestal_of_the_central_sculpture_and_camera = 5.085m
distance_the_central_sculpture_camera = 5.085m",1.64
1094,simulation_0019,simulation,S3MC,33,SS,What is the width of the freestanding art display panel in meters?,height of the person = 1.87m,"t=0s, distance_human_camera = 6.84m
t=1s, distance_human_camera = 6.49m
distance_the_nearest_freestanding_art_display_panel = 11.042m
distance_the_pedestal_of_the_central_sculpture_and_camera = 5.085m
distance_the_central_sculpture_camera = 5.085m",1.17
1095,simulation_0019,simulation,S3MC,33,SS,What is the height of the freestanding art display panel in meters?,height of the person = 1.87m,"t=0s, distance_human_camera = 6.84m
t=1s, distance_human_camera = 6.49m
distance_the_nearest_freestanding_art_display_panel = 11.042m
distance_the_pedestal_of_the_central_sculpture_and_camera = 5.085m
distance_the_central_sculpture_camera = 5.085m",1.96
1096,simulation_0021,simulation,S3MC,30,SD,What is the walking speed of the person at 1.0s in m/s?,height of the person = 1.87m,"t=0s, distance_human_camera = 13.882m
t=1s, distance_human_camera = 13.768m
distance_fire_hydrant_camera = 12.565m
distance_streetlight_camera = 12.325m",0.46
1097,simulation_0021,simulation,S3MC,30,SS,What is the height of the fire hydrant in meters?,height of the person = 1.87m,"t=0s, distance_human_camera = 13.882m
t=1s, distance_human_camera = 13.768m
distance_fire_hydrant_camera = 12.565m
distance_streetlight_camera = 12.325m",1.07
1098,simulation_0021,simulation,S3MC,30,SS,What is the height of the streetlight in meters?,height of the person = 1.87m,"t=0s, distance_human_camera = 13.882m
t=1s, distance_human_camera = 13.768m
distance_fire_hydrant_camera = 12.565m
distance_streetlight_camera = 12.325m",4.38
1099,simulation_0022,simulation,S2SS,24,SD,What is the speed of the boat at 1.0s in m/s?,length of the boat = 10m,,4.2
1100,simulation_0022,simulation,S2SS,24,SS,What is the height of the boat in meters?,length of the boat = 10m,,10.1
1101,simulation_0023,simulation,V3MC,24,DD,What is the speed of the boat at 1.0s in m/s?,speed of the eagle = 11.84m/s,"t=1s, distance_eagle_camera = 116.0475m
t=2s, distance_eagle_camera = 108.2756m
t=1s, distance_boat_camera = 103.1570 m
t=2s, distance_boat_camera = 106.0906 m",4.4
1102,simulation_0023,simulation,V3MC,24,DS,What is the height of the boat in meters?,speed of the eagle = 11.84m/s,"t=1s, distance_eagle_camera = 116.0475m
t=2s, distance_eagle_camera = 108.2756m
t=1s, distance_boat_camera = 103.1570 m
t=2s, distance_boat_camera = 106.0906 m",11.1
1103,simulation_0023,simulation,V3MC,24,DS,What is the length of the boat in meters?,speed of the eagle = 11.84m/s,"t=1s, distance_eagle_camera = 116.0475m
t=2s, distance_eagle_camera = 108.2756m
t=1s, distance_boat_camera = 103.1570 m
t=2s, distance_boat_camera = 106.0906 m",8.8
1104,simulation_0023,simulation,V3MC,24,DS,What is the length of the eagle in meters?,speed of the eagle = 11.84m/s,"t=1s, distance_eagle_camera = 116.0475m
t=2s, distance_eagle_camera = 108.2756m
t=1s, distance_boat_camera = 103.1570 m
t=2s, distance_boat_camera = 106.0906 m",0.65
1105,simulation_0023,simulation,V3MC,24,DS,What is the eagle’s wingspan (the distance from the tip of one wing to the tip of the other when fully spread) in meters?,speed of the eagle = 11.84m/s,"t=1s, distance_eagle_camera = 116.0475m
t=2s, distance_eagle_camera = 108.2756m
t=1s, distance_boat_camera = 103.1570 m
t=2s, distance_boat_camera = 106.0906 m",1.6
1106,simulation_0024,simulation,V3MS,24,DS,What is the height of the boat in meters?,speed of the boat = 4m/s,"t=1s, distance_boat_camera = 90.1103 m
t=2s, distance_boat_camera = 90.4360 m",9.2
1107,simulation_0024,simulation,V3MS,24,DS,What is the length of the boat in meters?,speed of the boat = 4m/s,"t=1s, distance_boat_camera = 90.1103 m
t=2s, distance_boat_camera = 90.4360 m",10.0
1108,simulation_0024,simulation,V3MS,24,DS,What is the width of the boat in meters?,speed of the boat = 4m/s,"t=1s, distance_boat_camera = 90.1103 m
t=2s, distance_boat_camera = 90.4360 m",3.5
1109,simulation_0025,simulation,V3MC,24,DD,What is the speed of the eagle at 1.0s in m/s?,speed of the person = 1.3m/s,"t=1s, distance_eagle_camera = 116.0475m
t=2s, distance_eagle_camera = 108.2756m
t=1s, distance_human_camera = 114.8319m
t=2s, distance_human_camera = 114.8356 m",28.5
1110,simulation_0025,simulation,V3MC,24,DS,What is the length of the eagle in meters?,speed of the person = 1.3m/s,"t=1s, distance_eagle_camera = 116.0475m
t=2s, distance_eagle_camera = 108.2756m
t=1s, distance_human_camera = 114.8319m
t=2s, distance_human_camera = 114.8356 m",1.5
1111,simulation_0025,simulation,V3MC,24,DS,What is the eagle’s wingspan (the distance from the tip of one wing to the tip of the other when fully spread) in meters?,speed of the person = 1.3m/s,"t=1s, distance_eagle_camera = 116.0475m
t=2s, distance_eagle_camera = 108.2756m
t=1s, distance_human_camera = 114.8319m
t=2s, distance_human_camera = 114.8356 m",3.7
1112,simulation_0025,simulation,V3MC,24,DS,What is the height of the person in meters?,speed of the person = 1.3m/s,"t=1s, distance_eagle_camera = 116.0475m
t=2s, distance_eagle_camera = 108.2756m
t=1s, distance_human_camera = 114.8319m
t=2s, distance_human_camera = 114.8356 m",5.3
1113,simulation_0026,simulation,S3MC,24,SS,What is the height of the boat in meters?,height of the person = 1.75m,"t=1s, distance_boat_camera = 103.1570 m
t=2s, distance_boat_camera = 106.0906 m
t=1s, distance_human_camera = 114.8319m
t=2s, distance_human_camera = 114.8356 m",9.7
1114,simulation_0026,simulation,S3MC,24,SS,What is the length of the boat in meters?,height of the person = 1.75m,"t=1s, distance_boat_camera = 103.1570 m
t=2s, distance_boat_camera = 106.0906 m
t=1s, distance_human_camera = 114.8319m
t=2s, distance_human_camera = 114.8356 m",7.5
1115,simulation_0026,simulation,S3MC,24,SD,What is the speed of the person at 1.0s in m/s?,height of the person = 1.75m,"t=1s, distance_boat_camera = 103.1570 m
t=2s, distance_boat_camera = 106.0906 m
t=1s, distance_human_camera = 114.8319m
t=2s, distance_human_camera = 114.8356 m",0.41
1116,simulation_0027,simulation,S3MS,24,SD,What is the speed of the person from 1.0s to 2.0s in m/s?,height of the person = 1.75m,"t=1s, distance_human_camera = 100.5638m
t=2s, distance_human_camera = 100.5996m",0.59
1117,simulation_0028,simulation,S3MC,24,SS,What is the eagle’s wingspan (the distance from the tip of one wing to the tip of the other when fully spread) in meters?,length of the eagle = 0.8m,"t=1s, distance_eagle_camera = 100.1405m
t=2s, distance_eagle_camera = 99.5206m",1.8
1118,simulation_0028,simulation,S3MC,24,SD,What is the speed of the eagle at 1.0s in m/s?,length of the eagle = 0.8m,"t=1s, distance_eagle_camera = 100.1405m
t=2s, distance_eagle_camera = 99.5206m",10.6
1119,simulation_0029,simulation,V3MC,24,DS,What is the length of the eagle in meters?,speed of the eagle = 12m/s,"t=1s, distance_boat_camera = 133.9572 m
t=2s, distance_boat_camera = 131.2557 m
t=1s, distance_eagle_camera = 139.7035m
t=2s, distance_eagle_camera = 147.1583m",0.75
1120,simulation_0029,simulation,V3MC,24,DS,What is the height of the boat in meters?,speed of the eagle = 12m/s,"t=1s, distance_boat_camera = 133.9572 m
t=2s, distance_boat_camera = 131.2557 m
t=1s, distance_eagle_camera = 139.7035m
t=2s, distance_eagle_camera = 147.1583m",9.4
1121,simulation_0029,simulation,V3MC,24,DS,What is the length of the boat in meters?,speed of the eagle = 12m/s,"t=1s, distance_boat_camera = 133.9572 m
t=2s, distance_boat_camera = 131.2557 m
t=1s, distance_eagle_camera = 139.7035m
t=2s, distance_eagle_camera = 147.1583m",8.2
1122,simulation_0029,simulation,V3MC,24,DD,What is the speed of the boat at 1.0s in m/s?,speed of the eagle = 12m/s,"t=1s, distance_boat_camera = 133.9572 m
t=2s, distance_boat_camera = 131.2557 m
t=1s, distance_eagle_camera = 139.7035m
t=2s, distance_eagle_camera = 147.1583m",4.1
1123,simulation_0031,simulation,V3MC,24,DS,What is the height of the person in meters?,speed of the person = 1.3m/s,"t=1s, distance_boat_camera = 130.3493 m
t=2s, distance_boat_camera = 133.7433 m
t=1s, distance_human_camera = 139.9543 m
t=2s, distance_human_camera = 139.9833 m
t=1s, distance_eagle_camera = 139.7566 m
t=2s, distance_eagle_camera = 130.2468m",2.98
1124,simulation_0031,simulation,V3MC,24,DS,What is the height of the boat in meters?,speed of the person = 1.3m/s,"t=1s, distance_boat_camera = 130.3493 m
t=2s, distance_boat_camera = 133.7433 m
t=1s, distance_human_camera = 139.9543 m
t=2s, distance_human_camera = 139.9833 m
t=1s, distance_eagle_camera = 139.7566 m
t=2s, distance_eagle_camera = 130.2468m",16.6
1125,simulation_0031,simulation,V3MC,24,DS,What is the length of the boat in meters?,speed of the person = 1.3m/s,"t=1s, distance_boat_camera = 130.3493 m
t=2s, distance_boat_camera = 133.7433 m
t=1s, distance_human_camera = 139.9543 m
t=2s, distance_human_camera = 139.9833 m
t=1s, distance_eagle_camera = 139.7566 m
t=2s, distance_eagle_camera = 130.2468m",12.0
1126,simulation_0031,simulation,V3MC,24,DS,What is the width of the boat in meters?,speed of the person = 1.3m/s,"t=1s, distance_boat_camera = 130.3493 m
t=2s, distance_boat_camera = 133.7433 m
t=1s, distance_human_camera = 139.9543 m
t=2s, distance_human_camera = 139.9833 m
t=1s, distance_eagle_camera = 139.7566 m
t=2s, distance_eagle_camera = 130.2468m",4.2
1127,simulation_0031,simulation,V3MC,24,DD,What is the speed of the boat at 1.0s in m/s?,speed of the person = 1.3m/s,"t=1s, distance_boat_camera = 130.3493 m
t=2s, distance_boat_camera = 133.7433 m
t=1s, distance_human_camera = 139.9543 m
t=2s, distance_human_camera = 139.9833 m
t=1s, distance_eagle_camera = 139.7566 m
t=2s, distance_eagle_camera = 130.2468m",3.5
1128,simulation_0031,simulation,V3MC,24,DS,What is the length of the eagle in meters?,speed of the person = 1.3m/s,"t=1s, distance_boat_camera = 130.3493 m
t=2s, distance_boat_camera = 133.7433 m
t=1s, distance_human_camera = 139.9543 m
t=2s, distance_human_camera = 139.9833 m
t=1s, distance_eagle_camera = 139.7566 m
t=2s, distance_eagle_camera = 130.2468m",1.0
1129,simulation_0031,simulation,V3MC,24,DD,What is the speed of the eagle at 1.0s in m/s?,speed of the person = 1.3m/s,"t=1s, distance_boat_camera = 130.3493 m
t=2s, distance_boat_camera = 133.7433 m
t=1s, distance_human_camera = 139.9543 m
t=2s, distance_human_camera = 139.9833 m
t=1s, distance_eagle_camera = 139.7566 m
t=2s, distance_eagle_camera = 130.2468m",11.5
1130,simulation_0031,simulation,V3MC,24,DS,What is the eagle’s wingspan (the distance from the tip of one wing to the tip of the other when fully spread) in meters?,speed of the person = 1.3m/s,"t=1s, distance_boat_camera = 130.3493 m
t=2s, distance_boat_camera = 133.7433 m
t=1s, distance_human_camera = 139.9543 m
t=2s, distance_human_camera = 139.9833 m
t=1s, distance_eagle_camera = 139.7566 m
t=2s, distance_eagle_camera = 130.2468m",2.45
1131,simulation_0033,simulation,A3MC,30,DD,What is the walking speed of the person at 1.0s in m/s?,acceleration of the orange car = -2.86m/s^2,"t=0s, distance_human_camera = 13.780m
t=1s, distance_human_camera = 13.651m
t=0s, distance_orange_car_camera = 12.048m
t=1s, distance_orange_car_camera = 10.432m
t=0s, distance_green_car_camera = 13.077m
t=1s, distance_green_car_camera = 4.630m
distance_fire_hydrant_camera = 12.565m
distance_streetlight_camera = 12.325m",0.59
1132,simulation_0033,simulation,A3MC,30,DS,What is the height of the fire hydrant in meters?,acceleration of the orange car = -2.86m/s^2,"t=0s, distance_human_camera = 13.780m
t=1s, distance_human_camera = 13.651m
t=0s, distance_orange_car_camera = 12.048m
t=1s, distance_orange_car_camera = 10.432m
t=0s, distance_green_car_camera = 13.077m
t=1s, distance_green_car_camera = 4.630m
distance_fire_hydrant_camera = 12.565m
distance_streetlight_camera = 12.325m",1.16
1133,simulation_0033,simulation,A3MC,30,DS,What is the height of the streetlight in meters?,acceleration of the orange car = -2.86m/s^2,"t=0s, distance_human_camera = 13.780m
t=1s, distance_human_camera = 13.651m
t=0s, distance_orange_car_camera = 12.048m
t=1s, distance_orange_car_camera = 10.432m
t=0s, distance_green_car_camera = 13.077m
t=1s, distance_green_car_camera = 4.630m
distance_fire_hydrant_camera = 12.565m
distance_streetlight_camera = 12.325m",4.74
1134,simulation_0033,simulation,A3MC,30,DS,What is the height of the person in meters?,acceleration of the orange car = -2.86m/s^2,"t=0s, distance_human_camera = 13.780m
t=1s, distance_human_camera = 13.651m
t=0s, distance_orange_car_camera = 12.048m
t=1s, distance_orange_car_camera = 10.432m
t=0s, distance_green_car_camera = 13.077m
t=1s, distance_green_car_camera = 4.630m
distance_fire_hydrant_camera = 12.565m
distance_streetlight_camera = 12.325m",2.02
1135,simulation_0033,simulation,A3MC,30,DD,What is the speed of the green car at 1.0s in m/s?,acceleration of the orange car = -2.86m/s^2,"t=0s, distance_human_camera = 13.780m
t=1s, distance_human_camera = 13.651m
t=0s, distance_orange_car_camera = 12.048m
t=1s, distance_orange_car_camera = 10.432m
t=0s, distance_green_car_camera = 13.077m
t=1s, distance_green_car_camera = 4.630m
distance_fire_hydrant_camera = 12.565m
distance_streetlight_camera = 12.325m",10.5
1136,simulation_0033,simulation,A3MC,30,DS,What is the length of the orange car in meters?,acceleration of the orange car = -2.86m/s^2,"t=0s, distance_human_camera = 13.780m
t=1s, distance_human_camera = 13.651m
t=0s, distance_orange_car_camera = 12.048m
t=1s, distance_orange_car_camera = 10.432m
t=0s, distance_green_car_camera = 13.077m
t=1s, distance_green_car_camera = 4.630m
distance_fire_hydrant_camera = 12.565m
distance_streetlight_camera = 12.325m",5.53
1137,simulation_0033,simulation,A3MC,30,DS,What is the height of the orange car in meters?,acceleration of the orange car = -2.86m/s^2,"t=0s, distance_human_camera = 13.780m
t=1s, distance_human_camera = 13.651m
t=0s, distance_orange_car_camera = 12.048m
t=1s, distance_orange_car_camera = 10.432m
t=0s, distance_green_car_camera = 13.077m
t=1s, distance_green_car_camera = 4.630m
distance_fire_hydrant_camera = 12.565m
distance_streetlight_camera = 12.325m",1.68
1138,simulation_0033,simulation,A3MC,30,DS,What is the height of the curb along the road in meters?,acceleration of the orange car = -2.86m/s^2,"t=0s, distance_human_camera = 13.780m
t=1s, distance_human_camera = 13.651m
t=0s, distance_orange_car_camera = 12.048m
t=1s, distance_orange_car_camera = 10.432m
t=0s, distance_green_car_camera = 13.077m
t=1s, distance_green_car_camera = 4.630m
distance_fire_hydrant_camera = 12.565m
distance_streetlight_camera = 12.325m",0.33
1139,simulation_0034,simulation,S3MC,24,SD,What is the average speed of the boat from the beginning to the end in m/s?,height of the person = 1.75m,"t=1s, distance_boat_camera = 96.8995 m
t=2s, distance_boat_camera = 92.8490 m
t=1s, distance_human_camera = 92.1861m
t=2s, distance_human_camera = 92.1960 m
t=1s, distance_eagle_camera = 91.6867m
t=2s, distance_eagle_camera = 103.4262m",4.05
1140,simulation_0034,simulation,S3MC,24,SS,What is the height of the boat in meters?,height of the person = 1.75m,"t=1s, distance_boat_camera = 96.8995 m
t=2s, distance_boat_camera = 92.8490 m
t=1s, distance_human_camera = 92.1861m
t=2s, distance_human_camera = 92.1960 m
t=1s, distance_eagle_camera = 91.6867m
t=2s, distance_eagle_camera = 103.4262m",9.95
1141,simulation_0034,simulation,S3MC,24,SS,What is the width of the boat in meters?,height of the person = 1.75m,"t=1s, distance_boat_camera = 96.8995 m
t=2s, distance_boat_camera = 92.8490 m
t=1s, distance_human_camera = 92.1861m
t=2s, distance_human_camera = 92.1960 m
t=1s, distance_eagle_camera = 91.6867m
t=2s, distance_eagle_camera = 103.4262m",3.35
1142,simulation_0034,simulation,S3MC,24,SD,What is the average speed of the person from the beginning to the end in m/s?,height of the person = 1.75m,"t=1s, distance_boat_camera = 96.8995 m
t=2s, distance_boat_camera = 92.8490 m
t=1s, distance_human_camera = 92.1861m
t=2s, distance_human_camera = 92.1960 m
t=1s, distance_eagle_camera = 91.6867m
t=2s, distance_eagle_camera = 103.4262m",1.35
1143,simulation_0034,simulation,S3MC,24,SS,What is the eagle’s wingspan (the distance from the tip of one wing to the tip of the other when fully spread) in meters?,height of the person = 1.75m,"t=1s, distance_boat_camera = 96.8995 m
t=2s, distance_boat_camera = 92.8490 m
t=1s, distance_human_camera = 92.1861m
t=2s, distance_human_camera = 92.1960 m
t=1s, distance_eagle_camera = 91.6867m
t=2s, distance_eagle_camera = 103.4262m",1.6
1144,simulation_0034,simulation,S3MC,24,SD,What is the average speed of the eagle from the beginning to the end in m/s?,height of the person = 1.75m,"t=1s, distance_boat_camera = 96.8995 m
t=2s, distance_boat_camera = 92.8490 m
t=1s, distance_human_camera = 92.1861m
t=2s, distance_human_camera = 92.1960 m
t=1s, distance_eagle_camera = 91.6867m
t=2s, distance_eagle_camera = 103.4262m",11.85
1145,simulation_0035,simulation,S3MC,24,SD,What is the average speed of the person from the beginning to the end in m/s?,height of the person = 1.75m,"t=1s, distance_human_camera = 139.1030m
t=2s, distance_human_camera = 139.1044 m
t=1s, distance_eagle_camera = 139.7035m
t=2s, distance_eagle_camera = 147.1583m",1.23
1146,simulation_0035,simulation,S3MC,24,SS,What is the eagle’s wingspan (the distance from the tip of one wing to the tip of the other when fully spread) in meters?,height of the person = 1.75m,"t=1s, distance_human_camera = 139.1030m
t=2s, distance_human_camera = 139.1044 m
t=1s, distance_eagle_camera = 139.7035m
t=2s, distance_eagle_camera = 147.1583m",1.25
1147,simulation_0035,simulation,S3MC,24,SD,What is the speed of the eagle from the beginning to the end in m/s?,height of the person = 1.75m,"t=1s, distance_human_camera = 139.1030m
t=2s, distance_human_camera = 139.1044 m
t=1s, distance_eagle_camera = 139.7035m
t=2s, distance_eagle_camera = 147.1583m",12.7
1148,simulation_0035,simulation,S3MC,24,SS,What is the body length of the eagle in meters?,height of the person = 1.75m,"t=1s, distance_human_camera = 139.1030m
t=2s, distance_human_camera = 139.1044 m
t=1s, distance_eagle_camera = 139.7035m
t=2s, distance_eagle_camera = 147.1583m",0.5
1149,simulation_0036,simulation,S3MC,24,SS,What is the height of the boat in meters?,length of the boat = 10m,"t=1s, distance_boat_camera = 133.9572 m
t=2s, distance_boat_camera = 131.2557 m
t=1s, distance_human_camera = 139.1030m
t=2s, distance_human_camera = 139.1044 m",12.0
1150,simulation_0036,simulation,S3MC,24,SS,What is the height of the person in meters?,length of the boat = 10m,"t=1s, distance_boat_camera = 133.9572 m
t=2s, distance_boat_camera = 131.2557 m
t=1s, distance_human_camera = 139.1030m
t=2s, distance_human_camera = 139.1044 m",1.8
1151,simulation_0036,simulation,S3MC,24,SD,What is the speed of the boat from the beginning to the end in m/s?,length of the boat = 10m,"t=1s, distance_boat_camera = 133.9572 m
t=2s, distance_boat_camera = 131.2557 m
t=1s, distance_human_camera = 139.1030m
t=2s, distance_human_camera = 139.1044 m",4.7
1152,simulation_0036,simulation,S3MC,24,SD,What is the average speed of the person from the beginning to the end in m/s?,length of the boat = 10m,"t=1s, distance_boat_camera = 133.9572 m
t=2s, distance_boat_camera = 131.2557 m
t=1s, distance_human_camera = 139.1030m
t=2s, distance_human_camera = 139.1044 m",1.4
1153,simulation_0037,simulation,V3MS,24,DS,What is the height of the person in meters?,speed of the person = 1.3m/s,"t=1s, distance_human_camera = 122.8569 m
t=2s, distance_human_camera = 122.8588 m",1.75
1154,simulation_0039,simulation,V3MC,24,DD,What is the speed of the person at 1.0s in m/s?,speed of the boat = 4m/s,"t=1s, distance_boat_camera = 177.2077 m
t=2s, distance_boat_camera = 177.9993 m
t=1s, distance_human_camera = 182.9249 m
t=2s, distance_human_camera = 183.0167 m
t=1s, distance_eagle_camera = 179.2691 m
t=2s, distance_eagle_camera = 177.1009 m",1.19
1155,simulation_0039,simulation,V3MC,24,DS,What is the length of the boat in meters?,speed of the boat = 4m/s,"t=1s, distance_boat_camera = 177.2077 m
t=2s, distance_boat_camera = 177.9993 m
t=1s, distance_human_camera = 182.9249 m
t=2s, distance_human_camera = 183.0167 m
t=1s, distance_eagle_camera = 179.2691 m
t=2s, distance_eagle_camera = 177.1009 m",10.6
1156,simulation_0039,simulation,V3MC,24,DS,What is the width of the boat in meters?,speed of the boat = 4m/s,"t=1s, distance_boat_camera = 177.2077 m
t=2s, distance_boat_camera = 177.9993 m
t=1s, distance_human_camera = 182.9249 m
t=2s, distance_human_camera = 183.0167 m
t=1s, distance_eagle_camera = 179.2691 m
t=2s, distance_eagle_camera = 177.1009 m",2.7
1157,simulation_0039,simulation,V3MC,24,DS,What is the length of the eagle in meters?,speed of the boat = 4m/s,"t=1s, distance_boat_camera = 177.2077 m
t=2s, distance_boat_camera = 177.9993 m
t=1s, distance_human_camera = 182.9249 m
t=2s, distance_human_camera = 183.0167 m
t=1s, distance_eagle_camera = 179.2691 m
t=2s, distance_eagle_camera = 177.1009 m",1.25
1158,simulation_0039,simulation,V3MC,24,DS,What is the eagle’s wingspan (the distance from the tip of one wing to the tip of the other when fully spread) in meters?,speed of the boat = 4m/s,"t=1s, distance_boat_camera = 177.2077 m
t=2s, distance_boat_camera = 177.9993 m
t=1s, distance_human_camera = 182.9249 m
t=2s, distance_human_camera = 183.0167 m
t=1s, distance_eagle_camera = 179.2691 m
t=2s, distance_eagle_camera = 177.1009 m",1.1
1159,simulation_0039,simulation,V3MC,24,DD,What is the speed of the eagle at 1.0s in m/s?,speed of the boat = 4m/s,"t=1s, distance_boat_camera = 177.2077 m
t=2s, distance_boat_camera = 177.9993 m
t=1s, distance_human_camera = 182.9249 m
t=2s, distance_human_camera = 183.0167 m
t=1s, distance_eagle_camera = 179.2691 m
t=2s, distance_eagle_camera = 177.1009 m",11.3
1160,simulation_0040,simulation,S3MC,24,SS,What is the eagle’s wingspan (the distance from the tip of one wing to the tip of the other when fully spread) in meters?,length of the eagle = 0.8m,"t=1s, distance_human_camera = 182.9249 m
t=2s, distance_human_camera = 183.0167 m
t=1s, distance_eagle_camera = 179.2691 m
t=2s, distance_eagle_camera = 177.1009 m",1.2
1161,simulation_0040,simulation,S3MC,24,SD,What is the speed of the eagle at 1.0s in m/s?,length of the eagle = 0.8m,"t=1s, distance_human_camera = 182.9249 m
t=2s, distance_human_camera = 183.0167 m
t=1s, distance_eagle_camera = 179.2691 m
t=2s, distance_eagle_camera = 177.1009 m",10.0
1162,simulation_0040,simulation,S3MC,24,SD,What is the average of the person at 1.0s in m/s?,length of the eagle = 0.8m,"t=1s, distance_human_camera = 182.9249 m
t=2s, distance_human_camera = 183.0167 m
t=1s, distance_eagle_camera = 179.2691 m
t=2s, distance_eagle_camera = 177.1009 m",1.0
1163,simulation_0042,simulation,V3MC,24,DS,What is the length of the boat in meters?,speed of the eagle = 11.84m/s,"t=1s, distance_eagle_camera = 179.2691 m
t=2s, distance_eagle_camera = 177.1009 m
t=1s, distance_boat_camera = 177.2077 m
t=2s, distance_boat_camera = 177.9993 m",9.8
1164,simulation_0042,simulation,V3MC,24,DS,What is the width of the boat in meters?,speed of the eagle = 11.84m/s,"t=1s, distance_eagle_camera = 179.2691 m
t=2s, distance_eagle_camera = 177.1009 m
t=1s, distance_boat_camera = 177.2077 m
t=2s, distance_boat_camera = 177.9993 m",2.65
1165,simulation_0042,simulation,V3MC,24,DD,What is the speed of the boat at 1.0s in m/s?,speed of the eagle = 11.84m/s,"t=1s, distance_eagle_camera = 179.2691 m
t=2s, distance_eagle_camera = 177.1009 m
t=1s, distance_boat_camera = 177.2077 m
t=2s, distance_boat_camera = 177.9993 m",3.95
1166,simulation_0042,simulation,V3MC,24,DS,What is the length of the eagle in meters?,speed of the eagle = 11.84m/s,"t=1s, distance_eagle_camera = 179.2691 m
t=2s, distance_eagle_camera = 177.1009 m
t=1s, distance_boat_camera = 177.2077 m
t=2s, distance_boat_camera = 177.9993 m",0.89
1167,simulation_0042,simulation,V3MC,24,DS,What is the eagle’s wingspan (the distance from the tip of one wing to the tip of the other when fully spread) in meters?,speed of the eagle = 11.84m/s,"t=1s, distance_eagle_camera = 179.2691 m
t=2s, distance_eagle_camera = 177.1009 m
t=1s, distance_boat_camera = 177.2077 m
t=2s, distance_boat_camera = 177.9993 m",1.2
1168,simulation_0043,simulation,S3MC,24,SS,What is the width of the boat in meters?,length of the boat = 10m,"t=1s, distance_boat_camera = 173.7093 m
t=2s, distance_boat_camera = 174.5515 m",2.4
1169,simulation_0043,simulation,S3MC,24,SD,What is the speed of the boat at 1.0s in m/s?,length of the boat = 10m,"t=1s, distance_boat_camera = 173.7093 m
t=2s, distance_boat_camera = 174.5515 m",4.3
1170,simulation_0043,simulation,S3MC,24,SS,What is the width of the rock in meters?,length of the boat = 10m,"t=1s, distance_boat_camera = 173.7093 m
t=2s, distance_boat_camera = 174.5515 m",24.0
1171,simulation_0044,simulation,S3MC,24,SS,What is the width of the rock in meters?,length of the eagle = 0.8m,"t=1s, distance_eagle_camera = 175.3081m
t=2s, distance_eagle_camera = 172.9881m",22.4
1172,simulation_0044,simulation,S3MC,24,SD,What is the speed of the eagle at 1.0s in m/s?,length of the eagle = 0.8m,"t=1s, distance_eagle_camera = 175.3081m
t=2s, distance_eagle_camera = 172.9881m",11.7
1173,simulation_0044,simulation,S3MC,24,SS,What is the eagle’s wingspan (the distance from the tip of one wing to the tip of the other when fully spread) in meters?,length of the eagle = 0.8m,"t=1s, distance_eagle_camera = 175.3081m
t=2s, distance_eagle_camera = 172.9881m",1.03
1174,simulation_0045,simulation,V3MC,33,DD,What is the speed of the walking person from the beginning to the end in m/s?,speed of the bike = 4.87m/s,"t=1s, distance_bike_camera = 12.1238m
t=2s, distance_bike_camera = 16.9027m
t=1s, distance_human_camera = 17.1691m
t=2s, distance_human_camera = 18.3768m",1.32
1175,simulation_0045,simulation,V3MC,33,DS,What is the height of the walking person in meters?,speed of the bike = 4.87m/s,"t=1s, distance_bike_camera = 12.1238m
t=2s, distance_bike_camera = 16.9027m
t=1s, distance_human_camera = 17.1691m
t=2s, distance_human_camera = 18.3768m",2.6
1176,simulation_0045,simulation,V3MC,33,DS,What is the height of the telephone booth in meters?,speed of the bike = 4.87m/s,"t=1s, distance_bike_camera = 12.1238m
t=2s, distance_bike_camera = 16.9027m
t=1s, distance_human_camera = 17.1691m
t=2s, distance_human_camera = 18.3768m",3.15
1177,simulation_0045,simulation,V3MC,33,DS,What is the distance between the left pillar of the near door and the right pillar of the far door in meters?,speed of the bike = 4.87m/s,"t=1s, distance_bike_camera = 12.1238m
t=2s, distance_bike_camera = 16.9027m
t=1s, distance_human_camera = 17.1691m
t=2s, distance_human_camera = 18.3768m",12.0
1178,simulation_0045,simulation,V3MC,33,DS,"What is the height of the moving bicycle (from the handlebar to the ground, including below the wheel) in meters?",speed of the bike = 4.87m/s,"t=1s, distance_bike_camera = 12.1238m
t=2s, distance_bike_camera = 16.9027m
t=1s, distance_human_camera = 17.1691m
t=2s, distance_human_camera = 18.3768m",0.92
1179,simulation_0045,simulation,V3MC,33,DS,What is the length of the moving bicycle in meters?,speed of the bike = 4.87m/s,"t=1s, distance_bike_camera = 12.1238m
t=2s, distance_bike_camera = 16.9027m
t=1s, distance_human_camera = 17.1691m
t=2s, distance_human_camera = 18.3768m",1.4
1180,simulation_0045,simulation,V3MC,33,DS,What is the diameter of the wheel of the moving bicycle in meters?,speed of the bike = 4.87m/s,"t=1s, distance_bike_camera = 12.1238m
t=2s, distance_bike_camera = 16.9027m
t=1s, distance_human_camera = 17.1691m
t=2s, distance_human_camera = 18.3768m",0.55
1181,simulation_0045,simulation,V3MC,33,DS,What is the height of the first step in front of the door of the nearer house in meters?,speed of the bike = 4.87m/s,"t=1s, distance_bike_camera = 12.1238m
t=2s, distance_bike_camera = 16.9027m
t=1s, distance_human_camera = 17.1691m
t=2s, distance_human_camera = 18.3768m",0.27
1182,simulation_0046,simulation,S3MC,33,SD,What is the speed of the walking person at 1.0s in m/s?,diameter of the moving bicycle wheel = 0.65m,"t=1s, distance_bike_camera = 12.6215m
t=2s, distance_bike_camera = 13.2055m
t=1s, distance_human_camera = 14.7728m
t=2s, distance_human_camera = 15.1766m",1.45
1183,simulation_0046,simulation,S3MC,33,SS,What is the height of the walking person in meters?,diameter of the moving bicycle wheel = 0.65m,"t=1s, distance_bike_camera = 12.6215m
t=2s, distance_bike_camera = 13.2055m
t=1s, distance_human_camera = 14.7728m
t=2s, distance_human_camera = 15.1766m",1.87
1184,simulation_0046,simulation,S3MC,33,SS,What is the height of the telephone booth in meters?,diameter of the moving bicycle wheel = 0.65m,"t=1s, distance_bike_camera = 12.6215m
t=2s, distance_bike_camera = 13.2055m
t=1s, distance_human_camera = 14.7728m
t=2s, distance_human_camera = 15.1766m",3.1
1185,simulation_0046,simulation,S3MC,33,SS,What is the width of the telephone booth in meters?,diameter of the moving bicycle wheel = 0.65m,"t=1s, distance_bike_camera = 12.6215m
t=2s, distance_bike_camera = 13.2055m
t=1s, distance_human_camera = 14.7728m
t=2s, distance_human_camera = 15.1766m",1.8
1186,simulation_0046,simulation,S3MC,33,SS,What is the distance between the left pillar of the near door and the right pillar of the far door in meters?,diameter of the moving bicycle wheel = 0.65m,"t=1s, distance_bike_camera = 12.6215m
t=2s, distance_bike_camera = 13.2055m
t=1s, distance_human_camera = 14.7728m
t=2s, distance_human_camera = 15.1766m",7.2
1187,simulation_0046,simulation,S3MC,33,SS,"What is the height of the moving bicycle (from the handlebar to the ground, including below the wheel) in meters?",diameter of the moving bicycle wheel = 0.65m,"t=1s, distance_bike_camera = 12.6215m
t=2s, distance_bike_camera = 13.2055m
t=1s, distance_human_camera = 14.7728m
t=2s, distance_human_camera = 15.1766m",0.94
1188,simulation_0046,simulation,S3MC,33,SS,What is the length of the moving bicycle in meters?,diameter of the moving bicycle wheel = 0.65m,"t=1s, distance_bike_camera = 12.6215m
t=2s, distance_bike_camera = 13.2055m
t=1s, distance_human_camera = 14.7728m
t=2s, distance_human_camera = 15.1766m",1.72
1189,simulation_0046,simulation,S3MC,33,SS,What is the height of the first step in front of the door of the nearer house in meters?,diameter of the moving bicycle wheel = 0.65m,"t=1s, distance_bike_camera = 12.6215m
t=2s, distance_bike_camera = 13.2055m
t=1s, distance_human_camera = 14.7728m
t=2s, distance_human_camera = 15.1766m",0.18
1190,simulation_0046,simulation,S3MC,33,SD,What is the speed of the moving bicycle from 1.0s to 2.0s in m/s?,diameter of the moving bicycle wheel = 0.65m,"t=1s, distance_bike_camera = 12.6215m
t=2s, distance_bike_camera = 13.2055m
t=1s, distance_human_camera = 14.7728m
t=2s, distance_human_camera = 15.1766m",5.0
1191,simulation_0048,simulation,S3MC,33,SD,What is the speed of the walking person at 1.0s in m/s?,height of the walking person = 1.8m,"t=1s, distance_bike_camera = 16.4919m
t=2s, distance_bike_camera = 11.9277m
t=1s, distance_human_camera = 11.9259m
t=2s, distance_human_camera = 10.8165m",1.13
1192,simulation_0048,simulation,S3MC,33,SS,What is the width of the telephone booth in meters?,height of the walking person = 1.8m,"t=1s, distance_bike_camera = 16.4919m
t=2s, distance_bike_camera = 11.9277m
t=1s, distance_human_camera = 11.9259m
t=2s, distance_human_camera = 10.8165m",1.3
1193,simulation_0048,simulation,S3MC,33,SS,What is the distance between the left pillar of the near door and the right pillar of the far door in meters?,height of the walking person = 1.8m,"t=1s, distance_bike_camera = 16.4919m
t=2s, distance_bike_camera = 11.9277m
t=1s, distance_human_camera = 11.9259m
t=2s, distance_human_camera = 10.8165m",4.0
1194,simulation_0048,simulation,S3MC,33,SS,"What is the height of the moving bicycle (from the handlebar to the ground, including below the wheel) in meters?",height of the walking person = 1.8m,"t=1s, distance_bike_camera = 16.4919m
t=2s, distance_bike_camera = 11.9277m
t=1s, distance_human_camera = 11.9259m
t=2s, distance_human_camera = 10.8165m",1.6
1195,simulation_0048,simulation,S3MC,33,SD,What is the speed of the moving bicycle at 1.0s in m/s?,height of the walking person = 1.8m,"t=1s, distance_bike_camera = 16.4919m
t=2s, distance_bike_camera = 11.9277m
t=1s, distance_human_camera = 11.9259m
t=2s, distance_human_camera = 10.8165m",4.6
1196,simulation_0048,simulation,S3MC,33,SS,What is the diameter of the wheel of the moving bicycle in meters?,height of the walking person = 1.8m,"t=1s, distance_bike_camera = 16.4919m
t=2s, distance_bike_camera = 11.9277m
t=1s, distance_human_camera = 11.9259m
t=2s, distance_human_camera = 10.8165m",0.95
1197,simulation_0049,simulation,V3MC,33,DD,What is the speed of the walking person from 1.0s to 2.0s in m/s?,speed of the bike = 4.87m/s,"t=1s, distance_bike_camera = 14.1134 m
t=2s, distance_bike_camera = 18.9543 m
t=1s, distance_human_camera = 19.0411 m
t=2s, distance_human_camera = 20.2710 m",1.25
1198,simulation_0049,simulation,V3MC,33,DS,What is the height of the walking person in meters?,speed of the bike = 4.87m/s,"t=1s, distance_bike_camera = 14.1134 m
t=2s, distance_bike_camera = 18.9543 m
t=1s, distance_human_camera = 19.0411 m
t=2s, distance_human_camera = 20.2710 m",3.3
1199,simulation_0049,simulation,V3MC,33,DS,What is the height of the telephone booth in meters?,speed of the bike = 4.87m/s,"t=1s, distance_bike_camera = 14.1134 m
t=2s, distance_bike_camera = 18.9543 m
t=1s, distance_human_camera = 19.0411 m
t=2s, distance_human_camera = 20.2710 m",4.1
1200,simulation_0049,simulation,V3MC,33,DS,What is the distance between the left pillar of the near door and the right pillar of the far door in meters?,speed of the bike = 4.87m/s,"t=1s, distance_bike_camera = 14.1134 m
t=2s, distance_bike_camera = 18.9543 m
t=1s, distance_human_camera = 19.0411 m
t=2s, distance_human_camera = 20.2710 m",1.55
1201,simulation_0049,simulation,V3MC,33,DS,What is the diameter of the wheel of the moving bicycle in meters?,speed of the bike = 4.87m/s,"t=1s, distance_bike_camera = 14.1134 m
t=2s, distance_bike_camera = 18.9543 m
t=1s, distance_human_camera = 19.0411 m
t=2s, distance_human_camera = 20.2710 m",0.48
1202,simulation_0050,simulation,V3MC,33,DS,What is the height of the walking person in meters?,speed of the walking person = 1.236m/s,"t=1s, distance_bike_camera = 11.8960 m
t=2s, distance_bike_camera = 14.6419 m
t=1s, distance_human_camera = 15.8652 m
t=2s, distance_human_camera = 16.6708 m",1.82
1203,simulation_0050,simulation,V3MC,33,DS,What is the height of the telephone booth in meters?,speed of the walking person = 1.236m/s,"t=1s, distance_bike_camera = 11.8960 m
t=2s, distance_bike_camera = 14.6419 m
t=1s, distance_human_camera = 15.8652 m
t=2s, distance_human_camera = 16.6708 m",2.38
1204,simulation_0050,simulation,V3MC,33,DS,What is the width of the telephone booth in meters?,speed of the walking person = 1.236m/s,"t=1s, distance_bike_camera = 11.8960 m
t=2s, distance_bike_camera = 14.6419 m
t=1s, distance_human_camera = 15.8652 m
t=2s, distance_human_camera = 16.6708 m",1.3
1205,simulation_0050,simulation,V3MC,33,DS,What is the distance between the left pillar of the near door and the right pillar of the far door in meters?,speed of the walking person = 1.236m/s,"t=1s, distance_bike_camera = 11.8960 m
t=2s, distance_bike_camera = 14.6419 m
t=1s, distance_human_camera = 15.8652 m
t=2s, distance_human_camera = 16.6708 m",6.1
1206,simulation_0050,simulation,V3MC,33,DS,What is the length of the moving bicycle in meters?,speed of the walking person = 1.236m/s,"t=1s, distance_bike_camera = 11.8960 m
t=2s, distance_bike_camera = 14.6419 m
t=1s, distance_human_camera = 15.8652 m
t=2s, distance_human_camera = 16.6708 m",1.2
1207,simulation_0050,simulation,V3MC,33,DD,What is the average speed of the moving bicycle from 1.0s to 2.0s in m/s?,speed of the walking person = 1.236m/s,"t=1s, distance_bike_camera = 11.8960 m
t=2s, distance_bike_camera = 14.6419 m
t=1s, distance_human_camera = 15.8652 m
t=2s, distance_human_camera = 16.6708 m",4.4
1208,simulation_0050,simulation,V3MC,33,DS,"What is the height of the moving bicycle (from the handlebar to the ground, including below the wheel) in meters?",speed of the walking person = 1.236m/s,"t=1s, distance_bike_camera = 11.8960 m
t=2s, distance_bike_camera = 14.6419 m
t=1s, distance_human_camera = 15.8652 m
t=2s, distance_human_camera = 16.6708 m",0.85
1209,simulation_0050,simulation,V3MC,33,DS,What is the diameter of the wheel of the moving bicycle in meters?,speed of the walking person = 1.236m/s,"t=1s, distance_bike_camera = 11.8960 m
t=2s, distance_bike_camera = 14.6419 m
t=1s, distance_human_camera = 15.8652 m
t=2s, distance_human_camera = 16.6708 m",0.5
1210,simulation_0050,simulation,V3MC,33,DS,What is the height of the first step in front of the door of the nearer house in meters?,speed of the walking person = 1.236m/s,"t=1s, distance_bike_camera = 11.8960 m
t=2s, distance_bike_camera = 14.6419 m
t=1s, distance_human_camera = 15.8652 m
t=2s, distance_human_camera = 16.6708 m",0.18
1211,simulation_0052,simulation,A3MC,30,DS,What is the height of the fire hydrant in meters?,acceleration of the orange car = -2.86m/s^2,"t=0s, distance_orange_car_camera = 17.260m
t=1s, distance_orange_car_camera = 15.436m
t=1s, distance_green_car_camera = 10.250m
t=2s, distance_green_car_camera = 12.768m
distance_fire_hydrant_camera = 17.737m
distance_right_streetlight_camera = 17.594m
distance_left_streetlight_camera = 17.706m",0.98
1212,simulation_0052,simulation,A3MC,30,DS,What is the height of the streetlight in meters?,acceleration of the orange car = -2.86m/s^2,"t=0s, distance_orange_car_camera = 17.260m
t=1s, distance_orange_car_camera = 15.436m
t=1s, distance_green_car_camera = 10.250m
t=2s, distance_green_car_camera = 12.768m
distance_fire_hydrant_camera = 17.737m
distance_right_streetlight_camera = 17.594m
distance_left_streetlight_camera = 17.706m",4.12
1213,simulation_0052,simulation,A3MC,30,DD,What is the speed of the green car at 1.0s in m/s?,acceleration of the orange car = -2.86m/s^2,"t=0s, distance_orange_car_camera = 17.260m
t=1s, distance_orange_car_camera = 15.436m
t=1s, distance_green_car_camera = 10.250m
t=2s, distance_green_car_camera = 12.768m
distance_fire_hydrant_camera = 17.737m
distance_right_streetlight_camera = 17.594m
distance_left_streetlight_camera = 17.706m",12.6
1214,simulation_0052,simulation,A3MC,30,DS,What is the length of the orange car in meters?,acceleration of the orange car = -2.86m/s^2,"t=0s, distance_orange_car_camera = 17.260m
t=1s, distance_orange_car_camera = 15.436m
t=1s, distance_green_car_camera = 10.250m
t=2s, distance_green_car_camera = 12.768m
distance_fire_hydrant_camera = 17.737m
distance_right_streetlight_camera = 17.594m
distance_left_streetlight_camera = 17.706m",4.75
1215,simulation_0052,simulation,A3MC,30,DS,What is the height of the orange car in meters?,acceleration of the orange car = -2.86m/s^2,"t=0s, distance_orange_car_camera = 17.260m
t=1s, distance_orange_car_camera = 15.436m
t=1s, distance_green_car_camera = 10.250m
t=2s, distance_green_car_camera = 12.768m
distance_fire_hydrant_camera = 17.737m
distance_right_streetlight_camera = 17.594m
distance_left_streetlight_camera = 17.706m",1.38
1216,simulation_0052,simulation,A3MC,30,DS,What is the height of the curb along the road in meters?,acceleration of the orange car = -2.86m/s^2,"t=0s, distance_orange_car_camera = 17.260m
t=1s, distance_orange_car_camera = 15.436m
t=1s, distance_green_car_camera = 10.250m
t=2s, distance_green_car_camera = 12.768m
distance_fire_hydrant_camera = 17.737m
distance_right_streetlight_camera = 17.594m
distance_left_streetlight_camera = 17.706m",0.23
1217,simulation_0052,simulation,A3MC,30,DS,What is the height of the green car in meters?,acceleration of the orange car = -2.86m/s^2,"t=0s, distance_orange_car_camera = 17.260m
t=1s, distance_orange_car_camera = 15.436m
t=1s, distance_green_car_camera = 10.250m
t=2s, distance_green_car_camera = 12.768m
distance_fire_hydrant_camera = 17.737m
distance_right_streetlight_camera = 17.594m
distance_left_streetlight_camera = 17.706m",1.66
1218,simulation_0052,simulation,A3MC,30,DS,What is the length of the green car in meters?,acceleration of the orange car = -2.86m/s^2,"t=0s, distance_orange_car_camera = 17.260m
t=1s, distance_orange_car_camera = 15.436m
t=1s, distance_green_car_camera = 10.250m
t=2s, distance_green_car_camera = 12.768m
distance_fire_hydrant_camera = 17.737m
distance_right_streetlight_camera = 17.594m
distance_left_streetlight_camera = 17.706m",5.6
1219,simulation_0052,simulation,A3MC,30,DS,What is the distance between the right streetlight and the left streetlight in meters?,acceleration of the orange car = -2.86m/s^2,"t=0s, distance_orange_car_camera = 17.260m
t=1s, distance_orange_car_camera = 15.436m
t=1s, distance_green_car_camera = 10.250m
t=2s, distance_green_car_camera = 12.768m
distance_fire_hydrant_camera = 17.737m
distance_right_streetlight_camera = 17.594m
distance_left_streetlight_camera = 17.706m",7.36
1220,simulation_0055,simulation,A3MC,30,DS,What is the height of the fire hydrant in meters?,acceleration of the orange car = -2.86m/s^2,"t=0s, distance_orange_car_camera = 16.059m
t=1s, distance_orange_car_camera = 11.671m
t=0s, distance_human_camera = 8.313m
t=1s, distance_human_camera = 8.189m
distance_fire_hydrant_camera = 9.207m
distance_streetlight_camera = 8.901m",1.17
1221,simulation_0055,simulation,A3MC,30,DS,What is the height of the streetlight in meters?,acceleration of the orange car = -2.86m/s^2,"t=0s, distance_orange_car_camera = 16.059m
t=1s, distance_orange_car_camera = 11.671m
t=0s, distance_human_camera = 8.313m
t=1s, distance_human_camera = 8.189m
distance_fire_hydrant_camera = 9.207m
distance_streetlight_camera = 8.901m",4.85
1222,simulation_0055,simulation,A3MC,30,DS,What is the length of the orange car in meters?,acceleration of the orange car = -2.86m/s^2,"t=0s, distance_orange_car_camera = 16.059m
t=1s, distance_orange_car_camera = 11.671m
t=0s, distance_human_camera = 8.313m
t=1s, distance_human_camera = 8.189m
distance_fire_hydrant_camera = 9.207m
distance_streetlight_camera = 8.901m",5.6
1223,simulation_0055,simulation,A3MC,30,DS,What is the height of the orange car in meters?,acceleration of the orange car = -2.86m/s^2,"t=0s, distance_orange_car_camera = 16.059m
t=1s, distance_orange_car_camera = 11.671m
t=0s, distance_human_camera = 8.313m
t=1s, distance_human_camera = 8.189m
distance_fire_hydrant_camera = 9.207m
distance_streetlight_camera = 8.901m",1.6
1224,simulation_0055,simulation,A3MC,30,DS,What is the height of the curb along the road in meters?,acceleration of the orange car = -2.86m/s^2,"t=0s, distance_orange_car_camera = 16.059m
t=1s, distance_orange_car_camera = 11.671m
t=0s, distance_human_camera = 8.313m
t=1s, distance_human_camera = 8.189m
distance_fire_hydrant_camera = 9.207m
distance_streetlight_camera = 8.901m",0.09
1225,simulation_0055,simulation,A3MC,30,DD,What is the average walking speed of the person from 1.0s to 2.0s in m/s?,acceleration of the orange car = -2.86m/s^2,"t=0s, distance_orange_car_camera = 16.059m
t=1s, distance_orange_car_camera = 11.671m
t=0s, distance_human_camera = 8.313m
t=1s, distance_human_camera = 8.189m
distance_fire_hydrant_camera = 9.207m
distance_streetlight_camera = 8.901m",0.56
1226,simulation_0055,simulation,A3MC,30,DS,What is the height of the person in meters?,acceleration of the orange car = -2.86m/s^2,"t=0s, distance_orange_car_camera = 16.059m
t=1s, distance_orange_car_camera = 11.671m
t=0s, distance_human_camera = 8.313m
t=1s, distance_human_camera = 8.189m
distance_fire_hydrant_camera = 9.207m
distance_streetlight_camera = 8.901m",2.03
1227,simulation_0056,simulation,A3MC,30,DS,What is the height of the fire hydrant in meters?,acceleration of the orange car = -2.86m/s^2,"t=0s, distance_orange_car_camera = 19.377m
t=1s, distance_orange_car_camera = 11.858m
t=0s, distance_green_car_camera = 28.684m
t=1s, distance_green_car_camera = 17.388m
t=0s, distance_human_camera = 4.786m
t=1s, distance_human_camera = 5.159m
distance_fire_hydrant_camera = 4.721m
distance_near_streetlight_camera = 5.201m
distance_far_streetlight_camera =13.174m",0.88
1228,simulation_0056,simulation,A3MC,30,DS,What is the height of the streetlight in meters?,acceleration of the orange car = -2.86m/s^2,"t=0s, distance_orange_car_camera = 19.377m
t=1s, distance_orange_car_camera = 11.858m
t=0s, distance_green_car_camera = 28.684m
t=1s, distance_green_car_camera = 17.388m
t=0s, distance_human_camera = 4.786m
t=1s, distance_human_camera = 5.159m
distance_fire_hydrant_camera = 4.721m
distance_near_streetlight_camera = 5.201m
distance_far_streetlight_camera =13.174m",3.2
1229,simulation_0056,simulation,A3MC,30,DD,What is the average speed of the green car from 0.0s to 1.0s in m/s?,acceleration of the orange car = -2.86m/s^2,"t=0s, distance_orange_car_camera = 19.377m
t=1s, distance_orange_car_camera = 11.858m
t=0s, distance_green_car_camera = 28.684m
t=1s, distance_green_car_camera = 17.388m
t=0s, distance_human_camera = 4.786m
t=1s, distance_human_camera = 5.159m
distance_fire_hydrant_camera = 4.721m
distance_near_streetlight_camera = 5.201m
distance_far_streetlight_camera =13.174m",11.35
1230,simulation_0056,simulation,A3MC,30,DS,What is the width of the orange car in meters?,acceleration of the orange car = -2.86m/s^2,"t=0s, distance_orange_car_camera = 19.377m
t=1s, distance_orange_car_camera = 11.858m
t=0s, distance_green_car_camera = 28.684m
t=1s, distance_green_car_camera = 17.388m
t=0s, distance_human_camera = 4.786m
t=1s, distance_human_camera = 5.159m
distance_fire_hydrant_camera = 4.721m
distance_near_streetlight_camera = 5.201m
distance_far_streetlight_camera =13.174m",1.89
1231,simulation_0056,simulation,A3MC,30,DS,What is the width of the green car in meters?,acceleration of the orange car = -2.86m/s^2,"t=0s, distance_orange_car_camera = 19.377m
t=1s, distance_orange_car_camera = 11.858m
t=0s, distance_green_car_camera = 28.684m
t=1s, distance_green_car_camera = 17.388m
t=0s, distance_human_camera = 4.786m
t=1s, distance_human_camera = 5.159m
distance_fire_hydrant_camera = 4.721m
distance_near_streetlight_camera = 5.201m
distance_far_streetlight_camera =13.174m",1.8
1232,simulation_0056,simulation,A3MC,30,DS,What is the distance between the right streetlight and the left streetlight in meters?,acceleration of the orange car = -2.86m/s^2,"t=0s, distance_orange_car_camera = 19.377m
t=1s, distance_orange_car_camera = 11.858m
t=0s, distance_green_car_camera = 28.684m
t=1s, distance_green_car_camera = 17.388m
t=0s, distance_human_camera = 4.786m
t=1s, distance_human_camera = 5.159m
distance_fire_hydrant_camera = 4.721m
distance_near_streetlight_camera = 5.201m
distance_far_streetlight_camera =13.174m",8.1
1233,simulation_0058,simulation,A3MC,24,DD,What is the speed of the yellow car at 2.5s in m/s?,acceleration of the white car = 4m/s^2,"t=0.58s, distance_human_camera = 18.7297m
t=1.58s, distance_human_camera = 17.6974m
t=0.58s, distance_yellow_car_camera = 25.7041m
t=1.58s, distance_yellow_car_camera = 22.2916m
t=0.58s, distance_white_car_camera = 31.0700m
t=1.58s, distance_white_car_camera = 29.9182m
t=0.58s, distance_bike_camera = 27.8122m
t=1.58s, distance_bike_camera = 27.1221m",5.0
1234,simulation_0058,simulation,A3MC,24,DS,What is the width of the lane in meters?,acceleration of the white car = 4m/s^2,"t=0.58s, distance_human_camera = 18.7297m
t=1.58s, distance_human_camera = 17.6974m
t=0.58s, distance_yellow_car_camera = 25.7041m
t=1.58s, distance_yellow_car_camera = 22.2916m
t=0.58s, distance_white_car_camera = 31.0700m
t=1.58s, distance_white_car_camera = 29.9182m
t=0.58s, distance_bike_camera = 27.8122m
t=1.58s, distance_bike_camera = 27.1221m",6.0
1235,simulation_0058,simulation,A3MC,24,DS,What is the length of the white car in meters?,acceleration of the white car = 4m/s^2,"t=0.58s, distance_human_camera = 18.7297m
t=1.58s, distance_human_camera = 17.6974m
t=0.58s, distance_yellow_car_camera = 25.7041m
t=1.58s, distance_yellow_car_camera = 22.2916m
t=0.58s, distance_white_car_camera = 31.0700m
t=1.58s, distance_white_car_camera = 29.9182m
t=0.58s, distance_bike_camera = 27.8122m
t=1.58s, distance_bike_camera = 27.1221m",5.4
1236,simulation_0058,simulation,A3MC,24,DS,What is the length of the turning yellow car in meters?,acceleration of the white car = 4m/s^2,"t=0.58s, distance_human_camera = 18.7297m
t=1.58s, distance_human_camera = 17.6974m
t=0.58s, distance_yellow_car_camera = 25.7041m
t=1.58s, distance_yellow_car_camera = 22.2916m
t=0.58s, distance_white_car_camera = 31.0700m
t=1.58s, distance_white_car_camera = 29.9182m
t=0.58s, distance_bike_camera = 27.8122m
t=1.58s, distance_bike_camera = 27.1221m",4.8
1237,simulation_0058,simulation,A3MC,24,DS,What is the height of the turning yellow car in meters?,acceleration of the white car = 4m/s^2,"t=0.58s, distance_human_camera = 18.7297m
t=1.58s, distance_human_camera = 17.6974m
t=0.58s, distance_yellow_car_camera = 25.7041m
t=1.58s, distance_yellow_car_camera = 22.2916m
t=0.58s, distance_white_car_camera = 31.0700m
t=1.58s, distance_white_car_camera = 29.9182m
t=0.58s, distance_bike_camera = 27.8122m
t=1.58s, distance_bike_camera = 27.1221m",1.43
1238,simulation_0058,simulation,A3MC,24,DS,What is the diameter of the bicycle wheel in meters?,acceleration of the white car = 4m/s^2,"t=0.58s, distance_human_camera = 18.7297m
t=1.58s, distance_human_camera = 17.6974m
t=0.58s, distance_yellow_car_camera = 25.7041m
t=1.58s, distance_yellow_car_camera = 22.2916m
t=0.58s, distance_white_car_camera = 31.0700m
t=1.58s, distance_white_car_camera = 29.9182m
t=0.58s, distance_bike_camera = 27.8122m
t=1.58s, distance_bike_camera = 27.1221m",0.61
1239,simulation_0058,simulation,A3MC,24,DS,What is the height of the streetlight in meters?,acceleration of the white car = 4m/s^2,"t=0.58s, distance_human_camera = 18.7297m
t=1.58s, distance_human_camera = 17.6974m
t=0.58s, distance_yellow_car_camera = 25.7041m
t=1.58s, distance_yellow_car_camera = 22.2916m
t=0.58s, distance_white_car_camera = 31.0700m
t=1.58s, distance_white_car_camera = 29.9182m
t=0.58s, distance_bike_camera = 27.8122m
t=1.58s, distance_bike_camera = 27.1221m",3.25
1240,simulation_0058,simulation,A3MC,24,DD,What is the speed of the walking pedestrian from 0.0s to 1.0s in m/s?,acceleration of the white car = 4m/s^2,"t=0.58s, distance_human_camera = 18.7297m
t=1.58s, distance_human_camera = 17.6974m
t=0.58s, distance_yellow_car_camera = 25.7041m
t=1.58s, distance_yellow_car_camera = 22.2916m
t=0.58s, distance_white_car_camera = 31.0700m
t=1.58s, distance_white_car_camera = 29.9182m
t=0.58s, distance_bike_camera = 27.8122m
t=1.58s, distance_bike_camera = 27.1221m",1.2
1241,simulation_0058,simulation,A3MC,24,DS,What is the height of the walking pedestrian in meters?,acceleration of the white car = 4m/s^2,"t=0.58s, distance_human_camera = 18.7297m
t=1.58s, distance_human_camera = 17.6974m
t=0.58s, distance_yellow_car_camera = 25.7041m
t=1.58s, distance_yellow_car_camera = 22.2916m
t=0.58s, distance_white_car_camera = 31.0700m
t=1.58s, distance_white_car_camera = 29.9182m
t=0.58s, distance_bike_camera = 27.8122m
t=1.58s, distance_bike_camera = 27.1221m",1.72
1242,simulation_0058,simulation,A3MC,24,DD,What is the speed of the bicycle from the beginning to the end in m/s?,acceleration of the white car = 4m/s^2,"t=0.58s, distance_human_camera = 18.7297m
t=1.58s, distance_human_camera = 17.6974m
t=0.58s, distance_yellow_car_camera = 25.7041m
t=1.58s, distance_yellow_car_camera = 22.2916m
t=0.58s, distance_white_car_camera = 31.0700m
t=1.58s, distance_white_car_camera = 29.9182m
t=0.58s, distance_bike_camera = 27.8122m
t=1.58s, distance_bike_camera = 27.1221m",4.6
1243,simulation_0058,simulation,A3MC,24,DS,What is the width of the green car in meters?,acceleration of the white car = 4m/s^2,"t=0.58s, distance_human_camera = 18.7297m
t=1.58s, distance_human_camera = 17.6974m
t=0.58s, distance_yellow_car_camera = 25.7041m
t=1.58s, distance_yellow_car_camera = 22.2916m
t=0.58s, distance_white_car_camera = 31.0700m
t=1.58s, distance_white_car_camera = 29.9182m
t=0.58s, distance_bike_camera = 27.8122m
t=1.58s, distance_bike_camera = 27.1221m",1.95
1244,simulation_0058,simulation,A3MC,24,DS,What is the width of the purple car in meters?,acceleration of the white car = 4m/s^2,"t=0.58s, distance_human_camera = 18.7297m
t=1.58s, distance_human_camera = 17.6974m
t=0.58s, distance_yellow_car_camera = 25.7041m
t=1.58s, distance_yellow_car_camera = 22.2916m
t=0.58s, distance_white_car_camera = 31.0700m
t=1.58s, distance_white_car_camera = 29.9182m
t=0.58s, distance_bike_camera = 27.8122m
t=1.58s, distance_bike_camera = 27.1221m",1.75
1245,simulation_0059,simulation,A3MC,24,DD,What is the speed of the yellow car at 2.5s in m/s?,acceleration of the white car = 4m/s^2,"t=0.58s, distance_human_camera = 30.9678m
t=1.58s, distance_human_camera = 29.8174m
t=0.58s, distance_yellow_car_camera = 38.5961m
t=1.58s, distance_yellow_car_camera = 35.3917m
t=0.58s, distance_white_car_camera = 43.8120m
t=1.58s, distance_white_car_camera = 43.0028m
t=0.58s, distance_bike_camera = 40.8706m
t=1.58s, distance_bike_camera = 40.4042m",6.5
1246,simulation_0059,simulation,A3MC,24,DS,What is the width of the lane in meters?,acceleration of the white car = 4m/s^2,"t=0.58s, distance_human_camera = 30.9678m
t=1.58s, distance_human_camera = 29.8174m
t=0.58s, distance_yellow_car_camera = 38.5961m
t=1.58s, distance_yellow_car_camera = 35.3917m
t=0.58s, distance_white_car_camera = 43.8120m
t=1.58s, distance_white_car_camera = 43.0028m
t=0.58s, distance_bike_camera = 40.8706m
t=1.58s, distance_bike_camera = 40.4042m",6.2
1247,simulation_0059,simulation,A3MC,24,DS,What is the length of the white car in meters?,acceleration of the white car = 4m/s^2,"t=0.58s, distance_human_camera = 30.9678m
t=1.58s, distance_human_camera = 29.8174m
t=0.58s, distance_yellow_car_camera = 38.5961m
t=1.58s, distance_yellow_car_camera = 35.3917m
t=0.58s, distance_white_car_camera = 43.8120m
t=1.58s, distance_white_car_camera = 43.0028m
t=0.58s, distance_bike_camera = 40.8706m
t=1.58s, distance_bike_camera = 40.4042m",5.7
1248,simulation_0059,simulation,A3MC,24,DS,What is the length of the turning yellow car in meters?,acceleration of the white car = 4m/s^2,"t=0.58s, distance_human_camera = 30.9678m
t=1.58s, distance_human_camera = 29.8174m
t=0.58s, distance_yellow_car_camera = 38.5961m
t=1.58s, distance_yellow_car_camera = 35.3917m
t=0.58s, distance_white_car_camera = 43.8120m
t=1.58s, distance_white_car_camera = 43.0028m
t=0.58s, distance_bike_camera = 40.8706m
t=1.58s, distance_bike_camera = 40.4042m",5.15
1249,simulation_0059,simulation,A3MC,24,DS,What is the height of the turning yellow car in meters?,acceleration of the white car = 4m/s^2,"t=0.58s, distance_human_camera = 30.9678m
t=1.58s, distance_human_camera = 29.8174m
t=0.58s, distance_yellow_car_camera = 38.5961m
t=1.58s, distance_yellow_car_camera = 35.3917m
t=0.58s, distance_white_car_camera = 43.8120m
t=1.58s, distance_white_car_camera = 43.0028m
t=0.58s, distance_bike_camera = 40.8706m
t=1.58s, distance_bike_camera = 40.4042m",1.4
1250,simulation_0059,simulation,A3MC,24,DS,What is the diameter of the bicycle wheel in meters?,acceleration of the white car = 4m/s^2,"t=0.58s, distance_human_camera = 30.9678m
t=1.58s, distance_human_camera = 29.8174m
t=0.58s, distance_yellow_car_camera = 38.5961m
t=1.58s, distance_yellow_car_camera = 35.3917m
t=0.58s, distance_white_car_camera = 43.8120m
t=1.58s, distance_white_car_camera = 43.0028m
t=0.58s, distance_bike_camera = 40.8706m
t=1.58s, distance_bike_camera = 40.4042m",0.6
1251,simulation_0059,simulation,A3MC,24,DS,What is the height of the traffic light in meters?,acceleration of the white car = 4m/s^2,"t=0.58s, distance_human_camera = 30.9678m
t=1.58s, distance_human_camera = 29.8174m
t=0.58s, distance_yellow_car_camera = 38.5961m
t=1.58s, distance_yellow_car_camera = 35.3917m
t=0.58s, distance_white_car_camera = 43.8120m
t=1.58s, distance_white_car_camera = 43.0028m
t=0.58s, distance_bike_camera = 40.8706m
t=1.58s, distance_bike_camera = 40.4042m",3.8
1252,simulation_0059,simulation,A3MC,24,DS,What is the height of the streetlight in meters?,acceleration of the white car = 4m/s^2,"t=0.58s, distance_human_camera = 30.9678m
t=1.58s, distance_human_camera = 29.8174m
t=0.58s, distance_yellow_car_camera = 38.5961m
t=1.58s, distance_yellow_car_camera = 35.3917m
t=0.58s, distance_white_car_camera = 43.8120m
t=1.58s, distance_white_car_camera = 43.0028m
t=0.58s, distance_bike_camera = 40.8706m
t=1.58s, distance_bike_camera = 40.4042m",3.0
1253,simulation_0059,simulation,A3MC,24,DD,What is the speed of the walking pedestrian from the beginning to the end in m/s?,acceleration of the white car = 4m/s^2,"t=0.58s, distance_human_camera = 30.9678m
t=1.58s, distance_human_camera = 29.8174m
t=0.58s, distance_yellow_car_camera = 38.5961m
t=1.58s, distance_yellow_car_camera = 35.3917m
t=0.58s, distance_white_car_camera = 43.8120m
t=1.58s, distance_white_car_camera = 43.0028m
t=0.58s, distance_bike_camera = 40.8706m
t=1.58s, distance_bike_camera = 40.4042m",1.2
1254,simulation_0059,simulation,A3MC,24,DS,What is the height of the walking pedestrian in meters?,acceleration of the white car = 4m/s^2,"t=0.58s, distance_human_camera = 30.9678m
t=1.58s, distance_human_camera = 29.8174m
t=0.58s, distance_yellow_car_camera = 38.5961m
t=1.58s, distance_yellow_car_camera = 35.3917m
t=0.58s, distance_white_car_camera = 43.8120m
t=1.58s, distance_white_car_camera = 43.0028m
t=0.58s, distance_bike_camera = 40.8706m
t=1.58s, distance_bike_camera = 40.4042m",1.45
1255,simulation_0059,simulation,A3MC,24,DD,What is the speed of the bicycle from the beginning to the end in m/s?,acceleration of the white car = 4m/s^2,"t=0.58s, distance_human_camera = 30.9678m
t=1.58s, distance_human_camera = 29.8174m
t=0.58s, distance_yellow_car_camera = 38.5961m
t=1.58s, distance_yellow_car_camera = 35.3917m
t=0.58s, distance_white_car_camera = 43.8120m
t=1.58s, distance_white_car_camera = 43.0028m
t=0.58s, distance_bike_camera = 40.8706m
t=1.58s, distance_bike_camera = 40.4042m",5.0
1256,simulation_0059,simulation,A3MC,24,DS,What is the width of the green car in meters?,acceleration of the white car = 4m/s^2,"t=0.58s, distance_human_camera = 30.9678m
t=1.58s, distance_human_camera = 29.8174m
t=0.58s, distance_yellow_car_camera = 38.5961m
t=1.58s, distance_yellow_car_camera = 35.3917m
t=0.58s, distance_white_car_camera = 43.8120m
t=1.58s, distance_white_car_camera = 43.0028m
t=0.58s, distance_bike_camera = 40.8706m
t=1.58s, distance_bike_camera = 40.4042m",1.9
1257,simulation_0059,simulation,A3MC,24,DS,What is the width of the purple car in meters?,acceleration of the white car = 4m/s^2,"t=0.58s, distance_human_camera = 30.9678m
t=1.58s, distance_human_camera = 29.8174m
t=0.58s, distance_yellow_car_camera = 38.5961m
t=1.58s, distance_yellow_car_camera = 35.3917m
t=0.58s, distance_white_car_camera = 43.8120m
t=1.58s, distance_white_car_camera = 43.0028m
t=0.58s, distance_bike_camera = 40.8706m
t=1.58s, distance_bike_camera = 40.4042m",1.7
1258,simulation_0060,simulation,A3MC,24,DD,What is the speed of the yellow car at 2.5s in m/s?,acceleration of the white car = 4m/s^2,"t=0.58s, distance_human_camera = 34.4785m
t=1.58s, distance_human_camera = 35.6486m
t=0.58s, distance_yellow_car_camera = 26.2275m
t=1.58s, distance_yellow_car_camera = 28.4240m
t=0.58s, distance_white_car_camera = 22.7254m
t=1.58s, distance_white_car_camera = 21.5370m
t=0.58s, distance_bike_camera = 23.5534m
t=1.58s, distance_bike_camera = 23.2262m",2.8
1259,simulation_0060,simulation,A3MC,24,DS,What is the width of the lane in meters?,acceleration of the white car = 4m/s^2,"t=0.58s, distance_human_camera = 34.4785m
t=1.58s, distance_human_camera = 35.6486m
t=0.58s, distance_yellow_car_camera = 26.2275m
t=1.58s, distance_yellow_car_camera = 28.4240m
t=0.58s, distance_white_car_camera = 22.7254m
t=1.58s, distance_white_car_camera = 21.5370m
t=0.58s, distance_bike_camera = 23.5534m
t=1.58s, distance_bike_camera = 23.2262m",6.0
1260,simulation_0060,simulation,A3MC,24,DS,What is the length of the white car in meters?,acceleration of the white car = 4m/s^2,"t=0.58s, distance_human_camera = 34.4785m
t=1.58s, distance_human_camera = 35.6486m
t=0.58s, distance_yellow_car_camera = 26.2275m
t=1.58s, distance_yellow_car_camera = 28.4240m
t=0.58s, distance_white_car_camera = 22.7254m
t=1.58s, distance_white_car_camera = 21.5370m
t=0.58s, distance_bike_camera = 23.5534m
t=1.58s, distance_bike_camera = 23.2262m",6.5
1261,simulation_0060,simulation,A3MC,24,DS,What is the length of the turning yellow car in meters?,acceleration of the white car = 4m/s^2,"t=0.58s, distance_human_camera = 34.4785m
t=1.58s, distance_human_camera = 35.6486m
t=0.58s, distance_yellow_car_camera = 26.2275m
t=1.58s, distance_yellow_car_camera = 28.4240m
t=0.58s, distance_white_car_camera = 22.7254m
t=1.58s, distance_white_car_camera = 21.5370m
t=0.58s, distance_bike_camera = 23.5534m
t=1.58s, distance_bike_camera = 23.2262m",5.4
1262,simulation_0060,simulation,A3MC,24,DS,What is the height of the turning yellow car in meters?,acceleration of the white car = 4m/s^2,"t=0.58s, distance_human_camera = 34.4785m
t=1.58s, distance_human_camera = 35.6486m
t=0.58s, distance_yellow_car_camera = 26.2275m
t=1.58s, distance_yellow_car_camera = 28.4240m
t=0.58s, distance_white_car_camera = 22.7254m
t=1.58s, distance_white_car_camera = 21.5370m
t=0.58s, distance_bike_camera = 23.5534m
t=1.58s, distance_bike_camera = 23.2262m",1.4
1263,simulation_0060,simulation,A3MC,24,DS,What is the diameter of the bicycle wheel in meters?,acceleration of the white car = 4m/s^2,"t=0.58s, distance_human_camera = 34.4785m
t=1.58s, distance_human_camera = 35.6486m
t=0.58s, distance_yellow_car_camera = 26.2275m
t=1.58s, distance_yellow_car_camera = 28.4240m
t=0.58s, distance_white_car_camera = 22.7254m
t=1.58s, distance_white_car_camera = 21.5370m
t=0.58s, distance_bike_camera = 23.5534m
t=1.58s, distance_bike_camera = 23.2262m",0.67
1264,simulation_0060,simulation,A3MC,24,DD,What is the speed of the walking pedestrian from the beginning to the end in m/s?,acceleration of the white car = 4m/s^2,"t=0.58s, distance_human_camera = 34.4785m
t=1.58s, distance_human_camera = 35.6486m
t=0.58s, distance_yellow_car_camera = 26.2275m
t=1.58s, distance_yellow_car_camera = 28.4240m
t=0.58s, distance_white_car_camera = 22.7254m
t=1.58s, distance_white_car_camera = 21.5370m
t=0.58s, distance_bike_camera = 23.5534m
t=1.58s, distance_bike_camera = 23.2262m",1.2
1265,simulation_0060,simulation,A3MC,24,DS,What is the height of the walking pedestrian in meters?,acceleration of the white car = 4m/s^2,"t=0.58s, distance_human_camera = 34.4785m
t=1.58s, distance_human_camera = 35.6486m
t=0.58s, distance_yellow_car_camera = 26.2275m
t=1.58s, distance_yellow_car_camera = 28.4240m
t=0.58s, distance_white_car_camera = 22.7254m
t=1.58s, distance_white_car_camera = 21.5370m
t=0.58s, distance_bike_camera = 23.5534m
t=1.58s, distance_bike_camera = 23.2262m",1.65
1266,simulation_0060,simulation,A3MC,24,DD,What is the average speed of the bicycle from the beginning to the end in m/s?,acceleration of the white car = 4m/s^2,"t=0.58s, distance_human_camera = 34.4785m
t=1.58s, distance_human_camera = 35.6486m
t=0.58s, distance_yellow_car_camera = 26.2275m
t=1.58s, distance_yellow_car_camera = 28.4240m
t=0.58s, distance_white_car_camera = 22.7254m
t=1.58s, distance_white_car_camera = 21.5370m
t=0.58s, distance_bike_camera = 23.5534m
t=1.58s, distance_bike_camera = 23.2262m",5.3
1267,simulation_0060,simulation,A3MC,24,DS,What is the width of the green car in meters?,acceleration of the white car = 4m/s^2,"t=0.58s, distance_human_camera = 34.4785m
t=1.58s, distance_human_camera = 35.6486m
t=0.58s, distance_yellow_car_camera = 26.2275m
t=1.58s, distance_yellow_car_camera = 28.4240m
t=0.58s, distance_white_car_camera = 22.7254m
t=1.58s, distance_white_car_camera = 21.5370m
t=0.58s, distance_bike_camera = 23.5534m
t=1.58s, distance_bike_camera = 23.2262m",2.0
1268,simulation_0060,simulation,A3MC,24,DS,What is the width of the purple car in meters?,acceleration of the white car = 4m/s^2,"t=0.58s, distance_human_camera = 34.4785m
t=1.58s, distance_human_camera = 35.6486m
t=0.58s, distance_yellow_car_camera = 26.2275m
t=1.58s, distance_yellow_car_camera = 28.4240m
t=0.58s, distance_white_car_camera = 22.7254m
t=1.58s, distance_white_car_camera = 21.5370m
t=0.58s, distance_bike_camera = 23.5534m
t=1.58s, distance_bike_camera = 23.2262m",1.9
1269,simulation_0061,simulation,A3MC,24,DD,What is the speed of the yellow car at 2.5s in m/s?,acceleration of the white car = 4m/s^2,"t=0.58s, distance_human_camera = 33.4337m
t=1.58s, distance_human_camera = 32.4161m
t=0.58s, distance_yellow_car_camera = 40.1000m
t=1.58s, distance_yellow_car_camera = 36.4347m
t=0.58s, distance_white_car_camera = 45.5234m
t=1.58s, distance_white_car_camera = 43.9499m
t=0.58s, distance_bike_camera = 41.9010m
t=1.58s, distance_bike_camera = 40.3415m",4.0
1270,simulation_0061,simulation,A3MC,24,DS,What is the width of the lane in meters?,acceleration of the white car = 4m/s^2,"t=0.58s, distance_human_camera = 33.4337m
t=1.58s, distance_human_camera = 32.4161m
t=0.58s, distance_yellow_car_camera = 40.1000m
t=1.58s, distance_yellow_car_camera = 36.4347m
t=0.58s, distance_white_car_camera = 45.5234m
t=1.58s, distance_white_car_camera = 43.9499m
t=0.58s, distance_bike_camera = 41.9010m
t=1.58s, distance_bike_camera = 40.3415m",4.9
1271,simulation_0061,simulation,A3MC,24,DS,What is the length of the white car in meters?,acceleration of the white car = 4m/s^2,"t=0.58s, distance_human_camera = 33.4337m
t=1.58s, distance_human_camera = 32.4161m
t=0.58s, distance_yellow_car_camera = 40.1000m
t=1.58s, distance_yellow_car_camera = 36.4347m
t=0.58s, distance_white_car_camera = 45.5234m
t=1.58s, distance_white_car_camera = 43.9499m
t=0.58s, distance_bike_camera = 41.9010m
t=1.58s, distance_bike_camera = 40.3415m",5.7
1272,simulation_0061,simulation,A3MC,24,DS,What is the length of the turning yellow car in meters?,acceleration of the white car = 4m/s^2,"t=0.58s, distance_human_camera = 33.4337m
t=1.58s, distance_human_camera = 32.4161m
t=0.58s, distance_yellow_car_camera = 40.1000m
t=1.58s, distance_yellow_car_camera = 36.4347m
t=0.58s, distance_white_car_camera = 45.5234m
t=1.58s, distance_white_car_camera = 43.9499m
t=0.58s, distance_bike_camera = 41.9010m
t=1.58s, distance_bike_camera = 40.3415m",5.0
1273,simulation_0061,simulation,A3MC,24,DS,What is the height of the turning yellow car in meters?,acceleration of the white car = 4m/s^2,"t=0.58s, distance_human_camera = 33.4337m
t=1.58s, distance_human_camera = 32.4161m
t=0.58s, distance_yellow_car_camera = 40.1000m
t=1.58s, distance_yellow_car_camera = 36.4347m
t=0.58s, distance_white_car_camera = 45.5234m
t=1.58s, distance_white_car_camera = 43.9499m
t=0.58s, distance_bike_camera = 41.9010m
t=1.58s, distance_bike_camera = 40.3415m",1.5
1274,simulation_0061,simulation,A3MC,24,DS,What is the diameter of the bicycle wheel in meters?,acceleration of the white car = 4m/s^2,"t=0.58s, distance_human_camera = 33.4337m
t=1.58s, distance_human_camera = 32.4161m
t=0.58s, distance_yellow_car_camera = 40.1000m
t=1.58s, distance_yellow_car_camera = 36.4347m
t=0.58s, distance_white_car_camera = 45.5234m
t=1.58s, distance_white_car_camera = 43.9499m
t=0.58s, distance_bike_camera = 41.9010m
t=1.58s, distance_bike_camera = 40.3415m",0.64
1275,simulation_0061,simulation,A3MC,24,DS,What is the height of the traffic light in meters?,acceleration of the white car = 4m/s^2,"t=0.58s, distance_human_camera = 33.4337m
t=1.58s, distance_human_camera = 32.4161m
t=0.58s, distance_yellow_car_camera = 40.1000m
t=1.58s, distance_yellow_car_camera = 36.4347m
t=0.58s, distance_white_car_camera = 45.5234m
t=1.58s, distance_white_car_camera = 43.9499m
t=0.58s, distance_bike_camera = 41.9010m
t=1.58s, distance_bike_camera = 40.3415m",5.1
1276,simulation_0061,simulation,A3MC,24,DS,What is the height of the streetlight in meters?,acceleration of the white car = 4m/s^2,"t=0.58s, distance_human_camera = 33.4337m
t=1.58s, distance_human_camera = 32.4161m
t=0.58s, distance_yellow_car_camera = 40.1000m
t=1.58s, distance_yellow_car_camera = 36.4347m
t=0.58s, distance_white_car_camera = 45.5234m
t=1.58s, distance_white_car_camera = 43.9499m
t=0.58s, distance_bike_camera = 41.9010m
t=1.58s, distance_bike_camera = 40.3415m",3.35
1277,simulation_0061,simulation,A3MC,24,DD,What is the average speed of the walking pedestrian from the beginning to the end in m/s?,acceleration of the white car = 4m/s^2,"t=0.58s, distance_human_camera = 33.4337m
t=1.58s, distance_human_camera = 32.4161m
t=0.58s, distance_yellow_car_camera = 40.1000m
t=1.58s, distance_yellow_car_camera = 36.4347m
t=0.58s, distance_white_car_camera = 45.5234m
t=1.58s, distance_white_car_camera = 43.9499m
t=0.58s, distance_bike_camera = 41.9010m
t=1.58s, distance_bike_camera = 40.3415m",1.3
1278,simulation_0061,simulation,A3MC,24,DS,What is the height of the walking pedestrian in meters?,acceleration of the white car = 4m/s^2,"t=0.58s, distance_human_camera = 33.4337m
t=1.58s, distance_human_camera = 32.4161m
t=0.58s, distance_yellow_car_camera = 40.1000m
t=1.58s, distance_yellow_car_camera = 36.4347m
t=0.58s, distance_white_car_camera = 45.5234m
t=1.58s, distance_white_car_camera = 43.9499m
t=0.58s, distance_bike_camera = 41.9010m
t=1.58s, distance_bike_camera = 40.3415m",1.85
1279,simulation_0061,simulation,A3MC,24,DD,What is the average speed of the bicycle from the beginning to the end in m/s?,acceleration of the white car = 4m/s^2,"t=0.58s, distance_human_camera = 33.4337m
t=1.58s, distance_human_camera = 32.4161m
t=0.58s, distance_yellow_car_camera = 40.1000m
t=1.58s, distance_yellow_car_camera = 36.4347m
t=0.58s, distance_white_car_camera = 45.5234m
t=1.58s, distance_white_car_camera = 43.9499m
t=0.58s, distance_bike_camera = 41.9010m
t=1.58s, distance_bike_camera = 40.3415m",5.1
1280,simulation_0062,simulation,A3MC,24,DD,What is the average speed of the yellow car at 2.5s in m/s?,acceleration of the white car = 4m/s^2,"t=0.58s, distance_human_camera = 17.2804m
t=1.58s, distance_human_camera = 16.1558m
t=0.58s, distance_yellow_car_camera = 24.8550m
t=1.58s, distance_yellow_car_camera = 21.7231m
t=0.58s, distance_white_car_camera = 30.0650m
t=1.58s, distance_white_car_camera = 29.3069m
t=0.58s, distance_bike_camera = 27.1687m
t=1.58s, distance_bike_camera = 27.0656m",4.3
1281,simulation_0062,simulation,A3MC,24,DS,What is the width of the lane in meters?,acceleration of the white car = 4m/s^2,"t=0.58s, distance_human_camera = 17.2804m
t=1.58s, distance_human_camera = 16.1558m
t=0.58s, distance_yellow_car_camera = 24.8550m
t=1.58s, distance_yellow_car_camera = 21.7231m
t=0.58s, distance_white_car_camera = 30.0650m
t=1.58s, distance_white_car_camera = 29.3069m
t=0.58s, distance_bike_camera = 27.1687m
t=1.58s, distance_bike_camera = 27.0656m",8.0
1282,simulation_0062,simulation,A3MC,24,DS,What is the height of the white car in meters?,acceleration of the white car = 4m/s^2,"t=0.58s, distance_human_camera = 17.2804m
t=1.58s, distance_human_camera = 16.1558m
t=0.58s, distance_yellow_car_camera = 24.8550m
t=1.58s, distance_yellow_car_camera = 21.7231m
t=0.58s, distance_white_car_camera = 30.0650m
t=1.58s, distance_white_car_camera = 29.3069m
t=0.58s, distance_bike_camera = 27.1687m
t=1.58s, distance_bike_camera = 27.0656m",2.2
1283,simulation_0062,simulation,A3MC,24,DS,What is the length of the white car in meters?,acceleration of the white car = 4m/s^2,"t=0.58s, distance_human_camera = 17.2804m
t=1.58s, distance_human_camera = 16.1558m
t=0.58s, distance_yellow_car_camera = 24.8550m
t=1.58s, distance_yellow_car_camera = 21.7231m
t=0.58s, distance_white_car_camera = 30.0650m
t=1.58s, distance_white_car_camera = 29.3069m
t=0.58s, distance_bike_camera = 27.1687m
t=1.58s, distance_bike_camera = 27.0656m",6.2
1284,simulation_0062,simulation,A3MC,24,DS,What is the length of the turning yellow car in meters?,acceleration of the white car = 4m/s^2,"t=0.58s, distance_human_camera = 17.2804m
t=1.58s, distance_human_camera = 16.1558m
t=0.58s, distance_yellow_car_camera = 24.8550m
t=1.58s, distance_yellow_car_camera = 21.7231m
t=0.58s, distance_white_car_camera = 30.0650m
t=1.58s, distance_white_car_camera = 29.3069m
t=0.58s, distance_bike_camera = 27.1687m
t=1.58s, distance_bike_camera = 27.0656m",5.3
1285,simulation_0062,simulation,A3MC,24,DS,What is the height of the turning yellow car in meters?,acceleration of the white car = 4m/s^2,"t=0.58s, distance_human_camera = 17.2804m
t=1.58s, distance_human_camera = 16.1558m
t=0.58s, distance_yellow_car_camera = 24.8550m
t=1.58s, distance_yellow_car_camera = 21.7231m
t=0.58s, distance_white_car_camera = 30.0650m
t=1.58s, distance_white_car_camera = 29.3069m
t=0.58s, distance_bike_camera = 27.1687m
t=1.58s, distance_bike_camera = 27.0656m",1.45
1286,simulation_0062,simulation,A3MC,24,DS,What is the width of the turning yellow car in meters?,acceleration of the white car = 4m/s^2,"t=0.58s, distance_human_camera = 17.2804m
t=1.58s, distance_human_camera = 16.1558m
t=0.58s, distance_yellow_car_camera = 24.8550m
t=1.58s, distance_yellow_car_camera = 21.7231m
t=0.58s, distance_white_car_camera = 30.0650m
t=1.58s, distance_white_car_camera = 29.3069m
t=0.58s, distance_bike_camera = 27.1687m
t=1.58s, distance_bike_camera = 27.0656m",1.9
1287,simulation_0062,simulation,A3MC,24,DS,What is the diameter of the bicycle wheel in meters?,acceleration of the white car = 4m/s^2,"t=0.58s, distance_human_camera = 17.2804m
t=1.58s, distance_human_camera = 16.1558m
t=0.58s, distance_yellow_car_camera = 24.8550m
t=1.58s, distance_yellow_car_camera = 21.7231m
t=0.58s, distance_white_car_camera = 30.0650m
t=1.58s, distance_white_car_camera = 29.3069m
t=0.58s, distance_bike_camera = 27.1687m
t=1.58s, distance_bike_camera = 27.0656m",0.65
1288,simulation_0062,simulation,A3MC,24,DS,What is the height of the traffic light in meters?,acceleration of the white car = 4m/s^2,"t=0.58s, distance_human_camera = 17.2804m
t=1.58s, distance_human_camera = 16.1558m
t=0.58s, distance_yellow_car_camera = 24.8550m
t=1.58s, distance_yellow_car_camera = 21.7231m
t=0.58s, distance_white_car_camera = 30.0650m
t=1.58s, distance_white_car_camera = 29.3069m
t=0.58s, distance_bike_camera = 27.1687m
t=1.58s, distance_bike_camera = 27.0656m",5.2
1289,simulation_0062,simulation,A3MC,24,DS,What is the height of the streetlight in meters?,acceleration of the white car = 4m/s^2,"t=0.58s, distance_human_camera = 17.2804m
t=1.58s, distance_human_camera = 16.1558m
t=0.58s, distance_yellow_car_camera = 24.8550m
t=1.58s, distance_yellow_car_camera = 21.7231m
t=0.58s, distance_white_car_camera = 30.0650m
t=1.58s, distance_white_car_camera = 29.3069m
t=0.58s, distance_bike_camera = 27.1687m
t=1.58s, distance_bike_camera = 27.0656m",3.5
1290,simulation_0062,simulation,A3MC,24,DD,What is the average speed of the walking pedestrian from the beginning to the end in m/s?,acceleration of the white car = 4m/s^2,"t=0.58s, distance_human_camera = 17.2804m
t=1.58s, distance_human_camera = 16.1558m
t=0.58s, distance_yellow_car_camera = 24.8550m
t=1.58s, distance_yellow_car_camera = 21.7231m
t=0.58s, distance_white_car_camera = 30.0650m
t=1.58s, distance_white_car_camera = 29.3069m
t=0.58s, distance_bike_camera = 27.1687m
t=1.58s, distance_bike_camera = 27.0656m",1.15
1291,simulation_0062,simulation,A3MC,24,DS,What is the height of the walking pedestrian in meters?,acceleration of the white car = 4m/s^2,"t=0.58s, distance_human_camera = 17.2804m
t=1.58s, distance_human_camera = 16.1558m
t=0.58s, distance_yellow_car_camera = 24.8550m
t=1.58s, distance_yellow_car_camera = 21.7231m
t=0.58s, distance_white_car_camera = 30.0650m
t=1.58s, distance_white_car_camera = 29.3069m
t=0.58s, distance_bike_camera = 27.1687m
t=1.58s, distance_bike_camera = 27.0656m",1.88
1292,simulation_0062,simulation,A3MC,24,DD,What is the average speed of the bicycle from the beginning to the end in m/s?,acceleration of the white car = 4m/s^2,"t=0.58s, distance_human_camera = 17.2804m
t=1.58s, distance_human_camera = 16.1558m
t=0.58s, distance_yellow_car_camera = 24.8550m
t=1.58s, distance_yellow_car_camera = 21.7231m
t=0.58s, distance_white_car_camera = 30.0650m
t=1.58s, distance_white_car_camera = 29.3069m
t=0.58s, distance_bike_camera = 27.1687m
t=1.58s, distance_bike_camera = 27.0656m",5.1
1293,simulation_0063,simulation,A3MC,24,DD,What is the speed of the yellow car at 2.5s in m/s?,acceleration of the white car = 4m/s^2,"t=0.58s, distance_human_camera = 16.6692m
t=1.58s, distance_human_camera = 15.5003m
t=0.58s, distance_yellow_car_camera = 24.8414m
t=1.58s, distance_yellow_car_camera = 22.9530m
t=0.58s, distance_white_car_camera = 29.2444m
t=1.58s, distance_white_car_camera = 29.8093m
t=0.58s, distance_bike_camera = 27.7544m
t=1.58s, distance_bike_camera = 29.4124m",3.4
1294,simulation_0063,simulation,A3MC,24,DS,What is the width of the lane in meters?,acceleration of the white car = 4m/s^2,"t=0.58s, distance_human_camera = 16.6692m
t=1.58s, distance_human_camera = 15.5003m
t=0.58s, distance_yellow_car_camera = 24.8414m
t=1.58s, distance_yellow_car_camera = 22.9530m
t=0.58s, distance_white_car_camera = 29.2444m
t=1.58s, distance_white_car_camera = 29.8093m
t=0.58s, distance_bike_camera = 27.7544m
t=1.58s, distance_bike_camera = 29.4124m",4.0
1295,simulation_0063,simulation,A3MC,24,DS,What is the height of the white car in meters?,acceleration of the white car = 4m/s^2,"t=0.58s, distance_human_camera = 16.6692m
t=1.58s, distance_human_camera = 15.5003m
t=0.58s, distance_yellow_car_camera = 24.8414m
t=1.58s, distance_yellow_car_camera = 22.9530m
t=0.58s, distance_white_car_camera = 29.2444m
t=1.58s, distance_white_car_camera = 29.8093m
t=0.58s, distance_bike_camera = 27.7544m
t=1.58s, distance_bike_camera = 29.4124m",2.25
1296,simulation_0063,simulation,A3MC,24,DS,What is the length of the white car in meters?,acceleration of the white car = 4m/s^2,"t=0.58s, distance_human_camera = 16.6692m
t=1.58s, distance_human_camera = 15.5003m
t=0.58s, distance_yellow_car_camera = 24.8414m
t=1.58s, distance_yellow_car_camera = 22.9530m
t=0.58s, distance_white_car_camera = 29.2444m
t=1.58s, distance_white_car_camera = 29.8093m
t=0.58s, distance_bike_camera = 27.7544m
t=1.58s, distance_bike_camera = 29.4124m",5.8
1297,simulation_0063,simulation,A3MC,24,DS,What is the length of the turning yellow car in meters?,acceleration of the white car = 4m/s^2,"t=0.58s, distance_human_camera = 16.6692m
t=1.58s, distance_human_camera = 15.5003m
t=0.58s, distance_yellow_car_camera = 24.8414m
t=1.58s, distance_yellow_car_camera = 22.9530m
t=0.58s, distance_white_car_camera = 29.2444m
t=1.58s, distance_white_car_camera = 29.8093m
t=0.58s, distance_bike_camera = 27.7544m
t=1.58s, distance_bike_camera = 29.4124m",5.5
1298,simulation_0063,simulation,A3MC,24,DS,What is the height of the turning yellow car in meters?,acceleration of the white car = 4m/s^2,"t=0.58s, distance_human_camera = 16.6692m
t=1.58s, distance_human_camera = 15.5003m
t=0.58s, distance_yellow_car_camera = 24.8414m
t=1.58s, distance_yellow_car_camera = 22.9530m
t=0.58s, distance_white_car_camera = 29.2444m
t=1.58s, distance_white_car_camera = 29.8093m
t=0.58s, distance_bike_camera = 27.7544m
t=1.58s, distance_bike_camera = 29.4124m",1.6
1299,simulation_0063,simulation,A3MC,24,DS,What is the width of the turning yellow car in meters?,acceleration of the white car = 4m/s^2,"t=0.58s, distance_human_camera = 16.6692m
t=1.58s, distance_human_camera = 15.5003m
t=0.58s, distance_yellow_car_camera = 24.8414m
t=1.58s, distance_yellow_car_camera = 22.9530m
t=0.58s, distance_white_car_camera = 29.2444m
t=1.58s, distance_white_car_camera = 29.8093m
t=0.58s, distance_bike_camera = 27.7544m
t=1.58s, distance_bike_camera = 29.4124m",1.95
1300,simulation_0063,simulation,A3MC,24,DS,What is the diameter of the bicycle wheel in meters?,acceleration of the white car = 4m/s^2,"t=0.58s, distance_human_camera = 16.6692m
t=1.58s, distance_human_camera = 15.5003m
t=0.58s, distance_yellow_car_camera = 24.8414m
t=1.58s, distance_yellow_car_camera = 22.9530m
t=0.58s, distance_white_car_camera = 29.2444m
t=1.58s, distance_white_car_camera = 29.8093m
t=0.58s, distance_bike_camera = 27.7544m
t=1.58s, distance_bike_camera = 29.4124m",0.63
1301,simulation_0063,simulation,A3MC,24,DS,What is the height of the traffic light in meters?,acceleration of the white car = 4m/s^2,"t=0.58s, distance_human_camera = 16.6692m
t=1.58s, distance_human_camera = 15.5003m
t=0.58s, distance_yellow_car_camera = 24.8414m
t=1.58s, distance_yellow_car_camera = 22.9530m
t=0.58s, distance_white_car_camera = 29.2444m
t=1.58s, distance_white_car_camera = 29.8093m
t=0.58s, distance_bike_camera = 27.7544m
t=1.58s, distance_bike_camera = 29.4124m",5.4
1302,simulation_0063,simulation,A3MC,24,DS,What is the height of the streetlight in meters?,acceleration of the white car = 4m/s^2,"t=0.58s, distance_human_camera = 16.6692m
t=1.58s, distance_human_camera = 15.5003m
t=0.58s, distance_yellow_car_camera = 24.8414m
t=1.58s, distance_yellow_car_camera = 22.9530m
t=0.58s, distance_white_car_camera = 29.2444m
t=1.58s, distance_white_car_camera = 29.8093m
t=0.58s, distance_bike_camera = 27.7544m
t=1.58s, distance_bike_camera = 29.4124m",3.6
1303,simulation_0063,simulation,A3MC,24,DD,What is the average speed of the walking pedestrian from the beginning to the end in m/s?,acceleration of the white car = 4m/s^2,"t=0.58s, distance_human_camera = 16.6692m
t=1.58s, distance_human_camera = 15.5003m
t=0.58s, distance_yellow_car_camera = 24.8414m
t=1.58s, distance_yellow_car_camera = 22.9530m
t=0.58s, distance_white_car_camera = 29.2444m
t=1.58s, distance_white_car_camera = 29.8093m
t=0.58s, distance_bike_camera = 27.7544m
t=1.58s, distance_bike_camera = 29.4124m",1.3
1304,simulation_0063,simulation,A3MC,24,DS,What is the height of the walking pedestrian in meters?,acceleration of the white car = 4m/s^2,"t=0.58s, distance_human_camera = 16.6692m
t=1.58s, distance_human_camera = 15.5003m
t=0.58s, distance_yellow_car_camera = 24.8414m
t=1.58s, distance_yellow_car_camera = 22.9530m
t=0.58s, distance_white_car_camera = 29.2444m
t=1.58s, distance_white_car_camera = 29.8093m
t=0.58s, distance_bike_camera = 27.7544m
t=1.58s, distance_bike_camera = 29.4124m",1.85
1305,simulation_0063,simulation,A3MC,24,DD,What is the average speed of the bicycle from the beginning to the end in m/s?,acceleration of the white car = 4m/s^2,"t=0.58s, distance_human_camera = 16.6692m
t=1.58s, distance_human_camera = 15.5003m
t=0.58s, distance_yellow_car_camera = 24.8414m
t=1.58s, distance_yellow_car_camera = 22.9530m
t=0.58s, distance_white_car_camera = 29.2444m
t=1.58s, distance_white_car_camera = 29.8093m
t=0.58s, distance_bike_camera = 27.7544m
t=1.58s, distance_bike_camera = 29.4124m",5.0
1306,simulation_0064,simulation,A3MC,24,DD,What is the speed of the yellow car at 2.5s in m/s?,acceleration of the white car = 4m/s^2,"t=0.58s, distance_human_camera = 38.3473m
t=1.58s, distance_human_camera = 38.7220m
t=0.58s, distance_yellow_car_camera = 35.5258m
t=1.58s, distance_yellow_car_camera = 33.0077m
t=0.58s, distance_white_car_camera = 38.1362m
t=1.58s, distance_white_car_camera = 34.0492m
t=0.58s, distance_bike_camera = 33.9976m
t=1.58s, distance_bike_camera = 28.6807m",4.1
1307,simulation_0064,simulation,A3MC,24,DS,What is the width of the lane in meters?,acceleration of the white car = 4m/s^2,"t=0.58s, distance_human_camera = 38.3473m
t=1.58s, distance_human_camera = 38.7220m
t=0.58s, distance_yellow_car_camera = 35.5258m
t=1.58s, distance_yellow_car_camera = 33.0077m
t=0.58s, distance_white_car_camera = 38.1362m
t=1.58s, distance_white_car_camera = 34.0492m
t=0.58s, distance_bike_camera = 33.9976m
t=1.58s, distance_bike_camera = 28.6807m",11.9
1308,simulation_0064,simulation,A3MC,24,DS,What is the height of the white car in meters?,acceleration of the white car = 4m/s^2,"t=0.58s, distance_human_camera = 38.3473m
t=1.58s, distance_human_camera = 38.7220m
t=0.58s, distance_yellow_car_camera = 35.5258m
t=1.58s, distance_yellow_car_camera = 33.0077m
t=0.58s, distance_white_car_camera = 38.1362m
t=1.58s, distance_white_car_camera = 34.0492m
t=0.58s, distance_bike_camera = 33.9976m
t=1.58s, distance_bike_camera = 28.6807m",2.3
1309,simulation_0064,simulation,A3MC,24,DS,What is the width of the white car in meters?,acceleration of the white car = 4m/s^2,"t=0.58s, distance_human_camera = 38.3473m
t=1.58s, distance_human_camera = 38.7220m
t=0.58s, distance_yellow_car_camera = 35.5258m
t=1.58s, distance_yellow_car_camera = 33.0077m
t=0.58s, distance_white_car_camera = 38.1362m
t=1.58s, distance_white_car_camera = 34.0492m
t=0.58s, distance_bike_camera = 33.9976m
t=1.58s, distance_bike_camera = 28.6807m",2.05
1310,simulation_0064,simulation,A3MC,24,DS,What is the length of the turning yellow car in meters?,acceleration of the white car = 4m/s^2,"t=0.58s, distance_human_camera = 38.3473m
t=1.58s, distance_human_camera = 38.7220m
t=0.58s, distance_yellow_car_camera = 35.5258m
t=1.58s, distance_yellow_car_camera = 33.0077m
t=0.58s, distance_white_car_camera = 38.1362m
t=1.58s, distance_white_car_camera = 34.0492m
t=0.58s, distance_bike_camera = 33.9976m
t=1.58s, distance_bike_camera = 28.6807m",5.4
1311,simulation_0064,simulation,A3MC,24,DS,What is the height of the turning yellow car in meters?,acceleration of the white car = 4m/s^2,"t=0.58s, distance_human_camera = 38.3473m
t=1.58s, distance_human_camera = 38.7220m
t=0.58s, distance_yellow_car_camera = 35.5258m
t=1.58s, distance_yellow_car_camera = 33.0077m
t=0.58s, distance_white_car_camera = 38.1362m
t=1.58s, distance_white_car_camera = 34.0492m
t=0.58s, distance_bike_camera = 33.9976m
t=1.58s, distance_bike_camera = 28.6807m",1.6
1312,simulation_0064,simulation,A3MC,24,DS,What is the width of the turning yellow car in meters?,acceleration of the white car = 4m/s^2,"t=0.58s, distance_human_camera = 38.3473m
t=1.58s, distance_human_camera = 38.7220m
t=0.58s, distance_yellow_car_camera = 35.5258m
t=1.58s, distance_yellow_car_camera = 33.0077m
t=0.58s, distance_white_car_camera = 38.1362m
t=1.58s, distance_white_car_camera = 34.0492m
t=0.58s, distance_bike_camera = 33.9976m
t=1.58s, distance_bike_camera = 28.6807m",1.9
1313,simulation_0064,simulation,A3MC,24,DS,What is the diameter of the bicycle wheel in meters?,acceleration of the white car = 4m/s^2,"t=0.58s, distance_human_camera = 38.3473m
t=1.58s, distance_human_camera = 38.7220m
t=0.58s, distance_yellow_car_camera = 35.5258m
t=1.58s, distance_yellow_car_camera = 33.0077m
t=0.58s, distance_white_car_camera = 38.1362m
t=1.58s, distance_white_car_camera = 34.0492m
t=0.58s, distance_bike_camera = 33.9976m
t=1.58s, distance_bike_camera = 28.6807m",0.7
1314,simulation_0064,simulation,A3MC,24,DS,What is the height of the traffic light in meters?,acceleration of the white car = 4m/s^2,"t=0.58s, distance_human_camera = 38.3473m
t=1.58s, distance_human_camera = 38.7220m
t=0.58s, distance_yellow_car_camera = 35.5258m
t=1.58s, distance_yellow_car_camera = 33.0077m
t=0.58s, distance_white_car_camera = 38.1362m
t=1.58s, distance_white_car_camera = 34.0492m
t=0.58s, distance_bike_camera = 33.9976m
t=1.58s, distance_bike_camera = 28.6807m",4.5
1315,simulation_0064,simulation,A3MC,24,DD,What is the average speed of the walking pedestrian from 1.0s to the end in m/s?,acceleration of the white car = 4m/s^2,"t=0.58s, distance_human_camera = 38.3473m
t=1.58s, distance_human_camera = 38.7220m
t=0.58s, distance_yellow_car_camera = 35.5258m
t=1.58s, distance_yellow_car_camera = 33.0077m
t=0.58s, distance_white_car_camera = 38.1362m
t=1.58s, distance_white_car_camera = 34.0492m
t=0.58s, distance_bike_camera = 33.9976m
t=1.58s, distance_bike_camera = 28.6807m",1.4
1316,simulation_0064,simulation,A3MC,24,DS,What is the height of the walking pedestrian in meters?,acceleration of the white car = 4m/s^2,"t=0.58s, distance_human_camera = 38.3473m
t=1.58s, distance_human_camera = 38.7220m
t=0.58s, distance_yellow_car_camera = 35.5258m
t=1.58s, distance_yellow_car_camera = 33.0077m
t=0.58s, distance_white_car_camera = 38.1362m
t=1.58s, distance_white_car_camera = 34.0492m
t=0.58s, distance_bike_camera = 33.9976m
t=1.58s, distance_bike_camera = 28.6807m",1.7
1317,simulation_0064,simulation,A3MC,24,DD,What is the average speed of the bicycle from the beginning to the end in m/s?,acceleration of the white car = 4m/s^2,"t=0.58s, distance_human_camera = 38.3473m
t=1.58s, distance_human_camera = 38.7220m
t=0.58s, distance_yellow_car_camera = 35.5258m
t=1.58s, distance_yellow_car_camera = 33.0077m
t=0.58s, distance_white_car_camera = 38.1362m
t=1.58s, distance_white_car_camera = 34.0492m
t=0.58s, distance_bike_camera = 33.9976m
t=1.58s, distance_bike_camera = 28.6807m",5.2
1318,simulation_0065,simulation,A3MC,24,DD,What is the average speed of the yellow car from the beginning to the end in m/s?,acceleration of the white car = 4m/s^2,"t=0.58s, distance_human_camera = 25.3568m
t=1.58s, distance_human_camera = 25.9200m
t=0.58s, distance_yellow_car_camera = 23.7441m
t=1.58s, distance_yellow_car_camera = 27.0055m
t=0.58s, distance_white_car_camera = 21.3649m
t=1.58s, distance_white_car_camera = 25.2551m
t=0.58s, distance_bike_camera = 25.3360m
t=1.58s, distance_bike_camera = 30.4344m",3.6
1319,simulation_0065,simulation,A3MC,24,DS,What is the width of the lane in meters?,acceleration of the white car = 4m/s^2,"t=0.58s, distance_human_camera = 25.3568m
t=1.58s, distance_human_camera = 25.9200m
t=0.58s, distance_yellow_car_camera = 23.7441m
t=1.58s, distance_yellow_car_camera = 27.0055m
t=0.58s, distance_white_car_camera = 21.3649m
t=1.58s, distance_white_car_camera = 25.2551m
t=0.58s, distance_bike_camera = 25.3360m
t=1.58s, distance_bike_camera = 30.4344m",3.5
1320,simulation_0065,simulation,A3MC,24,DS,What is the height of the white car in meters?,acceleration of the white car = 4m/s^2,"t=0.58s, distance_human_camera = 25.3568m
t=1.58s, distance_human_camera = 25.9200m
t=0.58s, distance_yellow_car_camera = 23.7441m
t=1.58s, distance_yellow_car_camera = 27.0055m
t=0.58s, distance_white_car_camera = 21.3649m
t=1.58s, distance_white_car_camera = 25.2551m
t=0.58s, distance_bike_camera = 25.3360m
t=1.58s, distance_bike_camera = 30.4344m",2.1
1321,simulation_0065,simulation,A3MC,24,DS,What is the width of the white car in meters?,acceleration of the white car = 4m/s^2,"t=0.58s, distance_human_camera = 25.3568m
t=1.58s, distance_human_camera = 25.9200m
t=0.58s, distance_yellow_car_camera = 23.7441m
t=1.58s, distance_yellow_car_camera = 27.0055m
t=0.58s, distance_white_car_camera = 21.3649m
t=1.58s, distance_white_car_camera = 25.2551m
t=0.58s, distance_bike_camera = 25.3360m
t=1.58s, distance_bike_camera = 30.4344m",2.1
1322,simulation_0065,simulation,A3MC,24,DS,What is the length of the turning yellow car in meters?,acceleration of the white car = 4m/s^2,"t=0.58s, distance_human_camera = 25.3568m
t=1.58s, distance_human_camera = 25.9200m
t=0.58s, distance_yellow_car_camera = 23.7441m
t=1.58s, distance_yellow_car_camera = 27.0055m
t=0.58s, distance_white_car_camera = 21.3649m
t=1.58s, distance_white_car_camera = 25.2551m
t=0.58s, distance_bike_camera = 25.3360m
t=1.58s, distance_bike_camera = 30.4344m",5.3
1323,simulation_0065,simulation,A3MC,24,DS,What is the height of the turning yellow car in meters?,acceleration of the white car = 4m/s^2,"t=0.58s, distance_human_camera = 25.3568m
t=1.58s, distance_human_camera = 25.9200m
t=0.58s, distance_yellow_car_camera = 23.7441m
t=1.58s, distance_yellow_car_camera = 27.0055m
t=0.58s, distance_white_car_camera = 21.3649m
t=1.58s, distance_white_car_camera = 25.2551m
t=0.58s, distance_bike_camera = 25.3360m
t=1.58s, distance_bike_camera = 30.4344m",1.55
1324,simulation_0065,simulation,A3MC,24,DS,What is the width of the turning yellow car in meters?,acceleration of the white car = 4m/s^2,"t=0.58s, distance_human_camera = 25.3568m
t=1.58s, distance_human_camera = 25.9200m
t=0.58s, distance_yellow_car_camera = 23.7441m
t=1.58s, distance_yellow_car_camera = 27.0055m
t=0.58s, distance_white_car_camera = 21.3649m
t=1.58s, distance_white_car_camera = 25.2551m
t=0.58s, distance_bike_camera = 25.3360m
t=1.58s, distance_bike_camera = 30.4344m",2.0
1325,simulation_0065,simulation,A3MC,24,DS,What is the diameter of the bicycle wheel in meters?,acceleration of the white car = 4m/s^2,"t=0.58s, distance_human_camera = 25.3568m
t=1.58s, distance_human_camera = 25.9200m
t=0.58s, distance_yellow_car_camera = 23.7441m
t=1.58s, distance_yellow_car_camera = 27.0055m
t=0.58s, distance_white_car_camera = 21.3649m
t=1.58s, distance_white_car_camera = 25.2551m
t=0.58s, distance_bike_camera = 25.3360m
t=1.58s, distance_bike_camera = 30.4344m",0.68
1326,simulation_0065,simulation,A3MC,24,DS,What is the height of the traffic light in meters?,acceleration of the white car = 4m/s^2,"t=0.58s, distance_human_camera = 25.3568m
t=1.58s, distance_human_camera = 25.9200m
t=0.58s, distance_yellow_car_camera = 23.7441m
t=1.58s, distance_yellow_car_camera = 27.0055m
t=0.58s, distance_white_car_camera = 21.3649m
t=1.58s, distance_white_car_camera = 25.2551m
t=0.58s, distance_bike_camera = 25.3360m
t=1.58s, distance_bike_camera = 30.4344m",4.5
1327,simulation_0065,simulation,A3MC,24,DD,What is the average speed of the walking pedestrian from 1.0s to 2.0s in m/s?,acceleration of the white car = 4m/s^2,"t=0.58s, distance_human_camera = 25.3568m
t=1.58s, distance_human_camera = 25.9200m
t=0.58s, distance_yellow_car_camera = 23.7441m
t=1.58s, distance_yellow_car_camera = 27.0055m
t=0.58s, distance_white_car_camera = 21.3649m
t=1.58s, distance_white_car_camera = 25.2551m
t=0.58s, distance_bike_camera = 25.3360m
t=1.58s, distance_bike_camera = 30.4344m",1.2
1328,simulation_0065,simulation,A3MC,24,DS,What is the height of the walking pedestrian in meters?,acceleration of the white car = 4m/s^2,"t=0.58s, distance_human_camera = 25.3568m
t=1.58s, distance_human_camera = 25.9200m
t=0.58s, distance_yellow_car_camera = 23.7441m
t=1.58s, distance_yellow_car_camera = 27.0055m
t=0.58s, distance_white_car_camera = 21.3649m
t=1.58s, distance_white_car_camera = 25.2551m
t=0.58s, distance_bike_camera = 25.3360m
t=1.58s, distance_bike_camera = 30.4344m",1.78
1329,simulation_0065,simulation,A3MC,24,DD,What is the average speed of the bicycle from the beginning to the end in m/s?,acceleration of the white car = 4m/s^2,"t=0.58s, distance_human_camera = 25.3568m
t=1.58s, distance_human_camera = 25.9200m
t=0.58s, distance_yellow_car_camera = 23.7441m
t=1.58s, distance_yellow_car_camera = 27.0055m
t=0.58s, distance_white_car_camera = 21.3649m
t=1.58s, distance_white_car_camera = 25.2551m
t=0.58s, distance_bike_camera = 25.3360m
t=1.58s, distance_bike_camera = 30.4344m",5.1
1330,simulation_0066,simulation,A3MC,24,DD,What is the speed of the yellow car at 2.5s in m/s?,acceleration of the white car = 4m/s^2,"t=0.58s, distance_human_camera = 21.0610m
t=1.58s, distance_human_camera = 21.3488m
t=0.58s, distance_yellow_car_camera = 19.6514m
t=1.58s, distance_yellow_car_camera = 16.5490m
t=0.58s, distance_white_car_camera = 23.5892m
t=1.58s, distance_white_car_camera = 19.9903m
t=0.58s, distance_bike_camera = 19.0650m
t=1.58s, distance_bike_camera = 14.6515m",4.6
1331,simulation_0066,simulation,A3MC,24,DS,What is the width of the lane in meters?,acceleration of the white car = 4m/s^2,"t=0.58s, distance_human_camera = 21.0610m
t=1.58s, distance_human_camera = 21.3488m
t=0.58s, distance_yellow_car_camera = 19.6514m
t=1.58s, distance_yellow_car_camera = 16.5490m
t=0.58s, distance_white_car_camera = 23.5892m
t=1.58s, distance_white_car_camera = 19.9903m
t=0.58s, distance_bike_camera = 19.0650m
t=1.58s, distance_bike_camera = 14.6515m",4.5
1332,simulation_0066,simulation,A3MC,24,DS,What is the width of the white car in meters?,acceleration of the white car = 4m/s^2,"t=0.58s, distance_human_camera = 21.0610m
t=1.58s, distance_human_camera = 21.3488m
t=0.58s, distance_yellow_car_camera = 19.6514m
t=1.58s, distance_yellow_car_camera = 16.5490m
t=0.58s, distance_white_car_camera = 23.5892m
t=1.58s, distance_white_car_camera = 19.9903m
t=0.58s, distance_bike_camera = 19.0650m
t=1.58s, distance_bike_camera = 14.6515m",2.1
1333,simulation_0066,simulation,A3MC,24,DS,What is the length of the white car in meters?,acceleration of the white car = 4m/s^2,"t=0.58s, distance_human_camera = 21.0610m
t=1.58s, distance_human_camera = 21.3488m
t=0.58s, distance_yellow_car_camera = 19.6514m
t=1.58s, distance_yellow_car_camera = 16.5490m
t=0.58s, distance_white_car_camera = 23.5892m
t=1.58s, distance_white_car_camera = 19.9903m
t=0.58s, distance_bike_camera = 19.0650m
t=1.58s, distance_bike_camera = 14.6515m",5.7
1334,simulation_0066,simulation,A3MC,24,DS,What is the height of the white car in meters?,acceleration of the white car = 4m/s^2,"t=0.58s, distance_human_camera = 21.0610m
t=1.58s, distance_human_camera = 21.3488m
t=0.58s, distance_yellow_car_camera = 19.6514m
t=1.58s, distance_yellow_car_camera = 16.5490m
t=0.58s, distance_white_car_camera = 23.5892m
t=1.58s, distance_white_car_camera = 19.9903m
t=0.58s, distance_bike_camera = 19.0650m
t=1.58s, distance_bike_camera = 14.6515m",2.2
1335,simulation_0066,simulation,A3MC,24,DS,What is the length of the turning yellow car in meters?,acceleration of the white car = 4m/s^2,"t=0.58s, distance_human_camera = 21.0610m
t=1.58s, distance_human_camera = 21.3488m
t=0.58s, distance_yellow_car_camera = 19.6514m
t=1.58s, distance_yellow_car_camera = 16.5490m
t=0.58s, distance_white_car_camera = 23.5892m
t=1.58s, distance_white_car_camera = 19.9903m
t=0.58s, distance_bike_camera = 19.0650m
t=1.58s, distance_bike_camera = 14.6515m",5.3
1336,simulation_0066,simulation,A3MC,24,DS,What is the height of the turning yellow car in meters?,acceleration of the white car = 4m/s^2,"t=0.58s, distance_human_camera = 21.0610m
t=1.58s, distance_human_camera = 21.3488m
t=0.58s, distance_yellow_car_camera = 19.6514m
t=1.58s, distance_yellow_car_camera = 16.5490m
t=0.58s, distance_white_car_camera = 23.5892m
t=1.58s, distance_white_car_camera = 19.9903m
t=0.58s, distance_bike_camera = 19.0650m
t=1.58s, distance_bike_camera = 14.6515m",1.5
1337,simulation_0066,simulation,A3MC,24,DS,What is the width of the turning yellow car in meters?,acceleration of the white car = 4m/s^2,"t=0.58s, distance_human_camera = 21.0610m
t=1.58s, distance_human_camera = 21.3488m
t=0.58s, distance_yellow_car_camera = 19.6514m
t=1.58s, distance_yellow_car_camera = 16.5490m
t=0.58s, distance_white_car_camera = 23.5892m
t=1.58s, distance_white_car_camera = 19.9903m
t=0.58s, distance_bike_camera = 19.0650m
t=1.58s, distance_bike_camera = 14.6515m",1.95
1338,simulation_0066,simulation,A3MC,24,DS,What is the diameter of the bicycle wheel in meters?,acceleration of the white car = 4m/s^2,"t=0.58s, distance_human_camera = 21.0610m
t=1.58s, distance_human_camera = 21.3488m
t=0.58s, distance_yellow_car_camera = 19.6514m
t=1.58s, distance_yellow_car_camera = 16.5490m
t=0.58s, distance_white_car_camera = 23.5892m
t=1.58s, distance_white_car_camera = 19.9903m
t=0.58s, distance_bike_camera = 19.0650m
t=1.58s, distance_bike_camera = 14.6515m",0.62
1339,simulation_0066,simulation,A3MC,24,DD,What is the average speed of the walking pedestrian from the beginning to the end in m/s?,acceleration of the white car = 4m/s^2,"t=0.58s, distance_human_camera = 21.0610m
t=1.58s, distance_human_camera = 21.3488m
t=0.58s, distance_yellow_car_camera = 19.6514m
t=1.58s, distance_yellow_car_camera = 16.5490m
t=0.58s, distance_white_car_camera = 23.5892m
t=1.58s, distance_white_car_camera = 19.9903m
t=0.58s, distance_bike_camera = 19.0650m
t=1.58s, distance_bike_camera = 14.6515m",1.5
1340,simulation_0066,simulation,A3MC,24,DS,What is the height of the walking pedestrian in meters?,acceleration of the white car = 4m/s^2,"t=0.58s, distance_human_camera = 21.0610m
t=1.58s, distance_human_camera = 21.3488m
t=0.58s, distance_yellow_car_camera = 19.6514m
t=1.58s, distance_yellow_car_camera = 16.5490m
t=0.58s, distance_white_car_camera = 23.5892m
t=1.58s, distance_white_car_camera = 19.9903m
t=0.58s, distance_bike_camera = 19.0650m
t=1.58s, distance_bike_camera = 14.6515m",1.75
1341,simulation_0066,simulation,A3MC,24,DD,What is the average speed of the bicycle from the beginning to the end in m/s?,acceleration of the white car = 4m/s^2,"t=0.58s, distance_human_camera = 21.0610m
t=1.58s, distance_human_camera = 21.3488m
t=0.58s, distance_yellow_car_camera = 19.6514m
t=1.58s, distance_yellow_car_camera = 16.5490m
t=0.58s, distance_white_car_camera = 23.5892m
t=1.58s, distance_white_car_camera = 19.9903m
t=0.58s, distance_bike_camera = 19.0650m
t=1.58s, distance_bike_camera = 14.6515m",5.1
1342,simulation_0066,simulation,A3MC,24,DS,What is the width of the green car in meters?,acceleration of the white car = 4m/s^2,"t=0.58s, distance_human_camera = 21.0610m
t=1.58s, distance_human_camera = 21.3488m
t=0.58s, distance_yellow_car_camera = 19.6514m
t=1.58s, distance_yellow_car_camera = 16.5490m
t=0.58s, distance_white_car_camera = 23.5892m
t=1.58s, distance_white_car_camera = 19.9903m
t=0.58s, distance_bike_camera = 19.0650m
t=1.58s, distance_bike_camera = 14.6515m",1.8
1343,simulation_0066,simulation,A3MC,24,DS,What is the length of the green car in meters?,acceleration of the white car = 4m/s^2,"t=0.58s, distance_human_camera = 21.0610m
t=1.58s, distance_human_camera = 21.3488m
t=0.58s, distance_yellow_car_camera = 19.6514m
t=1.58s, distance_yellow_car_camera = 16.5490m
t=0.58s, distance_white_car_camera = 23.5892m
t=1.58s, distance_white_car_camera = 19.9903m
t=0.58s, distance_bike_camera = 19.0650m
t=1.58s, distance_bike_camera = 14.6515m",4.6
1344,simulation_0066,simulation,A3MC,24,DS,What is the height of the green car in meters?,acceleration of the white car = 4m/s^2,"t=0.58s, distance_human_camera = 21.0610m
t=1.58s, distance_human_camera = 21.3488m
t=0.58s, distance_yellow_car_camera = 19.6514m
t=1.58s, distance_yellow_car_camera = 16.5490m
t=0.58s, distance_white_car_camera = 23.5892m
t=1.58s, distance_white_car_camera = 19.9903m
t=0.58s, distance_bike_camera = 19.0650m
t=1.58s, distance_bike_camera = 14.6515m",1.4
1345,simulation_0066,simulation,A3MC,24,DS,What is the width of the purple car in meters?,acceleration of the white car = 4m/s^2,"t=0.58s, distance_human_camera = 21.0610m
t=1.58s, distance_human_camera = 21.3488m
t=0.58s, distance_yellow_car_camera = 19.6514m
t=1.58s, distance_yellow_car_camera = 16.5490m
t=0.58s, distance_white_car_camera = 23.5892m
t=1.58s, distance_white_car_camera = 19.9903m
t=0.58s, distance_bike_camera = 19.0650m
t=1.58s, distance_bike_camera = 14.6515m",1.9
1346,simulation_0066,simulation,A3MC,24,DS,What is the height of the purple car in meters?,acceleration of the white car = 4m/s^2,"t=0.58s, distance_human_camera = 21.0610m
t=1.58s, distance_human_camera = 21.3488m
t=0.58s, distance_yellow_car_camera = 19.6514m
t=1.58s, distance_yellow_car_camera = 16.5490m
t=0.58s, distance_white_car_camera = 23.5892m
t=1.58s, distance_white_car_camera = 19.9903m
t=0.58s, distance_bike_camera = 19.0650m
t=1.58s, distance_bike_camera = 14.6515m",1.45
1347,simulation_0067,simulation,A3MC,24,DD,What is the speed of the yellow car at 2.5s in m/s?,acceleration of the white car = 4m/s^2,"t=0.58s, distance_human_camera = 21.6770m
t=1.58s, distance_human_camera = 22.7825m
t=0.58s, distance_yellow_car_camera = 14.7874m
t=1.58s, distance_yellow_car_camera = 18.3786m
t=0.58s, distance_white_car_camera = 10.6240m
t=1.58s, distance_white_car_camera = 12.8097m
t=0.58s, distance_bike_camera = 14.1413m
t=1.58s, distance_bike_camera = 17.8223m",3.5
1348,simulation_0067,simulation,A3MC,24,DS,What is the width of the lane in meters?,acceleration of the white car = 4m/s^2,"t=0.58s, distance_human_camera = 21.6770m
t=1.58s, distance_human_camera = 22.7825m
t=0.58s, distance_yellow_car_camera = 14.7874m
t=1.58s, distance_yellow_car_camera = 18.3786m
t=0.58s, distance_white_car_camera = 10.6240m
t=1.58s, distance_white_car_camera = 12.8097m
t=0.58s, distance_bike_camera = 14.1413m
t=1.58s, distance_bike_camera = 17.8223m",3.5
1349,simulation_0067,simulation,A3MC,24,DS,What is the width of the white car in meters?,acceleration of the white car = 4m/s^2,"t=0.58s, distance_human_camera = 21.6770m
t=1.58s, distance_human_camera = 22.7825m
t=0.58s, distance_yellow_car_camera = 14.7874m
t=1.58s, distance_yellow_car_camera = 18.3786m
t=0.58s, distance_white_car_camera = 10.6240m
t=1.58s, distance_white_car_camera = 12.8097m
t=0.58s, distance_bike_camera = 14.1413m
t=1.58s, distance_bike_camera = 17.8223m",1.9
1350,simulation_0067,simulation,A3MC,24,DS,What is the length of the white car in meters?,acceleration of the white car = 4m/s^2,"t=0.58s, distance_human_camera = 21.6770m
t=1.58s, distance_human_camera = 22.7825m
t=0.58s, distance_yellow_car_camera = 14.7874m
t=1.58s, distance_yellow_car_camera = 18.3786m
t=0.58s, distance_white_car_camera = 10.6240m
t=1.58s, distance_white_car_camera = 12.8097m
t=0.58s, distance_bike_camera = 14.1413m
t=1.58s, distance_bike_camera = 17.8223m",5.3
1351,simulation_0067,simulation,A3MC,24,DS,What is the height of the white car in meters?,acceleration of the white car = 4m/s^2,"t=0.58s, distance_human_camera = 21.6770m
t=1.58s, distance_human_camera = 22.7825m
t=0.58s, distance_yellow_car_camera = 14.7874m
t=1.58s, distance_yellow_car_camera = 18.3786m
t=0.58s, distance_white_car_camera = 10.6240m
t=1.58s, distance_white_car_camera = 12.8097m
t=0.58s, distance_bike_camera = 14.1413m
t=1.58s, distance_bike_camera = 17.8223m",2.1
1352,simulation_0067,simulation,A3MC,24,DS,What is the length of the turning yellow car in meters?,acceleration of the white car = 4m/s^2,"t=0.58s, distance_human_camera = 21.6770m
t=1.58s, distance_human_camera = 22.7825m
t=0.58s, distance_yellow_car_camera = 14.7874m
t=1.58s, distance_yellow_car_camera = 18.3786m
t=0.58s, distance_white_car_camera = 10.6240m
t=1.58s, distance_white_car_camera = 12.8097m
t=0.58s, distance_bike_camera = 14.1413m
t=1.58s, distance_bike_camera = 17.8223m",5.4
1353,simulation_0067,simulation,A3MC,24,DS,What is the height of the turning yellow car in meters?,acceleration of the white car = 4m/s^2,"t=0.58s, distance_human_camera = 21.6770m
t=1.58s, distance_human_camera = 22.7825m
t=0.58s, distance_yellow_car_camera = 14.7874m
t=1.58s, distance_yellow_car_camera = 18.3786m
t=0.58s, distance_white_car_camera = 10.6240m
t=1.58s, distance_white_car_camera = 12.8097m
t=0.58s, distance_bike_camera = 14.1413m
t=1.58s, distance_bike_camera = 17.8223m",1.5
1354,simulation_0067,simulation,A3MC,24,DS,What is the width of the turning yellow car in meters?,acceleration of the white car = 4m/s^2,"t=0.58s, distance_human_camera = 21.6770m
t=1.58s, distance_human_camera = 22.7825m
t=0.58s, distance_yellow_car_camera = 14.7874m
t=1.58s, distance_yellow_car_camera = 18.3786m
t=0.58s, distance_white_car_camera = 10.6240m
t=1.58s, distance_white_car_camera = 12.8097m
t=0.58s, distance_bike_camera = 14.1413m
t=1.58s, distance_bike_camera = 17.8223m",2.0
1355,simulation_0067,simulation,A3MC,24,DS,What is the diameter of the bicycle wheel in meters?,acceleration of the white car = 4m/s^2,"t=0.58s, distance_human_camera = 21.6770m
t=1.58s, distance_human_camera = 22.7825m
t=0.58s, distance_yellow_car_camera = 14.7874m
t=1.58s, distance_yellow_car_camera = 18.3786m
t=0.58s, distance_white_car_camera = 10.6240m
t=1.58s, distance_white_car_camera = 12.8097m
t=0.58s, distance_bike_camera = 14.1413m
t=1.58s, distance_bike_camera = 17.8223m",0.6
1356,simulation_0067,simulation,A3MC,24,DD,What is the average speed of the walking pedestrian from the beginning to the end in m/s?,acceleration of the white car = 4m/s^2,"t=0.58s, distance_human_camera = 21.6770m
t=1.58s, distance_human_camera = 22.7825m
t=0.58s, distance_yellow_car_camera = 14.7874m
t=1.58s, distance_yellow_car_camera = 18.3786m
t=0.58s, distance_white_car_camera = 10.6240m
t=1.58s, distance_white_car_camera = 12.8097m
t=0.58s, distance_bike_camera = 14.1413m
t=1.58s, distance_bike_camera = 17.8223m",0.8
1357,simulation_0067,simulation,A3MC,24,DS,What is the height of the walking pedestrian in meters?,acceleration of the white car = 4m/s^2,"t=0.58s, distance_human_camera = 21.6770m
t=1.58s, distance_human_camera = 22.7825m
t=0.58s, distance_yellow_car_camera = 14.7874m
t=1.58s, distance_yellow_car_camera = 18.3786m
t=0.58s, distance_white_car_camera = 10.6240m
t=1.58s, distance_white_car_camera = 12.8097m
t=0.58s, distance_bike_camera = 14.1413m
t=1.58s, distance_bike_camera = 17.8223m",1.8
1358,simulation_0067,simulation,A3MC,24,DD,What is the average speed of the bicycle from the beginning to the end in m/s?,acceleration of the white car = 4m/s^2,"t=0.58s, distance_human_camera = 21.6770m
t=1.58s, distance_human_camera = 22.7825m
t=0.58s, distance_yellow_car_camera = 14.7874m
t=1.58s, distance_yellow_car_camera = 18.3786m
t=0.58s, distance_white_car_camera = 10.6240m
t=1.58s, distance_white_car_camera = 12.8097m
t=0.58s, distance_bike_camera = 14.1413m
t=1.58s, distance_bike_camera = 17.8223m",4.8
1359,simulation_0067,simulation,A3MC,24,DS,What is the width of the purple car in meters?,acceleration of the white car = 4m/s^2,"t=0.58s, distance_human_camera = 21.6770m
t=1.58s, distance_human_camera = 22.7825m
t=0.58s, distance_yellow_car_camera = 14.7874m
t=1.58s, distance_yellow_car_camera = 18.3786m
t=0.58s, distance_white_car_camera = 10.6240m
t=1.58s, distance_white_car_camera = 12.8097m
t=0.58s, distance_bike_camera = 14.1413m
t=1.58s, distance_bike_camera = 17.8223m",1.9
1360,simulation_0067,simulation,A3MC,24,DS,What is the height of the purple car in meters?,acceleration of the white car = 4m/s^2,"t=0.58s, distance_human_camera = 21.6770m
t=1.58s, distance_human_camera = 22.7825m
t=0.58s, distance_yellow_car_camera = 14.7874m
t=1.58s, distance_yellow_car_camera = 18.3786m
t=0.58s, distance_white_car_camera = 10.6240m
t=1.58s, distance_white_car_camera = 12.8097m
t=0.58s, distance_bike_camera = 14.1413m
t=1.58s, distance_bike_camera = 17.8223m",1.4
1361,simulation_0067,simulation,A3MC,24,DS,What is the length of the purple car in meters?,acceleration of the white car = 4m/s^2,"t=0.58s, distance_human_camera = 21.6770m
t=1.58s, distance_human_camera = 22.7825m
t=0.58s, distance_yellow_car_camera = 14.7874m
t=1.58s, distance_yellow_car_camera = 18.3786m
t=0.58s, distance_white_car_camera = 10.6240m
t=1.58s, distance_white_car_camera = 12.8097m
t=0.58s, distance_bike_camera = 14.1413m
t=1.58s, distance_bike_camera = 17.8223m",5.0
1362,simulation_0074,simulation,S3MS,24,SS,What is the length of the turning yellow car in meters?,length of the white car = 6m,"t=0.58s, distance_human_camera = 37.0747m
t=1.58s, distance_human_camera = 37.8958m
t=0.58s, distance_yellow_car_camera = 31.0495m
t=1.58s, distance_yellow_car_camera = 30.4267m
t=0.58s, distance_white_car_camera = 31.2826m
t=1.58s, distance_white_car_camera = 27.7202m
t=0.58s, distance_bike_camera = 28.6001m
t=1.58s, distance_bike_camera = 24.5118m",6.5
1363,simulation_0074,simulation,S3MS,24,SD,What is the average speed of the walking pedestrian from the beginning to the end in m/s?,length of the white car = 6m,"t=0.58s, distance_human_camera = 37.0747m
t=1.58s, distance_human_camera = 37.8958m
t=0.58s, distance_yellow_car_camera = 31.0495m
t=1.58s, distance_yellow_car_camera = 30.4267m
t=0.58s, distance_white_car_camera = 31.2826m
t=1.58s, distance_white_car_camera = 27.7202m
t=0.58s, distance_bike_camera = 28.6001m
t=1.58s, distance_bike_camera = 24.5118m",1.3
1364,simulation_0074,simulation,S3MS,24,SS,What is the height of the walking pedestrian in meters?,length of the white car = 6m,"t=0.58s, distance_human_camera = 37.0747m
t=1.58s, distance_human_camera = 37.8958m
t=0.58s, distance_yellow_car_camera = 31.0495m
t=1.58s, distance_yellow_car_camera = 30.4267m
t=0.58s, distance_white_car_camera = 31.2826m
t=1.58s, distance_white_car_camera = 27.7202m
t=0.58s, distance_bike_camera = 28.6001m
t=1.58s, distance_bike_camera = 24.5118m",2.3
1365,simulation_0074,simulation,S3MS,24,SD,What is the average speed of the turing yellow car from the beginning to the end in m/s?,length of the white car = 6m,"t=0.58s, distance_human_camera = 37.0747m
t=1.58s, distance_human_camera = 37.8958m
t=0.58s, distance_yellow_car_camera = 31.0495m
t=1.58s, distance_yellow_car_camera = 30.4267m
t=0.58s, distance_white_car_camera = 31.2826m
t=1.58s, distance_white_car_camera = 27.7202m
t=0.58s, distance_bike_camera = 28.6001m
t=1.58s, distance_bike_camera = 24.5118m",4.5
1366,simulation_0074,simulation,S3MS,24,SS,What is the width of the turning yellow car in meters?,length of the white car = 6m,"t=0.58s, distance_human_camera = 37.0747m
t=1.58s, distance_human_camera = 37.8958m
t=0.58s, distance_yellow_car_camera = 31.0495m
t=1.58s, distance_yellow_car_camera = 30.4267m
t=0.58s, distance_white_car_camera = 31.2826m
t=1.58s, distance_white_car_camera = 27.7202m
t=0.58s, distance_bike_camera = 28.6001m
t=1.58s, distance_bike_camera = 24.5118m",2.4
1367,simulation_0074,simulation,S3MS,24,SS,What is the height of the turning yellow car in meters?,length of the white car = 6m,"t=0.58s, distance_human_camera = 37.0747m
t=1.58s, distance_human_camera = 37.8958m
t=0.58s, distance_yellow_car_camera = 31.0495m
t=1.58s, distance_yellow_car_camera = 30.4267m
t=0.58s, distance_white_car_camera = 31.2826m
t=1.58s, distance_white_car_camera = 27.7202m
t=0.58s, distance_bike_camera = 28.6001m
t=1.58s, distance_bike_camera = 24.5118m",1.9
1368,simulation_0074,simulation,S3MS,24,SS,What is the width of the purple car in meters?,length of the white car = 6m,"t=0.58s, distance_human_camera = 37.0747m
t=1.58s, distance_human_camera = 37.8958m
t=0.58s, distance_yellow_car_camera = 31.0495m
t=1.58s, distance_yellow_car_camera = 30.4267m
t=0.58s, distance_white_car_camera = 31.2826m
t=1.58s, distance_white_car_camera = 27.7202m
t=0.58s, distance_bike_camera = 28.6001m
t=1.58s, distance_bike_camera = 24.5118m",2.3
1369,simulation_0074,simulation,S3MS,24,SS,What is the height of the purple car in meters?,length of the white car = 6m,"t=0.58s, distance_human_camera = 37.0747m
t=1.58s, distance_human_camera = 37.8958m
t=0.58s, distance_yellow_car_camera = 31.0495m
t=1.58s, distance_yellow_car_camera = 30.4267m
t=0.58s, distance_white_car_camera = 31.2826m
t=1.58s, distance_white_car_camera = 27.7202m
t=0.58s, distance_bike_camera = 28.6001m
t=1.58s, distance_bike_camera = 24.5118m",1.9
1370,simulation_0074,simulation,S3MS,24,SS,What is the length of the purple car in meters?,length of the white car = 6m,"t=0.58s, distance_human_camera = 37.0747m
t=1.58s, distance_human_camera = 37.8958m
t=0.58s, distance_yellow_car_camera = 31.0495m
t=1.58s, distance_yellow_car_camera = 30.4267m
t=0.58s, distance_white_car_camera = 31.2826m
t=1.58s, distance_white_car_camera = 27.7202m
t=0.58s, distance_bike_camera = 28.6001m
t=1.58s, distance_bike_camera = 24.5118m",5.8
1371,simulation_0074,simulation,S3MS,24,SD,What is the average speed of the bicycle from the beginning to the end in m/s?,length of the white car = 6m,"t=0.58s, distance_human_camera = 37.0747m
t=1.58s, distance_human_camera = 37.8958m
t=0.58s, distance_yellow_car_camera = 31.0495m
t=1.58s, distance_yellow_car_camera = 30.4267m
t=0.58s, distance_white_car_camera = 31.2826m
t=1.58s, distance_white_car_camera = 27.7202m
t=0.58s, distance_bike_camera = 28.6001m
t=1.58s, distance_bike_camera = 24.5118m",5.5
1372,simulation_0074,simulation,S3MS,24,SS,What is the side length of the square earthen platform in meters?,length of the white car = 6m,"t=0.58s, distance_human_camera = 37.0747m
t=1.58s, distance_human_camera = 37.8958m
t=0.58s, distance_yellow_car_camera = 31.0495m
t=1.58s, distance_yellow_car_camera = 30.4267m
t=0.58s, distance_white_car_camera = 31.2826m
t=1.58s, distance_white_car_camera = 27.7202m
t=0.58s, distance_bike_camera = 28.6001m
t=1.58s, distance_bike_camera = 24.5118m",2.3
1373,simulation_0074,simulation,S3MS,24,SS,What is the diameter of the bicycle wheel in meters?,length of the white car = 6m,"t=0.58s, distance_human_camera = 37.0747m
t=1.58s, distance_human_camera = 37.8958m
t=0.58s, distance_yellow_car_camera = 31.0495m
t=1.58s, distance_yellow_car_camera = 30.4267m
t=0.58s, distance_white_car_camera = 31.2826m
t=1.58s, distance_white_car_camera = 27.7202m
t=0.58s, distance_bike_camera = 28.6001m
t=1.58s, distance_bike_camera = 24.5118m",0.55
1374,simulation_0074,simulation,S3MS,24,SS,What is the width of the white car in meters?,length of the white car = 6m,"t=0.58s, distance_human_camera = 37.0747m
t=1.58s, distance_human_camera = 37.8958m
t=0.58s, distance_yellow_car_camera = 31.0495m
t=1.58s, distance_yellow_car_camera = 30.4267m
t=0.58s, distance_white_car_camera = 31.2826m
t=1.58s, distance_white_car_camera = 27.7202m
t=0.58s, distance_bike_camera = 28.6001m
t=1.58s, distance_bike_camera = 24.5118m",2.7
1375,simulation_0074,simulation,S3MS,24,SD,What is the acceleration of the white car at 2.0s in m/s^2?,length of the white car = 6m,"t=0.58s, distance_human_camera = 37.0747m
t=1.58s, distance_human_camera = 37.8958m
t=0.58s, distance_yellow_car_camera = 31.0495m
t=1.58s, distance_yellow_car_camera = 30.4267m
t=0.58s, distance_white_car_camera = 31.2826m
t=1.58s, distance_white_car_camera = 27.7202m
t=0.58s, distance_bike_camera = 28.6001m
t=1.58s, distance_bike_camera = 24.5118m",4.0
1376,simulation_0074,simulation,S3MS,24,SD,What is the height of the white car in meters?,length of the white car = 6m,"t=0.58s, distance_human_camera = 37.0747m
t=1.58s, distance_human_camera = 37.8958m
t=0.58s, distance_yellow_car_camera = 31.0495m
t=1.58s, distance_yellow_car_camera = 30.4267m
t=0.58s, distance_white_car_camera = 31.2826m
t=1.58s, distance_white_car_camera = 27.7202m
t=0.58s, distance_bike_camera = 28.6001m
t=1.58s, distance_bike_camera = 24.5118m",2.6
1377,simulation_0109,simulation,V3MX,24,DS,What is the distance between two cells at 1s in meters?,speed of the red blood cell = 4.7833 m/s,"t=1.0s, distance_left_red_blood_cell_camera = 22.0155 m
t=2.0s, distance_left_red_blood_cell_camera = 24.0333 m",2.79
1378,simulation_0109,simulation,V3MX,24,DS,What is the diameter of the red blood cell in meters?,speed of the red blood cell = 4.7833 m/s,"t=1.0s, distance_left_red_blood_cell_camera = 22.0155 m
t=2.0s, distance_left_red_blood_cell_camera = 24.0333 m",1.52
1379,simulation_0110,simulation,V3MX,24,DS,What is the distance between two cells at 1s in meters?,speed of the red blood cell = 4.7833 m/s,"t=1.0s, distance_left_red_blood_cell_camera = 17.9557 m
t=2.0s, distance_left_red_blood_cell_camera = 22.7150 m",3.05
1380,simulation_0110,simulation,V3MX,24,DS,What is the thickness of the red blood cell in meters?,speed of the red blood cell = 4.7833 m/s,"t=1.0s, distance_left_red_blood_cell_and_camera = 17.9557 m
t=2.0s, distance_left_red_blood_cell_and_camera = 22.7150 m",0.45
1381,simulation_0110,simulation,V3MX,24,DS,What is the diameter of the red blood cell in meters?,speed of the red blood cell = 4.7833 m/s,"t=1.0s, distance_left_red_blood_cell_and_camera = 17.9557 m
t=2.0s, distance_left_red_blood_cell_and_camera = 22.7150 m",1.66
1382,simulation_0143,simulation,S3MC,24,SS,What is the side length of the floor tile in meters?,height of the man = 1.8m,"t=0s, distance_man_camera = 7.21m   
t=0.5s, distance_man_camera = 7.91m",0.6
1383,simulation_0143,simulation,S3MC,24,SD,What is the speed of the man at time 1s in m/s?,height of the man = 1.8m,"t=0s, distance_man_camera = 7.21m   
t=0.5s, distance_man_camera = 7.91m",1.6
1384,simulation_0143,simulation,S3MC,24,SD,What is the speed of the man at time 2s in m/s?,height of the man = 1.8m,"t=0s, distance_man_camera = 7.21m   
t=0.5s, distance_man_camera = 7.91m",1.7
1385,simulation_0143,simulation,S3MC,24,SD,What is the acceleration of the man at time 2.5s in m/s^2?,height of the man = 1.8m,"t=0s, distance_man_camera = 7.21m   
t=0.5s, distance_man_camera = 7.91m",0.3
1386,simulation_0164,simulation,S3MC,24,SD,What is the speed of the ball at time 0.5s in m/s?,diameter of the ball = 0.21m,t=0.5s distance_bowling_ball_camera = 9.391m,4.8
1387,simulation_0164,simulation,S3MC,24,SD,What is the acceleration of the ball at time 0.5s in m/s^2?,diameter of the ball = 0.21m,t=0.5s distance_bowling_ball_camera = 9.391m,0.3
1388,simulation_0164,simulation,S3MC,24,SD,What is the speed of the ball at time 1s in m/s?,diameter of the ball = 0.21m,t=0.5s distance_bowling_ball_camera = 9.391m,4.7
1389,simulation_0164,simulation,S3MC,24,SD,What is the acceleration of the ball at time 1s in m/s^2?,diameter of the ball = 0.21m,t=0.5s distance_bowling_ball_camera = 9.391m,0.3
1390,simulation_0164,simulation,S3MC,24,SS,What is the height of the bowling pin in meters?,diameter of the ball = 0.21m,t=0.5s distance_bowling_ball_camera = 9.391m,0.39
1391,simulation_0168,simulation,V3MC,24,DS,What is the width of the road that the bike crossed through in meters?,speed of the bike = 5.52m/s,"t=0s, distance_bike_camera = 28.219m
t=0.5s, distance_bike_camera = 25.554m",10.0
1392,simulation_0168,simulation,V3MC,24,DS,What is the length of the bike in meters?,speed of the bike = 5.52m/s,"t=0s, distance_bike_camera = 28.219m
t=0.5s, distance_bike_camera = 25.554m",1.7
1393,simulation_0168,simulation,V3MC,24,DS,What is the length of the police car in meters?,speed of the bike = 5.52m/s,"t=0s, distance_bike_camera = 28.219m
t=0.5s, distance_bike_camera = 25.554m",4.9
1394,simulation_0168,simulation,V3MC,24,DS,What is the width of the police car in meters?,speed of the bike = 5.52m/s,"t=0s, distance_bike_camera = 28.219m
t=0.5s, distance_bike_camera = 25.554m",1.8
1395,simulation_0168,simulation,V3MC,24,DD,What is the average speed of the police car in m/s?,speed of the bike = 5.52m/s,"t=0s, distance_bike_camera = 28.219m
t=0.5s, distance_bike_camera = 25.554m",7.5
1396,simulation_0168,simulation,V3MC,24,DS,What is the width of the road that the bike and the car are on in meters?,speed of the bike = 5.52m/s,"t=0s, distance_bike_camera = 28.219m
t=0.5s, distance_bike_camera = 25.554m",6.7
1397,simulation_0168,simulation,V3MC,24,DS,What is the diameter of the police car's tire in meters?,speed of the bike = 5.52m/s,"t=0s, distance_bike_camera = 28.219m
t=0.5s, distance_bike_camera = 25.554m",0.68
1398,simulation_0168,simulation,V3MC,24,DS,What is the diameter of the bike's wheel in meters?,speed of the bike = 5.52m/s,"t=0s, distance_bike_camera = 28.219m
t=0.5s, distance_bike_camera = 25.554m",0.64
1399,simulation_0170,simulation,S3SS,24,SD,What is the speed of the astronaut at time 0.5s in m/s?,height of the astronaut = 2.2m,"t=1s, distance_astronaut_camera = 23.137m",3.45
1400,simulation_0170,simulation,S3SS,24,SD,What is the acceleration of the astronaut at time 0.5s in m/s^2?,height of the astronaut = 2.2m,"t=1s, distance_astronaut_camera = 23.137m",6.0
1401,simulation_0170,simulation,S3SS,24,SD,What is the speed of the astronaut at time 1s in m/s?,height of the astronaut = 2.2m,"t=1s, distance_astronaut_camera = 23.137m",5.9
1402,simulation_0170,simulation,S3SS,24,SD,What is the acceleration of the astronaut at time 1s in m/s^2?,height of the astronaut = 2.2m,"t=1s, distance_astronaut_camera = 23.137m",3.7
1403,simulation_0170,simulation,S3SS,24,SD,What is the speed of the astronaut at time 2s in m/s?,height of the astronaut = 2.2m,"t=1s, distance_astronaut_camera = 23.137m",6.9
1404,simulation_0170,simulation,S3SS,24,SD,What is the acceleration of the astronaut at time 2s in m/s^2?,height of the astronaut = 2.2m,"t=1s, distance_astronaut_camera = 23.137m",1.9
1405,simulation_0170,simulation,S3SS,24,SD,What is the speed of the astronaut at time 3s in m/s?,height of the astronaut = 2.2m,"t=1s, distance_astronaut_camera = 23.137m",2.0
1406,simulation_0170,simulation,S3SS,24,SD,What is the acceleration of the astronaut at time 3s in m/s^2?,height of the astronaut = 2.2m,"t=1s, distance_astronaut_camera = 23.137m",6.5
1407,simulation_0172,simulation,S3SS,24,SD,What is the speed of the astronaut at time 0.5s in m/s?,height of the astronaut = 2.2m,"t=1s, distance_astronaut_camera = 18.147m",1.75
1408,simulation_0172,simulation,S3SS,24,SD,What is the acceleration of the astronaut at time 0.5s in m/s^2?,height of the astronaut = 2.2m,"t=1s, distance_astronaut_camera = 18.147m",2.5
1409,simulation_0172,simulation,S3SS,24,SD,What is the speed of the astronaut at time 1s in m/s?,height of the astronaut = 2.2m,"t=1s, distance_astronaut_camera = 18.147m",4.4
1410,simulation_0172,simulation,S3SS,24,SD,What is the acceleration of the astronaut at time 1s in m/s^2?,height of the astronaut = 2.2m,"t=1s, distance_astronaut_camera = 18.147m",4.0
1411,simulation_0172,simulation,S3SS,24,SD,What is the speed of the astronaut at time 2s in m/s?,height of the astronaut = 2.2m,"t=1s, distance_astronaut_camera = 18.147m",1.85
1412,simulation_0172,simulation,S3SS,24,SD,What is the acceleration of the astronaut at time 2s in m/s^2?,height of the astronaut = 2.2m,"t=1s, distance_astronaut_camera = 18.147m",1.6
1413,simulation_0172,simulation,S3SS,24,SD,What is the speed of the astronaut at time 3s in m/s?,height of the astronaut = 2.2m,"t=1s, distance_astronaut_camera = 18.147m",1.1
1414,simulation_0172,simulation,S3SS,24,SD,What is the acceleration of the astronaut at time 3s in m/s^2?,height of the astronaut = 2.2m,"t=1s, distance_astronaut_camera = 18.147m",1.5
1415,simulation_0176,simulation,V3MC,24,DS,What is the length of the airplane in meters?,speed of the airplane = 153.582m/s,"t = 0.5s, distance_aircraft_nose_camera = 284.98m   
t =1s, distance_aircraft_nose_camera = 305.627m   
distance_big_rock_camera = 296.350m",48.0
1416,simulation_0176,simulation,V3MC,24,DS,What is the height of the stone cliff on the beach in meters?,speed of the airplane = 153.582m/s,"t = 0.5s, distance_aircraft_nose_camera = 284.98m   
t =1s, distance_aircraft_nose_camera = 305.627m   
distance_big_rock_camera = 296.350m",54.0
1417,simulation_0176,simulation,V3MC,24,DS,What is the diameter of the rear wheels on an aircraft landing gear in meters?,speed of the airplane = 153.582m/s,"t = 0.5s, distance_aircraft_nose_camera = 284.98m   
t =1s, distance_aircraft_nose_camera = 305.627m   
distance_big_rock_camera = 296.350m",1.3
1418,simulation_0180,simulation,A3MC,24,DS,What is the length of the trolley in meters?,acceleration of the trolley = 1.507m/s,"t=0s, distance_trolley_camera = 12.589m   
t=0.5s, distance_trolley_camera = 12.513m",0.92
1419,simulation_0180,simulation,A3MC,24,DS,What is the height of the trolley in meters?,acceleration of the trolley = 1.507m/s,"t=0s, distance_trolley_camera = 12.589m   
t=0.5s, distance_trolley_camera = 12.513m",1.08
1420,simulation_0180,simulation,A3MC,24,DS,What is the height of the entrance gate (including the frame) in meters?,acceleration of the trolley = 1.507m/s,"t=0s, distance_trolley_camera = 12.589m   
t=0.5s, distance_trolley_camera = 12.513m",3.2
1421,simulation_0180,simulation,A3MC,24,DS,What is the length of the side of the orange tiles on the floor in meters?,acceleration of the trolley = 1.507m/s,"t=0s, distance_trolley_camera = 12.589m   
t=0.5s, distance_trolley_camera = 12.513m",0.44
1422,simulation_0180,simulation,A3MC,24,DD,What is the speed of the trolley at time 1s in m/s?,acceleration of the trolley = 1.507m/s,"t=0s, distance_trolley_camera = 12.589m   
t=0.5s, distance_trolley_camera = 12.513m",1.2
1423,simulation_0180,simulation,A3MC,24,DD,What is the speed of the trolley at time 2s in m/s?,acceleration of the trolley = 1.507m/s,"t=0s, distance_trolley_camera = 12.589m   
t=0.5s, distance_trolley_camera = 12.513m",2.72
1424,simulation_0182,simulation,A3SC,24,DD,What is the acceleration of the box at 0.2s in m/s^2?,acceleration of the box after 0.75s = 2.338m/s^2,"t = 0s, distance_box_camera = 9.522m   
t = 0.5s, distance_box_camera = 9.384m",9.8
1425,simulation_0182,simulation,A3SC,24,DD,What is the speed of the box at time 1s in m/s?,acceleration of the box after 0.75s = 2.338m/s^2,"t = 0s, distance_box_camera = 9.522m   
t = 0.5s, distance_box_camera = 9.384m",2.24
1426,simulation_0182,simulation,A3SC,24,DD,What is the speed of the box at time 1.5s in m/s?,acceleration of the box after 0.75s = 2.338m/s^2,"t = 0s, distance_box_camera = 9.522m   
t = 0.5s, distance_box_camera = 9.384m",3.41
1427,simulation_0182,simulation,A3SC,24,DS,What is the length of the box in meters?,acceleration of the box after 0.75s = 2.338m/s^2,"t = 0s, distance_box_camera = 9.522m   
t = 0.5s, distance_box_camera = 9.384m",1.5
1428,simulation_0182,simulation,A3SC,24,DS,What is the height of the box in meters?,acceleration of the box after 0.75s = 2.338m/s^2,"t = 0s, distance_box_camera = 9.522m   
t = 0.5s, distance_box_camera = 9.384m",0.7
1429,simulation_0184,simulation,A3SC,24,DD,What is the acceleration of the box at 0.2s in m/s^2?,acceleration of the tool box after 1.25s = 1.58m/s^2,"t = 0s, distance_box_camera = 9.194m      
t = 0.5s, distance_box_camera = 9.096m",7.2
1430,simulation_0184,simulation,A3SC,24,DD,What is the speed of the box at time 1s in m/s?,acceleration of the tool box after 1.25s = 1.58m/s^2,"t = 0s, distance_box_camera = 9.194m      
t = 0.5s, distance_box_camera = 9.096m",1.55
1431,simulation_0184,simulation,A3SC,24,DD,What is the speed of the box at time 1.5s in m/s?,acceleration of the tool box after 1.25s = 1.58m/s^2,"t = 0s, distance_box_camera = 9.194m      
t = 0.5s, distance_box_camera = 9.096m",2.3
1432,simulation_0184,simulation,A3SC,24,DS,What is the length of the box in meters?,acceleration of the tool box after 1.25s = 1.58m/s^2,"t = 0s, distance_box_camera = 9.194m      
t = 0.5s, distance_box_camera = 9.096m",1.03
1433,simulation_0184,simulation,A3SC,24,DS,What is the height of the box in meters?,acceleration of the tool box after 1.25s = 1.58m/s^2,"t = 0s, distance_box_camera = 9.194m      
t = 0.5s, distance_box_camera = 9.096m",0.57
1434,simulation_0186,simulation,A3SC,24,DD,What is the acceleration of the box at 0.2s in m/s^2?,acceleration of the gift box after 1s = 3.18m/s^2,"t = 0s, distance_gift_box_camera = 9.859m   
t = 0.5s, distance_gift_box_camera = 9.741m",9.8
1435,simulation_0186,simulation,A3SC,24,DD,What is the speed of the box at time 1s in m/s?,acceleration of the gift box after 1s = 3.18m/s^2,"t = 0s, distance_gift_box_camera = 9.859m   
t = 0.5s, distance_gift_box_camera = 9.741m",3.0
1436,simulation_0186,simulation,A3SC,24,DD,What is the speed of the box at time 1.5s in m/s?,acceleration of the gift box after 1s = 3.18m/s^2,"t = 0s, distance_gift_box_camera = 9.859m   
t = 0.5s, distance_gift_box_camera = 9.741m",4.6
1437,simulation_0186,simulation,A3SC,24,DS,What is the length of the box in meters?,acceleration of the gift box after 1s = 3.18m/s^2,"t = 0s, distance_gift_box_camera = 9.859m   
t = 0.5s, distance_gift_box_camera = 9.741m",0.5
1438,simulation_0186,simulation,A3SC,24,DS,What is the height of the box in meters?,acceleration of the gift box after 1s = 3.18m/s^2,"t = 0s, distance_gift_box_camera = 9.859m   
t = 0.5s, distance_gift_box_camera = 9.741m",0.45
1439,simulation_0188,simulation,A3SS,30,DS,What is the length of the truck in meters?,acceleration of the truck = 10.757m/s^2,"t=0.5s, distance_center_of _the_truck_camera = 22.532m   
t =1s, distance_center_of _the_truck_camera = 19.525m",7.6
1440,simulation_0188,simulation,A3SS,30,DS,What is the height of the truck in meters?,acceleration of the truck = 10.757m/s^2,"t=0.5s, distance_center_of _the_truck_camera = 22.532m   
t =1s, distance_center_of _the_truck_camera = 19.525m",3.2
1441,simulation_0188,simulation,A3SS,30,DS,What is the diameter of the truck's tire in meters?,acceleration of the truck = 10.757m/s^2,"t=0.5s, distance_center_of _the_truck_camera = 22.532m   
t =1s, distance_center_of _the_truck_camera = 19.525m",0.75
1442,simulation_0188,simulation,A3SS,30,DD,What is the speed of the truck at time 1s in m/s?,acceleration of the truck = 10.757m/s^2,"t=0.5s, distance_center_of _the_truck_camera = 22.532m   
t =1s, distance_center_of _the_truck_camera = 19.525m",10.76
1443,simulation_0188,simulation,A3SS,30,DD,What is the speed of the truck at time 1.5s in m/s?,acceleration of the truck = 10.757m/s^2,"t=0.5s, distance_center_of _the_truck_camera = 22.532m   
t =1s, distance_center_of _the_truck_camera = 19.525m",16.14
1444,simulation_0188,simulation,A3SS,30,DS,What is the width of the truck in meters?,acceleration of the truck = 10.757m/s^2,"t=0.5s, distance_center_of _the_truck_camera = 22.532m   
t =1s, distance_center_of _the_truck_camera = 19.525m",2.3
1445,simulation_0201,simulation,A3SS,60,DD,What is the speed of the droplet at time 0.2s in m/s?,acceleration of the droplet = 9.7m/s^2,"t=0s, distance_droplet_camera = 0.156m   
t=0.1s, distance_droplet_camera = 0.186m",1.94
1446,simulation_0201,simulation,A3SS,60,DD,What is the speed of the droplet at time 0.05s in m/s?,acceleration of the droplet = 9.7m/s^2,"t=0s, distance_droplet_camera = 0.156m   
t=0.1s, distance_droplet_camera = 0.186m",0.49
1447,simulation_0201,simulation,A3SS,60,DD,What is the speed of the droplet at time 0.1s in m/s?,acceleration of the droplet = 9.7m/s^2,"t=0s, distance_droplet_camera = 0.156m   
t=0.1s, distance_droplet_camera = 0.186m",0.97
1448,simulation_0299,simulation,A3SX,24,DD,"What is the speed of the forklift at 1.0s, in m/s?",acceleration of the forklift = 2m/s^2,"t = 1.0s, distance_forklift_camera = 16.7953 m
t = 2.0s, distance_forklift_camera = 19.0980 m",2.0
1449,simulation_0299,simulation,A3SX,24,DD,"What is the speed of the forklift at 2.0s, in m/s?",acceleration of the forklift = 2m/s^2,"t = 1.0s, distance_forklift_camera = 16.7953 m
t = 2.0s, distance_forklift_camera = 19.0980 m",4.0
1450,simulation_0299,simulation,A3SX,24,DS,What is the length(from the fork tips to the rear bumper) of the forklift in meters?,acceleration of the forklift = 2m/s^2,"t = 1.0s, distance_forklift_camera = 16.7953 m
t = 2.0s, distance_forklift_camera = 19.0980 m",3.7
1451,simulation_0299,simulation,A3SX,24,DS,What is the width(from the left wheel to the right wheel) of the forklift in meters?,acceleration of the forklift = 2m/s^2,"t = 1.0s, distance_forklift_camera = 16.7953 m
t = 2.0s, distance_forklift_camera = 19.0980 m",1.5
1452,simulation_0299,simulation,A3SX,24,DS,What is the height of the forklift in meters?,acceleration of the forklift = 2m/s^2,"t = 1.0s, distance_forklift_camera = 16.7953 m
t = 2.0s, distance_forklift_camera = 19.0980 m",2.3
1453,simulation_0300,simulation,A3SX,24,DD,"What is the speed of the car at 1.0s, in m/s?",acceleration of the car = 5m/s^2,"t = 1.0s, distance_car_camera = 17.8278 m
t = 2.0s, distance_car_camera = 23.1989 m",4.8
1454,simulation_0300,simulation,A3SX,24,DD,"What is the speed of the car at 2.0s, in m/s?",acceleration of the car = 5m/s^2,"t = 1.0s, distance_car_camera = 17.8278 m
t = 2.0s, distance_car_camera = 23.1989 m",9.8
1455,simulation_0300,simulation,A3SX,24,DS,What is the length ((from the front to the back) of the car in meters?,acceleration of the car = 5m/s^2,"t = 1.0s, distance_car_camera = 17.8278 m
t = 2.0s, distance_car_camera = 23.1989 m",4.8
1456,simulation_0300,simulation,A3SX,24,DS,What is the width (from the left wheel to the right wheel) of the car in meters?,acceleration of the car = 5m/s^2,"t = 1.0s, distance_car_camera = 17.8278 m
t = 2.0s, distance_car_camera = 23.1989 m",1.98
1457,simulation_0300,simulation,A3SX,24,DS,What is the height of the car in meters?,acceleration of the car = 5m/s^2,"t = 1.0s, distance_car_camera = 17.8278 m
t = 2.0s, distance_car_camera = 23.1989 m",1.15
1458,simulation_0301,simulation,A3MX,24,DD,"What is the speed of the forklift at 1.0s, in m/s?",acceleration of the forklift = 2m/s^2,"t = 1.0s, distance_forklift_camera = 16.7953 m
t = 2.0s, distance_forklift_camera = 19.0980 m
t = 1.0s, distance_car_camera = 17.8278 m
t = 2.0s, distance_car_camera = 23.1989 m",2.0
1459,simulation_0301,simulation,A3MX,24,DD,"What is the speed of the forklift at 2.0s, in m/s?",acceleration of the forklift = 2m/s^2,"t = 1.0s, distance_forklift_camera = 16.7953 m
t = 2.0s, distance_forklift_camera = 19.0980 m
t = 1.0s, distance_car_camera = 17.8278 m
t = 2.0s, distance_car_camera = 23.1989 m",4.0
1460,simulation_0301,simulation,A3MX,24,DS,What is the length(from the fork tips to the rear bumper) of the forklift in meters?,acceleration of the forklift = 2m/s^2,"t = 1.0s, distance_forklift_camera = 16.7953 m
t = 2.0s, distance_forklift_camera = 19.0980 m
t = 1.0s, distance_car_camera = 17.8278 m
t = 2.0s, distance_car_camera = 23.1989 m",3.2
1461,simulation_0301,simulation,A3MX,24,DS,What is the width(from the left wheel to the right wheel) of the forklift in meters?,acceleration of the forklift = 2m/s^2,"t = 1.0s, distance_forklift_camera = 16.7953 m
t = 2.0s, distance_forklift_camera = 19.0980 m
t = 1.0s, distance_car_camera = 17.8278 m
t = 2.0s, distance_car_camera = 23.1989 m",1.25
1462,simulation_0301,simulation,A3MX,24,DS,What is the height of the forklift in meters?,acceleration of the forklift = 2m/s^2,"t = 1.0s, distance_forklift_camera = 16.7953 m
t = 2.0s, distance_forklift_camera = 19.0980 m
t = 1.0s, distance_car_camera = 17.8278 m
t = 2.0s, distance_car_camera = 23.1989 m",2.4
1463,simulation_0301,simulation,A3MX,24,DD,"What is the speed of the car at 1.0s, in m/s?",acceleration of the forklift = 2m/s^2,"t = 1.0s, distance_forklift_camera = 16.7953 m
t = 2.0s, distance_forklift_camera = 19.0980 m
t = 1.0s, distance_car_camera = 17.8278 m
t = 2.0s, distance_car_camera = 23.1989 m",5.1
1464,simulation_0301,simulation,A3MX,24,DD,"What is the speed of the car at 2.0s, in m/s?",acceleration of the forklift = 2m/s^2,"t = 1.0s, distance_forklift_camera = 16.7953 m
t = 2.0s, distance_forklift_camera = 19.0980 m
t = 1.0s, distance_car_camera = 17.8278 m
t = 2.0s, distance_car_camera = 23.1989 m",10.2
1465,simulation_0301,simulation,A3MX,24,DS,What is the length ((from the front to the back) of the car in meters?,acceleration of the forklift = 2m/s^2,"t = 1.0s, distance_forklift_camera = 16.7953 m
t = 2.0s, distance_forklift_camera = 19.0980 m
t = 1.0s, distance_car_camera = 17.8278 m
t = 2.0s, distance_car_camera = 23.1989 m",4.2
1466,simulation_0301,simulation,A3MX,24,DS,What is the width (from the left wheel to the right wheel) of the car in meters?,acceleration of the forklift = 2m/s^2,"t = 1.0s, distance_forklift_camera = 16.7953 m
t = 2.0s, distance_forklift_camera = 19.0980 m
t = 1.0s, distance_car_camera = 17.8278 m
t = 2.0s, distance_car_camera = 23.1989 m",1.75
1467,simulation_0301,simulation,A3MX,24,DS,What is the height of the car in meters?,acceleration of the forklift = 2m/s^2,"t = 1.0s, distance_forklift_camera = 16.7953 m
t = 2.0s, distance_forklift_camera = 19.0980 m
t = 1.0s, distance_car_camera = 17.8278 m
t = 2.0s, distance_car_camera = 23.1989 m",1.2
1468,simulation_0301,simulation,A3MX,24,DD,What is the acceleration of the car at 2.0s in m/s^2?,acceleration of the forklift = 2m/s^2,"t = 1.0s, distance_forklift_camera = 16.7953 m
t = 2.0s, distance_forklift_camera = 19.0980 m
t = 1.0s, distance_car_camera = 17.8278 m
t = 2.0s, distance_car_camera = 23.1989 m",5.1
1469,simulation_0302,simulation,V3SX,24,DS,What is the body length of the dragon in meters?,speed of the dragon = 1.29m/s,"t = 1.0s, distance_dragon_camera = 5.1661 m
t = 2.0s, distance_dragon_camera = 6.2783 m",0.55
1470,simulation_0302,simulation,V3SX,24,DS,"What is the displacement of the dragon from 0.5 s to 1.0 s, in meters?",speed of the dragon = 1.29m/s,"t = 1.0s, distance_dragon_camera = 5.1661 m
t = 2.0s, distance_dragon_camera = 6.2783 m",0.66
1471,simulation_0303,simulation,V3SX,25,DS,What is the length of the plane in meters?,speed of the plane = 22.16 m/s,"t = 1.0s, distance_plane_camera = 102.6664 m
t = 2.0s, distance_plane_camera = 121.8263 m",16.7
1472,simulation_0303,simulation,V3SX,25,DS,What is the width of the plane in meters?,speed of the plane = 22.16 m/s,"t = 1.0s, distance_plane_camera = 102.6664 m
t = 2.0s, distance_plane_camera = 121.8263 m",5.9
1473,simulation_0303,simulation,V3SX,25,DS,"What is the displacement of the plane from 0.5 s to 1.0 s, in meters?",speed of the plane = 22.16 m/s,"t = 1.0s, distance_plane_camera = 102.6664 m
t = 2.0s, distance_plane_camera = 121.8263 m",11.08
1474,simulation_0304,simulation,V3SX,24,DS,What is the length of the whale in meters?,speed of the whale = 1.67m/s,"t = 1.0s, distance_whale_camera = 33.7307 m
t = 2.0s, distance_whale_camera = 35.1624 m",18.0
1475,simulation_0304,simulation,V3SX,24,DS,"What is the displacement of the whale from 0.5 s to 1.0 s, in meters?",speed of the whale = 1.67m/s,"t = 1.0s, distance_whale_camera = 33.7307 m
t = 2.0s, distance_whale_camera = 35.1624 m",0.835
1476,simulation_0305,simulation,V3SS,24,DS,What is the length of the plane in meters?,speed of the plane = 22.16 m/s,"t = 1.0s, distance_plane_camera = 102.6664 m
t = 2.0s, distance_plane_camera = 121.8263 m",13.0
1477,simulation_0305,simulation,V3SS,24,DS,What is the width of the plane in meters?,speed of the plane = 22.16 m/s,"t = 1.0s, distance_plane_camera = 102.6664 m
t = 2.0s, distance_plane_camera = 121.8263 m",17.2
1478,simulation_0305,simulation,V3SS,24,DS,"What is the displacement of the plane from 0.5 s to 1.0 s, in meters?",speed of the plane = 22.16 m/s,"t = 1.0s, distance_plane_camera = 102.6664 m
t = 2.0s, distance_plane_camera = 121.8263 m",11.08
1479,simulation_0306,simulation,V3SS,24,DS,What is the length of the whale in meters?,speed of the whale = 1.67m/s,"t = 1.0s, distance_whale_camera = 33.7307 m
t = 2.0s, distance_whale_camera = 35.1624 m",15.0
1480,simulation_0306,simulation,V3SS,24,DS,"What is the displacement of the whale from 0.5 s to 1.0 s, in meters?",speed of the whale = 1.67m/s,"t = 1.0s, distance_whale_camera = 33.7307 m
t = 2.0s, distance_whale_camera = 35.1624 m",0.835
1481,simulation_0307,simulation,V3SC,24,DS,What is the length of the plane in meters?,speed of the plane = 22.16 m/s,"t = 1.0s, distance_plane_camera = 102.6664 m
t = 2.0s, distance_plane_camera = 121.8263 m",14.0
1482,simulation_0307,simulation,V3SC,24,DS,What is the width of the plane in meters?,speed of the plane = 22.16 m/s,"t = 1.0s, distance_plane_camera = 102.6664 m
t = 2.0s, distance_plane_camera = 121.8263 m",16.0
1483,simulation_0307,simulation,V3SC,24,DS,"What is the displacement of the plane from 0.5 s to 1.0 s, in meters?",speed of the plane = 22.16 m/s,"t = 1.0s, distance_plane_camera = 102.6664 m
t = 2.0s, distance_plane_camera = 121.8263 m",11.08
1484,simulation_0308,simulation,V3SC,24,DS,What is the length of the whale in meters?,speed of the whale = 1.67m/s,"t = 1.0s, distance_whale_camera = 33.7307 m
t = 2.0s, distance_whale_camera = 35.1624 m",14.5
1485,simulation_0308,simulation,V3SC,24,DS,"What is the displacement of the whale from 0.5 s to 1.0 s, in meters?",speed of the whale = 1.67m/s,"t = 1.0s, distance_whale_camera = 33.7307 m
t = 2.0s, distance_whale_camera = 35.1624 m",0.835
1486,simulation_0309,simulation,V3SC,24,DS,What is the body length of the dragon in meters?,speed of the dragon = 1.29m/s,"t = 1.0s, distance_dragon_camera = 5.2108 m
t = 2.0s, distance_dragon_camera = 6.3261 m",0.62
1487,simulation_0309,simulation,V3SC,24,DS,"What is the displacement of the dragon from 0.5 s to 1.0 s, in meters?",speed of the dragon = 1.29m/s,"t = 1.0s, distance_dragon_camera = 5.2108 m
t = 2.0s, distance_dragon_camera = 6.3261 m",0.645
1488,simulation_0310,simulation,S3SC,24,SD,"What is the speed of the forklift at 1.0s, in m/s?",height of the forklift = 2.47m,"t = 1.0s, distance_forklift_camera = 16.7953 m
t = 2.0s, distance_forklift_camera = 19.0980 m",2.4
1489,simulation_0310,simulation,S3SC,24,SD,"What is the speed of the forklift at 2.0s, in m/s?",height of the forklift = 2.47m,"t = 1.0s, distance_forklift_camera = 16.7953 m
t = 2.0s, distance_forklift_camera = 19.0980 m",4.1
1490,simulation_0310,simulation,S3SC,24,SS,What is the length(from the fork tips to the rear bumper) of the forklift in meters?,height of the forklift = 2.47m,"t = 1.0s, distance_forklift_camera = 16.7953 m
t = 2.0s, distance_forklift_camera = 19.0980 m",4.0
1491,simulation_0310,simulation,S3SC,24,SS,What is the width(from the left wheel to the right wheel) of the forklift in meters?,height of the forklift = 2.47m,"t = 1.0s, distance_forklift_camera = 16.7953 m
t = 2.0s, distance_forklift_camera = 19.0980 m",1.3
1492,simulation_0310,simulation,S3SC,24,SD,What is the acceleration of the forklift at 1.0s in m/s^2?,height of the forklift = 2.47m,"t = 1.0s, distance_forklift_camera = 16.7953 m
t = 2.0s, distance_forklift_camera = 19.0980 m",2.0
1493,simulation_0311,simulation,S3SC,24,SD,"What is the speed of the car at 1.0s, in m/s?",height of the car = 1.15m,"t = 1.0s, distance_car_camera = 17.8278 m
t = 2.0s, distance_car_camera = 23.1989 m",6.3
1494,simulation_0311,simulation,S3SC,24,SD,"What is the speed of the car at 2.0s, in m/s?",height of the car = 1.15m,"t = 1.0s, distance_car_camera = 17.8278 m
t = 2.0s, distance_car_camera = 23.1989 m",6.1
1495,simulation_0311,simulation,S3SC,24,SS,What is the length ((from the front to the back) of the car in meters?,height of the car = 1.15m,"t = 1.0s, distance_car_camera = 17.8278 m
t = 2.0s, distance_car_camera = 23.1989 m",4.8
1496,simulation_0311,simulation,S3SC,24,SS,What is the width (from the left wheel to the right wheel) of the car in meters?,height of the car = 1.15m,"t = 1.0s, distance_car_camera = 17.8278 m
t = 2.0s, distance_car_camera = 23.1989 m",2.0
1497,simulation_0311,simulation,S3SC,24,SD,What is the acceleration of the car at 1.0s in m/s^2?,height of the car = 1.15m,"t = 1.0s, distance_car_camera = 17.8278 m
t = 2.0s, distance_car_camera = 23.1989 m",0.3
1498,simulation_0016,simulation,V3MC,33,DS,What is the width of the pedestal (square base) of the central sculpture in meters?,speed of the person = 1.3m/s,"t=1s, distance_human_camera = 9.24m
t=2s, distance_human_camera = 9.14m
distance_pedestal_square_base_of_the_central_sculpture_camera = 9.967m
distance_left_bench_seat_camera = 10.63m
distance_right_bench_seat_camera = 10.59m",1.57
1499,simulation_0016,simulation,V3MC,33,DS,What is the width of the bench seat in the atrium in meters?,speed of the person = 1.3m/s,"t=1s, distance_human_camera = 9.24m
t=2s, distance_human_camera = 9.14m
distance_pedestal_square_base_of_the_central_sculpture_camera = 9.967m
distance_left_bench_seat_camera = 10.63m
distance_right_bench_seat_camera = 10.59m",0.81
1500,simulation_0016,simulation,V3MC,33,DS,What is the length of the bench seat in the atrium in meters?,speed of the person = 1.3m/s,"t=1s, distance_human_camera = 9.24m
t=2s, distance_human_camera = 9.14m
distance_pedestal_square_base_of_the_central_sculpture_camera = 9.967m
distance_left_bench_seat_camera = 10.63m
distance_right_bench_seat_camera = 10.59m",2.52
1501,simulation_0030,simulation,V3MC,24,DS,What is the length of the eagle in meters?,speed of the eagle = 12m/s,"t=0s, distance_bird_camera = 25.328m
t=0.5s, distance_bird_camera = 24.899m
distance_neonsign_camera = 34.5m",0.7
1502,simulation_0140,simulation,S3MC,24,SS,What is the height of each window frame in meters?,width of each window frame = 1.48m,"t=0s, distance_bird_camera = 25.328m
t=0.5s, distance_bird_camera = 24.899m
distance_neonsign_camera = 34.5m",2.08
1503,simulation_0140,simulation,S3MC,24,SS,What is the width of the letter neon sign in meters?,width of each window frame = 1.48m,"t=0s, distance_bird_camera = 25.328m
t=0.5s, distance_bird_camera = 24.899m
distance_neonsign_camera = 34.5m",9.33
1504,simulation_0140,simulation,S3MC,24,SS,What is the height of the letter neon sign in meters?,width of each window frame = 1.48m,"t=0s, distance_bird_camera = 25.328m
t=0.5s, distance_bird_camera = 24.899m
distance_neonsign_camera = 34.5m",1.18
1505,simulation_0140,simulation,S3MC,24,SS,What is the distance between the bird’s flight path and the wall with the neon sign in meters?,width of each window frame = 1.48m,"t=0s, distance_bird_camera = 25.328m
t=0.5s, distance_bird_camera = 24.899m
distance_neonsign_camera = 34.5m",9.4
1506,simulation_0140,simulation,S3MC,24,SS,What is the total length of the bird’s flight path in meters?,width of each window frame = 1.48m,"t=0s, distance_bird_camera = 25.328m
t=0.5s, distance_bird_camera = 24.899m
distance_neonsign_camera = 34.5m",16.0
1507,simulation_0140,simulation,S3MC,24,SD,What is the velocity of the bird at 1.0s in m/s?,width of each window frame = 1.48m,"t=0s, distance_bird_camera = 25.328m
t=0.5s, distance_bird_camera = 24.899m
distance_neonsign_camera = 34.5m",4.6
1508,simulation_0141,simulation,V3MC,24,DS,What is the height of the man in meters?,walking speed = 1.693m/s,"t=0s, distance_man_camera = 4.15m   
t=0.5s, distance_man_camera = 5.03m",1.8
1509,simulation_0141,simulation,V3MC,24,DS,What is the total distance the man walked in meters?,walking speed = 1.693m/s,"t=0s, distance_man_camera = 4.15m   
t=0.5s, distance_man_camera = 5.03m",4.2
1510,simulation_0141,simulation,V3MC,24,DS,What is the side length of the floor tile in meters?,walking speed = 1.693m/s,"t=0s, distance_man_camera = 4.15m   
t=0.5s, distance_man_camera = 5.03m",1.0
1511,simulation_0141,simulation,V3MC,24,DS,What is the distance from the man’s foot to the left wall in meters?,walking speed = 1.693m/s,"t=0s, distance_man_camera = 4.15m   
t=0.5s, distance_man_camera = 5.03m",3.8
1512,simulation_0141,simulation,V3MC,24,DS,What is the distance from the man’s foot to the right wall in meters?,walking speed = 1.693m/s,"t=0s, distance_man_camera = 4.15m   
t=0.5s, distance_man_camera = 5.03m",3.8
1513,simulation_0144,simulation,S3MC,24,SS,What is the diameter of the tire in meters?,length of the rocket = 2.9m,"t=0s, distance_rocket_camera = 43.064m   
t=0.5s, distance_rocket_camera = 41.127m",1.5
1514,simulation_0144,simulation,S3MC,24,SS,What is the width of the vehicle in meters?,length of the rocket = 2.9m,"t=0s, distance_rocket_camera = 43.064m   
t=0.5s, distance_rocket_camera = 41.127m",2.1
1515,simulation_0144,simulation,S3MC,24,SD,What is the average speed of the rocket in m/s?,length of the rocket = 2.9m,"t=0s, distance_rocket_camera = 43.064m   
t=0.5s, distance_rocket_camera = 41.127m",18.0
1516,simulation_0144,simulation,S3MC,24,SD,What is the speed of the rocket at time 1s in m/s?,length of the rocket = 2.9m,"t=0s, distance_rocket_camera = 43.064m   
t=0.5s, distance_rocket_camera = 41.127m",28.0
1517,simulation_0144,simulation,S3MC,24,SD,What is the acceleration of the rocket at time 1s in m/s^2?,length of the rocket = 2.9m,"t=0s, distance_rocket_camera = 43.064m   
t=0.5s, distance_rocket_camera = 41.127m",20.0
1518,simulation_0144,simulation,S3MC,24,SD,"What is the width of the road the vehicle is on, in meters?",length of the rocket = 2.9m,"t=0s, distance_rocket_camera = 43.064m   
t=0.5s, distance_rocket_camera = 41.127m",4.5
1519,simulation_0149,simulation,S3MC,24,SS,What is the width of the car in meters?,diameter of the tire = 0.764m,"t=0s, distance_yellowCarRightFrontTire_camera = 14.244m",2.6
1520,simulation_0149,simulation,S3MC,24,SS,"What is the height, in meters, of the black-and-white collision warning markings on the pillar?",diameter of the tire = 0.764m,"t=0s, distance_yellowCarRightFrontTire_camera = 14.244m",0.85
1521,simulation_0149,simulation,S3MC,24,SS,"What is the width of the pillar, in meters, with the collision warning markings on it?",diameter of the tire = 0.764m,"t=0s, distance_yellowCarRightFrontTire_camera = 14.244m",1.45
1522,simulation_0149,simulation,S3MC,24,SD,What is the speed of the car at time 0.5s in m/s?,diameter of the tire = 0.764m,"t=0s, distance_yellowCarRightFrontTire_camera = 14.244m",5.5
1523,simulation_0149,simulation,S3MC,24,SD,What is the acceleration of the car at time 0.5s in m/s^2?,diameter of the tire = 0.764m,"t=0s, distance_yellowCarRightFrontTire_camera = 14.244m",12.0
1524,simulation_0149,simulation,S3MC,24,SD,What is the speed of the car at time 1s in m/s?,diameter of the tire = 0.764m,"t=0s, distance_yellowCarRightFrontTire_camera = 14.244m",11.5
1525,simulation_0149,simulation,S3MC,24,SD,What is the acceleration of the car at time 1s in m/s^2?,diameter of the tire = 0.764m,"t=0s, distance_yellowCarRightFrontTire_camera = 14.244m",12.0
1526,simulation_0150,simulation,S3MC,24,SS,What is the width of the car in meters?,diameter of the tire = 0.764m,"t=0.5s, distance_yellowCarLeftFrontTire_camera = 11.38m,
distance_camera_B1sign = 23.44m",4.9
1527,simulation_0150,simulation,S3MC,24,SS,"What is the height, in meters, of the black-and-white collision warning markings on the pillar?",diameter of the tire = 0.764m,"t=0.5s, distance_yellowCarLeftFrontTire_camera = 11.38m,
distance_camera_B1sign = 23.44m",0.72
1528,simulation_0150,simulation,S3MC,24,SS,"What is the width of the pillar, in meters, with the collision warning markings on it?",diameter of the tire = 0.764m,"t=0.5s, distance_yellowCarLeftFrontTire_camera = 11.38m,
distance_camera_B1sign = 23.44m",1.15
1529,simulation_0150,simulation,S3MC,24,SD,What is the speed of the car at time 0.5s in m/s?,diameter of the tire = 0.764m,"t=0.5s, distance_yellowCarLeftFrontTire_camera = 11.38m,
distance_camera_B1sign = 23.44m",6.8
1530,simulation_0150,simulation,S3MC,24,SD,What is the acceleration of the car at time 0.5s in m/s^2?,diameter of the tire = 0.764m,"t=0.5s, distance_yellowCarLeftFrontTire_camera = 11.38m,
distance_camera_B1sign = 23.44m",8.5
1531,simulation_0150,simulation,S3MC,24,SD,What is the speed of the car at time 1s in m/s?,diameter of the tire = 0.764m,"t=0.5s, distance_yellowCarLeftFrontTire_camera = 11.38m,
distance_camera_B1sign = 23.44m",10.1
1532,simulation_0150,simulation,S3MC,24,SD,What is the acceleration of the car at time 1s in m/s^2?,diameter of the tire = 0.764m,"t=0.5s, distance_yellowCarLeftFrontTire_camera = 11.38m,
distance_camera_B1sign = 23.44m",4.5
1533,simulation_0150,simulation,S3MC,24,SS,"What is the width, in meters, of the 'B1' lettering on the wall behind the car?",diameter of the tire = 0.764m,"t=0.5s, distance_yellowCarLeftFrontTire_camera = 11.38m,
distance_camera_B1sign = 23.44m",1.61
1534,simulation_0150,simulation,S3MC,24,SS,"What is the height, in meters, of the 'B1' lettering on the wall behind the car?",diameter of the tire = 0.764m,"t=0.5s, distance_yellowCarLeftFrontTire_camera = 11.38m,
distance_camera_B1sign = 23.44m",1.47
1535,simulation_0150,simulation,S3MC,24,SS,"What is the distance, in meters, between the pillars on one side?",diameter of the tire = 0.764m,"t=0.5s, distance_yellowCarLeftFrontTire_camera = 11.38m,
distance_camera_B1sign = 23.44m",5.6
1536,simulation_0151,simulation,S3MC,24,SS,"What is the width, in meters, of the blue car?","diameter of the tire of the yellow car = 0.764m
diameter of the tire of the blue car = 0.369m","t=0.5s, distance_yellowCarLeftFrontTire_camera = 11.38m",1.55
1537,simulation_0151,simulation,S3MC,24,SD,What is the speed of the yellow car at time 1s in m/s?,"diameter of the tire of the yellow car = 0.764m
diameter of the tire of the blue car = 0.369m","t=0.5s, distance_yellowCarLeftFrontTire_camera = 11.38m",10.1
1538,simulation_0151,simulation,S3MC,24,SD,What is the acceleration of the yellow car at time 1s in m/s^2?,"diameter of the tire of the yellow car = 0.764m
diameter of the tire of the blue car = 0.369m","t=0.5s, distance_yellowCarLeftFrontTire_camera = 11.38m",4.0
1539,simulation_0151,simulation,S3MC,24,SD,What is the speed of the blue car at time 1s in m/s?,"diameter of the tire of the yellow car = 0.764m
diameter of the tire of the blue car = 0.369m","t=0.5s, distance_yellowCarLeftFrontTire_camera = 11.38m",3.65
1540,simulation_0151,simulation,S3MC,24,SD,What is the acceleration of the blue car at time 1s in m/s^2?,"diameter of the tire of the yellow car = 0.764m
diameter of the tire of the blue car = 0.369m","t=0.5s, distance_yellowCarLeftFrontTire_camera = 11.38m",1.6
1541,simulation_0152,simulation,S3MC,24,SS,"What is the width, in meters, of the blue car?","diameter of the tire of the yellow car = 0.764m
diameter of the tire of the blue car = 0.369m","t=1s, distance_blueCarRightFrontTire_camera = 9.312m",1.85
1542,simulation_0152,simulation,S3MC,24,SD,What is the speed of the yellow car at time 1s in m/s?,"diameter of the tire of the yellow car = 0.764m
diameter of the tire of the blue car = 0.369m","t=1s, distance_blueCarRightFrontTire_camera = 9.312m",10.3
1543,simulation_0152,simulation,S3MC,24,SD,What is the acceleration of the yellow car at time 1s in m/s^2?,"diameter of the tire of the yellow car = 0.764m
diameter of the tire of the blue car = 0.369m","t=1s, distance_blueCarRightFrontTire_camera = 9.312m",2.5
1544,simulation_0152,simulation,S3MC,24,SD,What is the speed of the blue car at time 1s in m/s?,"diameter of the tire of the yellow car = 0.764m
diameter of the tire of the blue car = 0.369m","t=1s, distance_blueCarRightFrontTire_camera = 9.312m",3.95
1545,simulation_0152,simulation,S3MC,24,SD,What is the acceleration of the blue car at time 1s in m/s^2?,"diameter of the tire of the yellow car = 0.764m
diameter of the tire of the blue car = 0.369m","t=1s, distance_blueCarRightFrontTire_camera = 9.312m",1.0
1546,simulation_0159,simulation,A3MS,24,DS,How long is the turtle in meters?,acceleration of the turtle = 2.639 m/s^2,"t=0s, distance_turtle_camera = 15.232m   
t=0.5s, distance_turtle_camera = 14.968m
t=0s, distance_shark_camera = 16.474m
t=0.5s, distance_shark_camera = 15.744m",1.82
1547,simulation_0159,simulation,A3MS,24,DD,What is the speed of the turtle at time 1s in m/s?,acceleration of the turtle = 2.639 m/s^2,"t=0s, distance_turtle_camera = 15.232m   
t=0.5s, distance_turtle_camera = 14.968m
t=0s, distance_shark_camera = 16.474m
t=0.5s, distance_shark_camera = 15.744m",2.45
1548,simulation_0159,simulation,A3MS,24,DD,What is the speed of the turtle at time 1.5s in m/s?,acceleration of the turtle = 2.639 m/s^2,"t=0s, distance_turtle_camera = 15.232m   
t=0.5s, distance_turtle_camera = 14.968m
t=0s, distance_shark_camera = 16.474m
t=0.5s, distance_shark_camera = 15.744m",3.8
1549,simulation_0159,simulation,A3MS,24,DS,How long is the shark in meters?,acceleration of the turtle = 2.639 m/s^2,"t=0s, distance_turtle_camera = 15.232m   
t=0.5s, distance_turtle_camera = 14.968m
t=0s, distance_shark_camera = 16.474m
t=0.5s, distance_shark_camera = 15.744m",5.2
1550,simulation_0159,simulation,A3MS,24,DS,What is the difference in water depth between the centers of the shark’s body and the turtle’s body in meters?,acceleration of the turtle = 2.639 m/s^2,"t=0s, distance_turtle_camera = 15.232m   
t=0.5s, distance_turtle_camera = 14.968m
t=0s, distance_shark_camera = 16.474m
t=0.5s, distance_shark_camera = 15.744m",2.85
1551,simulation_0159,simulation,A3MS,24,DD,What is the acceleration of the shark at 0.5s in m/s^2?,acceleration of the turtle = 2.639 m/s^2,"t=0s, distance_turtle_camera = 15.232m   
t=0.5s, distance_turtle_camera = 14.968m
t=0s, distance_shark_camera = 16.474m
t=0.5s, distance_shark_camera = 15.744m",7.5
1552,simulation_0159,simulation,A3MS,24,DD,What is the speed of the shark at time 1s in m/s?,acceleration of the turtle = 2.639 m/s^2,"t=0s, distance_turtle_camera = 15.232m   
t=0.5s, distance_turtle_camera = 14.968m
t=0s, distance_shark_camera = 16.474m
t=0.5s, distance_shark_camera = 15.744m",8.3
1553,simulation_0159,simulation,A3MS,24,DD,What is the speed of the shark at time 1.5s in m/s?,acceleration of the turtle = 2.639 m/s^2,"t=0s, distance_turtle_camera = 15.232m   
t=0.5s, distance_turtle_camera = 14.968m
t=0s, distance_shark_camera = 16.474m
t=0.5s, distance_shark_camera = 15.744m",18.0
1554,simulation_0195,simulation,V3MS,30,DS,What is the orbital diameter of the Callisto model in meters?,Callisto's model speed = 0.627 m/s,"t=0s, distance_small_Callisto_camera = 13.004m   
t =3s, distance_small_Callisto_camera = 13.856m
distance_big_europa_camera = 16.549m",8.2
1555,simulation_0195,simulation,V3MS,30,DS,What is the diameter of the model of Callisto (orbiting model) in meters?,Callisto's model speed = 0.627 m/s,"t=0s, distance_small_Callisto_camera = 13.004m   
t =3s, distance_small_Callisto_camera = 13.856m
distance_big_europa_camera = 16.549m",0.11
1556,simulation_0195,simulation,V3MS,30,DS,What is the diameter of the model of Jupiter (the one at the center) in meters?,Callisto's model speed = 0.627 m/s,"t=0s, distance_small_Callisto_camera = 13.004m   
t =3s, distance_small_Callisto_camera = 13.856m
distance_big_europa_camera = 16.549m",1.72
1557,simulation_0202,simulation,A3MC,24,DS,What is the length of the table in meters?,acceleration of the magnifying glass before 0.5s = 9.8m/s^2,"t=0s, distance_magnifying_glass_camera = 4.2401m  
t=0.5s, distance_magnifying_glass_camera = 4.4097m  
distance_gun_camera = 4.704m  
distance_desktop_corner_far_right_camera = 5.009m  
distance_desktop_corner_near_camera = 3.593m",2.0
1558,simulation_0202,simulation,A3MC,24,DS,What is the width of the table in meters?,acceleration of the magnifying glass before 0.5s = 9.8m/s^2,"t=0s, distance_magnifying_glass_camera = 4.2401m  
t=0.5s, distance_magnifying_glass_camera = 4.4097m  
distance_gun_camera = 4.704m  
distance_desktop_corner_far_right_camera = 5.009m  
distance_desktop_corner_near_camera = 3.593m",1.2
1559,simulation_0202,simulation,A3MC,24,DS,What is the length of the typewriter in meters?,acceleration of the magnifying glass before 0.5s = 9.8m/s^2,"t=0s, distance_magnifying_glass_camera = 4.2401m  
t=0.5s, distance_magnifying_glass_camera = 4.4097m  
distance_gun_camera = 4.704m  
distance_desktop_corner_far_right_camera = 5.009m  
distance_desktop_corner_near_camera = 3.593m",0.43
1560,simulation_0202,simulation,A3MC,24,DS,What is the width of the typewriter in meters?,acceleration of the magnifying glass before 0.5s = 9.8m/s^2,"t=0s, distance_magnifying_glass_camera = 4.2401m  
t=0.5s, distance_magnifying_glass_camera = 4.4097m  
distance_gun_camera = 4.704m  
distance_desktop_corner_far_right_camera = 5.009m  
distance_desktop_corner_near_camera = 3.593m",0.36
1561,simulation_0202,simulation,A3MC,24,DS,What is the height of the typewriter in meters?,acceleration of the magnifying glass before 0.5s = 9.8m/s^2,"t=0s, distance_magnifying_glass_camera = 4.2401m  
t=0.5s, distance_magnifying_glass_camera = 4.4097m  
distance_gun_camera = 4.704m  
distance_desktop_corner_far_right_camera = 5.009m  
distance_desktop_corner_near_camera = 3.593m",0.19
1562,simulation_0202,simulation,A3MC,24,DS,What is the width of the paper next to the magnifying glass in meters?,acceleration of the magnifying glass before 0.5s = 9.8m/s^2,"t=0s, distance_magnifying_glass_camera = 4.2401m  
t=0.5s, distance_magnifying_glass_camera = 4.4097m  
distance_gun_camera = 4.704m  
distance_desktop_corner_far_right_camera = 5.009m  
distance_desktop_corner_near_camera = 3.593m",0.19
1563,simulation_0202,simulation,A3MC,24,DD,What is the speed of the magnifying glass at time 0.125s in m/s?,acceleration of the magnifying glass before 0.5s = 9.8m/s^2,"t=0s, distance_magnifying_glass_camera = 4.2401m  
t=0.5s, distance_magnifying_glass_camera = 4.4097m  
distance_gun_camera = 4.704m  
distance_desktop_corner_far_right_camera = 5.009m  
distance_desktop_corner_near_camera = 3.593m",1.23
1564,simulation_0202,simulation,A3MC,24,DD,What is the speed of the magnifying glass at time 0.25s in m/s?,acceleration of the magnifying glass before 0.5s = 9.8m/s^2,"t=0s, distance_magnifying_glass_camera = 4.2401m  
t=0.5s, distance_magnifying_glass_camera = 4.4097m  
distance_gun_camera = 4.704m  
distance_desktop_corner_far_right_camera = 5.009m  
distance_desktop_corner_near_camera = 3.593m",2.45
1565,simulation_0202,simulation,A3MC,24,DD,What is the speed of the magnifying glass at time 0.333s in m/s?,acceleration of the magnifying glass before 0.5s = 9.8m/s^2,"t=0s, distance_magnifying_glass_camera = 4.2401m  
t=0.5s, distance_magnifying_glass_camera = 4.4097m  
distance_gun_camera = 4.704m  
distance_desktop_corner_far_right_camera = 5.009m  
distance_desktop_corner_near_camera = 3.593m",3.27
1566,simulation_0205,simulation,A3MS,24,DS,What is the length of the table in meters?,acceleration of the magnifying glass before 0.5s = 9.8m/s^2,"t=0s, distance_magnifying_glass_camera = 4.2401m  
t=0.5s, distance_magnifying_glass_camera = 4.4097m  
distance_gun_camera = 4.704m  
distance_desktop_corner_far_right_camera = 5.009m  
distance_desktop_corner_near_camera = 3.593m",2.0
1567,simulation_0205,simulation,A3MS,24,DS,What is the width of the table in meters?,acceleration of the magnifying glass before 0.5s = 9.8m/s^2,"t=0s, distance_magnifying_glass_camera = 4.2401m  
t=0.5s, distance_magnifying_glass_camera = 4.4097m  
distance_gun_camera = 4.704m  
distance_desktop_corner_far_right_camera = 5.009m  
distance_desktop_corner_near_camera = 3.593m",0.85
1568,simulation_0205,simulation,A3MS,24,DS,What is the length of the typewriter in meters?,acceleration of the magnifying glass before 0.5s = 9.8m/s^2,"t=0s, distance_magnifying_glass_camera = 4.2401m  
t=0.5s, distance_magnifying_glass_camera = 4.4097m  
distance_gun_camera = 4.704m  
distance_desktop_corner_far_right_camera = 5.009m  
distance_desktop_corner_near_camera = 3.593m",0.43
1569,simulation_0205,simulation,A3MS,24,DS,What is the width of the typewriter in meters?,acceleration of the magnifying glass before 0.5s = 9.8m/s^2,"t=0s, distance_magnifying_glass_camera = 4.2401m  
t=0.5s, distance_magnifying_glass_camera = 4.4097m  
distance_gun_camera = 4.704m  
distance_desktop_corner_far_right_camera = 5.009m  
distance_desktop_corner_near_camera = 3.593m",0.33
1570,simulation_0205,simulation,A3MS,24,DS,What is the height of the typewriter in meters?,acceleration of the magnifying glass before 0.5s = 9.8m/s^2,"t=0s, distance_magnifying_glass_camera = 4.2401m  
t=0.5s, distance_magnifying_glass_camera = 4.4097m  
distance_gun_camera = 4.704m  
distance_desktop_corner_far_right_camera = 5.009m  
distance_desktop_corner_near_camera = 3.593m",0.21
1571,simulation_0205,simulation,A3MS,24,DD,What is the speed of the magnifying glass at time 0.125s in m/s?,acceleration of the magnifying glass before 0.5s = 9.8m/s^2,"t=0s, distance_magnifying_glass_camera = 4.2401m  
t=0.5s, distance_magnifying_glass_camera = 4.4097m  
distance_gun_camera = 4.704m  
distance_desktop_corner_far_right_camera = 5.009m  
distance_desktop_corner_near_camera = 3.593m",1.23
1572,simulation_0205,simulation,A3MS,24,DD,What is the speed of the magnifying glass at time 0.25s in m/s?,acceleration of the magnifying glass before 0.5s = 9.8m/s^2,"t=0s, distance_magnifying_glass_camera = 4.2401m  
t=0.5s, distance_magnifying_glass_camera = 4.4097m  
distance_gun_camera = 4.704m  
distance_desktop_corner_far_right_camera = 5.009m  
distance_desktop_corner_near_camera = 3.593m",2.45
1573,simulation_0205,simulation,A3MS,24,DD,What is the speed of the magnifying glass at time 0.333s in m/s?,acceleration of the magnifying glass before 0.5s = 9.8m/s^2,"t=0s, distance_magnifying_glass_camera = 4.2401m  
t=0.5s, distance_magnifying_glass_camera = 4.4097m  
distance_gun_camera = 4.704m  
distance_desktop_corner_far_right_camera = 5.009m  
distance_desktop_corner_near_camera = 3.593m",3.27
1574,simulation_0206,simulation,A3MC,24,DS,What is the length of the table in meters?,acceleration of the typewriter before 0.45s = 9.8m/s^2,"t=0s, distance_typewriter_camera = 4.32m  
t=0.5s, distance_typewriter_camera = 4.501m  
distance_gun_camera = 4.704m  
distance_desktop_corner_far_right_camera = 5.009m  
distance_desktop_corner_closest_to_camera = 3.593m",1.9
1575,simulation_0206,simulation,A3MC,24,DS,What is the width of the table in meters?,acceleration of the typewriter before 0.45s = 9.8m/s^2,"t=0s, distance_typewriter_camera = 4.32m  
t=0.5s, distance_typewriter_camera = 4.501m  
distance_gun_camera = 4.704m  
distance_desktop_corner_far_right_camera = 5.009m  
distance_desktop_corner_closest_to_camera = 3.593m",0.9
1576,simulation_0206,simulation,A3MC,24,DS,What is the length of the typewriter in meters?,acceleration of the typewriter before 0.45s = 9.8m/s^2,"t=0s, distance_typewriter_camera = 4.32m  
t=0.5s, distance_typewriter_camera = 4.501m  
distance_gun_camera = 4.704m  
distance_desktop_corner_far_right_camera = 5.009m  
distance_desktop_corner_closest_to_camera = 3.593m",0.43
1577,simulation_0206,simulation,A3MC,24,DS,What is the width of the typewriter in meters?,acceleration of the typewriter before 0.45s = 9.8m/s^2,"t=0s, distance_typewriter_camera = 4.32m  
t=0.5s, distance_typewriter_camera = 4.501m  
distance_gun_camera = 4.704m  
distance_desktop_corner_far_right_camera = 5.009m  
distance_desktop_corner_closest_to_camera = 3.593m",0.33
1578,simulation_0206,simulation,A3MC,24,DS,What is the height of the typewriter in meters?,acceleration of the typewriter before 0.45s = 9.8m/s^2,"t=0s, distance_typewriter_camera = 4.32m  
t=0.5s, distance_typewriter_camera = 4.501m  
distance_gun_camera = 4.704m  
distance_desktop_corner_far_right_camera = 5.009m  
distance_desktop_corner_closest_to_camera = 3.593m",0.14
1579,simulation_0206,simulation,A3MC,24,DD,What is the speed of the typewriter at time 0.125s in m/s?,acceleration of the typewriter before 0.45s = 9.8m/s^2,"t=0s, distance_typewriter_camera = 4.32m  
t=0.5s, distance_typewriter_camera = 4.501m  
distance_gun_camera = 4.704m  
distance_desktop_corner_far_right_camera = 5.009m  
distance_desktop_corner_closest_to_camera = 3.593m",1.22
1580,simulation_0206,simulation,A3MC,24,DD,What is the speed of the typewriter at time 0.25s in m/s?,acceleration of the typewriter before 0.45s = 9.8m/s^2,"t=0s, distance_typewriter_camera = 4.32m  
t=0.5s, distance_typewriter_camera = 4.501m  
distance_gun_camera = 4.704m  
distance_desktop_corner_far_right_camera = 5.009m  
distance_desktop_corner_closest_to_camera = 3.593m",2.45
1581,simulation_0206,simulation,A3MC,24,DD,What is the speed of the typewriter at time 0.333s in m/s?,acceleration of the typewriter before 0.45s = 9.8m/s^2,"t=0s, distance_typewriter_camera = 4.32m  
t=0.5s, distance_typewriter_camera = 4.501m  
distance_gun_camera = 4.704m  
distance_desktop_corner_far_right_camera = 5.009m  
distance_desktop_corner_closest_to_camera = 3.593m",3.27
1582,simulation_0206,simulation,A3MC,24,DS,What is the width of the paper next to the typewriter in meters?,acceleration of the typewriter before 0.45s = 9.8m/s^2,"t=0s, distance_typewriter_camera = 4.32m  
t=0.5s, distance_typewriter_camera = 4.501m  
distance_gun_camera = 4.704m  
distance_desktop_corner_far_right_camera = 5.009m  
distance_desktop_corner_closest_to_camera = 3.593m",0.25
1583,simulation_0206,simulation,A3MC,24,DS,What is the length of the letter placed under the gun in meters?,acceleration of the typewriter before 0.45s = 9.8m/s^2,"t=0s, distance_typewriter_camera = 4.32m  
t=0.5s, distance_typewriter_camera = 4.501m  
distance_gun_camera = 4.704m  
distance_desktop_corner_far_right_camera = 5.009m  
distance_desktop_corner_closest_to_camera = 3.593m",0.17
1584,simulation_0209,simulation,A3MS,24,DS,What is the length of the table in meters?,acceleration of the typewriter before 0.45s = 9.8m/s^2,"t=0s, distance_typewriter_camera = 4.32m  
t=0.5s, distance_typewriter_camera = 4.501m  
distance_gun_camera = 4.704m",2.0
1585,simulation_0209,simulation,A3MS,24,DS,What is the length of the typewriter in meters?,acceleration of the typewriter before 0.45s = 9.8m/s^2,"t=0s, distance_typewriter_camera = 4.32m  
t=0.5s, distance_typewriter_camera = 4.501m  
distance_gun_camera = 4.704m",0.44
1586,simulation_0209,simulation,A3MS,24,DS,What is the height of the typewriter in meters?,acceleration of the typewriter before 0.45s = 9.8m/s^2,"t=0s, distance_typewriter_camera = 4.32m  
t=0.5s, distance_typewriter_camera = 4.501m  
distance_gun_camera = 4.704m",0.18
1587,simulation_0209,simulation,A3MS,24,DS,What is the length of the letter placed under the gun in meters?,acceleration of the typewriter before 0.45s = 9.8m/s^2,"t=0s, distance_typewriter_camera = 4.32m  
t=0.5s, distance_typewriter_camera = 4.501m  
distance_gun_camera = 4.704m",0.15
1588,simulation_0209,simulation,A3MS,24,DD,What is the speed of the typewriter at time 0.125s in m/s?,acceleration of the typewriter before 0.45s = 9.8m/s^2,"t=0s, distance_typewriter_camera = 4.32m  
t=0.5s, distance_typewriter_camera = 4.501m  
distance_gun_camera = 4.704m",1.23
1589,simulation_0209,simulation,A3MS,24,DD,What is the speed of the typewriter at time 0.25s in m/s?,acceleration of the typewriter before 0.45s = 9.8m/s^2,"t=0s, distance_typewriter_camera = 4.32m  
t=0.5s, distance_typewriter_camera = 4.501m  
distance_gun_camera = 4.704m",2.45
1590,simulation_0209,simulation,A3MS,24,DD,What is the speed of the typewriter at time 0.333s in m/s?,acceleration of the typewriter before 0.45s = 9.8m/s^2,"t=0s, distance_typewriter_camera = 4.32m  
t=0.5s, distance_typewriter_camera = 4.501m  
distance_gun_camera = 4.704m",3.26
1591,simulation_0209,simulation,A3MS,24,DS,What is the width of the table in meters?,acceleration of the typewriter before 0.45s = 9.8m/s^2,"t=0s, distance_typewriter_camera = 4.32m  
t=0.5s, distance_typewriter_camera = 4.501m  
distance_gun_camera = 4.704m",1.0
1592,simulation_0209,simulation,A3MS,24,DS,What is the width of the typewriter in meters?,acceleration of the typewriter before 0.45s = 9.8m/s^2,"t=0s, distance_typewriter_camera = 4.32m  
t=0.5s, distance_typewriter_camera = 4.501m  
distance_gun_camera = 4.704m",0.35
1593,simulation_0211,simulation,V3MS,24,DS,What is the length of the black cat (including its tail) in meters?,speed of the black cat = 0.94m/s,"t=0s, distance_black_cat_camera = 4.199m  
t=1.0s, distance_black_cat_camera = 4.481m  
distance_floor_mirror_bottom_center_camera = 6.407m  
distance_closest_wooden_bench_leg_camera = 5.69m",0.72
1594,simulation_0211,simulation,V3MS,24,DS,What is the height of the black cat (including its tail) in meters?,speed of the black cat = 0.94m/s,"t=0s, distance_black_cat_camera = 4.199m  
t=1.0s, distance_black_cat_camera = 4.481m  
distance_floor_mirror_bottom_center_camera = 6.407m  
distance_closest_wooden_bench_leg_camera = 5.69m",0.54
1595,simulation_0211,simulation,V3MS,24,DS,What is the length of the wooden bench in meters?,speed of the black cat = 0.94m/s,"t=0s, distance_black_cat_camera = 4.199m  
t=1.0s, distance_black_cat_camera = 4.481m  
distance_floor_mirror_bottom_center_camera = 6.407m  
distance_closest_wooden_bench_leg_camera = 5.69m",1.04
1596,simulation_0211,simulation,V3MS,24,DS,What is the height of the wooden bench in meters?,speed of the black cat = 0.94m/s,"t=0s, distance_black_cat_camera = 4.199m  
t=1.0s, distance_black_cat_camera = 4.481m  
distance_floor_mirror_bottom_center_camera = 6.407m  
distance_closest_wooden_bench_leg_camera = 5.69m",0.51
1597,simulation_0211,simulation,V3MS,24,DS,What is the height of the lampshade of the table lamp in meters?,speed of the black cat = 0.94m/s,"t=0s, distance_black_cat_camera = 4.199m  
t=1.0s, distance_black_cat_camera = 4.481m  
distance_floor_mirror_bottom_center_camera = 6.407m  
distance_closest_wooden_bench_leg_camera = 5.69m",0.28
1598,simulation_0211,simulation,V3MS,24,DS,What is the diameter of the lampshade of the table lamp in meters?,speed of the black cat = 0.94m/s,"t=0s, distance_black_cat_camera = 4.199m  
t=1.0s, distance_black_cat_camera = 4.481m  
distance_floor_mirror_bottom_center_camera = 6.407m  
distance_closest_wooden_bench_leg_camera = 5.69m",0.52
1599,simulation_0211,simulation,V3MS,24,DS,What is the height of the table lamp in meters?,speed of the black cat = 0.94m/s,"t=0s, distance_black_cat_camera = 4.199m  
t=1.0s, distance_black_cat_camera = 4.481m  
distance_floor_mirror_bottom_center_camera = 6.407m  
distance_closest_wooden_bench_leg_camera = 5.69m",0.72
1600,simulation_0211,simulation,V3MS,24,DS,What is the height of the vase in meters?,speed of the black cat = 0.94m/s,"t=0s, distance_black_cat_camera = 4.199m  
t=1.0s, distance_black_cat_camera = 4.481m  
distance_floor_mirror_bottom_center_camera = 6.407m  
distance_closest_wooden_bench_leg_camera = 5.69m",0.53
1601,simulation_0211,simulation,V3MS,24,DS,What is the height of the floor mirror in meters?,speed of the black cat = 0.94m/s,"t=0s, distance_black_cat_camera = 4.199m  
t=1.0s, distance_black_cat_camera = 4.481m  
distance_floor_mirror_bottom_center_camera = 6.407m  
distance_closest_wooden_bench_leg_camera = 5.69m",1.53
1602,simulation_0211,simulation,V3MS,24,DS,What is the length of the floor mirror in meters?,speed of the black cat = 0.94m/s,"t=0s, distance_black_cat_camera = 4.199m  
t=1.0s, distance_black_cat_camera = 4.481m  
distance_floor_mirror_bottom_center_camera = 6.407m  
distance_closest_wooden_bench_leg_camera = 5.69m",0.58
1603,simulation_0211,simulation,V3MS,24,DS,What is the distance in meters between the black cat and the camera at 0.5 s?,speed of the black cat = 0.94m/s,"t=0s, distance_black_cat_camera = 4.199m  
t=1.0s, distance_black_cat_camera = 4.481m  
distance_floor_mirror_bottom_center_camera = 6.407m  
distance_closest_wooden_bench_leg_camera = 5.69m",4.34
1604,simulation_0211,simulation,V3MS,24,DS,What is the distance in meters between the black cat and the camera at 1.5 s?,speed of the black cat = 0.94m/s,"t=0s, distance_black_cat_camera = 4.199m  
t=1.0s, distance_black_cat_camera = 4.481m  
distance_floor_mirror_bottom_center_camera = 6.407m  
distance_closest_wooden_bench_leg_camera = 5.69m",4.62
1605,simulation_0212,simulation,V3MC,24,DS,What is the length of the black cat (including its tail) in meters?,speed of the black cat = 0.94m/s,"t=0s, distance_black_cat_camera=4.199m   
t=1.0s, distance_black_cat_camera= 4.481m
t=0s, distance_dog_camera = 5.094m  
t=0.5s, distance_dog_camera = 4.625m
distance_floor_mirror_bottom_center_camera = 6.407m  
distance_closest_wooden_bench_leg_camera = 5.69m",0.72
1606,simulation_0212,simulation,V3MC,24,DS,What is the height of the black cat (including its tail) in meters?,speed of the black cat = 0.94m/s,"t=0s, distance_black_cat_camera=4.199m   
t=1.0s, distance_black_cat_camera= 4.481m
t=0s, distance_dog_camera = 5.094m  
t=0.5s, distance_dog_camera = 4.625m
distance_floor_mirror_bottom_center_camera = 6.407m  
distance_closest_wooden_bench_leg_camera = 5.69m",0.52
1607,simulation_0212,simulation,V3MC,24,DS,What is the length of the wooden bench in meters?,speed of the black cat = 0.94m/s,"t=0s, distance_black_cat_camera=4.199m   
t=1.0s, distance_black_cat_camera= 4.481m
t=0s, distance_dog_camera = 5.094m  
t=0.5s, distance_dog_camera = 4.625m
distance_floor_mirror_bottom_center_camera = 6.407m  
distance_closest_wooden_bench_leg_camera = 5.69m",1.06
1608,simulation_0212,simulation,V3MC,24,DS,What is the height of the wooden bench in meters?,speed of the black cat = 0.94m/s,"t=0s, distance_black_cat_camera=4.199m   
t=1.0s, distance_black_cat_camera= 4.481m
t=0s, distance_dog_camera = 5.094m  
t=0.5s, distance_dog_camera = 4.625m
distance_floor_mirror_bottom_center_camera = 6.407m  
distance_closest_wooden_bench_leg_camera = 5.69m",0.51
1609,simulation_0212,simulation,V3MC,24,DS,What is the height of the lampshade of the table lamp in meters?,speed of the black cat = 0.94m/s,"t=0s, distance_black_cat_camera=4.199m   
t=1.0s, distance_black_cat_camera= 4.481m
t=0s, distance_dog_camera = 5.094m  
t=0.5s, distance_dog_camera = 4.625m
distance_floor_mirror_bottom_center_camera = 6.407m  
distance_closest_wooden_bench_leg_camera = 5.69m",0.28
1610,simulation_0212,simulation,V3MC,24,DS,What is the diameter of the lampshade of the table lamp in meters?,speed of the black cat = 0.94m/s,"t=0s, distance_black_cat_camera=4.199m   
t=1.0s, distance_black_cat_camera= 4.481m
t=0s, distance_dog_camera = 5.094m  
t=0.5s, distance_dog_camera = 4.625m
distance_floor_mirror_bottom_center_camera = 6.407m  
distance_closest_wooden_bench_leg_camera = 5.69m",0.54
1611,simulation_0212,simulation,V3MC,24,DS,What is the height of the table lamp in meters?,speed of the black cat = 0.94m/s,"t=0s, distance_black_cat_camera=4.199m   
t=1.0s, distance_black_cat_camera= 4.481m
t=0s, distance_dog_camera = 5.094m  
t=0.5s, distance_dog_camera = 4.625m
distance_floor_mirror_bottom_center_camera = 6.407m  
distance_closest_wooden_bench_leg_camera = 5.69m",0.75
1612,simulation_0212,simulation,V3MC,24,DS,What is the height of the vase in meters?,speed of the black cat = 0.94m/s,"t=0s, distance_black_cat_camera=4.199m   
t=1.0s, distance_black_cat_camera= 4.481m
t=0s, distance_dog_camera = 5.094m  
t=0.5s, distance_dog_camera = 4.625m
distance_floor_mirror_bottom_center_camera = 6.407m  
distance_closest_wooden_bench_leg_camera = 5.69m",0.53
1613,simulation_0212,simulation,V3MC,24,DS,What is the height of the floor mirror in meters?,speed of the black cat = 0.94m/s,"t=0s, distance_black_cat_camera=4.199m   
t=1.0s, distance_black_cat_camera= 4.481m
t=0s, distance_dog_camera = 5.094m  
t=0.5s, distance_dog_camera = 4.625m
distance_floor_mirror_bottom_center_camera = 6.407m  
distance_closest_wooden_bench_leg_camera = 5.69m",1.57
1614,simulation_0212,simulation,V3MC,24,DS,What is the width of the floor mirror in meters?,speed of the black cat = 0.94m/s,"t=0s, distance_black_cat_camera=4.199m   
t=1.0s, distance_black_cat_camera= 4.481m
t=0s, distance_dog_camera = 5.094m  
t=0.5s, distance_dog_camera = 4.625m
distance_floor_mirror_bottom_center_camera = 6.407m  
distance_closest_wooden_bench_leg_camera = 5.69m",0.59
1615,simulation_0212,simulation,V3MC,24,DS,What is the distance in meters between the black cat and the camera at 0.5 s?,speed of the black cat = 0.94m/s,"t=0s, distance_black_cat_camera=4.199m   
t=1.0s, distance_black_cat_camera= 4.481m
t=0s, distance_dog_camera = 5.094m  
t=0.5s, distance_dog_camera = 4.625m
distance_floor_mirror_bottom_center_camera = 6.407m  
distance_closest_wooden_bench_leg_camera = 5.69m",4.34
1616,simulation_0212,simulation,V3MC,24,DS,What is the distance in meters between the black cat and the camera at 1.5 s?,speed of the black cat = 0.94m/s,"t=0s, distance_black_cat_camera=4.199m   
t=1.0s, distance_black_cat_camera= 4.481m
t=0s, distance_dog_camera = 5.094m  
t=0.5s, distance_dog_camera = 4.625m
distance_floor_mirror_bottom_center_camera = 6.407m  
distance_closest_wooden_bench_leg_camera = 5.69m",4.62
1617,simulation_0212,simulation,V3MC,24,DD,What is the speed of the dog at time 1s in m/s?,speed of the black cat = 0.94m/s,"t=0s, distance_black_cat_camera=4.199m   
t=1.0s, distance_black_cat_camera= 4.481m
t=0s, distance_dog_camera = 5.094m  
t=0.5s, distance_dog_camera = 4.625m
distance_floor_mirror_bottom_center_camera = 6.407m  
distance_closest_wooden_bench_leg_camera = 5.69m",0.9
1618,simulation_0212,simulation,V3MC,24,DD,What is the speed of the dog at time 1.5s in m/s?,speed of the black cat = 0.94m/s,"t=0s, distance_black_cat_camera=4.199m   
t=1.0s, distance_black_cat_camera= 4.481m
t=0s, distance_dog_camera = 5.094m  
t=0.5s, distance_dog_camera = 4.625m
distance_floor_mirror_bottom_center_camera = 6.407m  
distance_closest_wooden_bench_leg_camera = 5.69m",0.86
1619,simulation_0212,simulation,V3MC,24,DS,What is the length of the dog (including its tail) in meters?,speed of the black cat = 0.94m/s,"t=0s, distance_black_cat_camera=4.199m   
t=1.0s, distance_black_cat_camera= 4.481m
t=0s, distance_dog_camera = 5.094m  
t=0.5s, distance_dog_camera = 4.625m
distance_floor_mirror_bottom_center_camera = 6.407m  
distance_closest_wooden_bench_leg_camera = 5.69m",1.15
1620,simulation_0212,simulation,V3MC,24,DS,What is the height of the dog (including its tail) in meters?,speed of the black cat = 0.94m/s,"t=0s, distance_black_cat_camera=4.199m   
t=1.0s, distance_black_cat_camera= 4.481m
t=0s, distance_dog_camera = 5.094m  
t=0.5s, distance_dog_camera = 4.625m
distance_floor_mirror_bottom_center_camera = 6.407m  
distance_closest_wooden_bench_leg_camera = 5.69m",0.62
1621,simulation_0242,simulation,V3MC,24,DS,What is the length of the brown horse in meters?,speed of the brown horse = 0.874m/s,"t=0s, distance_brown_horse_camera=16.288m   
t=1.0s, distance_brown_horse_camera=16.112m 
t=0s, distance_white_horse_camera=14.941m  
t=1.0s, distance_white_horse_camera=14.957m
t=0s, distance_rabbit_camera=14.257m  
t=1.0s, distance_rabbit_camera=14.412m",1.9
1622,simulation_0242,simulation,V3MC,24,DS,What is the width of the house in meters?,speed of the brown horse = 0.874m/s,"t=0s, distance_brown_horse_camera=16.288m   
t=1.0s, distance_brown_horse_camera=16.112m 
t=0s, distance_white_horse_camera=14.941m  
t=1.0s, distance_white_horse_camera=14.957m
t=0s, distance_rabbit_camera=14.257m  
t=1.0s, distance_rabbit_camera=14.412m",7.5
1623,simulation_0242,simulation,V3MC,24,DS,What is the width of each glass window in meters?,speed of the brown horse = 0.874m/s,"t=0s, distance_brown_horse_camera=16.288m   
t=1.0s, distance_brown_horse_camera=16.112m 
t=0s, distance_white_horse_camera=14.941m  
t=1.0s, distance_white_horse_camera=14.957m
t=0s, distance_rabbit_camera=14.257m  
t=1.0s, distance_rabbit_camera=14.412m",0.8
1624,simulation_0242,simulation,V3MC,24,DD,What is the average speed of the white horse in m/s?,speed of the brown horse = 0.874m/s,"t=0s, distance_brown_horse_camera=16.288m   
t=1.0s, distance_brown_horse_camera=16.112m 
t=0s, distance_white_horse_camera=14.941m  
t=1.0s, distance_white_horse_camera=14.957m
t=0s, distance_rabbit_camera=14.257m  
t=1.0s, distance_rabbit_camera=14.412m",1.53
1625,simulation_0242,simulation,V3MC,24,DS,What is the length of the white horse in meters?,speed of the brown horse = 0.874m/s,"t=0s, distance_brown_horse_camera=16.288m   
t=1.0s, distance_brown_horse_camera=16.112m 
t=0s, distance_white_horse_camera=14.941m  
t=1.0s, distance_white_horse_camera=14.957m
t=0s, distance_rabbit_camera=14.257m  
t=1.0s, distance_rabbit_camera=14.412m",2.36
1626,simulation_0242,simulation,V3MC,24,DD,What is the average speed of the rabbit in m/s?,speed of the brown horse = 0.874m/s,"t=0s, distance_brown_horse_camera=16.288m   
t=1.0s, distance_brown_horse_camera=16.112m 
t=0s, distance_white_horse_camera=14.941m  
t=1.0s, distance_white_horse_camera=14.957m
t=0s, distance_rabbit_camera=14.257m  
t=1.0s, distance_rabbit_camera=14.412m",1.5
1627,simulation_0242,simulation,V3MC,24,DS,What is the length of the rabbit in meters?,speed of the brown horse = 0.874m/s,"t=0s, distance_brown_horse_camera=16.288m   
t=1.0s, distance_brown_horse_camera=16.112m 
t=0s, distance_white_horse_camera=14.941m  
t=1.0s, distance_white_horse_camera=14.957m
t=0s, distance_rabbit_camera=14.257m  
t=1.0s, distance_rabbit_camera=14.412m",0.42
1628,simulation_0247,simulation,V2MS,30,DS,What is the length of the rabbit in meters?,speed of the deer = 1.277m/s,"t=0s, distance_rabbit_camera=15.798m  
t=1.0s, distance_rabbit_camera=15.852m",0.37
1629,simulation_0247,simulation,V2MS,30,DS,What is the length of the deer in meters?,speed of the deer = 1.277m/s,"t=0s, distance_rabbit_camera=15.798m  
t=1.0s, distance_rabbit_camera=15.852m",2.1
1630,simulation_0247,simulation,V2MS,30,DD,What is the average speed of the rabbit in m/s?,speed of the deer = 1.277m/s,"t=0s, distance_rabbit_camera=15.798m  
t=1.0s, distance_rabbit_camera=15.852m",1.25
1631,simulation_0312,simulation,S3SX,24,SD,What is the average speed of the star from the beginning to the end in m/s?,height of the star = 0.2m,"t=1.0s, distance_star_camera = 6.552m
t=2.0s, distance_star_camera = 8.345m",2.15
1632,simulation_0312,simulation,S3SX,24,SS,What is the width of the star in meters?,height of the star = 0.2m,"t=1.0s, distance_star_camera = 6.552m
t=2.0s, distance_star_camera = 8.345m",0.15
1633,simulation_0312,simulation,S3SX,24,SS,What is the thickness of the star in meters?,height of the star = 0.2m,"t=1.0s, distance_star_camera = 6.552m
t=2.0s, distance_star_camera = 8.345m",0.07
1634,simulation_0009_segmented,segmentation,V3MX,24,DS,What is the length of the boat in meters?,speed of the boat = 1.5 m/s,"t=0s, distance_boat_camera =11.827 m
t=1s, distance_boat_camera = 13.154m
distance_pier_camera = 18.920m
distance_stairs_camera = 23.125m",2.3
1635,simulation_0009_segmented,segmentation,V3MX,24,DS,What is the width of the boat in meters?,speed of the boat = 1.5 m/s,"t=0s, distance_boat_camera =11.827 m
t=1s, distance_boat_camera = 13.154m
distance_pier_camera = 18.920m
distance_stairs_camera = 23.125m",0.7
1636,simulation_0009_segmented,segmentation,V3MX,24,DS,What is the height of the boat in meters?,speed of the boat = 1.5 m/s,"t=0s, distance_boat_camera =11.827 m
t=1s, distance_boat_camera = 13.154m
distance_pier_camera = 18.920m
distance_stairs_camera = 23.125m",0.4
1637,simulation_0009_segmented,segmentation,V3MX,24,DS,What is the width of the wooden pier in meters?,speed of the boat = 1.5 m/s,"t=0s, distance_boat_camera =11.827 m
t=1s, distance_boat_camera = 13.154m
distance_pier_camera = 18.920m
distance_stairs_camera = 23.125m",1.5
1638,simulation_0009_segmented,segmentation,V3MX,24,DS,What is the length of the pier from the shore-side edge to the water-side edge in meters?,speed of the boat = 1.5 m/s,"t=0s, distance_boat_camera =11.827 m
t=1s, distance_boat_camera = 13.154m
distance_pier_camera = 18.920m
distance_stairs_camera = 23.125m",4.4
1639,simulation_0009_segmented,segmentation,V3MX,24,DS,"When t=3s, what is the minimum distance from the outer end of the pier to the boat in meters?",speed of the boat = 1.5 m/s,"t=0s, distance_boat_camera =11.827 m
t=1s, distance_boat_camera = 13.154m
distance_pier_camera = 18.920m
distance_stairs_camera = 23.125m",3.2
1640,simulation_0009_segmented,segmentation,V3MX,24,DS,What is the width of the wooden steps in meters?,speed of the boat = 1.5 m/s,"t=0s, distance_boat_camera =11.827 m
t=1s, distance_boat_camera = 13.154m
distance_pier_camera = 18.920m
distance_stairs_camera = 23.125m",0.9
1641,simulation_0009_segmented,segmentation,V3MX,24,DS,What is the height of the pier deck above the water surface in meters?,speed of the boat = 1.5 m/s,"t=0s, distance_boat_camera =11.827 m
t=1s, distance_boat_camera = 13.154m
distance_pier_camera = 18.920m
distance_stairs_camera = 23.125m",0.6
1642,simulation_0009_segmented,segmentation,V3MX,24,DS,What is the height of the cabin floor above the ground in meters?,speed of the boat = 1.5 m/s,"t=0s, distance_boat_camera =11.827 m
t=1s, distance_boat_camera = 13.154m
distance_pier_camera = 18.920m
distance_stairs_camera = 23.125m",1.0
1643,simulation_0010_segmented,segmentation,V3MX,24,SS,What is the width between the two widest eaves of the small house in meters?,length of the bird = 1.19m,"t=0s, distance_bird_camera = 34.584m
t=1s, distance_bird_camera = 33.999m
distance_cart_camera = 30.374m
distance_house_camera = 55.083m",14.3
1644,simulation_0010_segmented,segmentation,V3MX,24,SS,What is the height of the house’s door in meters?,length of the bird = 1.19m,"t=0s, distance_bird_camera = 34.584m
t=1s, distance_bird_camera = 33.999m
distance_cart_camera = 30.374m
distance_house_camera = 55.083m",4.35
1645,simulation_0010_segmented,segmentation,V3MX,24,SS,What is the maximum height of the cart from the ground in meters?,length of the bird = 1.19m,"t=0s, distance_bird_camera = 34.584m
t=1s, distance_bird_camera = 33.999m
distance_cart_camera = 30.374m
distance_house_camera = 55.083m",2.13
1646,simulation_0010_segmented,segmentation,V3MX,24,SS,What is the diameter of the cart’s wheels in meters?,length of the bird = 1.19m,"t=0s, distance_bird_camera = 34.584m
t=1s, distance_bird_camera = 33.999m
distance_cart_camera = 30.374m
distance_house_camera = 55.083m",1.72
1647,simulation_0010_segmented,segmentation,V3MX,24,SD,What is the average flight speed of the bird in m/s?,length of the bird = 1.19m,"t=0s, distance_bird_camera = 34.584m
t=1s, distance_bird_camera = 33.999m
distance_cart_camera = 30.374m
distance_house_camera = 55.083m",4.5
1648,simulation_0012_segmented,segmentation,V2MX,24,DS,What is the width between the two widest eaves of the house in meters?,speed of the bird =6m/s,,15.2
1649,simulation_0012_segmented,segmentation,V2MX,24,DS,What is the length of the bird in meters?,speed of the bird =6m/s,,1.99
1650,simulation_0012_segmented,segmentation,V2MX,24,DS,How wide is the bird's wingspan when it spreads its wings in meters?,speed of the bird =6m/s,,3.8
1651,simulation_0017_segmented,segmentation,V3MX,33,DS,What is the height of the person in meters?,speed of the person = 1.3m/s,"t=0s, distance_human_camera = 5.424m
t=1s, distance_human_camera = 4.886m
distance_bench_camera = 2.267m
distance_the_pedestal_of_the_central _sculpture_and_camera = 5.963m
distance_the central_sculpture_camera = 5.962m
distance_the_freestanding_art_display_panel = 4.223m",1.9
1652,simulation_0017_segmented,segmentation,V3MX,33,DS,What is the width of the pedestal (square base) of the central sculpture in meters?,speed of the person = 1.3m/s,"t=0s, distance_human_camera = 5.424m
t=1s, distance_human_camera = 4.886m
distance_bench_camera = 2.267m
distance_the_pedestal_of_the_central _sculpture_and_camera = 5.963m
distance_the central_sculpture_camera = 5.962m
distance_the_freestanding_art_display_panel = 4.223m",1.7
1653,simulation_0017_segmented,segmentation,V3MX,33,DS,What is the height of the pedestal (square base) of the central sculpture in meters?,speed of the person = 1.3m/s,"t=0s, distance_human_camera = 5.424m
t=1s, distance_human_camera = 4.886m
distance_bench_camera = 2.267m
distance_the_pedestal_of_the_central _sculpture_and_camera = 5.963m
distance_the central_sculpture_camera = 5.962m
distance_the_freestanding_art_display_panel = 4.223m",1.0
1654,simulation_0017_segmented,segmentation,V3MX,33,DS,What is the height of the bench seat in the atrium in meters?,speed of the person = 1.3m/s,"t=0s, distance_human_camera = 5.424m
t=1s, distance_human_camera = 4.886m
distance_bench_camera = 2.267m
distance_the_pedestal_of_the_central _sculpture_and_camera = 5.963m
distance_the central_sculpture_camera = 5.962m
distance_the_freestanding_art_display_panel = 4.223m",0.67
1655,simulation_0017_segmented,segmentation,V3MX,33,DS,What is the length of the bench seat in the atrium in meters?,speed of the person = 1.3m/s,"t=0s, distance_human_camera = 5.424m
t=1s, distance_human_camera = 4.886m
distance_bench_camera = 2.267m
distance_the_pedestal_of_the_central _sculpture_and_camera = 5.963m
distance_the central_sculpture_camera = 5.962m
distance_the_freestanding_art_display_panel = 4.223m",2.58
1656,simulation_0017_segmented,segmentation,V3MX,33,DS,What is the height of the central sculpture itself (excluding the pedestal) in meters?,speed of the person = 1.3m/s,"t=0s, distance_human_camera = 5.424m
t=1s, distance_human_camera = 4.886m
distance_bench_camera = 2.267m
distance_the_pedestal_of_the_central _sculpture_and_camera = 5.963m
distance_the central_sculpture_camera = 5.962m
distance_the_freestanding_art_display_panel = 4.223m",1.7
1657,simulation_0017_segmented,segmentation,V3MX,33,DS,What is the width of the freestanding art display panel in meters?,speed of the person = 1.3m/s,"t=0s, distance_human_camera = 5.424m
t=1s, distance_human_camera = 4.886m
distance_bench_camera = 2.267m
distance_the_pedestal_of_the_central _sculpture_and_camera = 5.963m
distance_the central_sculpture_camera = 5.962m
distance_the_freestanding_art_display_panel = 4.223m",0.51
1658,simulation_0017_segmented,segmentation,V3MX,33,DS,What is the height of the freestanding art display panel in meters?,speed of the person = 1.3m/s,"t=0s, distance_human_camera = 5.424m
t=1s, distance_human_camera = 4.886m
distance_bench_camera = 2.267m
distance_the_pedestal_of_the_central _sculpture_and_camera = 5.963m
distance_the central_sculpture_camera = 5.962m
distance_the_freestanding_art_display_panel = 4.223m",0.71
1659,simulation_0019_segmented,segmentation,S3MX,33,SD,What is the average walking speed of the person in m/s?,height of the person = 1.87m,"t=0s, distance_human_camera = 6.84m
t=1s, distance_human_camera = 6.49m
distance_the_nearest_freestanding_art_display_panel = 11.042m
distance_the_pedestal_of_the_central_sculpture_and_camera = 5.085m
distance_the central_sculpture_camera = 5.085m",1.5
1660,simulation_0019_segmented,segmentation,S3MX,33,SS,What is the width of the pedestal (square base) of the central sculpture in meters?,height of the person = 1.87m,"t=0s, distance_human_camera = 6.84m
t=1s, distance_human_camera = 6.49m
distance_the_nearest_freestanding_art_display_panel = 11.042m
distance_the_pedestal_of_the_central_sculpture_and_camera = 5.085m
distance_the central_sculpture_camera = 5.085m",1.65
1661,simulation_0019_segmented,segmentation,S3MX,33,SS,What is the height of the pedestal (square base) of the central sculpture in meters?,height of the person = 1.87m,"t=0s, distance_human_camera = 6.84m
t=1s, distance_human_camera = 6.49m
distance_the_nearest_freestanding_art_display_panel = 11.042m
distance_the_pedestal_of_the_central_sculpture_and_camera = 5.085m
distance_the central_sculpture_camera = 5.085m",1.23
1662,simulation_0019_segmented,segmentation,S3MX,33,SS,What is the height of the central sculpture itself (excluding the pedestal) in meters?,height of the person = 1.87m,"t=0s, distance_human_camera = 6.84m
t=1s, distance_human_camera = 6.49m
distance_the_nearest_freestanding_art_display_panel = 11.042m
distance_the_pedestal_of_the_central_sculpture_and_camera = 5.085m
distance_the central_sculpture_camera = 5.085m",1.66
1663,simulation_0019_segmented,segmentation,S3MX,33,SS,What is the width of the freestanding art display panel in meters?,height of the person = 1.87m,"t=0s, distance_human_camera = 6.84m
t=1s, distance_human_camera = 6.49m
distance_the_nearest_freestanding_art_display_panel = 11.042m
distance_the_pedestal_of_the_central_sculpture_and_camera = 5.085m
distance_the central_sculpture_camera = 5.085m",1.2
1664,simulation_0019_segmented,segmentation,S3MX,33,SS,What is the height of the freestanding art display panel in meters?,height of the person = 1.87m,"t=0s, distance_human_camera = 6.84m
t=1s, distance_human_camera = 6.49m
distance_the_nearest_freestanding_art_display_panel = 11.042m
distance_the_pedestal_of_the_central_sculpture_and_camera = 5.085m
distance_the central_sculpture_camera = 5.085m",1.98
1665,simulation_0021_segmented,segmentation,S3MX,30,SD,What is the average walking speed of the person in m/s?,height of the person = 1.87m,"t=0s, distance_human_camera = 13.882m
t=1s, distance_human_camera = 13.768m
distance_fire_hydrant_camera = 12.565m
distance_streetlight_camera = 12.325m",0.5
1666,simulation_0021_segmented,segmentation,S3MX,30,SS,What is the height of the fire hydrant in meters?,height of the person = 1.87m,"t=0s, distance_human_camera = 13.882m
t=1s, distance_human_camera = 13.768m
distance_fire_hydrant_camera = 12.565m
distance_streetlight_camera = 12.325m",1.07
1667,simulation_0021_segmented,segmentation,S3MX,30,SS,What is the height of the streetlight in meters?,height of the person = 1.87m,"t=0s, distance_human_camera = 13.882m
t=1s, distance_human_camera = 13.768m
distance_fire_hydrant_camera = 12.565m
distance_streetlight_camera = 12.325m",4.37
1668,simulation_0022_segmented,segmentation,S3MX,24,SD,What is the average walking speed of the person in m/s?,length of the boat = 10m,"t=1s, distance_boat_camera = 148.7451 m
t=2s, distance_boat_camera = 146.9726 m",4.15
1669,simulation_0022_segmented,segmentation,S3MX,24,SS,What is the height of the boat in meters?,length of the boat = 10m,"t=1s, distance_boat_camera = 148.7451 m
t=2s, distance_boat_camera = 146.9726 m",9.8
1670,simulation_0022_segmented,segmentation,S3MX,24,SS,What is the length of the rock in meters?,length of the boat = 10m,"t=1s, distance_boat_camera = 148.7451 m
t=2s, distance_boat_camera = 146.9726 m",18.3
1671,simulation_0022_segmented,segmentation,S3MX,24,SS,What is the height of the rock in meters?,length of the boat = 10m,"t=1s, distance_boat_camera = 148.7451 m
t=2s, distance_boat_camera = 146.9726 m",4.3
1672,simulation_0023_segmented,segmentation,V3MX,24,DD,What is the average speed of the boat in m/s?,speed of the eagle = 11.84m/s,"t=1s, distance_eagle_camera = 116.0475m
t=2s, distance_eagle_camera = 108.2756m
t=1s, distance_boat_camera = 103.1570 m
t=2s, distance_boat_camera = 106.0906 m",4.06
1673,simulation_0023_segmented,segmentation,V3MX,24,DS,What is the height of the boat in meters?,speed of the eagle = 11.84m/s,"t=1s, distance_eagle_camera = 116.0475m
t=2s, distance_eagle_camera = 108.2756m
t=1s, distance_boat_camera = 103.1570 m
t=2s, distance_boat_camera = 106.0906 m",9.7
1674,simulation_0023_segmented,segmentation,V3MX,24,DS,What is the length of the boat in meters?,speed of the eagle = 11.84m/s,"t=1s, distance_eagle_camera = 116.0475m
t=2s, distance_eagle_camera = 108.2756m
t=1s, distance_boat_camera = 103.1570 m
t=2s, distance_boat_camera = 106.0906 m",7.5
1675,simulation_0023_segmented,segmentation,V3MX,24,DS,What is the length of the eagle in meters?,speed of the eagle = 11.84m/s,"t=1s, distance_eagle_camera = 116.0475m
t=2s, distance_eagle_camera = 108.2756m
t=1s, distance_boat_camera = 103.1570 m
t=2s, distance_boat_camera = 106.0906 m",0.9
1676,simulation_0023_segmented,segmentation,V3MX,24,DS,What is the eagle’s wingspan (the distance from the tip of one wing to the tip of the other when fully spread) in meters?,speed of the eagle = 11.84m/s,"t=1s, distance_eagle_camera = 116.0475m
t=2s, distance_eagle_camera = 108.2756m
t=1s, distance_boat_camera = 103.1570 m
t=2s, distance_boat_camera = 106.0906 m",1.2
1677,simulation_0024_segmented,segmentation,V3MX,24,DS,What is the height of the boat in meters?,speed of the boat = 4m/s,"t=1s, distance_boat_camera = 90.1103 m
t=2s, distance_boat_camera = 90.4360 m",9.0
1678,simulation_0024_segmented,segmentation,V3MX,24,DS,What is the length of the boat in meters?,speed of the boat = 4m/s,"t=1s, distance_boat_camera = 90.1103 m
t=2s, distance_boat_camera = 90.4360 m",10.0
1679,simulation_0024_segmented,segmentation,V3MX,24,DS,What is the width of the boat in meters?,speed of the boat = 4m/s,"t=1s, distance_boat_camera = 90.1103 m
t=2s, distance_boat_camera = 90.4360 m",3.5
1680,simulation_0024_segmented,segmentation,V3MX,24,DS,What is the length of the rock in meters?,speed of the boat = 4m/s,"t=1s, distance_boat_camera = 90.1103 m
t=2s, distance_boat_camera = 90.4360 m",16.0
1681,simulation_0024_segmented,segmentation,V3MX,24,DS,What is the height of the rock in meters?,speed of the boat = 4m/s,"t=1s, distance_boat_camera = 90.1103 m
t=2s, distance_boat_camera = 90.4360 m",7.2
1682,simulation_0024_segmented,segmentation,V3MX,24,DS,What is the width of the rock in meters?,speed of the boat = 4m/s,"t=1s, distance_boat_camera = 90.1103 m
t=2s, distance_boat_camera = 90.4360 m",10.0
1683,simulation_0025_segmented,segmentation,V3MX,24,DD,What is the average speed of the eagle in m/s?,speed of the person = 1.3m/s,"t=1s, distance_eagle_camera = 116.0475m
t=2s, distance_eagle_camera = 108.2756m
t=1s, distance_human_camera = 114.8319m
t=2s, distance_human_camera = 114.8356 m",26.8
1684,simulation_0025_segmented,segmentation,V3MX,24,DS,What is the length of the eagle in meters?,speed of the person = 1.3m/s,"t=1s, distance_eagle_camera = 116.0475m
t=2s, distance_eagle_camera = 108.2756m
t=1s, distance_human_camera = 114.8319m
t=2s, distance_human_camera = 114.8356 m",3.0
1685,simulation_0025_segmented,segmentation,V3MX,24,DS,What is the eagle’s wingspan (the distance from the tip of one wing to the tip of the other when fully spread) in meters?,speed of the person = 1.3m/s,"t=1s, distance_eagle_camera = 116.0475m
t=2s, distance_eagle_camera = 108.2756m
t=1s, distance_human_camera = 114.8319m
t=2s, distance_human_camera = 114.8356 m",4.0
1686,simulation_0025_segmented,segmentation,V3MX,24,DS,What is the height of the person in meters?,speed of the person = 1.3m/s,"t=1s, distance_eagle_camera = 116.0475m
t=2s, distance_eagle_camera = 108.2756m
t=1s, distance_human_camera = 114.8319m
t=2s, distance_human_camera = 114.8356 m",5.4
1687,simulation_0026_segmented,segmentation,S3MX,24,SS,What is the height of the boat in meters?,height of the person = 1.75m,"t=1s, distance_boat_camera = 103.1570 m
t=2s, distance_boat_camera = 106.0906 m
t=1s, distance_human_camera = 114.8319m
t=2s, distance_human_camera = 114.8356 m",10.8
1688,simulation_0026_segmented,segmentation,S3MX,24,SS,What is the length of the boat in meters?,height of the person = 1.75m,"t=1s, distance_boat_camera = 103.1570 m
t=2s, distance_boat_camera = 106.0906 m
t=1s, distance_human_camera = 114.8319m
t=2s, distance_human_camera = 114.8356 m",8.4
1689,simulation_0026_segmented,segmentation,S3MX,24,SD,What is the average speed of the person in m/s?,height of the person = 1.75m,"t=1s, distance_boat_camera = 103.1570 m
t=2s, distance_boat_camera = 106.0906 m
t=1s, distance_human_camera = 114.8319m
t=2s, distance_human_camera = 114.8356 m",0.49
1690,simulation_0027_segmented,segmentation,S3MX,24,SS,What is the length of the rock in meters?,height of the person = 1.75m,"t=1s, distance_human_camera = 100.5638m
t=2s, distance_human_camera = 100.5996m",18.8
1691,simulation_0027_segmented,segmentation,S3MX,24,SS,What is the height of the rock in meters?,height of the person = 1.75m,"t=1s, distance_human_camera = 100.5638m
t=2s, distance_human_camera = 100.5996m",8.45
1692,simulation_0027_segmented,segmentation,S3MX,24,SS,What is the width of the rock in meters?,height of the person = 1.75m,"t=1s, distance_human_camera = 100.5638m
t=2s, distance_human_camera = 100.5996m",8.0
1693,simulation_0027_segmented,segmentation,S3MX,24,SD,What is the speed of the person in m/s?,height of the person = 1.75m,"t=1s, distance_human_camera = 100.5638m
t=2s, distance_human_camera = 100.5996m",0.57
1694,simulation_0028_segmented,segmentation,S3MX,24,SS,What is the eagle’s wingspan (the distance from the tip of one wing to the tip of the other when fully spread) in meters?,length of the eagle = 0.8m,"t=1s, distance_eagle_camera = 100.1405m
t=2s, distance_eagle_camera = 99.5206m",1.9
1695,simulation_0028_segmented,segmentation,S3MX,24,SD,What is the average speed of the eagle in m/s?,length of the eagle = 0.8m,"t=1s, distance_eagle_camera = 100.1405m
t=2s, distance_eagle_camera = 99.5206m",13.3
1696,simulation_0028_segmented,segmentation,S3MX,24,SS,What is the length of the rock in meters?,length of the eagle = 0.8m,"t=1s, distance_eagle_camera = 100.1405m
t=2s, distance_eagle_camera = 99.5206m",20.7
1697,simulation_0028_segmented,segmentation,S3MX,24,SS,What is the height of the rock in meters?,length of the eagle = 0.8m,"t=1s, distance_eagle_camera = 100.1405m
t=2s, distance_eagle_camera = 99.5206m",9.4
1698,simulation_0028_segmented,segmentation,S3MX,24,SS,What is the width of the rock in meters?,length of the eagle = 0.8m,"t=1s, distance_eagle_camera = 100.1405m
t=2s, distance_eagle_camera = 99.5206m",8.3
1699,simulation_0029_segmented,segmentation,V3MX,24,DS,What is the length of the eagle in meters?,speed of the eagle = 12m/s,"t=1s, distance_boat_camera = 133.9572 m
t=2s, distance_boat_camera = 131.2557 m
t=1s, distance_eagle_camera = 139.7035m
t=2s, distance_eagle_camera = 147.1583m",0.82
1700,simulation_0029_segmented,segmentation,V3MX,24,DS,What is the height of the boat in meters?,speed of the eagle = 12m/s,"t=1s, distance_boat_camera = 133.9572 m
t=2s, distance_boat_camera = 131.2557 m
t=1s, distance_eagle_camera = 139.7035m
t=2s, distance_eagle_camera = 147.1583m",8.7
1701,simulation_0029_segmented,segmentation,V3MX,24,DS,What is the length of the boat in meters?,speed of the eagle = 12m/s,"t=1s, distance_boat_camera = 133.9572 m
t=2s, distance_boat_camera = 131.2557 m
t=1s, distance_eagle_camera = 139.7035m
t=2s, distance_eagle_camera = 147.1583m",8.2
1702,simulation_0029_segmented,segmentation,V3MX,24,DD,What is the average speed of the boat in m/s?,speed of the eagle = 12m/s,"t=1s, distance_boat_camera = 133.9572 m
t=2s, distance_boat_camera = 131.2557 m
t=1s, distance_eagle_camera = 139.7035m
t=2s, distance_eagle_camera = 147.1583m",4.2
1703,simulation_0031_segmented,segmentation,V3MX,24,DS,What is the height of the person in meters?,speed of the person = 1.3m/s,"t=1s, distance_boat_camera = 130.3493 m
t=2s, distance_boat_camera = 133.7433 m
t=1s, distance_human_camera = 139.9543 m
t=2s, distance_human_camera = 139.9833 m
t=1s, distance_eagle_camera = 139.7566 m
t=2s, distance_eagle_camera = 130.2468m",3.0
1704,simulation_0031_segmented,segmentation,V3MX,24,DS,What is the height of the boat in meters?,speed of the person = 1.3m/s,"t=1s, distance_boat_camera = 130.3493 m
t=2s, distance_boat_camera = 133.7433 m
t=1s, distance_human_camera = 139.9543 m
t=2s, distance_human_camera = 139.9833 m
t=1s, distance_eagle_camera = 139.7566 m
t=2s, distance_eagle_camera = 130.2468m",16.5
1705,simulation_0031_segmented,segmentation,V3MX,24,DS,What is the length of the boat in meters?,speed of the person = 1.3m/s,"t=1s, distance_boat_camera = 130.3493 m
t=2s, distance_boat_camera = 133.7433 m
t=1s, distance_human_camera = 139.9543 m
t=2s, distance_human_camera = 139.9833 m
t=1s, distance_eagle_camera = 139.7566 m
t=2s, distance_eagle_camera = 130.2468m",11.5
1706,simulation_0031_segmented,segmentation,V3MX,24,DS,What is the width of the boat in meters?,speed of the person = 1.3m/s,"t=1s, distance_boat_camera = 130.3493 m
t=2s, distance_boat_camera = 133.7433 m
t=1s, distance_human_camera = 139.9543 m
t=2s, distance_human_camera = 139.9833 m
t=1s, distance_eagle_camera = 139.7566 m
t=2s, distance_eagle_camera = 130.2468m",4.5
1707,simulation_0031_segmented,segmentation,V3MX,24,DD,What is the average speed of the boat in m/s?,speed of the person = 1.3m/s,"t=1s, distance_boat_camera = 130.3493 m
t=2s, distance_boat_camera = 133.7433 m
t=1s, distance_human_camera = 139.9543 m
t=2s, distance_human_camera = 139.9833 m
t=1s, distance_eagle_camera = 139.7566 m
t=2s, distance_eagle_camera = 130.2468m",3.6
1708,simulation_0031_segmented,segmentation,V3MX,24,DS,What is the length of the eagle in meters?,speed of the person = 1.3m/s,"t=1s, distance_boat_camera = 130.3493 m
t=2s, distance_boat_camera = 133.7433 m
t=1s, distance_human_camera = 139.9543 m
t=2s, distance_human_camera = 139.9833 m
t=1s, distance_eagle_camera = 139.7566 m
t=2s, distance_eagle_camera = 130.2468m",0.85
1709,simulation_0031_segmented,segmentation,V3MX,24,DD,What is the average speed of the eagle in m/s?,speed of the person = 1.3m/s,"t=1s, distance_boat_camera = 130.3493 m
t=2s, distance_boat_camera = 133.7433 m
t=1s, distance_human_camera = 139.9543 m
t=2s, distance_human_camera = 139.9833 m
t=1s, distance_eagle_camera = 139.7566 m
t=2s, distance_eagle_camera = 130.2468m",11.3
1710,simulation_0031_segmented,segmentation,V3MX,24,DS,What is the eagle’s wingspan (the distance from the tip of one wing to the tip of the other when fully spread) in meters?,speed of the person = 1.3m/s,"t=1s, distance_boat_camera = 130.3493 m
t=2s, distance_boat_camera = 133.7433 m
t=1s, distance_human_camera = 139.9543 m
t=2s, distance_human_camera = 139.9833 m
t=1s, distance_eagle_camera = 139.7566 m
t=2s, distance_eagle_camera = 130.2468m",2.4
1711,simulation_0032_segmented,segmentation,A3MX,30,DS,What is the height of the person in meters?,gravity acc = 9.8m/s^2,"t=1s, distance_ball_camera = 13.7978 m
t=2s, distance_ball_camera = 13.8028 m
t=1.5s, distance_orange_car_camera = 10.1755m
t=2s, distance_orange_car_camera = 10.4022m
t=2.5s, distance_green_car_camera = 4.3204m
t=3s, distance_green_car_camera = 6.9142m",15.7
1712,simulation_0032_segmented,segmentation,A3MX,30,DD,What is the initial velocity of the ball in m/s?,gravity acc = 9.8m/s^2,"t=1s, distance_ball_camera = 13.7978 m
t=2s, distance_ball_camera = 13.8028 m
t=1.5s, distance_orange_car_camera = 10.1755m
t=2s, distance_orange_car_camera = 10.4022m
t=2.5s, distance_green_car_camera = 4.3204m
t=3s, distance_green_car_camera = 6.9142m",25.0
1713,simulation_0032_segmented,segmentation,A3MX,30,DS,What is the diameter of the ball in meters?,gravity acc = 9.8m/s^2,"t=1s, distance_ball_camera = 13.7978 m
t=2s, distance_ball_camera = 13.8028 m
t=1.5s, distance_orange_car_camera = 10.1755m
t=2s, distance_orange_car_camera = 10.4022m
t=2.5s, distance_green_car_camera = 4.3204m
t=3s, distance_green_car_camera = 6.9142m",2.45
1714,simulation_0032_segmented,segmentation,A3MX,30,DD,What is the acceleration of the orange car at 2s in m/s^2?,gravity acc = 9.8m/s^2,"t=1s, distance_ball_camera = 13.7978 m
t=2s, distance_ball_camera = 13.8028 m
t=1.5s, distance_orange_car_camera = 10.1755m
t=2s, distance_orange_car_camera = 10.4022m
t=2.5s, distance_green_car_camera = 4.3204m
t=3s, distance_green_car_camera = 6.9142m",1.0
1715,simulation_0032_segmented,segmentation,A3MX,30,DD,What is the average speed of the green car in m/s?,gravity acc = 9.8m/s^2,"t=1s, distance_ball_camera = 13.7978 m
t=2s, distance_ball_camera = 13.8028 m
t=1.5s, distance_orange_car_camera = 10.1755m
t=2s, distance_orange_car_camera = 10.4022m
t=2.5s, distance_green_car_camera = 4.3204m
t=3s, distance_green_car_camera = 6.9142m",6.0
1716,simulation_0034_segmented,segmentation,S3MX,24,SD,What is the average speed of the boat in m/s?,height of the person = 1.75m,"t=1s, distance_boat_camera = 96.8995 m
t=2s, distance_boat_camera = 92.8490 m
t=1s, distance_human_camera = 92.1861m
t=2s, distance_human_camera = 92.1960 m
t=1s, distance_eagle_camera = 91.6867m
t=2s, distance_eagle_camera = 103.4262m",4.07
1717,simulation_0034_segmented,segmentation,S3MX,24,SS,What is the height of the boat in meters?,height of the person = 1.75m,"t=1s, distance_boat_camera = 96.8995 m
t=2s, distance_boat_camera = 92.8490 m
t=1s, distance_human_camera = 92.1861m
t=2s, distance_human_camera = 92.1960 m
t=1s, distance_eagle_camera = 91.6867m
t=2s, distance_eagle_camera = 103.4262m",9.15
1718,simulation_0034_segmented,segmentation,S3MX,24,SS,What is the width of the boat in meters?,height of the person = 1.75m,"t=1s, distance_boat_camera = 96.8995 m
t=2s, distance_boat_camera = 92.8490 m
t=1s, distance_human_camera = 92.1861m
t=2s, distance_human_camera = 92.1960 m
t=1s, distance_eagle_camera = 91.6867m
t=2s, distance_eagle_camera = 103.4262m",3.1
1719,simulation_0034_segmented,segmentation,S3MX,24,SD,What is the average speed of the person in m/s?,height of the person = 1.75m,"t=1s, distance_boat_camera = 96.8995 m
t=2s, distance_boat_camera = 92.8490 m
t=1s, distance_human_camera = 92.1861m
t=2s, distance_human_camera = 92.1960 m
t=1s, distance_eagle_camera = 91.6867m
t=2s, distance_eagle_camera = 103.4262m",1.26
1720,simulation_0034_segmented,segmentation,S3MX,24,SS,What is the eagle’s wingspan (the distance from the tip of one wing to the tip of the other when fully spread) in meters?,height of the person = 1.75m,"t=1s, distance_boat_camera = 96.8995 m
t=2s, distance_boat_camera = 92.8490 m
t=1s, distance_human_camera = 92.1861m
t=2s, distance_human_camera = 92.1960 m
t=1s, distance_eagle_camera = 91.6867m
t=2s, distance_eagle_camera = 103.4262m",1.55
1721,simulation_0034_segmented,segmentation,S3MX,24,SD,What is the average speed of the eagle in m/s?,height of the person = 1.75m,"t=1s, distance_boat_camera = 96.8995 m
t=2s, distance_boat_camera = 92.8490 m
t=1s, distance_human_camera = 92.1861m
t=2s, distance_human_camera = 92.1960 m
t=1s, distance_eagle_camera = 91.6867m
t=2s, distance_eagle_camera = 103.4262m",11.8
1722,simulation_0035_segmented,segmentation,S3MX,24,SD,What is the average speed of the person in m/s?,height of the person = 1.75m,"t=1s, distance_human_camera = 139.1030m
t=2s, distance_human_camera = 139.1044 m
t=1s, distance_eagle_camera = 139.7035m
t=2s, distance_eagle_camera = 147.1583m",1.1
1723,simulation_0035_segmented,segmentation,S3MX,24,SS,What is the eagle’s wingspan (the distance from the tip of one wing to the tip of the other when fully spread) in meters?,height of the person = 1.75m,"t=1s, distance_human_camera = 139.1030m
t=2s, distance_human_camera = 139.1044 m
t=1s, distance_eagle_camera = 139.7035m
t=2s, distance_eagle_camera = 147.1583m",1.2
1724,simulation_0035_segmented,segmentation,S3MX,24,SD,What is the average speed of the eagle in m/s?,height of the person = 1.75m,"t=1s, distance_human_camera = 139.1030m
t=2s, distance_human_camera = 139.1044 m
t=1s, distance_eagle_camera = 139.7035m
t=2s, distance_eagle_camera = 147.1583m",11.7
1725,simulation_0035_segmented,segmentation,S3MX,24,SS,What is the length of the eagle in meters?,height of the person = 1.75m,"t=1s, distance_human_camera = 139.1030m
t=2s, distance_human_camera = 139.1044 m
t=1s, distance_eagle_camera = 139.7035m
t=2s, distance_eagle_camera = 147.1583m",0.85
1726,simulation_0036_segmented,segmentation,S3MX,24,SS,What is the height of the boat in meters?,length of the boat = 10m,"t=1s, distance_boat_camera = 133.9572 m
t=2s, distance_boat_camera = 131.2557 m
t=1s, distance_human_camera = 139.1030m
t=2s, distance_human_camera = 139.1044 m",11.9
1727,simulation_0036_segmented,segmentation,S3MX,24,SS,What is the height of the person in meters?,length of the boat = 10m,"t=1s, distance_boat_camera = 133.9572 m
t=2s, distance_boat_camera = 131.2557 m
t=1s, distance_human_camera = 139.1030m
t=2s, distance_human_camera = 139.1044 m",2.05
1728,simulation_0036_segmented,segmentation,S3MX,24,SD,What is the average speed of the boat in m/s?,length of the boat = 10m,"t=1s, distance_boat_camera = 133.9572 m
t=2s, distance_boat_camera = 131.2557 m
t=1s, distance_human_camera = 139.1030m
t=2s, distance_human_camera = 139.1044 m",4.9
1729,simulation_0036_segmented,segmentation,S3MX,24,SD,What is the average speed of the person in m/s?,length of the boat = 10m,"t=1s, distance_boat_camera = 133.9572 m
t=2s, distance_boat_camera = 131.2557 m
t=1s, distance_human_camera = 139.1030m
t=2s, distance_human_camera = 139.1044 m",1.4
1730,simulation_0037_segmented,segmentation,V3MX,24,DS,What is the height of the person in meters?,speed of the person = 1.3m/s,"t=1s, distance_human_camera = 122.8569 m
t=2s, distance_human_camera = 122.8588 m",1.9
1731,simulation_0037_segmented,segmentation,V3MX,24,DS,What is the length of the rock in meters?,speed of the person = 1.3m/s,"t=1s, distance_human_camera = 122.8569 m
t=2s, distance_human_camera = 122.8588 m",21.9
1732,simulation_0037_segmented,segmentation,V3MX,24,DS,What is the height of the rock in meters?,speed of the person = 1.3m/s,"t=1s, distance_human_camera = 122.8569 m
t=2s, distance_human_camera = 122.8588 m",3.7
1733,simulation_0038_segmented,segmentation,V3MX,24,DS,What is the length of the rock in meters?,speed of the person = 1.3m/s,"t=1s, distance_human_camera = 179.0908m
t=2s, distance_human_camera = 179.1845m",28.2
1734,simulation_0038_segmented,segmentation,V3MX,24,DS,What is the width of the rock in meters?,speed of the person = 1.3m/s,"t=1s, distance_human_camera = 179.0908m
t=2s, distance_human_camera = 179.1845m",25.2
1735,simulation_0038_segmented,segmentation,V3MX,24,DS,What is the height of the person in meters?,speed of the person = 1.3m/s,"t=1s, distance_human_camera = 179.0908m
t=2s, distance_human_camera = 179.1845m",3.5
1736,simulation_0039_segmented,segmentation,V3MX,24,DS,What is the height of the person in meters?,speed of the boat = 4m/s,"t=1s, distance_boat_camera = 177.2077 m
t=2s, distance_boat_camera = 177.9993 m
t=1s, distance_human_camera = 182.9249 m
t=2s, distance_human_camera = 183.0167 m
t=1s, distance_eagle_camera = 179.2691 m
t=2s, distance_eagle_camera = 177.1009 m",1.27
1737,simulation_0039_segmented,segmentation,V3MX,24,DD,What is the average speed of the person in m/s?,speed of the boat = 4m/s,"t=1s, distance_boat_camera = 177.2077 m
t=2s, distance_boat_camera = 177.9993 m
t=1s, distance_human_camera = 182.9249 m
t=2s, distance_human_camera = 183.0167 m
t=1s, distance_eagle_camera = 179.2691 m
t=2s, distance_eagle_camera = 177.1009 m",1.1
1738,simulation_0039_segmented,segmentation,V3MX,24,DS,What is the height of the boat in meters?,speed of the boat = 4m/s,"t=1s, distance_boat_camera = 177.2077 m
t=2s, distance_boat_camera = 177.9993 m
t=1s, distance_human_camera = 182.9249 m
t=2s, distance_human_camera = 183.0167 m
t=1s, distance_eagle_camera = 179.2691 m
t=2s, distance_eagle_camera = 177.1009 m",5.0
1739,simulation_0039_segmented,segmentation,V3MX,24,DS,What is the length of the boat in meters?,speed of the boat = 4m/s,"t=1s, distance_boat_camera = 177.2077 m
t=2s, distance_boat_camera = 177.9993 m
t=1s, distance_human_camera = 182.9249 m
t=2s, distance_human_camera = 183.0167 m
t=1s, distance_eagle_camera = 179.2691 m
t=2s, distance_eagle_camera = 177.1009 m",10.6
1740,simulation_0039_segmented,segmentation,V3MX,24,DS,What is the width of the boat in meters?,speed of the boat = 4m/s,"t=1s, distance_boat_camera = 177.2077 m
t=2s, distance_boat_camera = 177.9993 m
t=1s, distance_human_camera = 182.9249 m
t=2s, distance_human_camera = 183.0167 m
t=1s, distance_eagle_camera = 179.2691 m
t=2s, distance_eagle_camera = 177.1009 m",3.1
1741,simulation_0039_segmented,segmentation,V3MX,24,DS,What is the length of the eagle in meters?,speed of the boat = 4m/s,"t=1s, distance_boat_camera = 177.2077 m
t=2s, distance_boat_camera = 177.9993 m
t=1s, distance_human_camera = 182.9249 m
t=2s, distance_human_camera = 183.0167 m
t=1s, distance_eagle_camera = 179.2691 m
t=2s, distance_eagle_camera = 177.1009 m",6.5
1742,simulation_0039_segmented,segmentation,V3MX,24,DS,What is the eagle’s wingspan (the distance from the tip of one wing to the tip of the other when fully spread) in meters?,speed of the boat = 4m/s,"t=1s, distance_boat_camera = 177.2077 m
t=2s, distance_boat_camera = 177.9993 m
t=1s, distance_human_camera = 182.9249 m
t=2s, distance_human_camera = 183.0167 m
t=1s, distance_eagle_camera = 179.2691 m
t=2s, distance_eagle_camera = 177.1009 m",16.0
1743,simulation_0039_segmented,segmentation,V3MX,24,DD,What is the average speed of the eagle in m/s?,speed of the boat = 4m/s,"t=1s, distance_boat_camera = 177.2077 m
t=2s, distance_boat_camera = 177.9993 m
t=1s, distance_human_camera = 182.9249 m
t=2s, distance_human_camera = 183.0167 m
t=1s, distance_eagle_camera = 179.2691 m
t=2s, distance_eagle_camera = 177.1009 m",2.2
1744,simulation_0041_segmented,segmentation,S2MX,24,SS,What is the height of the boat in meters?,height of the person = 1.75m,,8.5
1745,simulation_0041_segmented,segmentation,S2MX,24,SS,What is the length of the boat in meters?,height of the person = 1.75m,,15.0
1746,simulation_0041_segmented,segmentation,S2MX,24,SS,What is the width of the boat in meters?,height of the person = 1.75m,,4.5
1747,simulation_0041_segmented,segmentation,S2MX,24,SD,What is the average speed of the boat in m/s?,height of the person = 1.75m,,5.9
1748,simulation_0041_segmented,segmentation,S2MX,24,SD,What is the average speed of the person in m/s?,height of the person = 1.75m,,1.54
1749,simulation_0043_segmented,segmentation,S3MX,24,SS,What is the height of the boat in meters?,length of the boat = 10m,"t=1s, distance_boat_camera = 173.7093 m
t=2s, distance_boat_camera = 174.5515 m",4.7
1750,simulation_0043_segmented,segmentation,S3MX,24,SS,What is the width of the boat in meters?,length of the boat = 10m,"t=1s, distance_boat_camera = 173.7093 m
t=2s, distance_boat_camera = 174.5515 m",2.8
1751,simulation_0043_segmented,segmentation,S3MX,24,SD,What is the average speed of the boat in m/s?,length of the boat = 10m,"t=1s, distance_boat_camera = 173.7093 m
t=2s, distance_boat_camera = 174.5515 m",3.9
1752,simulation_0043_segmented,segmentation,S3MX,24,SS,What is the width of the rock in meters?,length of the boat = 10m,"t=1s, distance_boat_camera = 173.7093 m
t=2s, distance_boat_camera = 174.5515 m",22.0
1753,simulation_0048_segmented,segmentation,S3MX,33,SD,What is the average speed of the walking person in m/s?,height of the walking person = 1.8m,"t=1s, distance_bike_camera = 16.4919m
t=2s, distance_bike_camera = 11.9277m
t=1s, distance_human_camera = 11.9259m
t=2s, distance_human_camera = 10.8165m",1.12
1754,simulation_0048_segmented,segmentation,S3MX,33,SS,What is the width of the telephone booth in meters?,height of the walking person = 1.8m,"t=1s, distance_bike_camera = 16.4919m
t=2s, distance_bike_camera = 11.9277m
t=1s, distance_human_camera = 11.9259m
t=2s, distance_human_camera = 10.8165m",1.0
1755,simulation_0048_segmented,segmentation,S3MX,33,SS,What is the distance between the left pillar of the near door and the right pillar of the far door in meters?,height of the walking person = 1.8m,"t=1s, distance_bike_camera = 16.4919m
t=2s, distance_bike_camera = 11.9277m
t=1s, distance_human_camera = 11.9259m
t=2s, distance_human_camera = 10.8165m",0.95
1756,simulation_0048_segmented,segmentation,S3MX,33,SS,"What is the height of the moving bicycle (from the handlebar to the ground, including below the wheel) in meters?",height of the walking person = 1.8m,"t=1s, distance_bike_camera = 16.4919m
t=2s, distance_bike_camera = 11.9277m
t=1s, distance_human_camera = 11.9259m
t=2s, distance_human_camera = 10.8165m",1.66
1757,simulation_0048_segmented,segmentation,S3MX,33,SD,What is the average speed of the moving bicycle in m/s?,height of the walking person = 1.8m,"t=1s, distance_bike_camera = 16.4919m
t=2s, distance_bike_camera = 11.9277m
t=1s, distance_human_camera = 11.9259m
t=2s, distance_human_camera = 10.8165m",4.57
1758,simulation_0048_segmented,segmentation,S3MX,33,SS,What is the diameter of the wheel of the moving bicycle in meters?,height of the walking person = 1.8m,"t=1s, distance_bike_camera = 16.4919m
t=2s, distance_bike_camera = 11.9277m
t=1s, distance_human_camera = 11.9259m
t=2s, distance_human_camera = 10.8165m",0.95
1759,simulation_0057_segmented,segmentation,A2MX,30,DS,What is the length of the orange car in meters?,acceleration of the orange car = -2.86m/s^2,,5.3
1760,simulation_0057_segmented,segmentation,A2MX,30,DS,What is the distance between the two streetlights in meters?,acceleration of the orange car = -2.86m/s^2,,9.67
1761,simulation_0057_segmented,segmentation,A2MX,30,DS,What is the width of the orange car in meters?,acceleration of the orange car = -2.86m/s^2,,2.09
1762,simulation_0066_segmented,segmentation,A3MX,24,DD,What is the average speed of the yellow car in m/s?,acceleration of the white car = 4m/s^2,"t=0.58s, distance_human_camera = 21.0610m
t=1.58s, distance_human_camera = 21.3488m
t=0.58s, distance_yellow_car_camera = 19.6514m
t=1.58s, distance_yellow_car_camera = 16.5490m
t=0.58s, distance_white_car_camera = 23.5892m
t=1.58s, distance_white_car_camera = 19.9903m
t=0.58s, distance_bike_camera = 19.0650m
t=1.58s, distance_bike_camera = 14.6515m",3.9
1763,simulation_0066_segmented,segmentation,A3MX,24,DS,What is the width of the lane in meters?,acceleration of the white car = 4m/s^2,"t=0.58s, distance_human_camera = 21.0610m
t=1.58s, distance_human_camera = 21.3488m
t=0.58s, distance_yellow_car_camera = 19.6514m
t=1.58s, distance_yellow_car_camera = 16.5490m
t=0.58s, distance_white_car_camera = 23.5892m
t=1.58s, distance_white_car_camera = 19.9903m
t=0.58s, distance_bike_camera = 19.0650m
t=1.58s, distance_bike_camera = 14.6515m",3.5
1764,simulation_0066_segmented,segmentation,A3MX,24,DS,What is the width of the white car in meters?,acceleration of the white car = 4m/s^2,"t=0.58s, distance_human_camera = 21.0610m
t=1.58s, distance_human_camera = 21.3488m
t=0.58s, distance_yellow_car_camera = 19.6514m
t=1.58s, distance_yellow_car_camera = 16.5490m
t=0.58s, distance_white_car_camera = 23.5892m
t=1.58s, distance_white_car_camera = 19.9903m
t=0.58s, distance_bike_camera = 19.0650m
t=1.58s, distance_bike_camera = 14.6515m",1.95
1765,simulation_0066_segmented,segmentation,A3MX,24,DS,What is the length of the white car in meters?,acceleration of the white car = 4m/s^2,"t=0.58s, distance_human_camera = 21.0610m
t=1.58s, distance_human_camera = 21.3488m
t=0.58s, distance_yellow_car_camera = 19.6514m
t=1.58s, distance_yellow_car_camera = 16.5490m
t=0.58s, distance_white_car_camera = 23.5892m
t=1.58s, distance_white_car_camera = 19.9903m
t=0.58s, distance_bike_camera = 19.0650m
t=1.58s, distance_bike_camera = 14.6515m",5.3
1766,simulation_0066_segmented,segmentation,A3MX,24,DS,What is the height of the white car in meters?,acceleration of the white car = 4m/s^2,"t=0.58s, distance_human_camera = 21.0610m
t=1.58s, distance_human_camera = 21.3488m
t=0.58s, distance_yellow_car_camera = 19.6514m
t=1.58s, distance_yellow_car_camera = 16.5490m
t=0.58s, distance_white_car_camera = 23.5892m
t=1.58s, distance_white_car_camera = 19.9903m
t=0.58s, distance_bike_camera = 19.0650m
t=1.58s, distance_bike_camera = 14.6515m",2.05
1767,simulation_0066_segmented,segmentation,A3MX,24,DS,What is the length of the turning yellow car in meters?,acceleration of the white car = 4m/s^2,"t=0.58s, distance_human_camera = 21.0610m
t=1.58s, distance_human_camera = 21.3488m
t=0.58s, distance_yellow_car_camera = 19.6514m
t=1.58s, distance_yellow_car_camera = 16.5490m
t=0.58s, distance_white_car_camera = 23.5892m
t=1.58s, distance_white_car_camera = 19.9903m
t=0.58s, distance_bike_camera = 19.0650m
t=1.58s, distance_bike_camera = 14.6515m",5.1
1768,simulation_0066_segmented,segmentation,A3MX,24,DS,What is the height of the turning yellow car in meters?,acceleration of the white car = 4m/s^2,"t=0.58s, distance_human_camera = 21.0610m
t=1.58s, distance_human_camera = 21.3488m
t=0.58s, distance_yellow_car_camera = 19.6514m
t=1.58s, distance_yellow_car_camera = 16.5490m
t=0.58s, distance_white_car_camera = 23.5892m
t=1.58s, distance_white_car_camera = 19.9903m
t=0.58s, distance_bike_camera = 19.0650m
t=1.58s, distance_bike_camera = 14.6515m",1.5
1769,simulation_0066_segmented,segmentation,A3MX,24,DS,What is the width of the turning yellow car in meters?,acceleration of the white car = 4m/s^2,"t=0.58s, distance_human_camera = 21.0610m
t=1.58s, distance_human_camera = 21.3488m
t=0.58s, distance_yellow_car_camera = 19.6514m
t=1.58s, distance_yellow_car_camera = 16.5490m
t=0.58s, distance_white_car_camera = 23.5892m
t=1.58s, distance_white_car_camera = 19.9903m
t=0.58s, distance_bike_camera = 19.0650m
t=1.58s, distance_bike_camera = 14.6515m",1.95
1770,simulation_0066_segmented,segmentation,A3MX,24,DS,What is the diameter of the bicycle wheel in meters?,acceleration of the white car = 4m/s^2,"t=0.58s, distance_human_camera = 21.0610m
t=1.58s, distance_human_camera = 21.3488m
t=0.58s, distance_yellow_car_camera = 19.6514m
t=1.58s, distance_yellow_car_camera = 16.5490m
t=0.58s, distance_white_car_camera = 23.5892m
t=1.58s, distance_white_car_camera = 19.9903m
t=0.58s, distance_bike_camera = 19.0650m
t=1.58s, distance_bike_camera = 14.6515m",0.58
1771,simulation_0066_segmented,segmentation,A3MX,24,DD,What is the average speed of the walking pedestrian in m/s?,acceleration of the white car = 4m/s^2,"t=0.58s, distance_human_camera = 21.0610m
t=1.58s, distance_human_camera = 21.3488m
t=0.58s, distance_yellow_car_camera = 19.6514m
t=1.58s, distance_yellow_car_camera = 16.5490m
t=0.58s, distance_white_car_camera = 23.5892m
t=1.58s, distance_white_car_camera = 19.9903m
t=0.58s, distance_bike_camera = 19.0650m
t=1.58s, distance_bike_camera = 14.6515m",1.55
1772,simulation_0066_segmented,segmentation,A3MX,24,DS,What is the height of the walking pedestrian in meters?,acceleration of the white car = 4m/s^2,"t=0.58s, distance_human_camera = 21.0610m
t=1.58s, distance_human_camera = 21.3488m
t=0.58s, distance_yellow_car_camera = 19.6514m
t=1.58s, distance_yellow_car_camera = 16.5490m
t=0.58s, distance_white_car_camera = 23.5892m
t=1.58s, distance_white_car_camera = 19.9903m
t=0.58s, distance_bike_camera = 19.0650m
t=1.58s, distance_bike_camera = 14.6515m",1.8
1773,simulation_0066_segmented,segmentation,A3MX,24,DD,What is the average speed of the bicycle in m/s?,acceleration of the white car = 4m/s^2,"t=0.58s, distance_human_camera = 21.0610m
t=1.58s, distance_human_camera = 21.3488m
t=0.58s, distance_yellow_car_camera = 19.6514m
t=1.58s, distance_yellow_car_camera = 16.5490m
t=0.58s, distance_white_car_camera = 23.5892m
t=1.58s, distance_white_car_camera = 19.9903m
t=0.58s, distance_bike_camera = 19.0650m
t=1.58s, distance_bike_camera = 14.6515m",5.2
1774,simulation_0066_segmented,segmentation,A3MX,24,DS,What is the width of the green car in meters?,acceleration of the white car = 4m/s^2,"t=0.58s, distance_human_camera = 21.0610m
t=1.58s, distance_human_camera = 21.3488m
t=0.58s, distance_yellow_car_camera = 19.6514m
t=1.58s, distance_yellow_car_camera = 16.5490m
t=0.58s, distance_white_car_camera = 23.5892m
t=1.58s, distance_white_car_camera = 19.9903m
t=0.58s, distance_bike_camera = 19.0650m
t=1.58s, distance_bike_camera = 14.6515m",1.8
1775,simulation_0066_segmented,segmentation,A3MX,24,DS,What is the length of the green car in meters?,acceleration of the white car = 4m/s^2,"t=0.58s, distance_human_camera = 21.0610m
t=1.58s, distance_human_camera = 21.3488m
t=0.58s, distance_yellow_car_camera = 19.6514m
t=1.58s, distance_yellow_car_camera = 16.5490m
t=0.58s, distance_white_car_camera = 23.5892m
t=1.58s, distance_white_car_camera = 19.9903m
t=0.58s, distance_bike_camera = 19.0650m
t=1.58s, distance_bike_camera = 14.6515m",4.4
1776,simulation_0066_segmented,segmentation,A3MX,24,DS,What is the height of the green car in meters?,acceleration of the white car = 4m/s^2,"t=0.58s, distance_human_camera = 21.0610m
t=1.58s, distance_human_camera = 21.3488m
t=0.58s, distance_yellow_car_camera = 19.6514m
t=1.58s, distance_yellow_car_camera = 16.5490m
t=0.58s, distance_white_car_camera = 23.5892m
t=1.58s, distance_white_car_camera = 19.9903m
t=0.58s, distance_bike_camera = 19.0650m
t=1.58s, distance_bike_camera = 14.6515m",1.4
1777,simulation_0066_segmented,segmentation,A3MX,24,DS,What is the width of the purple car in meters?,acceleration of the white car = 4m/s^2,"t=0.58s, distance_human_camera = 21.0610m
t=1.58s, distance_human_camera = 21.3488m
t=0.58s, distance_yellow_car_camera = 19.6514m
t=1.58s, distance_yellow_car_camera = 16.5490m
t=0.58s, distance_white_car_camera = 23.5892m
t=1.58s, distance_white_car_camera = 19.9903m
t=0.58s, distance_bike_camera = 19.0650m
t=1.58s, distance_bike_camera = 14.6515m",1.85
1778,simulation_0066_segmented,segmentation,A3MX,24,DS,What is the height of the purple car in meters?,acceleration of the white car = 4m/s^2,"t=0.58s, distance_human_camera = 21.0610m
t=1.58s, distance_human_camera = 21.3488m
t=0.58s, distance_yellow_car_camera = 19.6514m
t=1.58s, distance_yellow_car_camera = 16.5490m
t=0.58s, distance_white_car_camera = 23.5892m
t=1.58s, distance_white_car_camera = 19.9903m
t=0.58s, distance_bike_camera = 19.0650m
t=1.58s, distance_bike_camera = 14.6515m",1.45
1779,simulation_0068_segmented,segmentation,A2MX,24,DD,What is the average speed of the yellow car in m/s?,acceleration of the white car = 4m/s^2,,3.94
1780,simulation_0068_segmented,segmentation,A2MX,24,DS,What is the length of the turning yellow car in meters?,acceleration of the white car = 4m/s^2,,5.29
1781,simulation_0068_segmented,segmentation,A2MX,24,DS,What is the width of the turning yellow car in meters?,acceleration of the white car = 4m/s^2,,2.0
1782,simulation_0068_segmented,segmentation,A2MX,24,DS,What is the width of the white car in meters?,acceleration of the white car = 4m/s^2,,2.15
1783,simulation_0068_segmented,segmentation,A2MX,24,DS,What is the length of the white car in meters?,acceleration of the white car = 4m/s^2,,5.85
1784,simulation_0098_segmented,segmentation,V2MX,24,DD,What is the average speed of the boat in m/s?,speed of the shark = 3m/s,,4.97
1785,simulation_0098_segmented,segmentation,V2MX,24,DS,What is the length of the boat in meters?,speed of the shark = 3m/s,,10.05
1786,simulation_0098_segmented,segmentation,V2MX,24,DS,What is the length of the shark in meters?,speed of the shark = 3m/s,,3.27
1787,simulation_0098_segmented,segmentation,V2MX,24,DS,What is the height of the shark in meters?,speed of the shark = 3m/s,,1.19
1788,simulation_0099_segmented,segmentation,S2MX,24,SD,What is the average speed of the boat in m/s?,length of the boat = 10m,,4.93
1789,simulation_0099_segmented,segmentation,S2MX,24,SD,What is the average speed of the shark in m/s?,length of the boat = 10m,,2.95
1790,simulation_0099_segmented,segmentation,S2MX,24,SS,What is the length of the shark in meters?,length of the boat = 10m,,3.2
1791,simulation_0099_segmented,segmentation,S2MX,24,SS,What is the height of the shark in meters?,length of the boat = 10m,,1.18
1792,simulation_0100_segmented,segmentation,S2MX,24,SD,What is the average speed of the boat in m/s?,length of the boat = 10m,,4.93
1793,simulation_0100_segmented,segmentation,S2MX,24,SD,What is the average speed of the shark in m/s?,length of the boat = 10m,,2.97
1794,simulation_0100_segmented,segmentation,S2MX,24,SS,What is the length of the shark in meters?,length of the boat = 10m,,3.24
1795,simulation_0100_segmented,segmentation,S2MX,24,SS,What is the height of the shark in meters?,length of the boat = 10m,,1.18
1796,simulation_0101_segmented,segmentation,A2MX,24,DD,What is the initial speed of the shark in m/s?,acceleration of the shark = 1m/s^2,,1.78
1797,simulation_0101_segmented,segmentation,A2MX,24,DD,What is the average speed of the boat in m/s?,acceleration of the shark = 1m/s^2,,4.65
1798,simulation_0101_segmented,segmentation,A2MX,24,DS,What is the length of the boat in meters?,acceleration of the shark = 1m/s^2,,9.4
1799,simulation_0101_segmented,segmentation,A2MX,24,DS,What is the length of the shark in meters?,acceleration of the shark = 1m/s^2,,3.07
1800,simulation_0101_segmented,segmentation,A2MX,24,DS,What is the height of the shark in meters?,acceleration of the shark = 1m/s^2,,1.11
1801,simulation_0102_segmented,segmentation,A2MX,24,DD,What is the initial speed of the shark in m/s?,acceleration of the shark = 1m/s^2,,1.7
1802,simulation_0102_segmented,segmentation,A2MX,24,DD,What is the average speed of the boat in m/s?,acceleration of the shark = 1m/s^2,,4.55
1803,simulation_0102_segmented,segmentation,A2MX,24,DS,What is the length of the boat in meters?,acceleration of the shark = 1m/s^2,,9.2
1804,simulation_0102_segmented,segmentation,A2MX,24,DS,What is the length of the shark in meters?,acceleration of the shark = 1m/s^2,,2.94
1805,simulation_0102_segmented,segmentation,A2MX,24,DS,What is the height of the shark in meters?,acceleration of the shark = 1m/s^2,,1.08
1806,simulation_0102_segmented,segmentation,A2MX,24,DS,What is the distance between the shark and the boat at 0.5 s in meters?,acceleration of the shark = 1m/s^2,,5.07
1807,simulation_0103_segmented,segmentation,A2MX,24,DD,What is the initial speed of the shark in m/s?,acceleration of the shark = 1m/s^2,,1.65
1808,simulation_0103_segmented,segmentation,A2MX,24,DD,What is the average speed of the boat in m/s?,acceleration of the shark = 1m/s^2,,4.42
1809,simulation_0103_segmented,segmentation,A2MX,24,DS,What is the length of the boat in meters?,acceleration of the shark = 1m/s^2,,8.96
1810,simulation_0103_segmented,segmentation,A2MX,24,DS,What is the length of the shark in meters?,acceleration of the shark = 1m/s^2,,2.92
1811,simulation_0103_segmented,segmentation,A2MX,24,DS,What is the height of the shark in meters?,acceleration of the shark = 1m/s^2,,1.06
1812,simulation_0103_segmented,segmentation,A2MX,24,DS,What is the distance between the shark and the boat at 0.5 s in meters?,acceleration of the shark = 1m/s^2,,14.3
1813,simulation_0112_segmented,segmentation,V2MX,24,DS,What is the height of the car in meters?,speed of the car = 6.66m/s,,1.28
1814,simulation_0112_segmented,segmentation,V2MX,24,DS,What is the diameter of the wheel in meters?,speed of the car = 6.66m/s,,0.67
1815,simulation_0112_segmented,segmentation,V2MX,24,DS,What is the length of the car in meters?,speed of the car = 6.66m/s,,4.3
1816,simulation_0114_segmented,segmentation,A2SX,24,DS,What is the width of the plane in meters?,acceleration of the plane = 18m/s^2,,8.8
1817,simulation_0114_segmented,segmentation,A2SX,24,DS,What is the length of the plane in meters?,acceleration of the plane = 18m/s^2,,5.75
1818,simulation_0114_segmented,segmentation,A2SX,24,DD,What is the speed of the plane at 1.5s in m/s?,acceleration of the plane = 18m/s^2,,27.0
1819,simulation_0115_segmented,segmentation,A2MX,24,DS,What is the length of the boat in meters?,acceleration of the boat = 3m/s^2,,5.0
1820,simulation_0115_segmented,segmentation,A2MX,24,DS,What is the width of the boat in meters?,acceleration of the boat = 3m/s^2,,1.85
1821,simulation_0115_segmented,segmentation,A2MX,24,DD,What is the velocity of the boat at 1s in m/s?,acceleration of the boat = 3m/s^2,,5.15
1822,simulation_0115_segmented,segmentation,A2MX,24,DS,What is the length of the wooden dock beside the boat in meters?,acceleration of the boat = 3m/s^2,,12.7
1823,simulation_0115_segmented,segmentation,A2MX,24,DS,What is the width of the wooden dock beside the boat in meters?,acceleration of the boat = 3m/s^2,,2.4
1824,simulation_0116_segmented,segmentation,A2MX,24,DS,What is the length of the football in meters?,gravity acc = 9.8m/s^2,,0.37
1825,simulation_0116_segmented,segmentation,A2MX,24,DS,What is the width of the football in meters?,gravity acc = 9.8m/s^2,,0.25
1826,simulation_0116_segmented,segmentation,A2MX,24,DS,What is the height of each door in meters?,gravity acc = 9.8m/s^2,,1.86
1827,simulation_0116_segmented,segmentation,A2MX,24,DS,What is the width of each door in meters?,gravity acc = 9.8m/s^2,,0.86
1828,simulation_0116_segmented,segmentation,A2MX,24,DD,What is the speed of the football at 0.5s in m/s?,gravity acc = 9.8m/s^2,,4.9
1829,simulation_0121_segmented,segmentation,S2MX,30,SD,What is the speed of the left first ball at 0.5s in m/s?,diameter of the ball = 2m,,6.5
1830,simulation_0121_segmented,segmentation,S2MX,30,SD,What is the speed of the left first ball at 1s in m/s?,diameter of the ball = 2m,,0.4
1831,simulation_0121_segmented,segmentation,S2MX,30,SD,What is the speed of the right last ball at 2s in m/s?,diameter of the ball = 2m,,2.75
1832,simulation_0123_segmented,segmentation,V2MX,24,DS,What is the length of the rolling cup in meters?,speed of the cup = 0.338m/s,,0.074
1833,simulation_0123_segmented,segmentation,V2MX,24,DS,What is the diameter of the rolling cup in meters?,speed of the cup = 0.338m/s,,0.041
1834,simulation_0123_segmented,segmentation,V2MX,24,DS,What is the length of the toothbrush lying on the sink in meters?,speed of the cup = 0.338m/s,,0.108
1835,simulation_0123_segmented,segmentation,V2MX,24,DS,What is the diameter of the cup with the toothbrush in meters?,speed of the cup = 0.338m/s,,0.037
1836,simulation_0123_segmented,segmentation,V2MX,24,DS,What is the length of the bottom towel of the three stacked towels on the sink in meters?,speed of the cup = 0.338m/s,,0.351
1837,simulation_0123_segmented,segmentation,V2MX,24,DS,What is the width of the bottom towel of the three stacked towels on the sink in meters?,speed of the cup = 0.338m/s,,0.172
1838,simulation_0124_segmented,segmentation,V2MX,24,DD,What is the average speed of the grey and red car in m/s?,speed of the black car = 26.085m/s,,21.45
1839,simulation_0124_segmented,segmentation,V2MX,24,DS,What is the length of the grey and red car in meters?,speed of the black car = 26.085m/s,,4.65
1840,simulation_0124_segmented,segmentation,V2MX,24,DS,What is the width of the grey and red car in meters?,speed of the black car = 26.085m/s,,2.08
1841,simulation_0124_segmented,segmentation,V2MX,24,DS,What is the length of the black car in meters?,speed of the black car = 26.085m/s,,4.42
1842,simulation_0124_segmented,segmentation,V2MX,24,DS,What is the width of the black car in meters?,speed of the black car = 26.085m/s,,1.93
1843,simulation_0124_segmented,segmentation,V2MX,24,DS,What is the horizontal distance between the two cars at 1 s in meters?,speed of the black car = 26.085m/s,,0.1
1844,simulation_0124_segmented,segmentation,V2MX,24,DS,What is the smallest horizontal distance between the two cars in meters?,speed of the black car = 26.085m/s,,0.05
1845,simulation_0128_segmented,segmentation,A2MX,24,DS,What is the diameter of the ball in meters?,gravity acc = 9.8m/s^2,,0.39
1846,simulation_0129_segmented,segmentation,A2MX,24,DS,What is the diameter of the ball in meters?,gravity acc = 9.8m/s^2,,0.5
1847,simulation_0129_segmented,segmentation,A2MX,24,DS,What is the length of the forklift in meters?,gravity acc = 9.8m/s^2,,4.67
1848,simulation_0129_segmented,segmentation,A2MX,24,DS,What is the height of the forklift in meters?,gravity acc = 9.8m/s^2,,3.6
1849,simulation_0145_segmented,segmentation,S2MX,24,SS,What is the diameter of the tire in meters?,length of the rocket = 2.9m,,1.35
1850,simulation_0145_segmented,segmentation,S2MX,24,SD,What is the average speed of the rocket in m/s?,length of the rocket = 2.9m,,15.4
1851,simulation_0145_segmented,segmentation,S2MX,24,SD,What is the speed of the rocket at time 1s in m/s?,length of the rocket = 2.9m,,19.8
1852,simulation_0145_segmented,segmentation,S2MX,24,SD,What is the acceleration of the rocket at time 1s in m/s^2?,length of the rocket = 2.9m,,16.0
1853,simulation_0153_segmented,segmentation,S2SX,24,SS,What is the length of the blue car in meters (including the extending wire)?,diameter of the tire of the blue car = 0.369m,,1.92
1854,simulation_0153_segmented,segmentation,S2SX,24,SD,What is the speed of the blue car at time 1s in m/s?,diameter of the tire of the blue car = 0.369m,,3.95
1855,simulation_0153_segmented,segmentation,S2SX,24,SD,What is the acceleration of the blue car at time 1s in m/s^2?,diameter of the tire of the blue car = 0.369m,,1.0
1856,simulation_0153_segmented,segmentation,S2SX,24,SD,What is the speed of the blue car at time 1.5s in m/s?,diameter of the tire of the blue car = 0.369m,,3.95
1857,simulation_0153_segmented,segmentation,S2SX,24,SD,What is the acceleration of the blue car at time 1.5s in m/s^2?,diameter of the tire of the blue car = 0.369m,,0.3
1858,simulation_0169_segmented,segmentation,S2SX,24,SD,What is the speed of the astronaut at time 0.5s in m/s?,height of the astronaut = 2.2m,,1.3
1859,simulation_0169_segmented,segmentation,S2SX,24,SD,What is the acceleration of the astronaut at time 0.5s in m/s^2?,height of the astronaut = 2.2m,,2.8
1860,simulation_0169_segmented,segmentation,S2SX,24,SD,What is the speed of the astronaut at time 1s in m/s?,height of the astronaut = 2.2m,,2.55
1861,simulation_0169_segmented,segmentation,S2SX,24,SD,What is the acceleration of the astronaut at time 1s in m/s^2?,height of the astronaut = 2.2m,,0.8
1862,simulation_0169_segmented,segmentation,S2SX,24,SD,What is the speed of the astronaut at time 2s in m/s?,height of the astronaut = 2.2m,,2.8
1863,simulation_0169_segmented,segmentation,S2SX,24,SD,What is the acceleration of the astronaut at time 2s in m/s^2?,height of the astronaut = 2.2m,,0.9
1864,simulation_0169_segmented,segmentation,S2SX,24,SD,What is the speed of the astronaut at time 3s in m/s?,height of the astronaut = 2.2m,,0.9
1865,simulation_0169_segmented,segmentation,S2SX,24,SD,What is the acceleration of the astronaut at time 3s in m/s^2?,height of the astronaut = 2.2m,,2.8
1866,simulation_0170_segmented,segmentation,S3SX,24,SD,What is the speed of the astronaut at time 0.5s in m/s?,height of the astronaut = 2.2m,"t=1s, distance_astronaut_camera = 23.137m",4.2
1867,simulation_0170_segmented,segmentation,S3SX,24,SD,What is the acceleration of the astronaut at time 0.5s in m/s^2?,height of the astronaut = 2.2m,"t=1s, distance_astronaut_camera = 23.137m",2.5
1868,simulation_0170_segmented,segmentation,S3SX,24,SD,What is the speed of the astronaut at time 1s in m/s?,height of the astronaut = 2.2m,"t=1s, distance_astronaut_camera = 23.137m",5.5
1869,simulation_0170_segmented,segmentation,S3SX,24,SD,What is the acceleration of the astronaut at time 1s in m/s^2?,height of the astronaut = 2.2m,"t=1s, distance_astronaut_camera = 23.137m",2.5
1870,simulation_0170_segmented,segmentation,S3SX,24,SD,What is the speed of the astronaut at time 2s in m/s?,height of the astronaut = 2.2m,"t=1s, distance_astronaut_camera = 23.137m",6.2
1871,simulation_0170_segmented,segmentation,S3SX,24,SD,What is the acceleration of the astronaut at time 2s in m/s^2?,height of the astronaut = 2.2m,"t=1s, distance_astronaut_camera = 23.137m",1.5
1872,simulation_0170_segmented,segmentation,S3SX,24,SD,What is the speed of the astronaut at time 3s in m/s?,height of the astronaut = 2.2m,"t=1s, distance_astronaut_camera = 23.137m",4.5
1873,simulation_0170_segmented,segmentation,S3SX,24,SD,What is the acceleration of the astronaut at time 3s in m/s^2?,height of the astronaut = 2.2m,"t=1s, distance_astronaut_camera = 23.137m",2.0
1874,simulation_0171_segmented,segmentation,S2SX,24,SD,What is the speed of the astronaut at time 0.5s in m/s?,height of the astronaut = 2.2m,,2.3
1875,simulation_0171_segmented,segmentation,S2SX,24,SD,What is the acceleration of the astronaut at time 0.5s in m/s^2?,height of the astronaut = 2.2m,,5.0
1876,simulation_0171_segmented,segmentation,S2SX,24,SD,What is the speed of the astronaut at time 1s in m/s?,height of the astronaut = 2.2m,,5.3
1877,simulation_0171_segmented,segmentation,S2SX,24,SD,What is the acceleration of the astronaut at time 1s in m/s^2?,height of the astronaut = 2.2m,,3.0
1878,simulation_0171_segmented,segmentation,S2SX,24,SD,What is the speed of the astronaut at time 2s in m/s?,height of the astronaut = 2.2m,,2.25
1879,simulation_0171_segmented,segmentation,S2SX,24,SD,What is the acceleration of the astronaut at time 2s in m/s^2?,height of the astronaut = 2.2m,,0.5
1880,simulation_0171_segmented,segmentation,S2SX,24,SD,What is the speed of the astronaut at time 3s in m/s?,height of the astronaut = 2.2m,,1.5
1881,simulation_0171_segmented,segmentation,S2SX,24,SD,What is the acceleration of the astronaut at time 3s in m/s^2?,height of the astronaut = 2.2m,,1.8
1882,simulation_0172_segmented,segmentation,S3SX,24,SD,What is the speed of the astronaut at time 0.5s in m/s?,height of the astronaut = 2.2m,"t=1s, distance_astronaut_camera = 18.147m",1.6
1883,simulation_0172_segmented,segmentation,S3SX,24,SD,What is the acceleration of the astronaut at time 0.5s in m/s^2?,height of the astronaut = 2.2m,"t=1s, distance_astronaut_camera = 18.147m",3.0
1884,simulation_0172_segmented,segmentation,S3SX,24,SD,What is the speed of the astronaut at time 1s in m/s?,height of the astronaut = 2.2m,"t=1s, distance_astronaut_camera = 18.147m",4.3
1885,simulation_0172_segmented,segmentation,S3SX,24,SD,What is the acceleration of the astronaut at time 1s in m/s^2?,height of the astronaut = 2.2m,"t=1s, distance_astronaut_camera = 18.147m",1.0
1886,simulation_0172_segmented,segmentation,S3SX,24,SD,What is the speed of the astronaut at time 2s in m/s?,height of the astronaut = 2.2m,"t=1s, distance_astronaut_camera = 18.147m",2.2
1887,simulation_0172_segmented,segmentation,S3SX,24,SD,What is the acceleration of the astronaut at time 2s in m/s^2?,height of the astronaut = 2.2m,"t=1s, distance_astronaut_camera = 18.147m",0.5
1888,simulation_0172_segmented,segmentation,S3SX,24,SD,What is the speed of the astronaut at time 3s in m/s?,height of the astronaut = 2.2m,"t=1s, distance_astronaut_camera = 18.147m",0.9
1889,simulation_0172_segmented,segmentation,S3SX,24,SD,What is the acceleration of the astronaut at time 3s in m/s^2?,height of the astronaut = 2.2m,"t=1s, distance_astronaut_camera = 18.147m",0.4
1890,simulation_0177_segmented,segmentation,V2SX,24,DS,What is the height of the elephant in meters?,speed of the elephant = 1.424m/s,,3.05
1891,simulation_0177_segmented,segmentation,V2SX,24,DS,What is the displacement of the elephant in meters?,speed of the elephant = 1.424m/s,,3.5
1892,simulation_0178_segmented,segmentation,V2MX,24,DD,What is the average speed of the small elephant in m/s?,speed of the big elephant = 2.313m/s,,1.96
1893,simulation_0178_segmented,segmentation,V2MX,24,DS,What is the height of the big elephant in meters?,speed of the big elephant = 2.313m/s,,3.03
1894,simulation_0178_segmented,segmentation,V2MX,24,DD,What is the height of the small elephant in meters?,speed of the big elephant = 2.313m/s,,2.02
1895,simulation_0178_segmented,segmentation,V2MX,24,DS,What is the displacement of the big elephant in meters?,speed of the big elephant = 2.313m/s,,5.68
1896,simulation_0178_segmented,segmentation,V2MX,24,DS,What is the displacement of the small elephant in meters?,speed of the big elephant = 2.313m/s,,4.83
1897,simulation_0188_segmented,segmentation,A3SX,30,DS,What is the length of the truck in meters?,acceleration of the truck = 10.757m/s^2,"t=0.5s, distance_center_of _the_truck_camera = 22.532m   
t =1s, distance_center_of _the_truck_camera = 19.525m",9.8
1898,simulation_0188_segmented,segmentation,A3SX,30,DS,What is the height of the truck in meters?,acceleration of the truck = 10.757m/s^2,"t=0.5s, distance_center_of _the_truck_camera = 22.532m   
t =1s, distance_center_of _the_truck_camera = 19.525m",4.1
1899,simulation_0188_segmented,segmentation,A3SX,30,DS,What is the diameter of the truck's tire in meters?,acceleration of the truck = 10.757m/s^2,"t=0.5s, distance_center_of _the_truck_camera = 22.532m   
t =1s, distance_center_of _the_truck_camera = 19.525m",0.9
1900,simulation_0188_segmented,segmentation,A3SX,30,DD,What is the speed of the truck at time 1s in m/s?,acceleration of the truck = 10.757m/s^2,"t=0.5s, distance_center_of _the_truck_camera = 22.532m   
t =1s, distance_center_of _the_truck_camera = 19.525m",13.7
1901,simulation_0188_segmented,segmentation,A3SX,30,DD,What is the speed of the truck at time 1.5s in m/s?,acceleration of the truck = 10.757m/s^2,"t=0.5s, distance_center_of _the_truck_camera = 22.532m   
t =1s, distance_center_of _the_truck_camera = 19.525m",19.1
1902,simulation_0188_segmented,segmentation,A3SX,30,DS,What is the width of the truck in meters?,acceleration of the truck = 10.757m/s^2,"t=0.5s, distance_center_of _the_truck_camera = 22.532m   
t =1s, distance_center_of _the_truck_camera = 19.525m",2.2
1903,simulation_0189_segmented,segmentation,V2MX,120,DS,What is the length of the box in meters?,speed of the box = 0.094m/s,,1.9
1904,simulation_0189_segmented,segmentation,V2MX,120,DS,What is the height of the box in meters?,speed of the box = 0.094m/s,,0.85
1905,simulation_0189_segmented,segmentation,V2MX,120,DS,What is the length of the truck in meters?,speed of the box = 0.094m/s,,7.97
1906,simulation_0189_segmented,segmentation,V2MX,120,DS,What is the height of the truck(at time 0s) in meters?,speed of the box = 0.094m/s,,3.32
1907,simulation_0189_segmented,segmentation,V2MX,120,DS,What is the diameter of the truck's tire in meters?,speed of the box = 0.094m/s,,0.835
1908,simulation_0190_segmented,segmentation,S2MX,120,DS,What is the height of the truck(at time 0s) in meters?,width of the box = 1.33m,,3.28
1909,simulation_0190_segmented,segmentation,S2MX,120,DS,What is the width of the truck in meters?,width of the box = 1.33m,,2.66
1910,simulation_0190_segmented,segmentation,S2MX,120,DS,What is the height of the box in meters?,width of the box = 1.33m,,0.8
1911,simulation_0190_segmented,segmentation,S2MX,120,DD,What is the speed of the box at time 1s in m/s?,width of the box = 1.33m,,0.095
1912,simulation_0190_segmented,segmentation,S2MX,120,DD,What is the speed of the box at time 2s in m/s?,width of the box = 1.33m,,0.115
1913,simulation_0191_segmented,segmentation,A2MX,120,DS,What is the width of the box in meters?,acceleration of the box before 0.6s = 9.8m/s,,2.22
1914,simulation_0191_segmented,segmentation,A2MX,120,DS,What is the height of the box in meters?,acceleration of the box before 0.6s = 9.8m/s,,1.06
1915,simulation_0191_segmented,segmentation,A2MX,120,DS,What is the length of the truck in meters?,acceleration of the box before 0.6s = 9.8m/s,,9.35
1916,simulation_0191_segmented,segmentation,A2MX,120,DS,What is the height of the truck in meters?,acceleration of the box before 0.6s = 9.8m/s,,3.88
1917,simulation_0191_segmented,segmentation,A2MX,120,DS,What is the diameter of the truck's tire in meters?,acceleration of the box before 0.6s = 9.8m/s,,0.955
1918,simulation_0191_segmented,segmentation,A2MX,120,DD,What is the speed of the box at time 0.2s in m/s?,acceleration of the box before 0.6s = 9.8m/s,,2.02
1919,simulation_0191_segmented,segmentation,A2MX,120,DD,What is the speed of the box at time 0.4s in m/s?,acceleration of the box before 0.6s = 9.8m/s,,3.98
1920,simulation_0192_segmented,segmentation,A2MX,120,DS,What is the height of the box in meters?,acceleration of the box before 0.6s = 9.8m/s,,1.15
1921,simulation_0192_segmented,segmentation,A2MX,120,DS,What is the width of the truck in meters?,acceleration of the box before 0.6s = 9.8m/s,,3.17
1922,simulation_0192_segmented,segmentation,A2MX,120,DS,What is the width of the box in meters?,acceleration of the box before 0.6s = 9.8m/s,,1.57
1923,simulation_0192_segmented,segmentation,A2MX,120,DD,What is the speed of the box at time 0.2s in m/s?,acceleration of the box before 0.6s = 9.8m/s,,1.96
1924,simulation_0192_segmented,segmentation,A2MX,120,DD,What is the speed of the box at time 0.4s in m/s?,acceleration of the box before 0.6s = 9.8m/s,,3.92
1925,simulation_0216_segmented,segmentation,V2MX,24,DS,What is the length of the black cat (including its tail) in meters?,speed of the black cat = 0.94m/s,,0.69
1926,simulation_0216_segmented,segmentation,V2MX,24,DS,What is the height of the black cat (including its tail) in meters?,speed of the black cat = 0.94m/s,,0.48
1927,simulation_0216_segmented,segmentation,V2MX,24,DS,What is the length of the wooden bench in meters?,speed of the black cat = 0.94m/s,,1.02
1928,simulation_0216_segmented,segmentation,V2MX,24,DS,What is the height of the wooden bench in meters?,speed of the black cat = 0.94m/s,,0.454
1929,simulation_0216_segmented,segmentation,V2MX,24,DS,What is the height of the lampshade of the table lamp in meters?,speed of the black cat = 0.94m/s,,0.24
1930,simulation_0216_segmented,segmentation,V2MX,24,DS,What is the diameter of the lampshade of the table lamp in meters?,speed of the black cat = 0.94m/s,,0.454
1931,simulation_0216_segmented,segmentation,V2MX,24,DS,What is the height of the table lamp in meters?,speed of the black cat = 0.94m/s,,0.625
1932,simulation_0216_segmented,segmentation,V2MX,24,DS,What is the height of the vase in meters?,speed of the black cat = 0.94m/s,,0.479
1933,simulation_0216_segmented,segmentation,V2MX,24,DS,What is the height of the floor mirror in meters?,speed of the black cat = 0.94m/s,,1.255
1934,simulation_0216_segmented,segmentation,V2MX,24,DS,What is the length of the floor mirror in meters?,speed of the black cat = 0.94m/s,,0.576
1935,simulation_0216_segmented,segmentation,V2MX,24,DS,What is the length of the TV in meters?,speed of the black cat = 0.94m/s,,0.869
1936,simulation_0216_segmented,segmentation,V2MX,24,DS,What is the height of the TV in meters?,speed of the black cat = 0.94m/s,,0.498
1937,simulation_0216_segmented,segmentation,V2MX,24,DS,What is the length of the TV stand in meters?,speed of the black cat = 0.94m/s,,1.68
1938,simulation_0216_segmented,segmentation,V2MX,24,DS,What is the height of the TV stand in meters?,speed of the black cat = 0.94m/s,,0.464
1939,simulation_0218_segmented,segmentation,V2MX,24,DS,What is the length of the big robot in meters?,speed of the big robot = 5.924m/s,,3.24
1940,simulation_0218_segmented,segmentation,V2MX,24,DS,What is the height of the big robot in meters?,speed of the big robot = 5.924m/s,,3.12
1941,simulation_0218_segmented,segmentation,V2MX,24,DS,What is the length in meters of the long side of the box formed by the white lines on the ground?,speed of the big robot = 5.924m/s,,5.78
1942,simulation_0218_segmented,segmentation,V2MX,24,DS,What is the outer diameter of the robot's tires in meters?,speed of the big robot = 5.924m/s,,0.37
1943,simulation_0224_segmented,segmentation,S2MX,24,SS,What is the length of the chinese chess board in meters?,diameter of one chinese chess = 0.097m,,1.63
1944,simulation_0224_segmented,segmentation,S2MX,24,SD,What is the speed of the red general chess at time 0.5s in m/s?,diameter of one chinese chess = 0.097m,,0.37
1945,simulation_0224_segmented,segmentation,S2MX,24,SD,What is the acceleration of the red general chess at time 0.5s in m/s^2?,diameter of one chinese chess = 0.097m,,0.8
1946,simulation_0224_segmented,segmentation,S2MX,24,SD,What is the speed of the red general chess at time 1s in m/s?,diameter of one chinese chess = 0.097m,,0.8
1947,simulation_0224_segmented,segmentation,S2MX,24,SD,What is the acceleration of the red general chess at time 1s in m/s^2?,diameter of one chinese chess = 0.097m,,0.8
1948,simulation_0224_segmented,segmentation,S2MX,24,SD,What is the speed of the red general chess at time 1.5s in m/s?,diameter of one chinese chess = 0.097m,,1.18
1949,simulation_0224_segmented,segmentation,S2MX,24,SD,What is the acceleration of the red general chess at time 1.5s in m/s^2?,diameter of one chinese chess = 0.097m,,0.8
1950,simulation_0225_segmented,segmentation,V2MX,24,DS,What is the length of the black cat (including its tail) in meters?,speed of the black cat = 1.041m/s,,0.85
1951,simulation_0225_segmented,segmentation,V2MX,24,DS,What is the height of the black cat (including its tail) in meters?,speed of the black cat = 1.041m/s,,0.6
1952,simulation_0225_segmented,segmentation,V2MX,24,DS,What is the width of the beach chair in meters?,speed of the black cat = 1.041m/s,,1.47
1953,simulation_0225_segmented,segmentation,V2MX,24,DS,What is the spacing in meters between the markings on the pool wall?,speed of the black cat = 1.041m/s,,2.0
1954,simulation_0227_segmented,segmentation,V2MX,24,DS,What is the length of the black cat (including its tail) in meters?,speed of the black cat = 1.041m/s,,0.9
1955,simulation_0227_segmented,segmentation,V2MX,24,DS,What is the height of the black cat (including its tail) in meters?,speed of the black cat = 1.041m/s,,0.62
1956,simulation_0227_segmented,segmentation,V2MX,24,DS,What is the width of the beach chair in meters?,speed of the black cat = 1.041m/s,,1.46
1957,simulation_0227_segmented,segmentation,V2MX,24,DS,What is the spacing in meters between the markings on the pool wall?,speed of the black cat = 1.041m/s,,0.3
1958,simulation_0227_segmented,segmentation,V2MX,24,DS,What is the length of the swimming ring in meters?,speed of the black cat = 1.041m/s,,1.3
1959,simulation_0227_segmented,segmentation,V2MX,24,DS,What is the height of the swimming ring in meters?,speed of the black cat = 1.041m/s,,1.0
1960,simulation_0227_segmented,segmentation,V2MX,24,DD,What is the speed of the swimming ring at time 0.5s in m/s?,speed of the black cat = 1.041m/s,,1.7
1961,simulation_0227_segmented,segmentation,V2MX,24,DD,What is the acceleration of the red general chess at time 0.5s in m/s^2?,speed of the black cat = 1.041m/s,,0.5
1962,simulation_0227_segmented,segmentation,V2MX,24,DD,What is the speed of the red general chess at time 1s in m/s?,speed of the black cat = 1.041m/s,,1.0
1963,simulation_0227_segmented,segmentation,V2MX,24,DD,What is the acceleration of the red general chess at time 1s in m/s^2?,speed of the black cat = 1.041m/s,,0.5
1964,simulation_0227_segmented,segmentation,V2MX,24,DD,What is the speed of the red general chess at time 1.5s in m/s?,speed of the black cat = 1.041m/s,,1.0
1965,simulation_0227_segmented,segmentation,V2MX,24,DD,What is the acceleration of the red general chess at time 1.5s in m/s^2?,speed of the black cat = 1.041m/s,,0.5
1966,simulation_0233_segmented,segmentation,V2MX,24,DS,What is the length of the black cat (including its tail) in meters?,speed of the black cat = 0.714m/s,,0.73
1967,simulation_0233_segmented,segmentation,V2MX,24,DS,What is the width(horizontal) of the chair next to the blackboard in meters?,speed of the black cat = 0.714m/s,,0.65
1968,simulation_0233_segmented,segmentation,V2MX,24,DS,What is the length(vertical) of the chair next to the blackboard in meters?,speed of the black cat = 0.714m/s,,0.49
1969,simulation_0237_segmented,segmentation,V2MX,24,DS,What is the length of the brown horse in meters?,speed of the brown horse = 0.874m/s,,2.05
1970,simulation_0237_segmented,segmentation,V2MX,24,DS,What is the width of the house in meters?,speed of the brown horse = 0.874m/s,,9.9
1971,simulation_0237_segmented,segmentation,V2MX,24,DS,What is the length of the house in meters?,speed of the brown horse = 0.874m/s,,11.4
1972,simulation_0239_segmented,segmentation,V2MX,24,DS,What is the length of the brown horse in meters?,speed of the brown horse = 0.874m/s,,1.92
1973,simulation_0239_segmented,segmentation,V2MX,24,DS,What is the width of the house in meters?,speed of the brown horse = 0.874m/s,,10.7
1974,simulation_0239_segmented,segmentation,V2MX,24,DS,What is the length of the house in meters?,speed of the brown horse = 0.874m/s,,9.5
1975,simulation_0239_segmented,segmentation,V2MX,24,DD,What is the average speed of the white horse in m/s?,speed of the brown horse = 0.874m/s,,1.46
1976,simulation_0239_segmented,segmentation,V2MX,24,DS,What is the length of the white horse in meters?,speed of the brown horse = 0.874m/s,,2.33
1977,simulation_0243_segmented,segmentation,V2MX,30,DS,What is the height of the deer in meters?,speed of the deer = 1.277m/s,,2.71
1978,simulation_0243_segmented,segmentation,V2MX,30,DS,What is the length of the deer in meters?,speed of the deer = 1.277m/s,,2.3
1979,simulation_0243_segmented,segmentation,V2MX,30,DS,What is the height of the tree behind the deer in meters?,speed of the deer = 1.277m/s,,6.5
1980,simulation_0245_segmented,segmentation,V2MX,30,DS,What is the height of the deer in meters?,speed of the deer = 1.277m/s,,2.71
1981,simulation_0245_segmented,segmentation,V2MX,30,DS,What is the length of the deer in meters?,speed of the deer = 1.277m/s,,3.09
1982,simulation_0245_segmented,segmentation,V2MX,30,DD,What is the average speed of the rabbit in m/s?,speed of the deer = 1.277m/s,,1.3
1983,simulation_0245_segmented,segmentation,V2MX,30,DS,What is the height of the rabbit in meters?,speed of the deer = 1.277m/s,,0.42
1984,simulation_0245_segmented,segmentation,V2MX,30,DS,What is the length of the rabbit in meters?,speed of the deer = 1.277m/s,,0.44
1985,simulation_0247_segmented,segmentation,V3MX,30,DS,What is the length of the rabbit in meters?,speed of the deer = 1.277m/s,,0.43
1986,simulation_0247_segmented,segmentation,V3MX,30,DS,What is the length of the deer in meters?,speed of the deer = 1.277m/s,,2.3
1987,simulation_0247_segmented,segmentation,V3MX,30,DD,What is the average speed of the rabbit in m/s?,speed of the deer = 1.277m/s,,1.22
1988,simulation_0248_segmented,segmentation,V2MX,24,DS,What is the height of the brown horse in meters?,speed of the brown horse = 0.874m/s,,1.8
1989,simulation_0248_segmented,segmentation,V2MX,24,DS,What is the length of the brown horse in meters?,speed of the brown horse = 0.874m/s,,2.08
1990,simulation_0248_segmented,segmentation,V2MX,24,DD,What is the average speed of the white horse in m/s?,speed of the brown horse = 0.874m/s,,1.6
1991,simulation_0248_segmented,segmentation,V2MX,24,DS,What is the height of the white horse in meters?,speed of the brown horse = 0.874m/s,,1.98
1992,simulation_0248_segmented,segmentation,V2MX,24,DS,What is the length of the white horse in meters?,speed of the brown horse = 0.874m/s,,2.57
1993,simulation_0248_segmented,segmentation,V2MX,24,DD,What is the average speed of the rabbit in m/s?,speed of the brown horse = 0.874m/s,,1.7
1994,simulation_0248_segmented,segmentation,V2MX,24,DS,What is the length of the rabbit in meters?,speed of the brown horse = 0.874m/s,,0.5
1995,simulation_0248_segmented,segmentation,V2MX,24,DS,What is the height of the rabbit in meters?,speed of the brown horse = 0.874m/s,,0.41
1996,simulation_0251_segmented,segmentation,S2SX,24,SD,What is the speed of the soccer ball at time 0.5s in m/s?,diameter of the soccer ball = 0.344m,,5.09
1997,simulation_0251_segmented,segmentation,S2SX,24,SD,What is the speed of the soccer ball at time 2s in m/s?,diameter of the soccer ball = 0.344m,,4.22
1998,simulation_0251_segmented,segmentation,S2SX,24,SD,What is the speed of the soccer ball at time 1s in m/s?,diameter of the soccer ball = 0.344m,,4.82
1999,simulation_0251_segmented,segmentation,S2SX,24,SD,What is the speed of the soccer ball at time 1.5s in m/s?,diameter of the soccer ball = 0.344m,,4.5
2000,simulation_0255_segmented,segmentation,S2SX,24,SD,What is the speed of the tennis ball at time 0.5s in m/s?,diameter of the tennis ball = 0.17m,,6.72
2001,simulation_0255_segmented,segmentation,S2SX,24,SD,What is the speed of the tennis ball at time 1s in m/s?,diameter of the tennis ball = 0.17m,,6.21
2002,simulation_0255_segmented,segmentation,S2SX,24,SD,What is the speed of the tennis ball at time 1.5s in m/s?,diameter of the tennis ball = 0.17m,,5.66
2003,simulation_0255_segmented,segmentation,S2SX,24,SD,What is the acceleration of the tennis ball at time 0.5s in m/s^2?,diameter of the tennis ball = 0.17m,,1.06
2004,simulation_0255_segmented,segmentation,S2SX,24,SD,What is the acceleration of the tennis ball at time 1s in m/s^2?,diameter of the tennis ball = 0.17m,,1.06
2005,simulation_0255_segmented,segmentation,S2SX,24,SD,What is the acceleration of the tennis ball at time 1.5s in m/s^2?,diameter of the tennis ball = 0.17m,,1.06
2006,simulation_0261_segmented,segmentation,A2SX,24,DS,What is the height of the mug in meters?,acceleration of the mug cup before 1s = 9.8m/s^2,,0.195
2007,simulation_0261_segmented,segmentation,A2SX,24,DD,What is the speed of the mug at time 0.2s in m/s?,acceleration of the mug cup before 1s = 9.8m/s^2,,1.97
2008,simulation_0261_segmented,segmentation,A2SX,24,DD,What is the speed of the mug at time 0.4s in m/s?,acceleration of the mug cup before 1s = 9.8m/s^2,,3.93
2009,simulation_0261_segmented,segmentation,A2SX,24,DD,What is the speed of the mug at time 0.625s in m/s?,acceleration of the mug cup before 1s = 9.8m/s^2,,6.14
2010,simulation_0030_segmented,segmentation,V3MX,24,DS,What is the length of the eagle in meters?,speed of the eagle = 12m/s,"t=1s, distance_eagle_camera = 106.642m
t=2s, distance_eagle_camera = 111.231m",0.85
2011,simulation_0151_segmented,segmentation,S3MX,24,SS,"What is the width, in meters, of the blue car?","diameter of the tire of the yellow car = 0.764m
diameter of the tire of the blue car = 0.369m","t=0.5s, distance_yellowCarLeftFrontTire_camera = 11.38m",1.5
2012,simulation_0151_segmented,segmentation,S3MX,24,SD,What is the speed of the yellow car at time 1s in m/s?,"diameter of the tire of the yellow car = 0.764m
diameter of the tire of the blue car = 0.369m","t=0.5s, distance_yellowCarLeftFrontTire_camera = 11.38m",9.7
2013,simulation_0151_segmented,segmentation,S3MX,24,SD,What is the acceleration of the yellow car at time 1s in m/s^2?,"diameter of the tire of the yellow car = 0.764m
diameter of the tire of the blue car = 0.369m","t=0.5s, distance_yellowCarLeftFrontTire_camera = 11.38m",6.0
2014,simulation_0151_segmented,segmentation,S3MX,24,SD,What is the speed of the blue car at time 1s in m/s?,"diameter of the tire of the yellow car = 0.764m
diameter of the tire of the blue car = 0.369m","t=0.5s, distance_yellowCarLeftFrontTire_camera = 11.38m",4.1
2015,simulation_0151_segmented,segmentation,S3MX,24,SD,What is the acceleration of the blue car at time 1s in m/s^2?,"diameter of the tire of the yellow car = 0.764m
diameter of the tire of the blue car = 0.369m","t=0.5s, distance_yellowCarLeftFrontTire_camera = 11.38m",1.3
2016,internet_0001,internet,S2SC,24,SS,What is the length of the black car in meters?,lane width = 3.66m,,5.56
2017,internet_0001,internet,S2SC,24,SS,What is the width of the black car in meters?,lane width = 3.66m,,2.2
2018,internet_0001,internet,S2SC,24,SD,What is the average speed of the black car in m/s?,lane width = 3.66m,,34.8
2019,internet_0002,internet,S2SC,24,SS,What is the length of the red car in meters?,lane width = 3.66m,,6.13
2020,internet_0002,internet,S2SC,24,SS,What is the width of the red car in meters?,lane width = 3.66m,,2.27
2021,internet_0002,internet,S2SC,24,SD,What is the average speed of the red car in m/s?,lane width = 3.66m,,29.1
2022,internet_0003,internet,S2MC,24,SS,What is the diameter of the pizza in cm?,monopoly money width = 7.5cm,,38.5
2023,internet_0003,internet,S2MC,24,SS,What is the diameter of the wine glass in cm?,monopoly money width = 7.5cm,,12.6
2024,internet_0003,internet,S2MC,24,SD,What is the velocity of the pizza cutter in cm/s at 0.2s?,monopoly money width = 7.5cm,,33.0
2025,internet_0003,internet,S2MC,24,SS,What is the diameter of a pepperoni on the pizza in cm?,monopoly money width = 7.5cm,,4.75
2026,internet_0004,internet,S2MC,25,SS,What is the length of the wood block in cm?,ruler calibre = 1cm,,10.0
2027,internet_0004,internet,S2MC,25,SS,What is the thickness of the wood block in cm?,ruler calibre = 1cm,,2.1
2028,internet_0004,internet,S2MC,25,SD,What is the average velocity of the pencil tip moving on the block in cm/s?,ruler calibre = 1cm,,10.1
2029,internet_0004,internet,S2MC,25,SD,What is the average velocity of the saw cutting the block in cm/s?,ruler calibre = 1cm,,1.1
2030,internet_0005,internet,V2MC,25,DS,What is the distance between the two black road signs in meters?,walking velocity = 1.25m/s,,4.88
2031,internet_0005,internet,V2MC,25,DS,What is the height of the woman in yellow in meters?,walking velocity = 1.25m/s,,1.77
2032,internet_0005,internet,V2MC,25,DS,What is the length of the light right above the woman's head in meters?,walking velocity = 1.25m/s,,1.32
2033,internet_0005,internet,V2MC,25,DS,What is the side length of the floor tiles in meters?,walking velocity = 1.25m/s,,1.2
2034,internet_0006,internet,S2MC,30,SS,What is the length of the motor cycle in meters?,lane width = 3.66m,,2.03
2035,internet_0006,internet,S2MC,30,SD,What is the average speed of the motorcycle in m/s?,lane width = 3.66m,,25.3
2036,internet_0006,internet,S2MC,30,SS,What is the length of the white car in meters?,lane width = 3.66m,,5.9
2037,internet_0006,internet,S2MC,30,SD,What is the average speed of the white car in m/s?,lane width = 3.66m,,23.7
2038,internet_0006,internet,S2MC,30,SS,What is the length of the black car in meters?,lane width = 3.66m,,5.7
2039,internet_0006,internet,S2MC,30,SD,What is the average speed of the black car in m/s?,lane width = 3.66m,,22.8
2040,internet_0007,internet,S2MC,30,SS,What is the length of the white car in meters?,lane width = 3.66m,,4.6
2041,internet_0007,internet,S2MC,30,SD,What is the average speed of the white car in m/s?,lane width = 3.66m,,26.4
2042,internet_0007,internet,S2MC,30,SS,What is the length of the black car in meters?,lane width = 3.66m,,4.8
2043,internet_0007,internet,S2MC,30,SD,What is the average speed of the black car in m/s?,lane width = 3.66m,,32.0
2044,internet_0008,internet,S2MC,30,SD,What is the average speed of the sailboat in m/s?,sailboat length = 12m,,4.1
2045,internet_0008,internet,S2MC,30,SD,What is the average speed of the speedboat in m/s?,sailboat length = 12m,,28.6
2046,internet_0008,internet,S2MC,30,SS,What is the length of the speedboat in meters?,sailboat length = 12m,,4.9
2047,internet_0009,internet,S2MC,60,SS,What is the distance between the two players in meters at the beginning?,singles court width = 8.23m,,6.06
2048,internet_0009,internet,S2MC,60,SD,What is the average velocity of the tennis ball flying across the net in m/s?,singles court width = 8.23m,,19.0
2049,internet_0009,internet,S2MC,60,SS,What is the total displacement of the player on the right in meters?,singles court width = 8.23m,,2.9
2050,internet_0010,internet,S2MC,30,SS,How tall is the shooter in cm?,basketball diameter = 24cm,,179.0
2051,internet_0010,internet,S2MC,30,SD,What is the velocity of the ball at 2.00s in cm/s?,basketball diameter = 24cm,,600.0
2052,internet_0011,internet,S2MC,25,SS,What is the initial distance between the two players in meters?,court width= 4.88m,,2.18
2053,internet_0011,internet,S2MC,25,SS,What is the displacement of the player in white in meters?,court width= 4.88m,,6.55
2054,internet_0011,internet,S2MC,25,SD,What is the average moving speed of the player in white in m/s?,court width= 4.88m,,1.56
2055,internet_0011,internet,S2MC,25,SS,What is the displacement of the player in black in meters?,court width= 4.88m,,3.25
2056,internet_0012,internet,S2MC,60,SS,What is the length of the truck in meters?,lane width = 3.66m,,17.6
2057,internet_0012,internet,S2MC,60,SD,What is the average velocity of the truck in m/s?,lane width = 3.66m,,13.6
2058,internet_0012,internet,S2MC,60,SS,What is the length of the grey car in meters?,lane width = 3.66m,,4.4
2059,internet_0012,internet,S2MC,60,SD,What is the average velocity of the grey car in m/s?,lane width = 3.66m,,20.2
2060,internet_0012,internet,S2MC,60,SS,What is the length of the car on the leftmost lane in meters?,lane width = 3.66m,,3.8
2061,internet_0012,internet,S2MC,60,SD,What is the average velocity of the car on the leftmost lane in m/s?,lane width = 3.66m,,11.2
2062,internet_0012,internet,S2MC,60,SS,What is the length of the white car on the second lane to the left in meters?,lane width = 3.66m,,4.2
2063,internet_0012,internet,S2MC,60,SD,What is the average velocity of the white car on the second lane to the left in m/s?,lane width = 3.66m,,13.7
2064,internet_0013,internet,V2MC,30,DS,What is the width of the straight-through lane in meters?,pedestrian walking speed = 1.1 m/s,,3.7
2065,internet_0013,internet,V2MC,30,DS,What is the width of the roundabout lane in meters?,pedestrian walking speed = 1.1 m/s,,4.7
2066,internet_0013,internet,V2MC,30,DS,What is the diameter of the center island planter in meters?,pedestrian walking speed = 1.1 m/s,,20.8
2067,internet_0013,internet,V2MC,30,DD,What is the speed of the white car in the roundabout at 3.0s in m/s?,pedestrian walking speed = 1.1 m/s,,5.8
2068,internet_0013,internet,V2MC,30,DD,What is the speed of the bicycle on the upper left corner at 3.0s in m/s?,pedestrian walking speed = 1.1 m/s,,3.5
2069,internet_0013,internet,V2MC,30,DS,What is the distance between the two black cars in the round about at 1.0s in meters?,pedestrian walking speed = 1.1 m/s,,27.2
2070,internet_0014,internet,S2MC,30,SS,What is the initial distance between the two players in meters?,center circle radius = 9.15m,,3.9
2071,internet_0014,internet,S2MC,30,SS,What is the distance from the player closest to the goal to the goal at 0s in meters?,center circle radius = 9.15m,,11.0
2072,internet_0014,internet,S2MC,30,SD,What is he football's velocity at 7.00s in m/s?,center circle radius = 9.15m,,4.4
2073,internet_0014,internet,S2MC,30,SD,What is the average velocity of the player with the ball from 8.0s to 9.0s in m/s?,center circle radius = 9.15m,,2.4
2074,internet_0014,internet,S2MC,30,SS,What is distance between the two players at 9.00s in meters?,center circle radius = 9.15m,,7.7
2075,internet_0015,internet,S2MC,30,SS,What is the average vehicle spacing in meters?,lane width = 3.66m,,28.7
2076,internet_0015,internet,S2MC,30,SS,What is the length of the black car in meters?,lane width = 3.66m,,4.25
2077,internet_0015,internet,S2MC,30,SS,What is the length of the motorcycle in meters?,lane width = 3.66m,,1.8
2078,internet_0015,internet,S2MC,30,SS,What is the average speed of the motorcycle in m/s?,lane width = 3.66m,,26.0
2079,internet_0015,internet,S2MC,30,SS,What is the speed of the car before the motorcycle at 1.0s in m/s?,lane width = 3.66m,,25.4
2080,internet_0016,internet,S2MC,30,SS,What is the distance between the two players in meters at the beginning?,inner court width= 4.88m,,3.5
2081,internet_0016,internet,S2MC,30,SD,What is the velocity of the basketball at 0s in m/s?,inner court width= 4.88m,,2.5
2082,internet_0016,internet,S2MC,30,SS,What is the distance between the ball and the player in black at 0.5s in meters?,inner court width= 4.88m,,1.4
2083,internet_0016,internet,S2MC,30,SS,What is the distance between the basket and the player in black at 0.5s in meters?,inner court width= 4.88m,,2.27
2084,internet_0017,internet,S2MS,22,SS,What is the diameter of the round container in cm?,credit card width = 5.4cm,,10.8
2085,internet_0017,internet,S2MS,22,SS,What is the length of the keyboard in cm?,credit card width = 5.4cm,,30.3
2086,internet_0017,internet,S2MS,22,SS,What is the width of the keyboard in cm?,credit card width = 5.4cm,,13.0
2087,internet_0017,internet,S2MS,22,SS,What is the length of the pen in cm?,credit card width = 5.4cm,,15.1
2088,internet_0017,internet,S2MS,22,SD,What is moving speed of the user's (middle) fingertip at 0.4s in cm/s?,credit card width = 5.4cm,,46.0
2089,internet_0018,internet,S2MC,30,SS,What is the distance between the two players in meters at the beginning?,singles court width = 8.23m,,25.9
2090,internet_0018,internet,S2MC,30,SS,What is the distance between the benches and the court in meters?,singles court width = 8.23m,,3.1
2091,internet_0018,internet,S2MC,30,SS,What is the tennis ball's velocity at 1.5s in m/s?,singles court width = 8.23m,,33.0
2092,internet_0019,internet,A2MC,30,DS,What is the size of the ball in cm?,gravity acc = 9.8m/s^2,,19.5
2093,internet_0019,internet,A2MC,30,DS,What is the height of the person standing in the middle in cm?,gravity acc = 9.8m/s^2,,174.0
2094,internet_0019,internet,A2MC,30,DS,What is the height of the person on the left (the passer) in cm?,gravity acc = 9.8m/s^2,,149.0
2095,internet_0019,internet,A2MC,30,DS,What is the height of the person on the right (the receiver) in cm?,gravity acc = 9.8m/s^2,,175.0
2096,internet_0019,internet,A2MC,30,DS,What is the initial distance between the passer and the receiver in meters?,gravity acc = 9.8m/s^2,,4.43
2097,internet_0019,internet,A2MC,30,DD,What is the velocity of the ball at 1.00s in m/s?,gravity acc = 9.8m/s^2,,3.5
2098,internet_0019,internet,A2MC,30,DD,What is the (average) horizontal velocity of the ball in m/s?,gravity acc = 9.8m/s^2,,1.97
2099,internet_0020,internet,S2MC,25,SS,What is the height of the sink in cm?,height of the picked bottle = 11.7cm,,24.9
2100,internet_0020,internet,S2MC,25,SS,What is the width of the tray in cm?,height of the picked bottle = 11.7cm,,37.3
2101,internet_0020,internet,S2MC,25,SS,What is the height of the pump bottle in cm?,height of the picked bottle = 11.7cm,,19.3
2102,internet_0020,internet,S2MC,25,SD,What is average moving velocity of the picked bottle in cm/s?,height of the picked bottle = 11.7cm,,42.5
2103,internet_0020,internet,S2MC,25,SD,What is the velocity of the picked bottle at 0.50s in cm/s?,height of the picked bottle = 11.7cm,,75.7
2104,internet_0021,internet,S2MC,25,SD,What is the average speed of the airplane in m/s? ,length of the airplane = 40m ,,62.0
2105,internet_0021,internet,S2MC,25,SS,What is the distance between the airplane and the roof top at 0s in meters?,length of the airplane = 40m ,,68.0
2106,internet_0021,internet,S2MC,25,SS,What is the the displacement of the airplane from 0s to 2.00s in meters? ,length of the airplane = 40m ,,118.0
2107,internet_0022,internet,S2MC,25,SS,What is the diameter of the tea cup in mm?,width of the mouse = 57mm,,64.0
2108,internet_0022,internet,S2MC,25,SS,What is the diameter of the saucer in mm?,width of the mouse = 57mm,,101.0
2109,internet_0022,internet,S2MC,25,SS,What is the length of the pencil in mm?,width of the mouse = 57mm,,135.0
2110,internet_0022,internet,S2MC,25,SS,What is the shoulder width of the man in cm?,width of the mouse = 57mm,,43.0
2111,internet_0022,internet,S2MC,25,SS,What is the length of the table in meters?,width of the mouse = 57mm,,1.48
2112,internet_0022,internet,S2MC,25,SS,What is the length of the monitor in cm?,width of the mouse = 57mm,,53.0
2113,internet_0022,internet,S2MC,25,SS,What is the width of the grey notebook in cm?,width of the mouse = 57mm,,10.8
2114,internet_0022,internet,S2MC,25,SS,What is the length of the grey notebook in cm?,width of the mouse = 57mm,,16.5
2115,internet_0022,internet,S2MC,25,SD,What is average velocity of the man's moving hand from 0.40s to 1.00s in cm/s?,width of the mouse = 57mm,,40.0
2116,internet_0023,internet,S2MC,30,SS,What is the length of the swimming pool in meters (excluding the stair area)?,height of the swimmer = 1.8m,,9.7
2117,internet_0023,internet,S2MC,30,SS,What is the width of the swimming pool in meters?,height of the swimmer = 1.8m,,4.6
2118,internet_0023,internet,S2MC,30,SS,What is the length of the deck chair in meters?,height of the swimmer = 1.8m,,2.05
2119,internet_0023,internet,S2MC,30,SD,What is the average velocity of the swimmer in m/s?,height of the swimmer = 1.8m,,1.3
2120,internet_0023,internet,S2MC,30,SS,What is the distance between the two umbrellas on the left in meters?,height of the swimmer = 1.8m,,3.9
2121,internet_0024,internet,S2MC,25,SS,What is the length of the earphone case in mm?,width of the earphone case = 45mm,,53.0
2122,internet_0024,internet,S2MC,25,SS,What is the length of the pencil in cm?,width of the earphone case = 45mm,,19.0
2123,internet_0024,internet,S2MC,25,SS,What is the diameter of the mug in cm?,width of the earphone case = 45mm,,12.0
2124,internet_0024,internet,S2MC,25,SS,What is the length of the longest side of the laptop in cm?,width of the earphone case = 45mm,,33.6
2125,internet_0024,internet,S2MC,25,SS,What is the length of the longest side of the wallet in cm?,width of the earphone case = 45mm,,19.6
2126,internet_0024,internet,S2MC,25,SS,What is the moving velocity of the mug at 0.50s in cm/s?,width of the earphone case = 45mm,,42.0
2127,internet_0025,internet,S2SC,30,SS,What is the length of the canoe in meters?,height of the boatman = 1.75m,,11.3
2128,internet_0025,internet,S2SC,30,SD,What is the average speed of the canoe in m/s?,height of the boatman = 1.75m,,0.78
2129,internet_0025,internet,S2SC,30,SS,What is the displacement of the canoe in the first 5 seconds in meters?,height of the boatman = 1.75m,,3.5
2130,internet_0026,internet,S2MC,24,SS,What is the sitting height of the baby in cm?,total height of the sofa = 90cm,,64.0
2131,internet_0026,internet,S2MC,24,SS,What is the distance between the baby and the man in meters?,total height of the sofa = 90cm,,2.4
2132,internet_0026,internet,S2MC,24,SS,What is the length of the toy truck in cm?,total height of the sofa = 90cm,,68.0
2133,internet_0026,internet,S2MC,24,SS,What is the height of the toy truck in cm?,total height of the sofa = 90cm,,56.0
2134,internet_0026,internet,S2MC,24,SD,What is the speed of the toy truck at 0.50s in cm/s?,total height of the sofa = 90cm,,74.0
2135,internet_0026,internet,S2MC,24,SD,What is the average speed of the toy truck in cm/s?,total height of the sofa = 90cm,,69.0
2136,internet_0027,internet,S2MC,25,SS,What is the initial distance between the black ball and the purple ball in cm?,billiard ball diameter = 57.2mm,,14.6
2137,internet_0027,internet,S2MC,25,SD,What is the white ball's average velocity in 1.00s to 2.00s in cm/s?,billiard ball diameter = 57.2mm,,26.8
2138,internet_0027,internet,S2MC,25,SD,What is the velocity of the orange ball at 1.00s in cm/s?,billiard ball diameter = 57.2mm,,24.8
2139,internet_0027,internet,S2MC,25,SS,What is the final distance between the purple ball and the black ball in cm?,billiard ball diameter = 57.2mm,,17.8
2140,internet_0027,internet,S2MC,25,SD,What is the acceleration of the yellow balloon the left at 2.00s in cm/s^2?,billiard ball diameter = 57.2mm,,4.1
2141,captured_0001,lab,A3SS,24,DS,What is the size of the ball in cm? ,"t=1.6s, ball acceleration = 3.0m/s^2","t=0s, distance_ball_camera = 1.1075m
t=1.5s, distance_ball_camera = 0.9120m
distance_slope_far_end_camera = 1.1360m
distance_slope_near_tower_camera = 0.8840m",6.7
2142,captured_0001,lab,A3SS,24,DS,What is the length of the slope in cm? ,"t=1.6s, ball acceleration = 3.0m/s^2","t=0s, distance_ball_camera = 1.1075m
t=1.5s, distance_ball_camera = 0.9120m
distance_slope_far_end_camera = 1.1360m
distance_slope_near_tower_camera = 0.8840m",30.2
2143,captured_0001,lab,A3SS,24,DS,What is the displacement of the ball between 0s and 1.5s in cm?,"t=1.6s, ball acceleration = 3.0m/s^2","t=0s, distance_ball_camera = 1.1075m
t=1.5s, distance_ball_camera = 0.9120m
distance_slope_far_end_camera = 1.1360m
distance_slope_near_tower_camera = 0.8840m",22.6
2144,captured_0001,lab,A3SS,24,DD,What is the velocity of the ball at 1.5s in cm/s?,"t=1.6s, ball acceleration = 3.0m/s^2","t=0s, distance_ball_camera = 1.1075m
t=1.5s, distance_ball_camera = 0.9120m
distance_slope_far_end_camera = 1.1360m
distance_slope_near_tower_camera = 0.8840m",116.0
2145,captured_0001,lab,A3SS,24,DD,What is the velocity of the ball at the end of the slope in cm/s? ,"t=1.6s, ball acceleration = 3.0m/s^2","t=0s, distance_ball_camera = 1.1075m
t=1.5s, distance_ball_camera = 0.9120m
distance_slope_far_end_camera = 1.1360m
distance_slope_near_tower_camera = 0.8840m",134.0
2146,captured_0002,lab,A3SS,24,DS,What is the size of the ball in mm? ,"t=1.4, ball acceleration = 4.05m/s^2","t=1.0s, distance_ball_camera = 1.7790m
t=1.3s, distance_ball_camera = 1.7360m
distance_slope_far_end_camera = 1.8150m
distance_slope_near_tower_camera = 1.6715m",51.0
2147,captured_0002,lab,A3SS,24,DS,What is the length of the slope in cm? ,"t=1.4, ball acceleration = 4.05m/s^2","t=1.0s, distance_ball_camera = 1.7790m
t=1.3s, distance_ball_camera = 1.7360m
distance_slope_far_end_camera = 1.8150m
distance_slope_near_tower_camera = 1.6715m",33.0
2148,captured_0002,lab,A3SS,24,DS,What is the displacement of the ball between 1.0s and 1.3s in cm?,"t=1.4, ball acceleration = 4.05m/s^2","t=1.0s, distance_ball_camera = 1.7790m
t=1.3s, distance_ball_camera = 1.7360m
distance_slope_far_end_camera = 1.8150m
distance_slope_near_tower_camera = 1.6715m",9.5
2149,captured_0002,lab,A3SS,24,DD,What is the velocity of the ball at 1.3s in cm/s?,"t=1.4, ball acceleration = 4.05m/s^2","t=1.0s, distance_ball_camera = 1.7790m
t=1.3s, distance_ball_camera = 1.7360m
distance_slope_far_end_camera = 1.8150m
distance_slope_near_tower_camera = 1.6715m",88.0
2150,captured_0002,lab,A3SS,24,DD,What is the velocity of the ball at the end of the slope in cm/s? ,"t=1.4, ball acceleration = 4.05m/s^2","t=1.0s, distance_ball_camera = 1.7790m
t=1.3s, distance_ball_camera = 1.7360m
distance_slope_far_end_camera = 1.8150m
distance_slope_near_tower_camera = 1.6715m",160.0
2151,captured_0006,lab,A3SC,24,DS,What is the height of the toy in cm? ,acceleration = 9.8 m/s^2,"t=1.0s, distance_ball_camera = 1.4020m
t=1.2s, distance_ball_camera = 1.065m
",6.4
2152,captured_0006,lab,A3SC,24,DS,What is the width of the toy in cm?,acceleration = 9.8 m/s^2,"t=1.0s, distance_ball_camera = 1.4020m
t=1.2s, distance_ball_camera = 1.065m
",6.7
2153,captured_0006,lab,A3SC,24,DS,What is the velocity of the toy at 1.2s in m/s? ,acceleration = 9.8 m/s^2,"t=1.0s, distance_ball_camera = 1.4020m
t=1.2s, distance_ball_camera = 1.065m
",2.1
2154,captured_0006,lab,A3SC,24,DS,What the displacement of the toy between 1s and 1.2s in cm? ,acceleration = 9.8 m/s^2,"t=1.0s, distance_ball_camera = 1.4020m
t=1.2s, distance_ball_camera = 1.065m
",36.0
2155,captured_0006,lab,A3SC,24,DS,What is the velocity of the toy when hitting the desk for the first time in m/s? ,acceleration = 9.8 m/s^2,"t=1.0s, distance_ball_camera = 1.4020m
t=1.2s, distance_ball_camera = 1.065m
",2.7
2156,captured_0006s,lab,A3SS,24,DS,What is the height of the toy in cm? ,acceleration = 9.8 m/s^2,"t=1.0s, distance_ball_camera = 1.4020m
t=1.2s, distance_ball_camera = 1.065m
",8.0
2157,captured_0006s,lab,A3SS,24,DS,What is the width of the toy in cm?,acceleration = 9.8 m/s^2,"t=1.0s, distance_ball_camera = 1.4020m
t=1.2s, distance_ball_camera = 1.065m
",7.5
2158,captured_0006s,lab,A3SS,24,DS,What is the velocity of the toy at 1.2s in m/s? ,acceleration = 9.8 m/s^2,"t=1.0s, distance_ball_camera = 1.4020m
t=1.2s, distance_ball_camera = 1.065m
",2.6
2159,captured_0006s,lab,A3SS,24,DS,What the displacement of the toy between 1s and 1.2s in cm? ,acceleration = 9.8 m/s^2,"t=1.0s, distance_ball_camera = 1.4020m
t=1.2s, distance_ball_camera = 1.065m
",35.0
2160,captured_0006s,lab,A3SS,24,DS,What is the velocity of the toy when hitting the desk for the first time in m/s? ,acceleration = 9.8 m/s^2,"t=1.0s, distance_ball_camera = 1.4020m
t=1.2s, distance_ball_camera = 1.065m
",3.5
2161,captured_0008,lab,A3SC,24,DS,What is the basketball's initial distance from the desk in cm? ,acceleration = 9.8 m/s^2,"t=1.0s, distance_ball_camera = 1.4010m
t=1.0s, distance_desk_camera = 1.7250m
t=1.2s, distance_ball_camera = 1.5640m
t=1.5s (max rebounce), distance_ball_camera=1.5225m",78.0
2162,captured_0008,lab,A3SC,24,DS,What is the basketball's diameter in cm?,acceleration = 9.8 m/s^2,"t=1.0s, distance_ball_camera = 1.4010m
t=1.0s, distance_desk_camera = 1.7250m
t=1.2s, distance_ball_camera = 1.5640m
t=1.5s (max rebounce), distance_ball_camera=1.5225m",31.0
2163,captured_0008,lab,A3SC,24,DS,What is the maximum rebounce height (with respect to the desk) of the basketball in cm? ,acceleration = 9.8 m/s^2,"t=1.0s, distance_ball_camera = 1.4010m
t=1.0s, distance_desk_camera = 1.7250m
t=1.2s, distance_ball_camera = 1.5640m
t=1.5s (max rebounce), distance_ball_camera=1.5225m",24.0
2164,captured_0008,lab,A3SC,24,DS,What is the basketball's velocity at 1.2s in m/s? ,acceleration = 9.8 m/s^2,"t=1.0s, distance_ball_camera = 1.4010m
t=1.0s, distance_desk_camera = 1.7250m
t=1.2s, distance_ball_camera = 1.5640m
t=1.5s (max rebounce), distance_ball_camera=1.5225m",4.1
2165,captured_0008,lab,A3SC,24,DS,What is the basketball's  distance from the camera at 1.2s in meters? ,acceleration = 9.8 m/s^2,"t=1.0s, distance_ball_camera = 1.4010m
t=1.0s, distance_desk_camera = 1.7250m
t=1.2s, distance_ball_camera = 1.5640m
t=1.5s (max rebounce), distance_ball_camera=1.5225m",1.564
2166,captured_0008s,lab,A3SS,24,DS,What is the basketball's initial distance from the desk in cm? ,acceleration = 9.8 m/s^2,"t=1.0s, distance_ball_camera = 1.4010m
t=1.0s, distance_desk_camera = 1.7250m
t=1.2s, distance_ball_camera = 1.5640m
t=1.5s (max rebounce), distance_ball_camera=1.5225m",73.0
2167,captured_0008s,lab,A3SS,24,DS,What is the basketball's diameter in cm?,acceleration = 9.8 m/s^2,"t=1.0s, distance_ball_camera = 1.4010m
t=1.0s, distance_desk_camera = 1.7250m
t=1.2s, distance_ball_camera = 1.5640m
t=1.5s (max rebounce), distance_ball_camera=1.5225m",26.5
2168,captured_0008s,lab,A3SS,24,DS,What is the maximum rebounce height (with respect to the desk) of the basketball in cm? ,acceleration = 9.8 m/s^2,"t=1.0s, distance_ball_camera = 1.4010m
t=1.0s, distance_desk_camera = 1.7250m
t=1.2s, distance_ball_camera = 1.5640m
t=1.5s (max rebounce), distance_ball_camera=1.5225m",31.0
2169,captured_0008s,lab,A3SS,24,DS,What is the basketball's velocity at 1.2s in m/s? ,acceleration = 9.8 m/s^2,"t=1.0s, distance_ball_camera = 1.4010m
t=1.0s, distance_desk_camera = 1.7250m
t=1.2s, distance_ball_camera = 1.5640m
t=1.5s (max rebounce), distance_ball_camera=1.5225m",3.6
2170,captured_0008s,lab,A3SS,24,DS,What is the basketball's  distance from the camera at 1.2s in meters? ,acceleration = 9.8 m/s^2,"t=1.0s, distance_ball_camera = 1.4010m
t=1.0s, distance_desk_camera = 1.7250m
t=1.2s, distance_ball_camera = 1.5640m
t=1.5s (max rebounce), distance_ball_camera=1.5225m",1.564
2171,captured_0008x,lab,A3SX,24,DS,What is the basketball's initial distance from the desk in cm? ,acceleration = 9.8 m/s^2,"t=1.0s, distance_ball_camera = 1.4010m
t=1.0s, distance_desk_camera = 1.7250m
t=1.2s, distance_ball_camera = 1.5640m
t=1.5s (max rebounce), distance_ball_camera=1.5225m",63.0
2172,captured_0008x,lab,A3SX,24,DS,What is the basketball's diameter in cm?,acceleration = 9.8 m/s^2,"t=1.0s, distance_ball_camera = 1.4010m
t=1.0s, distance_desk_camera = 1.7250m
t=1.2s, distance_ball_camera = 1.5640m
t=1.5s (max rebounce), distance_ball_camera=1.5225m",24.0
2173,captured_0008x,lab,A3SX,24,DS,What is the maximum rebounce height (with respect to the desk) of the basketball in cm? ,acceleration = 9.8 m/s^2,"t=1.0s, distance_ball_camera = 1.4010m
t=1.0s, distance_desk_camera = 1.7250m
t=1.2s, distance_ball_camera = 1.5640m
t=1.5s (max rebounce), distance_ball_camera=1.5225m",22.0
2174,captured_0008x,lab,A3SX,24,DS,What is the basketball's velocity at 1.2s in m/s? ,acceleration = 9.8 m/s^2,"t=1.0s, distance_ball_camera = 1.4010m
t=1.0s, distance_desk_camera = 1.7250m
t=1.2s, distance_ball_camera = 1.5640m
t=1.5s (max rebounce), distance_ball_camera=1.5225m",3.3
2175,captured_0008x,lab,A3SX,24,DS,What is the basketball's  distance from the camera at 1.2s in meters? ,acceleration = 9.8 m/s^2,"t=1.0s, distance_ball_camera = 1.4010m
t=1.0s, distance_desk_camera = 1.7250m
t=1.2s, distance_ball_camera = 1.5640m
t=1.5s (max rebounce), distance_ball_camera=1.5225m",1.564
2176,captured_0009,lab,A3SC,24,DS,What is the basketball's initial distance from the floor in cm? ,acceleration = 9.8 m/s^2,"t=0.0s, distance_ball_camera = 1.3210m
t=0.0s, distance_floor_camera = 2.0285m
t=1.8s, distance_ball_camera = 1.5835m
t=1.92s (max rebounce), distance_ball_camera=1.5795m",90.0
2177,captured_0009,lab,A3SC,24,DS,What is the basketball's diameter in cm?,acceleration = 9.8 m/s^2,"t=0.0s, distance_ball_camera = 1.3210m
t=0.0s, distance_floor_camera = 2.0285m
t=1.8s, distance_ball_camera = 1.5835m
t=1.92s (max rebounce), distance_ball_camera=1.5795m",24.0
2178,captured_0009,lab,A3SC,24,DS,What is the maximum rebounce height of the basketball in cm? ,acceleration = 9.8 m/s^2,"t=0.0s, distance_ball_camera = 1.3210m
t=0.0s, distance_floor_camera = 2.0285m
t=1.8s, distance_ball_camera = 1.5835m
t=1.92s (max rebounce), distance_ball_camera=1.5795m",31.0
2179,captured_0009,lab,A3SC,24,DS,What is the basketball's velocity at 1.8s in m/s? ,acceleration = 9.8 m/s^2,"t=0.0s, distance_ball_camera = 1.3210m
t=0.0s, distance_floor_camera = 2.0285m
t=1.8s, distance_ball_camera = 1.5835m
t=1.92s (max rebounce), distance_ball_camera=1.5795m",0.95
2180,captured_0009,lab,A3SC,24,DS,What is the basketball's  distance from the camera at 1.8s in meters? ,acceleration = 9.8 m/s^2,"t=0.0s, distance_ball_camera = 1.3210m
t=0.0s, distance_floor_camera = 2.0285m
t=1.8s, distance_ball_camera = 1.5835m
t=1.92s (max rebounce), distance_ball_camera=1.5795m",1.5835
2181,captured_0009s,lab,A3SS,24,DS,What is the basketball's initial distance from the floor in cm? ,acceleration = 9.8 m/s^2,"t=0.0s, distance_ball_camera = 1.3210m
t=0.0s, distance_floor_camera = 2.0285m
t=1.8s, distance_ball_camera = 1.5835m
t=1.92s (max rebounce), distance_ball_camera=1.5795m",70.75
2182,captured_0009s,lab,A3SS,24,DS,What is the basketball's diameter in cm?,acceleration = 9.8 m/s^2,"t=0.0s, distance_ball_camera = 1.3210m
t=0.0s, distance_floor_camera = 2.0285m
t=1.8s, distance_ball_camera = 1.5835m
t=1.92s (max rebounce), distance_ball_camera=1.5795m",24.5
2183,captured_0009s,lab,A3SS,24,DS,What is the maximum rebounce height of the basketball in cm? ,acceleration = 9.8 m/s^2,"t=0.0s, distance_ball_camera = 1.3210m
t=0.0s, distance_floor_camera = 2.0285m
t=1.8s, distance_ball_camera = 1.5835m
t=1.92s (max rebounce), distance_ball_camera=1.5795m",44.9
2184,captured_0009s,lab,A3SS,24,DS,What is the basketball's velocity at 1.8s in m/s? ,acceleration = 9.8 m/s^2,"t=0.0s, distance_ball_camera = 1.3210m
t=0.0s, distance_floor_camera = 2.0285m
t=1.8s, distance_ball_camera = 1.5835m
t=1.92s (max rebounce), distance_ball_camera=1.5795m",1.18
2185,captured_0009s,lab,A3SS,24,DS,What is the basketball's  distance from the camera at 1.8s in meters? ,acceleration = 9.8 m/s^2,"t=0.0s, distance_ball_camera = 1.3210m
t=0.0s, distance_floor_camera = 2.0285m
t=1.8s, distance_ball_camera = 1.5835m
t=1.92s (max rebounce), distance_ball_camera=1.5795m",1.5835
2186,captured_0009x,lab,A3SX,24,DS,What is the basketball's initial distance from the floor in cm? ,acceleration = 9.8 m/s^2,"t=0.0s, distance_ball_camera = 1.3210m
t=0.0s, distance_floor_camera = 2.0285m
t=1.8s, distance_ball_camera = 1.5835m
t=1.92s (max rebounce), distance_ball_camera=1.5795m",70.75
2187,captured_0009x,lab,A3SX,24,DS,What is the basketball's diameter in cm?,acceleration = 9.8 m/s^2,"t=0.0s, distance_ball_camera = 1.3210m
t=0.0s, distance_floor_camera = 2.0285m
t=1.8s, distance_ball_camera = 1.5835m
t=1.92s (max rebounce), distance_ball_camera=1.5795m",20.0
2188,captured_0009x,lab,A3SX,24,DS,What is the maximum rebounce height of the basketball in cm? ,acceleration = 9.8 m/s^2,"t=0.0s, distance_ball_camera = 1.3210m
t=0.0s, distance_floor_camera = 2.0285m
t=1.8s, distance_ball_camera = 1.5835m
t=1.92s (max rebounce), distance_ball_camera=1.5795m",44.9
2189,captured_0009x,lab,A3SX,24,DS,What is the basketball's velocity at 1.8s in m/s? ,acceleration = 9.8 m/s^2,"t=0.0s, distance_ball_camera = 1.3210m
t=0.0s, distance_floor_camera = 2.0285m
t=1.8s, distance_ball_camera = 1.5835m
t=1.92s (max rebounce), distance_ball_camera=1.5795m",1.18
2190,captured_0009x,lab,A3SX,24,DS,What is the basketball's  distance from the camera at 1.8s in meters? ,acceleration = 9.8 m/s^2,"t=0.0s, distance_ball_camera = 1.3210m
t=0.0s, distance_floor_camera = 2.0285m
t=1.8s, distance_ball_camera = 1.5835m
t=1.92s (max rebounce), distance_ball_camera=1.5795m",1.5835
2191,captured_0010,lab,A3SC,24,DS,What is the length of the string in cm? ,gravity_acceleration = 9.8 m/s^2,"t=0.3s, distance_ball_camera = 1.7060m
t=0.6s, distance_ball_camera = 1.3440m
t=0.9s, distance_ball_camera = 1.4605m
t=1.2s, distance_ball_camera = 1.7840m
t=1.5s, distance_ball_camera = 1.7170m
t=1.8s, distance_ball_camera = 1.3500m
",35.0
2192,captured_0010,lab,A3SC,24,DS,What is the ball's diameter in cm?,gravity_acceleration = 9.8 m/s^2,"t=0.3s, distance_ball_camera = 1.7060m
t=0.6s, distance_ball_camera = 1.3440m
t=0.9s, distance_ball_camera = 1.4605m
t=1.2s, distance_ball_camera = 1.7840m
t=1.5s, distance_ball_camera = 1.7170m
t=1.8s, distance_ball_camera = 1.3500m
",4.5
2193,captured_0010,lab,A3SC,24,DS,What is the ball's velocity at 0.3s in m/s? ,gravity_acceleration = 9.8 m/s^2,"t=0.3s, distance_ball_camera = 1.7060m
t=0.6s, distance_ball_camera = 1.3440m
t=0.9s, distance_ball_camera = 1.4605m
t=1.2s, distance_ball_camera = 1.7840m
t=1.5s, distance_ball_camera = 1.7170m
t=1.8s, distance_ball_camera = 1.3500m
",0.9
2194,captured_0010,lab,A3SC,24,DS,What is the ball's velocoty at 0.6s in m/s? ,gravity_acceleration = 9.8 m/s^2,"t=0.3s, distance_ball_camera = 1.7060m
t=0.6s, distance_ball_camera = 1.3440m
t=0.9s, distance_ball_camera = 1.4605m
t=1.2s, distance_ball_camera = 1.7840m
t=1.5s, distance_ball_camera = 1.7170m
t=1.8s, distance_ball_camera = 1.3500m
",0.7
2195,captured_0010,lab,A3SC,24,DS,What is that ball's acceleration at 0.3s in m/s^2? ,gravity_acceleration = 9.8 m/s^2,"t=0.3s, distance_ball_camera = 1.7060m
t=0.6s, distance_ball_camera = 1.3440m
t=0.9s, distance_ball_camera = 1.4605m
t=1.2s, distance_ball_camera = 1.7840m
t=1.5s, distance_ball_camera = 1.7170m
t=1.8s, distance_ball_camera = 1.3500m
",4.6
2196,captured_0010,lab,A3SC,24,DS,What is that ball's acceleration at 0.6s in m/s^2? ,gravity_acceleration = 9.8 m/s^2,"t=0.3s, distance_ball_camera = 1.7060m
t=0.6s, distance_ball_camera = 1.3440m
t=0.9s, distance_ball_camera = 1.4605m
t=1.2s, distance_ball_camera = 1.7840m
t=1.5s, distance_ball_camera = 1.7170m
t=1.8s, distance_ball_camera = 1.3500m
",5.0
2197,captured_0010s,lab,A3SS,24,DS,What is the length of the string in cm? ,gravity_acceleration = 9.8 m/s^2,"t=0.3s, distance_ball_camera = 1.7060m
t=0.6s, distance_ball_camera = 1.3440m
t=0.9s, distance_ball_camera = 1.4605m
t=1.2s, distance_ball_camera = 1.7840m
t=1.5s, distance_ball_camera = 1.7170m
t=1.8s, distance_ball_camera = 1.3500m
",33.0
2198,captured_0010s,lab,A3SS,24,DS,What is the ball's diameter in cm?,gravity_acceleration = 9.8 m/s^2,"t=0.3s, distance_ball_camera = 1.7060m
t=0.6s, distance_ball_camera = 1.3440m
t=0.9s, distance_ball_camera = 1.4605m
t=1.2s, distance_ball_camera = 1.7840m
t=1.5s, distance_ball_camera = 1.7170m
t=1.8s, distance_ball_camera = 1.3500m
",6.6
2199,captured_0010s,lab,A3SS,24,DS,What is the ball's velocity at 0.3s in m/s? ,gravity_acceleration = 9.8 m/s^2,"t=0.3s, distance_ball_camera = 1.7060m
t=0.6s, distance_ball_camera = 1.3440m
t=0.9s, distance_ball_camera = 1.4605m
t=1.2s, distance_ball_camera = 1.7840m
t=1.5s, distance_ball_camera = 1.7170m
t=1.8s, distance_ball_camera = 1.3500m
",1.15
2200,captured_0010s,lab,A3SS,24,DS,What is the ball's velocoty at 0.6s in m/s? ,gravity_acceleration = 9.8 m/s^2,"t=0.3s, distance_ball_camera = 1.7060m
t=0.6s, distance_ball_camera = 1.3440m
t=0.9s, distance_ball_camera = 1.4605m
t=1.2s, distance_ball_camera = 1.7840m
t=1.5s, distance_ball_camera = 1.7170m
t=1.8s, distance_ball_camera = 1.3500m
",0.6
2201,captured_0010s,lab,A3SS,24,DS,What is that ball's acceleration at 0.3s in m/s^2? ,gravity_acceleration = 9.8 m/s^2,"t=0.3s, distance_ball_camera = 1.7060m
t=0.6s, distance_ball_camera = 1.3440m
t=0.9s, distance_ball_camera = 1.4605m
t=1.2s, distance_ball_camera = 1.7840m
t=1.5s, distance_ball_camera = 1.7170m
t=1.8s, distance_ball_camera = 1.3500m
",5.3
2202,captured_0010s,lab,A3SS,24,DS,What is that ball's acceleration at 0.6s in m/s^2? ,gravity_acceleration = 9.8 m/s^2,"t=0.3s, distance_ball_camera = 1.7060m
t=0.6s, distance_ball_camera = 1.3440m
t=0.9s, distance_ball_camera = 1.4605m
t=1.2s, distance_ball_camera = 1.7840m
t=1.5s, distance_ball_camera = 1.7170m
t=1.8s, distance_ball_camera = 1.3500m
",6.1
2203,captured_0010X,lab,A3SX,24,DS,What is the length of the string in cm? ,gravity_acceleration = 9.8 m/s^2,"t=0.3s, distance_ball_camera = 1.7060m
t=0.6s, distance_ball_camera = 1.3440m
t=0.9s, distance_ball_camera = 1.4605m
t=1.2s, distance_ball_camera = 1.7840m
t=1.5s, distance_ball_camera = 1.7170m
t=1.8s, distance_ball_camera = 1.3500m
",37.0
2204,captured_0010X,lab,A3SX,24,DS,What is the ball's diameter in cm?,gravity_acceleration = 9.8 m/s^2,"t=0.3s, distance_ball_camera = 1.7060m
t=0.6s, distance_ball_camera = 1.3440m
t=0.9s, distance_ball_camera = 1.4605m
t=1.2s, distance_ball_camera = 1.7840m
t=1.5s, distance_ball_camera = 1.7170m
t=1.8s, distance_ball_camera = 1.3500m
",9.0
2205,captured_0010X,lab,A3SX,24,DS,What is the ball's velocity at 0.3s in m/s? ,gravity_acceleration = 9.8 m/s^2,"t=0.3s, distance_ball_camera = 1.7060m
t=0.6s, distance_ball_camera = 1.3440m
t=0.9s, distance_ball_camera = 1.4605m
t=1.2s, distance_ball_camera = 1.7840m
t=1.5s, distance_ball_camera = 1.7170m
t=1.8s, distance_ball_camera = 1.3500m
",1.15
2206,captured_0010X,lab,A3SX,24,DS,What is the ball's velocoty at 0.6s in m/s? ,gravity_acceleration = 9.8 m/s^2,"t=0.3s, distance_ball_camera = 1.7060m
t=0.6s, distance_ball_camera = 1.3440m
t=0.9s, distance_ball_camera = 1.4605m
t=1.2s, distance_ball_camera = 1.7840m
t=1.5s, distance_ball_camera = 1.7170m
t=1.8s, distance_ball_camera = 1.3500m
",0.62
2207,captured_0010X,lab,A3SX,24,DS,What is that ball's acceleration at 0.3s in m/s^2? ,gravity_acceleration = 9.8 m/s^2,"t=0.3s, distance_ball_camera = 1.7060m
t=0.6s, distance_ball_camera = 1.3440m
t=0.9s, distance_ball_camera = 1.4605m
t=1.2s, distance_ball_camera = 1.7840m
t=1.5s, distance_ball_camera = 1.7170m
t=1.8s, distance_ball_camera = 1.3500m
",4.8
2208,captured_0010X,lab,A3SX,24,DS,What is that ball's acceleration at 0.6s in m/s^2? ,gravity_acceleration = 9.8 m/s^2,"t=0.3s, distance_ball_camera = 1.7060m
t=0.6s, distance_ball_camera = 1.3440m
t=0.9s, distance_ball_camera = 1.4605m
t=1.2s, distance_ball_camera = 1.7840m
t=1.5s, distance_ball_camera = 1.7170m
t=1.8s, distance_ball_camera = 1.3500m
",5.8
2209,captured_0013,lab,A3MC,24,DS,What is the height of the cup in cm? ,"t=1.5, ball acceleration = 3.0m/s^2","t=0s, distance_cup_camera = 1.2100m
t=0s, distance_pen_camera = 1.1750m
t=0s, distance_cookie_camera = 1.1820m
t=0s, distance_note_book_camera = 0.9620m
t=0s, distance_desk_left_camera = 0.8690m
t=0s, distance_desk_right_camera = 0.8520m
t=0s, distance_slope_far_camera = 1.3450m
t=0s, distance_slope_near_camera = 1.1040m
",10.6
2210,captured_0013,lab,A3MC,24,DS,What is the length of the pen in cm? ,"t=1.5, ball acceleration = 3.0m/s^2","t=0s, distance_cup_camera = 1.2100m
t=0s, distance_pen_camera = 1.1750m
t=0s, distance_cookie_camera = 1.1820m
t=0s, distance_note_book_camera = 0.9620m
t=0s, distance_desk_left_camera = 0.8690m
t=0s, distance_desk_right_camera = 0.8520m
t=0s, distance_slope_far_camera = 1.3450m
t=0s, distance_slope_near_camera = 1.1040m
",7.3
2211,captured_0013,lab,A3MC,24,DS,What is the diameter of the cookie in cm? ,"t=1.5, ball acceleration = 3.0m/s^2","t=0s, distance_cup_camera = 1.2100m
t=0s, distance_pen_camera = 1.1750m
t=0s, distance_cookie_camera = 1.1820m
t=0s, distance_note_book_camera = 0.9620m
t=0s, distance_desk_left_camera = 0.8690m
t=0s, distance_desk_right_camera = 0.8520m
t=0s, distance_slope_far_camera = 1.3450m
t=0s, distance_slope_near_camera = 1.1040m
",6.2
2212,captured_0013,lab,A3MC,24,DS,What is the width of the note book in cm? ,"t=1.5, ball acceleration = 3.0m/s^2","t=0s, distance_cup_camera = 1.2100m
t=0s, distance_pen_camera = 1.1750m
t=0s, distance_cookie_camera = 1.1820m
t=0s, distance_note_book_camera = 0.9620m
t=0s, distance_desk_left_camera = 0.8690m
t=0s, distance_desk_right_camera = 0.8520m
t=0s, distance_slope_far_camera = 1.3450m
t=0s, distance_slope_near_camera = 1.1040m
",8.6
2213,captured_0013,lab,A3MC,24,DS,What is the width of the desk in cm? ,"t=1.5, ball acceleration = 3.0m/s^2","t=0s, distance_cup_camera = 1.2100m
t=0s, distance_pen_camera = 1.1750m
t=0s, distance_cookie_camera = 1.1820m
t=0s, distance_note_book_camera = 0.9620m
t=0s, distance_desk_left_camera = 0.8690m
t=0s, distance_desk_right_camera = 0.8520m
t=0s, distance_slope_far_camera = 1.3450m
t=0s, distance_slope_near_camera = 1.1040m
",47.0
2214,captured_0013,lab,A3MC,24,DS,What is the length of the slope in cm?,"t=1.5, ball acceleration = 3.0m/s^2","t=0s, distance_cup_camera = 1.2100m
t=0s, distance_pen_camera = 1.1750m
t=0s, distance_cookie_camera = 1.1820m
t=0s, distance_note_book_camera = 0.9620m
t=0s, distance_desk_left_camera = 0.8690m
t=0s, distance_desk_right_camera = 0.8520m
t=0s, distance_slope_far_camera = 1.3450m
t=0s, distance_slope_near_camera = 1.1040m
",27.0
2215,captured_0013,lab,A3MC,24,DS,What is the diameter of the ball in cm? ,"t=1.5, ball acceleration = 3.0m/s^2","t=0s, distance_cup_camera = 1.2100m
t=0s, distance_pen_camera = 1.1750m
t=0s, distance_cookie_camera = 1.1820m
t=0s, distance_note_book_camera = 0.9620m
t=0s, distance_desk_left_camera = 0.8690m
t=0s, distance_desk_right_camera = 0.8520m
t=0s, distance_slope_far_camera = 1.3450m
t=0s, distance_slope_near_camera = 1.1040m
",5.0
2216,captured_0013,lab,A3MC,24,DD,What is the velolicty of the ball at 1.5s in cm/s? ,"t=1.5, ball acceleration = 3.0m/s^2","t=0s, distance_cup_camera = 1.2100m
t=0s, distance_pen_camera = 1.1750m
t=0s, distance_cookie_camera = 1.1820m
t=0s, distance_note_book_camera = 0.9620m
t=0s, distance_desk_left_camera = 0.8690m
t=0s, distance_desk_right_camera = 0.8520m
t=0s, distance_slope_far_camera = 1.3450m
t=0s, distance_slope_near_camera = 1.1040m
",100.0
2217,captured_0013s,lab,A3MS,24,DS,What is the height of the cup in cm? ,"t=1.5, ball acceleration = 3.0m/s^2","t=0s, distance_cup_camera = 1.2100m
t=0s, distance_pen_camera = 1.1750m
t=0s, distance_cookie_camera = 1.1820m
t=0s, distance_note_book_camera = 0.9620m
t=0s, distance_desk_left_camera = 0.8690m
t=0s, distance_desk_right_camera = 0.8520m
t=0s, distance_slope_far_camera = 1.3450m
t=0s, distance_slope_near_camera = 1.1040m
",8.5
2218,captured_0013s,lab,A3MS,24,DS,What is the length of the pen in cm? ,"t=1.5, ball acceleration = 3.0m/s^2","t=0s, distance_cup_camera = 1.2100m
t=0s, distance_pen_camera = 1.1750m
t=0s, distance_cookie_camera = 1.1820m
t=0s, distance_note_book_camera = 0.9620m
t=0s, distance_desk_left_camera = 0.8690m
t=0s, distance_desk_right_camera = 0.8520m
t=0s, distance_slope_far_camera = 1.3450m
t=0s, distance_slope_near_camera = 1.1040m
",6.0
2219,captured_0013s,lab,A3MS,24,DS,What is the diameter of the cookie in cm? ,"t=1.5, ball acceleration = 3.0m/s^2","t=0s, distance_cup_camera = 1.2100m
t=0s, distance_pen_camera = 1.1750m
t=0s, distance_cookie_camera = 1.1820m
t=0s, distance_note_book_camera = 0.9620m
t=0s, distance_desk_left_camera = 0.8690m
t=0s, distance_desk_right_camera = 0.8520m
t=0s, distance_slope_far_camera = 1.3450m
t=0s, distance_slope_near_camera = 1.1040m
",5.0
2220,captured_0013s,lab,A3MS,24,DS,What is the width of the note book in cm? ,"t=1.5, ball acceleration = 3.0m/s^2","t=0s, distance_cup_camera = 1.2100m
t=0s, distance_pen_camera = 1.1750m
t=0s, distance_cookie_camera = 1.1820m
t=0s, distance_note_book_camera = 0.9620m
t=0s, distance_desk_left_camera = 0.8690m
t=0s, distance_desk_right_camera = 0.8520m
t=0s, distance_slope_far_camera = 1.3450m
t=0s, distance_slope_near_camera = 1.1040m
",7.1
2221,captured_0013s,lab,A3MS,24,DS,What is the width of the desk in cm? ,"t=1.5, ball acceleration = 3.0m/s^2","t=0s, distance_cup_camera = 1.2100m
t=0s, distance_pen_camera = 1.1750m
t=0s, distance_cookie_camera = 1.1820m
t=0s, distance_note_book_camera = 0.9620m
t=0s, distance_desk_left_camera = 0.8690m
t=0s, distance_desk_right_camera = 0.8520m
t=0s, distance_slope_far_camera = 1.3450m
t=0s, distance_slope_near_camera = 1.1040m
",38.2
2222,captured_0013s,lab,A3MS,24,DS,What is the length of the slope in cm?,"t=1.5, ball acceleration = 3.0m/s^2","t=0s, distance_cup_camera = 1.2100m
t=0s, distance_pen_camera = 1.1750m
t=0s, distance_cookie_camera = 1.1820m
t=0s, distance_note_book_camera = 0.9620m
t=0s, distance_desk_left_camera = 0.8690m
t=0s, distance_desk_right_camera = 0.8520m
t=0s, distance_slope_far_camera = 1.3450m
t=0s, distance_slope_near_camera = 1.1040m
",26.0
2223,captured_0013s,lab,A3MS,24,DS,What is the diameter of the ball in cm? ,"t=1.5, ball acceleration = 3.0m/s^2","t=0s, distance_cup_camera = 1.2100m
t=0s, distance_pen_camera = 1.1750m
t=0s, distance_cookie_camera = 1.1820m
t=0s, distance_note_book_camera = 0.9620m
t=0s, distance_desk_left_camera = 0.8690m
t=0s, distance_desk_right_camera = 0.8520m
t=0s, distance_slope_far_camera = 1.3450m
t=0s, distance_slope_near_camera = 1.1040m
",4.2
2224,captured_0013s,lab,A3MS,24,DD,What is the velolicty of the ball at 1.5s in cm/s? ,"t=1.5, ball acceleration = 3.0m/s^2","t=0s, distance_cup_camera = 1.2100m
t=0s, distance_pen_camera = 1.1750m
t=0s, distance_cookie_camera = 1.1820m
t=0s, distance_note_book_camera = 0.9620m
t=0s, distance_desk_left_camera = 0.8690m
t=0s, distance_desk_right_camera = 0.8520m
t=0s, distance_slope_far_camera = 1.3450m
t=0s, distance_slope_near_camera = 1.1040m
",55.0
2225,captured_0013x,lab,A3MX,24,DS,What is the height of the cup in cm? ,"t=1.5, ball acceleration = 3.0m/s^2","t=0s, distance_cup_camera = 1.2100m
t=0s, distance_pen_camera = 1.1750m
t=0s, distance_cookie_camera = 1.1820m
t=0s, distance_note_book_camera = 0.9620m
t=0s, distance_desk_left_camera = 0.8690m
t=0s, distance_desk_right_camera = 0.8520m
t=0s, distance_slope_far_camera = 1.3450m
t=0s, distance_slope_near_camera = 1.1040m
",11.3
2226,captured_0013x,lab,A3MX,24,DS,What is the length of the pen in cm? ,"t=1.5, ball acceleration = 3.0m/s^2","t=0s, distance_cup_camera = 1.2100m
t=0s, distance_pen_camera = 1.1750m
t=0s, distance_cookie_camera = 1.1820m
t=0s, distance_note_book_camera = 0.9620m
t=0s, distance_desk_left_camera = 0.8690m
t=0s, distance_desk_right_camera = 0.8520m
t=0s, distance_slope_far_camera = 1.3450m
t=0s, distance_slope_near_camera = 1.1040m
",8.0
2227,captured_0013x,lab,A3MX,24,DS,What is the diameter of the cookie in cm? ,"t=1.5, ball acceleration = 3.0m/s^2","t=0s, distance_cup_camera = 1.2100m
t=0s, distance_pen_camera = 1.1750m
t=0s, distance_cookie_camera = 1.1820m
t=0s, distance_note_book_camera = 0.9620m
t=0s, distance_desk_left_camera = 0.8690m
t=0s, distance_desk_right_camera = 0.8520m
t=0s, distance_slope_far_camera = 1.3450m
t=0s, distance_slope_near_camera = 1.1040m
",6.5
2228,captured_0013x,lab,A3MX,24,DS,What is the width of the note book in cm? ,"t=1.5, ball acceleration = 3.0m/s^2","t=0s, distance_cup_camera = 1.2100m
t=0s, distance_pen_camera = 1.1750m
t=0s, distance_cookie_camera = 1.1820m
t=0s, distance_note_book_camera = 0.9620m
t=0s, distance_desk_left_camera = 0.8690m
t=0s, distance_desk_right_camera = 0.8520m
t=0s, distance_slope_far_camera = 1.3450m
t=0s, distance_slope_near_camera = 1.1040m
",9.0
2229,captured_0013x,lab,A3MX,24,DS,What is the width of the desk in cm? ,"t=1.5, ball acceleration = 3.0m/s^2","t=0s, distance_cup_camera = 1.2100m
t=0s, distance_pen_camera = 1.1750m
t=0s, distance_cookie_camera = 1.1820m
t=0s, distance_note_book_camera = 0.9620m
t=0s, distance_desk_left_camera = 0.8690m
t=0s, distance_desk_right_camera = 0.8520m
t=0s, distance_slope_far_camera = 1.3450m
t=0s, distance_slope_near_camera = 1.1040m
",49.0
2230,captured_0013x,lab,A3MX,24,DS,What is the length of the slope in cm?,"t=1.5, ball acceleration = 3.0m/s^2","t=0s, distance_cup_camera = 1.2100m
t=0s, distance_pen_camera = 1.1750m
t=0s, distance_cookie_camera = 1.1820m
t=0s, distance_note_book_camera = 0.9620m
t=0s, distance_desk_left_camera = 0.8690m
t=0s, distance_desk_right_camera = 0.8520m
t=0s, distance_slope_far_camera = 1.3450m
t=0s, distance_slope_near_camera = 1.1040m
",28.0
2231,captured_0013x,lab,A3MX,24,DS,What is the diameter of the ball in cm? ,"t=1.5, ball acceleration = 3.0m/s^2","t=0s, distance_cup_camera = 1.2100m
t=0s, distance_pen_camera = 1.1750m
t=0s, distance_cookie_camera = 1.1820m
t=0s, distance_note_book_camera = 0.9620m
t=0s, distance_desk_left_camera = 0.8690m
t=0s, distance_desk_right_camera = 0.8520m
t=0s, distance_slope_far_camera = 1.3450m
t=0s, distance_slope_near_camera = 1.1040m
",5.6
2232,captured_0013x,lab,A3MX,24,DD,What is the velolicty of the ball at 1.5s in cm/s? ,"t=1.5, ball acceleration = 3.0m/s^2","t=0s, distance_cup_camera = 1.2100m
t=0s, distance_pen_camera = 1.1750m
t=0s, distance_cookie_camera = 1.1820m
t=0s, distance_note_book_camera = 0.9620m
t=0s, distance_desk_left_camera = 0.8690m
t=0s, distance_desk_right_camera = 0.8520m
t=0s, distance_slope_far_camera = 1.3450m
t=0s, distance_slope_near_camera = 1.1040m
",55.0
2233,captured_0014,lab,A3MC,24,DS,What is the diameter of the cookie in cm? ,"t=0.6, ball acceleration = 4.6m/s^2","t=0s, distance_cookie_camera = 1.7355m
t=0s, distance_ball_camera = 1.8180m
t=0s, distance_cup_camera = 1.7270m
t=0s, distance_pen_camera = 1.6725m
t=0s, distance_book_camera = 1.6650m
t=0.6s, distance_ball_camera = 1.7288m
t=0s, distance_slope_far_camera = 1.8540m
t=0s, distance_slope_near_camera = 1.7010m
",6.6
2234,captured_0014,lab,A3MC,24,DS,What is the diameter of the ball in cm? ,"t=0.6, ball acceleration = 4.6m/s^2","t=0s, distance_cookie_camera = 1.7355m
t=0s, distance_ball_camera = 1.8180m
t=0s, distance_cup_camera = 1.7270m
t=0s, distance_pen_camera = 1.6725m
t=0s, distance_book_camera = 1.6650m
t=0.6s, distance_ball_camera = 1.7288m
t=0s, distance_slope_far_camera = 1.8540m
t=0s, distance_slope_near_camera = 1.7010m
",5.1
2235,captured_0014,lab,A3MC,24,DS,What is the height of the cup in cm? ,"t=0.6, ball acceleration = 4.6m/s^2","t=0s, distance_cookie_camera = 1.7355m
t=0s, distance_ball_camera = 1.8180m
t=0s, distance_cup_camera = 1.7270m
t=0s, distance_pen_camera = 1.6725m
t=0s, distance_book_camera = 1.6650m
t=0.6s, distance_ball_camera = 1.7288m
t=0s, distance_slope_far_camera = 1.8540m
t=0s, distance_slope_near_camera = 1.7010m
",10.9
2236,captured_0014,lab,A3MC,24,DS,What is the length of the pen in cm? ,"t=0.6, ball acceleration = 4.6m/s^2","t=0s, distance_cookie_camera = 1.7355m
t=0s, distance_ball_camera = 1.8180m
t=0s, distance_cup_camera = 1.7270m
t=0s, distance_pen_camera = 1.6725m
t=0s, distance_book_camera = 1.6650m
t=0.6s, distance_ball_camera = 1.7288m
t=0s, distance_slope_far_camera = 1.8540m
t=0s, distance_slope_near_camera = 1.7010m
",12.5
2237,captured_0014,lab,A3MC,24,DS,What is the length of the book in cm?,"t=0.6, ball acceleration = 4.6m/s^2","t=0s, distance_cookie_camera = 1.7355m
t=0s, distance_ball_camera = 1.8180m
t=0s, distance_cup_camera = 1.7270m
t=0s, distance_pen_camera = 1.6725m
t=0s, distance_book_camera = 1.6650m
t=0.6s, distance_ball_camera = 1.7288m
t=0s, distance_slope_far_camera = 1.8540m
t=0s, distance_slope_near_camera = 1.7010m
",14.0
2238,captured_0014,lab,A3MC,24,DS,What is the width of the book in cm?,"t=0.6, ball acceleration = 4.6m/s^2","t=0s, distance_cookie_camera = 1.7355m
t=0s, distance_ball_camera = 1.8180m
t=0s, distance_cup_camera = 1.7270m
t=0s, distance_pen_camera = 1.6725m
t=0s, distance_book_camera = 1.6650m
t=0.6s, distance_ball_camera = 1.7288m
t=0s, distance_slope_far_camera = 1.8540m
t=0s, distance_slope_near_camera = 1.7010m
",9.3
2239,captured_0014,lab,A3MC,24,DS,What is the height of the book in cm?,"t=0.6, ball acceleration = 4.6m/s^2","t=0s, distance_cookie_camera = 1.7355m
t=0s, distance_ball_camera = 1.8180m
t=0s, distance_cup_camera = 1.7270m
t=0s, distance_pen_camera = 1.6725m
t=0s, distance_book_camera = 1.6650m
t=0.6s, distance_ball_camera = 1.7288m
t=0s, distance_slope_far_camera = 1.8540m
t=0s, distance_slope_near_camera = 1.7010m
",1.5
2240,captured_0014,lab,A3MC,24,DD,What is the velocity of the rolling ball at 0.6s in cm/s? ,"t=0.6, ball acceleration = 4.6m/s^2","t=0s, distance_cookie_camera = 1.7355m
t=0s, distance_ball_camera = 1.8180m
t=0s, distance_cup_camera = 1.7270m
t=0s, distance_pen_camera = 1.6725m
t=0s, distance_book_camera = 1.6650m
t=0.6s, distance_ball_camera = 1.7288m
t=0s, distance_slope_far_camera = 1.8540m
t=0s, distance_slope_near_camera = 1.7010m
",95.0
2241,captured_0014,lab,A3MC,24,DS,What is the length of the slope in cm? ,"t=0.6, ball acceleration = 4.6m/s^2","t=0s, distance_cookie_camera = 1.7355m
t=0s, distance_ball_camera = 1.8180m
t=0s, distance_cup_camera = 1.7270m
t=0s, distance_pen_camera = 1.6725m
t=0s, distance_book_camera = 1.6650m
t=0.6s, distance_ball_camera = 1.7288m
t=0s, distance_slope_far_camera = 1.8540m
t=0s, distance_slope_near_camera = 1.7010m
",29.0
2242,captured_0014,lab,A3MC,24,DS,What is the width of the slope in cm? ,"t=0.6, ball acceleration = 4.6m/s^2","t=0s, distance_cookie_camera = 1.7355m
t=0s, distance_ball_camera = 1.8180m
t=0s, distance_cup_camera = 1.7270m
t=0s, distance_pen_camera = 1.6725m
t=0s, distance_book_camera = 1.6650m
t=0.6s, distance_ball_camera = 1.7288m
t=0s, distance_slope_far_camera = 1.8540m
t=0s, distance_slope_near_camera = 1.7010m
",21.5
2243,captured_0014,lab,A3MC,24,DS,What is the displacement of the rolling object from 0s to 0.6s in cm? ,"t=0.6, ball acceleration = 4.6m/s^2","t=0s, distance_cookie_camera = 1.7355m
t=0s, distance_ball_camera = 1.8180m
t=0s, distance_cup_camera = 1.7270m
t=0s, distance_pen_camera = 1.6725m
t=0s, distance_book_camera = 1.6650m
t=0.6s, distance_ball_camera = 1.7288m
t=0s, distance_slope_far_camera = 1.8540m
t=0s, distance_slope_near_camera = 1.7010m
",15.0
2244,captured_0014s,lab,A3MS,24,DS,What is the diameter of the cookie in cm? ,"t=0.6, ball acceleration = 4.6m/s^2","t=0s, distance_cookie_camera = 1.7355m
t=0s, distance_ball_camera = 1.8180m
t=0s, distance_cup_camera = 1.7270m
t=0s, distance_pen_camera = 1.6725m
t=0s, distance_book_camera = 1.6650m
t=0.6s, distance_ball_camera = 1.7288m
t=0s, distance_slope_far_camera = 1.8540m
t=0s, distance_slope_near_camera = 1.7010m
",14.5
2245,captured_0014s,lab,A3MS,24,DS,What is the diameter of the ball in cm? ,"t=0.6, ball acceleration = 4.6m/s^2","t=0s, distance_cookie_camera = 1.7355m
t=0s, distance_ball_camera = 1.8180m
t=0s, distance_cup_camera = 1.7270m
t=0s, distance_pen_camera = 1.6725m
t=0s, distance_book_camera = 1.6650m
t=0.6s, distance_ball_camera = 1.7288m
t=0s, distance_slope_far_camera = 1.8540m
t=0s, distance_slope_near_camera = 1.7010m
",12.0
2246,captured_0014s,lab,A3MS,24,DS,What is the height of the cup in cm? ,"t=0.6, ball acceleration = 4.6m/s^2","t=0s, distance_cookie_camera = 1.7355m
t=0s, distance_ball_camera = 1.8180m
t=0s, distance_cup_camera = 1.7270m
t=0s, distance_pen_camera = 1.6725m
t=0s, distance_book_camera = 1.6650m
t=0.6s, distance_ball_camera = 1.7288m
t=0s, distance_slope_far_camera = 1.8540m
t=0s, distance_slope_near_camera = 1.7010m
",21.0
2247,captured_0014s,lab,A3MS,24,DS,What is the length of the pen in cm? ,"t=0.6, ball acceleration = 4.6m/s^2","t=0s, distance_cookie_camera = 1.7355m
t=0s, distance_ball_camera = 1.8180m
t=0s, distance_cup_camera = 1.7270m
t=0s, distance_pen_camera = 1.6725m
t=0s, distance_book_camera = 1.6650m
t=0.6s, distance_ball_camera = 1.7288m
t=0s, distance_slope_far_camera = 1.8540m
t=0s, distance_slope_near_camera = 1.7010m
",26.6
2248,captured_0014s,lab,A3MS,24,DS,What is the length of the book in cm?,"t=0.6, ball acceleration = 4.6m/s^2","t=0s, distance_cookie_camera = 1.7355m
t=0s, distance_ball_camera = 1.8180m
t=0s, distance_cup_camera = 1.7270m
t=0s, distance_pen_camera = 1.6725m
t=0s, distance_book_camera = 1.6650m
t=0.6s, distance_ball_camera = 1.7288m
t=0s, distance_slope_far_camera = 1.8540m
t=0s, distance_slope_near_camera = 1.7010m
",20.0
2249,captured_0014s,lab,A3MS,24,DS,What is the width of the book in cm?,"t=0.6, ball acceleration = 4.6m/s^2","t=0s, distance_cookie_camera = 1.7355m
t=0s, distance_ball_camera = 1.8180m
t=0s, distance_cup_camera = 1.7270m
t=0s, distance_pen_camera = 1.6725m
t=0s, distance_book_camera = 1.6650m
t=0.6s, distance_ball_camera = 1.7288m
t=0s, distance_slope_far_camera = 1.8540m
t=0s, distance_slope_near_camera = 1.7010m
",18.5
2250,captured_0014s,lab,A3MS,24,DS,What is the height of the book in cm?,"t=0.6, ball acceleration = 4.6m/s^2","t=0s, distance_cookie_camera = 1.7355m
t=0s, distance_ball_camera = 1.8180m
t=0s, distance_cup_camera = 1.7270m
t=0s, distance_pen_camera = 1.6725m
t=0s, distance_book_camera = 1.6650m
t=0.6s, distance_ball_camera = 1.7288m
t=0s, distance_slope_far_camera = 1.8540m
t=0s, distance_slope_near_camera = 1.7010m
",2.5
2251,captured_0014s,lab,A3MS,24,DD,What is the velocity of the rolling ball at 0.6s in cm/s? ,"t=0.6, ball acceleration = 4.6m/s^2","t=0s, distance_cookie_camera = 1.7355m
t=0s, distance_ball_camera = 1.8180m
t=0s, distance_cup_camera = 1.7270m
t=0s, distance_pen_camera = 1.6725m
t=0s, distance_book_camera = 1.6650m
t=0.6s, distance_ball_camera = 1.7288m
t=0s, distance_slope_far_camera = 1.8540m
t=0s, distance_slope_near_camera = 1.7010m
",170.0
2252,captured_0014s,lab,A3MS,24,DS,What is the length of the slope in cm? ,"t=0.6, ball acceleration = 4.6m/s^2","t=0s, distance_cookie_camera = 1.7355m
t=0s, distance_ball_camera = 1.8180m
t=0s, distance_cup_camera = 1.7270m
t=0s, distance_pen_camera = 1.6725m
t=0s, distance_book_camera = 1.6650m
t=0.6s, distance_ball_camera = 1.7288m
t=0s, distance_slope_far_camera = 1.8540m
t=0s, distance_slope_near_camera = 1.7010m
",55.0
2253,captured_0014s,lab,A3MS,24,DS,What is the width of the slope in cm? ,"t=0.6, ball acceleration = 4.6m/s^2","t=0s, distance_cookie_camera = 1.7355m
t=0s, distance_ball_camera = 1.8180m
t=0s, distance_cup_camera = 1.7270m
t=0s, distance_pen_camera = 1.6725m
t=0s, distance_book_camera = 1.6650m
t=0.6s, distance_ball_camera = 1.7288m
t=0s, distance_slope_far_camera = 1.8540m
t=0s, distance_slope_near_camera = 1.7010m
",47.0
2254,captured_0014s,lab,A3MS,24,DS,What is the displacement of the rolling object from 0s to 0.6s in cm? ,"t=0.6, ball acceleration = 4.6m/s^2","t=0s, distance_cookie_camera = 1.7355m
t=0s, distance_ball_camera = 1.8180m
t=0s, distance_cup_camera = 1.7270m
t=0s, distance_pen_camera = 1.6725m
t=0s, distance_book_camera = 1.6650m
t=0.6s, distance_ball_camera = 1.7288m
t=0s, distance_slope_far_camera = 1.8540m
t=0s, distance_slope_near_camera = 1.7010m
",30.0
2255,captured_0014x,lab,A3MX,24,DS,What is the diameter of the cookie in cm? ,"t=0.6, ball acceleration = 4.6m/s^2","t=0s, distance_cookie_camera = 1.7355m
t=0s, distance_ball_camera = 1.8180m
t=0s, distance_cup_camera = 1.7270m
t=0s, distance_pen_camera = 1.6725m
t=0s, distance_book_camera = 1.6650m
t=0.6s, distance_ball_camera = 1.7288m
t=0s, distance_slope_far_camera = 1.8540m
t=0s, distance_slope_near_camera = 1.7010m
",8.4
2256,captured_0014x,lab,A3MX,24,DS,What is the diameter of the ball in cm? ,"t=0.6, ball acceleration = 4.6m/s^2","t=0s, distance_cookie_camera = 1.7355m
t=0s, distance_ball_camera = 1.8180m
t=0s, distance_cup_camera = 1.7270m
t=0s, distance_pen_camera = 1.6725m
t=0s, distance_book_camera = 1.6650m
t=0.6s, distance_ball_camera = 1.7288m
t=0s, distance_slope_far_camera = 1.8540m
t=0s, distance_slope_near_camera = 1.7010m
",6.1
2257,captured_0014x,lab,A3MX,24,DS,What is the height of the cup in cm? ,"t=0.6, ball acceleration = 4.6m/s^2","t=0s, distance_cookie_camera = 1.7355m
t=0s, distance_ball_camera = 1.8180m
t=0s, distance_cup_camera = 1.7270m
t=0s, distance_pen_camera = 1.6725m
t=0s, distance_book_camera = 1.6650m
t=0.6s, distance_ball_camera = 1.7288m
t=0s, distance_slope_far_camera = 1.8540m
t=0s, distance_slope_near_camera = 1.7010m
",12.3
2258,captured_0014x,lab,A3MX,24,DS,What is the length of the pen in cm? ,"t=0.6, ball acceleration = 4.6m/s^2","t=0s, distance_cookie_camera = 1.7355m
t=0s, distance_ball_camera = 1.8180m
t=0s, distance_cup_camera = 1.7270m
t=0s, distance_pen_camera = 1.6725m
t=0s, distance_book_camera = 1.6650m
t=0.6s, distance_ball_camera = 1.7288m
t=0s, distance_slope_far_camera = 1.8540m
t=0s, distance_slope_near_camera = 1.7010m
",15.1
2259,captured_0014x,lab,A3MX,24,DS,What is the length of the book in cm?,"t=0.6, ball acceleration = 4.6m/s^2","t=0s, distance_cookie_camera = 1.7355m
t=0s, distance_ball_camera = 1.8180m
t=0s, distance_cup_camera = 1.7270m
t=0s, distance_pen_camera = 1.6725m
t=0s, distance_book_camera = 1.6650m
t=0.6s, distance_ball_camera = 1.7288m
t=0s, distance_slope_far_camera = 1.8540m
t=0s, distance_slope_near_camera = 1.7010m
",12.0
2260,captured_0014x,lab,A3MX,24,DS,What is the width of the book in cm?,"t=0.6, ball acceleration = 4.6m/s^2","t=0s, distance_cookie_camera = 1.7355m
t=0s, distance_ball_camera = 1.8180m
t=0s, distance_cup_camera = 1.7270m
t=0s, distance_pen_camera = 1.6725m
t=0s, distance_book_camera = 1.6650m
t=0.6s, distance_ball_camera = 1.7288m
t=0s, distance_slope_far_camera = 1.8540m
t=0s, distance_slope_near_camera = 1.7010m
",10.5
2261,captured_0014x,lab,A3MX,24,DS,What is the height of the book in cm?,"t=0.6, ball acceleration = 4.6m/s^2","t=0s, distance_cookie_camera = 1.7355m
t=0s, distance_ball_camera = 1.8180m
t=0s, distance_cup_camera = 1.7270m
t=0s, distance_pen_camera = 1.6725m
t=0s, distance_book_camera = 1.6650m
t=0.6s, distance_ball_camera = 1.7288m
t=0s, distance_slope_far_camera = 1.8540m
t=0s, distance_slope_near_camera = 1.7010m
",1.4
2262,captured_0014x,lab,A3MX,24,DD,What is the velocity of the rolling ball at 0.6s in cm/s? ,"t=0.6, ball acceleration = 4.6m/s^2","t=0s, distance_cookie_camera = 1.7355m
t=0s, distance_ball_camera = 1.8180m
t=0s, distance_cup_camera = 1.7270m
t=0s, distance_pen_camera = 1.6725m
t=0s, distance_book_camera = 1.6650m
t=0.6s, distance_ball_camera = 1.7288m
t=0s, distance_slope_far_camera = 1.8540m
t=0s, distance_slope_near_camera = 1.7010m
",96.0
2263,captured_0014x,lab,A3MX,24,DS,What is the length of the slope in cm? ,"t=0.6, ball acceleration = 4.6m/s^2","t=0s, distance_cookie_camera = 1.7355m
t=0s, distance_ball_camera = 1.8180m
t=0s, distance_cup_camera = 1.7270m
t=0s, distance_pen_camera = 1.6725m
t=0s, distance_book_camera = 1.6650m
t=0.6s, distance_ball_camera = 1.7288m
t=0s, distance_slope_far_camera = 1.8540m
t=0s, distance_slope_near_camera = 1.7010m
",28.0
2264,captured_0014x,lab,A3MX,24,DS,What is the width of the slope in cm? ,"t=0.6, ball acceleration = 4.6m/s^2","t=0s, distance_cookie_camera = 1.7355m
t=0s, distance_ball_camera = 1.8180m
t=0s, distance_cup_camera = 1.7270m
t=0s, distance_pen_camera = 1.6725m
t=0s, distance_book_camera = 1.6650m
t=0.6s, distance_ball_camera = 1.7288m
t=0s, distance_slope_far_camera = 1.8540m
t=0s, distance_slope_near_camera = 1.7010m
",24.5
2265,captured_0014x,lab,A3MX,24,DS,What is the displacement of the rolling object from 0s to 0.6s in cm? ,"t=0.6, ball acceleration = 4.6m/s^2","t=0s, distance_cookie_camera = 1.7355m
t=0s, distance_ball_camera = 1.8180m
t=0s, distance_cup_camera = 1.7270m
t=0s, distance_pen_camera = 1.6725m
t=0s, distance_book_camera = 1.6650m
t=0.6s, distance_ball_camera = 1.7288m
t=0s, distance_slope_far_camera = 1.8540m
t=0s, distance_slope_near_camera = 1.7010m
",15.6
2266,captured_0015,lab,A2MC,24,DS,What is the height of the person in cm?,Gravity acc = 9.8m/s^2,,164.0
2267,captured_0015,lab,A2MC,24,DD,What is the velocity of the toy at 0.6s in cm/s?,Gravity acc = 9.8m/s^2,,150.0
2268,captured_0015,lab,A2MC,24,DS,What is the height of the toy in cm? ,Gravity acc = 9.8m/s^2,,28.0
2269,captured_0015,lab,A2MC,24,DS,What is the shoulder breadth of the person in cm?,Gravity acc = 9.8m/s^2,,34.5
2270,captured_0015,lab,A2MC,24,DD,What is the velocity of the toy at 2.6s in cm/s?,Gravity acc = 9.8m/s^2,,130.0
2271,captured_0015s,lab,A2MS,24,DS,What is the height of the person in cm?,Gravity acc = 9.8m/s^2,,160.0
2272,captured_0015s,lab,A2MS,24,DS,What is the velocity of the toy at 0.6s in cm/s?,Gravity acc = 9.8m/s^2,,170.0
2273,captured_0015s,lab,A2MS,24,DS,What is the height of the toy in cm? ,Gravity acc = 9.8m/s^2,,28.5
2274,captured_0015s,lab,A2MS,24,DS,What is the shoulder breadth of the person in cm?,Gravity acc = 9.8m/s^2,,34.0
2275,captured_0015s,lab,A2MS,24,DD,What is the velocity of the toy at 2.6s in cm/s?,Gravity acc = 9.8m/s^2,,130.0
2276,captured_0015x,lab,A2MX,24,DS,What is the height of the person in cm?,Gravity acc = 9.8m/s^2,,165.0
2277,captured_0015x,lab,A2MX,24,DS,What is the velocity of the toy at 0.6s in cm/s?,Gravity acc = 9.8m/s^2,,190.0
2278,captured_0015x,lab,A2MX,24,DS,What is the height of the toy in cm? ,Gravity acc = 9.8m/s^2,,29.0
2279,captured_0015x,lab,A2MX,24,DS,What is the shoulder breadth of the person in cm?,Gravity acc = 9.8m/s^2,,35.0
2280,captured_0015x,lab,A2MX,24,DD,What is the velocity of the toy at 2.6s in cm/s?,Gravity acc = 9.8m/s^2,,145.0
2281,captured_0016,lab,A3SC,24,DS,What is the distance between the two people in cm?,Gravity acc = 9.8m/s^2,"t=1.5s, distance_soccer_ball_camera =1.4020m
distance_near_person_camera = 0.8430m
distance_far_person_camera = 2.3720m",260.0
2282,captured_0016,lab,A3SC,24,DS,What is the diameter of the soccer ball in cm?,Gravity acc = 9.8m/s^2,"t=1.5s, distance_soccer_ball_camera =1.4020m
distance_near_person_camera = 0.8430m
distance_far_person_camera = 2.3720m",17.6
2283,captured_0016,lab,A3SC,24,DD,What is the velocity of the soccer ball at 1.5s in m/s?,Gravity acc = 9.8m/s^2,"t=1.5s, distance_soccer_ball_camera =1.4020m
distance_near_person_camera = 0.8430m
distance_far_person_camera = 2.3720m",2.4
2284,captured_0016,lab,A3SC,24,DS,What is the displacement of the soccer ball between 1.0s and 1.5s in cm?,Gravity acc = 9.8m/s^2,"t=1.5s, distance_soccer_ball_camera =1.4020m
distance_near_person_camera = 0.8430m
distance_far_person_camera = 2.3720m",130.0
2285,captured_0016s,lab,A3SS,24,DS,What is the distance between the two people in cm?,Gravity acc = 9.8m/s^2,"t=1.5s, distance_soccer_ball_camera =1.4020m
distance_near_person_camera = 0.8430m
distance_far_person_camera = 2.3720m",219.0
2286,captured_0016s,lab,A3SS,24,DS,What is the diameter of the soccer ball in cm?,Gravity acc = 9.8m/s^2,"t=1.5s, distance_soccer_ball_camera =1.4020m
distance_near_person_camera = 0.8430m
distance_far_person_camera = 2.3720m",14.0
2287,captured_0016s,lab,A3SS,24,DD,What is the velocity of the soccer ball at 1.5s in m/s?,Gravity acc = 9.8m/s^2,"t=1.5s, distance_soccer_ball_camera =1.4020m
distance_near_person_camera = 0.8430m
distance_far_person_camera = 2.3720m",1.8
2288,captured_0016s,lab,A3SS,24,DS,What is the displacement of the soccer ball between 1.0s and 1.5s in cm?,Gravity acc = 9.8m/s^2,"t=1.5s, distance_soccer_ball_camera =1.4020m
distance_near_person_camera = 0.8430m
distance_far_person_camera = 2.3720m",105.0
2289,captured_0016x,lab,A3SX,24,DS,What is the distance between the two people in cm?,Gravity acc = 9.8m/s^2,"t=1.5s, distance_soccer_ball_camera =1.4020m
distance_near_person_camera = 0.8430m
distance_far_person_camera = 2.3720m",227.0
2290,captured_0016x,lab,A3SX,24,DS,What is the diameter of the soccer ball in cm?,Gravity acc = 9.8m/s^2,"t=1.5s, distance_soccer_ball_camera =1.4020m
distance_near_person_camera = 0.8430m
distance_far_person_camera = 2.3720m",14.5
2291,captured_0016x,lab,A3SX,24,DD,What is the velocity of the soccer ball at 1.5s in m/s?,Gravity acc = 9.8m/s^2,"t=1.5s, distance_soccer_ball_camera =1.4020m
distance_near_person_camera = 0.8430m
distance_far_person_camera = 2.3720m",1.8
2292,captured_0016x,lab,A3SX,24,DS,What is the displacement of the soccer ball between 1.0s and 1.5s in cm?,Gravity acc = 9.8m/s^2,"t=1.5s, distance_soccer_ball_camera =1.4020m
distance_near_person_camera = 0.8430m
distance_far_person_camera = 2.3720m",110.0
2293,captured_0018,lab,A3MC,24,DS,What is the height of the left person in cm?,Gravity acc = 9.8m/s^2,"distance_soccer_ball_camera =2.8000m
distance_near_person_camera = 2.002m
distance_far_person_camera = 3.130m",168.0
2294,captured_0018,lab,A3MC,24,DS,What is the height of the right person in cm?,Gravity acc = 9.8m/s^2,"distance_soccer_ball_camera =2.8000m
distance_near_person_camera = 2.002m
distance_far_person_camera = 3.130m",164.0
2295,captured_0018,lab,A3MC,24,DS,What is the distance between the two people in cm?,Gravity acc = 9.8m/s^2,"distance_soccer_ball_camera =2.8000m
distance_near_person_camera = 2.002m
distance_far_person_camera = 3.130m",230.0
2296,captured_0018,lab,A3MC,24,DS,What is the length of the box in cm?,Gravity acc = 9.8m/s^2,"distance_soccer_ball_camera =2.8000m
distance_near_person_camera = 2.002m
distance_far_person_camera = 3.130m",20.0
2297,captured_0018,lab,A3MC,24,DS,What is the width of the box in cm?,Gravity acc = 9.8m/s^2,"distance_soccer_ball_camera =2.8000m
distance_near_person_camera = 2.002m
distance_far_person_camera = 3.130m",8.0
2298,captured_0018,lab,A3MC,24,DS,What is the diameter of the soccer ball in cm?,Gravity acc = 9.8m/s^2,"distance_soccer_ball_camera =2.8000m
distance_near_person_camera = 2.002m
distance_far_person_camera = 3.130m",17.0
2299,captured_0018,lab,A3MC,24,DS,What is the diameter of the tennis ball in cm?,Gravity acc = 9.8m/s^2,"distance_soccer_ball_camera =2.8000m
distance_near_person_camera = 2.002m
distance_far_person_camera = 3.130m",6.7
2300,captured_0018,lab,A3MC,24,DS,What is the height of the yellow toy in cm?,Gravity acc = 9.8m/s^2,"distance_soccer_ball_camera =2.8000m
distance_near_person_camera = 2.002m
distance_far_person_camera = 3.130m",15.0
2301,captured_0018,lab,A3MC,24,DS,What is the shoe length of the left person in cm?,Gravity acc = 9.8m/s^2,"distance_soccer_ball_camera =2.8000m
distance_near_person_camera = 2.002m
distance_far_person_camera = 3.130m",22.0
2302,captured_0018,lab,A3MC,24,DD,What is the velocity of the box at 3.4s in cm/s?,Gravity acc = 9.8m/s^2,"distance_soccer_ball_camera =2.8000m
distance_near_person_camera = 2.002m
distance_far_person_camera = 3.130m",60.0
2303,captured_0018,lab,A3MC,24,DD,What is the velocity of the soccer ball at 3.4s in cm/s?,Gravity acc = 9.8m/s^2,"distance_soccer_ball_camera =2.8000m
distance_near_person_camera = 2.002m
distance_far_person_camera = 3.130m",72.0
2304,captured_0018,lab,A3MC,24,DD,What is the velocity of the tennis ball at 3.4s in cm/s?,Gravity acc = 9.8m/s^2,"distance_soccer_ball_camera =2.8000m
distance_near_person_camera = 2.002m
distance_far_person_camera = 3.130m",55.0
2305,captured_0018,lab,A3MC,24,DD,What is the velocity of the pineapple toy at 3.4s in cm/s?,Gravity acc = 9.8m/s^2,"distance_soccer_ball_camera =2.8000m
distance_near_person_camera = 2.002m
distance_far_person_camera = 3.130m",35.0
2306,captured_0018,lab,A3MC,24,DS,What is the distance between the box and the soccer ball in cm at 3.0s?,Gravity acc = 9.8m/s^2,"distance_soccer_ball_camera =2.8000m
distance_near_person_camera = 2.002m
distance_far_person_camera = 3.130m",87.0
2307,captured_0018,lab,A3MC,24,DS,What is the distance between the box and the pineapple toy in cm at 3.0s?,Gravity acc = 9.8m/s^2,"distance_soccer_ball_camera =2.8000m
distance_near_person_camera = 2.002m
distance_far_person_camera = 3.130m",159.0
2308,captured_0018,lab,A3MC,24,DS,What is the distance between the box and the tennis ball in cm at 3.0s?,Gravity acc = 9.8m/s^2,"distance_soccer_ball_camera =2.8000m
distance_near_person_camera = 2.002m
distance_far_person_camera = 3.130m",133.0
2309,captured_0018,lab,A3MC,24,DS,What is the distance between the tennis ball and the soccer ball in cm at 3.0s?,Gravity acc = 9.8m/s^2,"distance_soccer_ball_camera =2.8000m
distance_near_person_camera = 2.002m
distance_far_person_camera = 3.130m",74.0
2310,captured_0018,lab,A3MC,24,DS,What is the distance between the pineapple toy and the soccer ball in cm at 3.0s?,Gravity acc = 9.8m/s^2,"distance_soccer_ball_camera =2.8000m
distance_near_person_camera = 2.002m
distance_far_person_camera = 3.130m",132.0
2311,captured_0018,lab,A3MC,24,DS,What is the distance between the pineapple toy and the tennis ball in cm at 3.0s?,Gravity acc = 9.8m/s^2,"distance_soccer_ball_camera =2.8000m
distance_near_person_camera = 2.002m
distance_far_person_camera = 3.130m",69.0
2312,captured_0018s,lab,A3MS,24,DS,What is the height of the left person in cm?,Gravity acc = 9.8m/s^2,"distance_soccer_ball_camera =2.8000m
distance_near_person_camera = 2.002m
distance_far_person_camera = 3.130m",187.0
2313,captured_0018s,lab,A3MS,24,DS,What is the height of the right person in cm?,Gravity acc = 9.8m/s^2,"distance_soccer_ball_camera =2.8000m
distance_near_person_camera = 2.002m
distance_far_person_camera = 3.130m",182.0
2314,captured_0018s,lab,A3MS,24,DS,What is the distance between the two people in cm?,Gravity acc = 9.8m/s^2,"distance_soccer_ball_camera =2.8000m
distance_near_person_camera = 2.002m
distance_far_person_camera = 3.130m",249.0
2315,captured_0018s,lab,A3MS,24,DS,What is the length of the box in cm?,Gravity acc = 9.8m/s^2,"distance_soccer_ball_camera =2.8000m
distance_near_person_camera = 2.002m
distance_far_person_camera = 3.130m",30.0
2316,captured_0018s,lab,A3MS,24,DS,What is the width of the box in cm?,Gravity acc = 9.8m/s^2,"distance_soccer_ball_camera =2.8000m
distance_near_person_camera = 2.002m
distance_far_person_camera = 3.130m",11.0
2317,captured_0018s,lab,A3MS,24,DS,What is the diameter of the soccer ball in cm?,Gravity acc = 9.8m/s^2,"distance_soccer_ball_camera =2.8000m
distance_near_person_camera = 2.002m
distance_far_person_camera = 3.130m",17.5
2318,captured_0018s,lab,A3MS,24,DS,What is the diameter of the tennis ball in cm?,Gravity acc = 9.8m/s^2,"distance_soccer_ball_camera =2.8000m
distance_near_person_camera = 2.002m
distance_far_person_camera = 3.130m",6.2
2319,captured_0018s,lab,A3MS,24,DS,What is the height of the yellow toy in cm?,Gravity acc = 9.8m/s^2,"distance_soccer_ball_camera =2.8000m
distance_near_person_camera = 2.002m
distance_far_person_camera = 3.130m",17.5
2320,captured_0018s,lab,A3MS,24,DS,What is the shoe length of the left person in cm?,Gravity acc = 9.8m/s^2,"distance_soccer_ball_camera =2.8000m
distance_near_person_camera = 2.002m
distance_far_person_camera = 3.130m",22.0
2321,captured_0018s,lab,A3MS,24,DD,What is the velocity of the box at 3.4s in cm/s?,Gravity acc = 9.8m/s^2,"distance_soccer_ball_camera =2.8000m
distance_near_person_camera = 2.002m
distance_far_person_camera = 3.130m",100.0
2322,captured_0018s,lab,A3MS,24,DD,What is the velocity of the soccer ball at 3.4s in cm/s?,Gravity acc = 9.8m/s^2,"distance_soccer_ball_camera =2.8000m
distance_near_person_camera = 2.002m
distance_far_person_camera = 3.130m",77.0
2323,captured_0018s,lab,A3MS,24,DD,What is the velocity of the tennis ball at 3.4s in cm/s?,Gravity acc = 9.8m/s^2,"distance_soccer_ball_camera =2.8000m
distance_near_person_camera = 2.002m
distance_far_person_camera = 3.130m",46.0
2324,captured_0018s,lab,A3MS,24,DD,What is the velocity of the pineapple toy at 3.4s in cm/s?,Gravity acc = 9.8m/s^2,"distance_soccer_ball_camera =2.8000m
distance_near_person_camera = 2.002m
distance_far_person_camera = 3.130m",38.0
2325,captured_0018s,lab,A3MS,24,DS,What is the distance between the box and the soccer ball in cm at 3.0s?,Gravity acc = 9.8m/s^2,"distance_soccer_ball_camera =2.8000m
distance_near_person_camera = 2.002m
distance_far_person_camera = 3.130m",108.0
2326,captured_0018s,lab,A3MS,24,DS,What is the distance between the box and the pineapple toy in cm at 3.0s?,Gravity acc = 9.8m/s^2,"distance_soccer_ball_camera =2.8000m
distance_near_person_camera = 2.002m
distance_far_person_camera = 3.130m",191.0
2327,captured_0018s,lab,A3MS,24,DS,What is the distance between the box and the tennis ball in cm at 3.0s?,Gravity acc = 9.8m/s^2,"distance_soccer_ball_camera =2.8000m
distance_near_person_camera = 2.002m
distance_far_person_camera = 3.130m",182.0
2328,captured_0018s,lab,A3MS,24,DS,What is the distance between the tennis ball and the soccer ball in cm at 3.0s?,Gravity acc = 9.8m/s^2,"distance_soccer_ball_camera =2.8000m
distance_near_person_camera = 2.002m
distance_far_person_camera = 3.130m",105.0
2329,captured_0018s,lab,A3MS,24,DS,What is the distance between the pineapple toy and the soccer ball in cm at 3.0s?,Gravity acc = 9.8m/s^2,"distance_soccer_ball_camera =2.8000m
distance_near_person_camera = 2.002m
distance_far_person_camera = 3.130m",136.0
2330,captured_0018s,lab,A3MS,24,DS,What is the distance between the pineapple toy and the tennis ball in cm at 3.0s?,Gravity acc = 9.8m/s^2,"distance_soccer_ball_camera =2.8000m
distance_near_person_camera = 2.002m
distance_far_person_camera = 3.130m",54.0
2331,captured_0018x,lab,A3MX,24,DS,What is the height of the left person in cm?,Gravity acc = 9.8m/s^2,"distance_soccer_ball_camera =2.8000m
distance_near_person_camera = 2.002m
distance_far_person_camera = 3.130m",167.0
2332,captured_0018x,lab,A3MX,24,DS,What is the height of the right person in cm?,Gravity acc = 9.8m/s^2,"distance_soccer_ball_camera =2.8000m
distance_near_person_camera = 2.002m
distance_far_person_camera = 3.130m",164.0
2333,captured_0018x,lab,A3MX,24,DS,What is the distance between the two people in cm?,Gravity acc = 9.8m/s^2,"distance_soccer_ball_camera =2.8000m
distance_near_person_camera = 2.002m
distance_far_person_camera = 3.130m",229.0
2334,captured_0018x,lab,A3MX,24,DS,What is the length of the box in cm?,Gravity acc = 9.8m/s^2,"distance_soccer_ball_camera =2.8000m
distance_near_person_camera = 2.002m
distance_far_person_camera = 3.130m",21.0
2335,captured_0018x,lab,A3MX,24,DS,What is the width of the box in cm?,Gravity acc = 9.8m/s^2,"distance_soccer_ball_camera =2.8000m
distance_near_person_camera = 2.002m
distance_far_person_camera = 3.130m",9.0
2336,captured_0018x,lab,A3MX,24,DS,What is the diameter of the soccer ball in cm?,Gravity acc = 9.8m/s^2,"distance_soccer_ball_camera =2.8000m
distance_near_person_camera = 2.002m
distance_far_person_camera = 3.130m",16.5
2337,captured_0018x,lab,A3MX,24,DS,What is the diameter of the tennis ball in cm?,Gravity acc = 9.8m/s^2,"distance_soccer_ball_camera =2.8000m
distance_near_person_camera = 2.002m
distance_far_person_camera = 3.130m",6.0
2338,captured_0018x,lab,A3MX,24,DS,What is the height of the yellow toy in cm?,Gravity acc = 9.8m/s^2,"distance_soccer_ball_camera =2.8000m
distance_near_person_camera = 2.002m
distance_far_person_camera = 3.130m",16.0
2339,captured_0018x,lab,A3MX,24,DS,What is the shoe length of the left person in cm?,Gravity acc = 9.8m/s^2,"distance_soccer_ball_camera =2.8000m
distance_near_person_camera = 2.002m
distance_far_person_camera = 3.130m",22.0
2340,captured_0018x,lab,A3MX,24,DD,What is the velocity of the box at 3.4s in cm/s?,Gravity acc = 9.8m/s^2,"distance_soccer_ball_camera =2.8000m
distance_near_person_camera = 2.002m
distance_far_person_camera = 3.130m",1.0
2341,captured_0018x,lab,A3MX,24,DD,What is the velocity of the soccer ball at 3.4s in cm/s?,Gravity acc = 9.8m/s^2,"distance_soccer_ball_camera =2.8000m
distance_near_person_camera = 2.002m
distance_far_person_camera = 3.130m",50.0
2342,captured_0018x,lab,A3MX,24,DD,What is the velocity of the tennis ball at 3.4s in cm/s?,Gravity acc = 9.8m/s^2,"distance_soccer_ball_camera =2.8000m
distance_near_person_camera = 2.002m
distance_far_person_camera = 3.130m",30.0
2343,captured_0018x,lab,A3MX,24,DD,What is the velocity of the pineapple toy at 3.4s in cm/s?,Gravity acc = 9.8m/s^2,"distance_soccer_ball_camera =2.8000m
distance_near_person_camera = 2.002m
distance_far_person_camera = 3.130m",1.0
2344,captured_0018x,lab,A3MX,24,DS,What is the distance between the box and the soccer ball in cm at 3.0s?,Gravity acc = 9.8m/s^2,"distance_soccer_ball_camera =2.8000m
distance_near_person_camera = 2.002m
distance_far_person_camera = 3.130m",91.0
2345,captured_0018x,lab,A3MX,24,DS,What is the distance between the box and the pineapple toy in cm at 3.0s?,Gravity acc = 9.8m/s^2,"distance_soccer_ball_camera =2.8000m
distance_near_person_camera = 2.002m
distance_far_person_camera = 3.130m",163.0
2346,captured_0018x,lab,A3MX,24,DS,What is the distance between the box and the tennis ball in cm at 3.0s?,Gravity acc = 9.8m/s^2,"distance_soccer_ball_camera =2.8000m
distance_near_person_camera = 2.002m
distance_far_person_camera = 3.130m",148.0
2347,captured_0018x,lab,A3MX,24,DS,What is the distance between the tennis ball and the soccer ball in cm at 3.0s?,Gravity acc = 9.8m/s^2,"distance_soccer_ball_camera =2.8000m
distance_near_person_camera = 2.002m
distance_far_person_camera = 3.130m",83.0
2348,captured_0018x,lab,A3MX,24,DS,What is the distance between the pineapple toy and the soccer ball in cm at 3.0s?,Gravity acc = 9.8m/s^2,"distance_soccer_ball_camera =2.8000m
distance_near_person_camera = 2.002m
distance_far_person_camera = 3.130m",123.0
2349,captured_0018x,lab,A3MX,24,DS,What is the distance between the pineapple toy and the tennis ball in cm at 3.0s?,Gravity acc = 9.8m/s^2,"distance_soccer_ball_camera =2.8000m
distance_near_person_camera = 2.002m
distance_far_person_camera = 3.130m",53.0
2350,captured_0020,lab,A3MC,24,DS,What is the height of the yellow toy in cm?,Gravity acc = 9.8m/s^2,"t=0.60s, distance_jar_camera =1.9735m
t=0.60s, distance_carrot_camera = 2.6300m
distance_near_person_camera = 1.5800m
distance_far_person_camera = 3.2370m",15.0
2351,captured_0020,lab,A3MC,24,DS,What is the height of the white jar in cm?,Gravity acc = 9.8m/s^2,"t=0.60s, distance_jar_camera =1.9735m
t=0.60s, distance_carrot_camera = 2.6300m
distance_near_person_camera = 1.5800m
distance_far_person_camera = 3.2370m",7.5
2352,captured_0020,lab,A3MC,24,DS,What is the diameter of the white jar in cm?,Gravity acc = 9.8m/s^2,"t=0.60s, distance_jar_camera =1.9735m
t=0.60s, distance_carrot_camera = 2.6300m
distance_near_person_camera = 1.5800m
distance_far_person_camera = 3.2370m",6.3
2353,captured_0020,lab,A3MC,24,DS,What is the distance between two people in cm?,Gravity acc = 9.8m/s^2,"t=0.60s, distance_jar_camera =1.9735m
t=0.60s, distance_carrot_camera = 2.6300m
distance_near_person_camera = 1.5800m
distance_far_person_camera = 3.2370m",230.0
2354,captured_0020,lab,A3MC,24,DD,What is the velocity of the yellow toy at 0.60s in cm/s?,Gravity acc = 9.8m/s^2,"t=0.60s, distance_jar_camera =1.9735m
t=0.60s, distance_carrot_camera = 2.6300m
distance_near_person_camera = 1.5800m
distance_far_person_camera = 3.2370m",210.0
2355,captured_0020,lab,A3MC,24,DD,What is the velocity of the white jar at 0.60s in cm/s?,Gravity acc = 9.8m/s^2,"t=0.60s, distance_jar_camera =1.9735m
t=0.60s, distance_carrot_camera = 2.6300m
distance_near_person_camera = 1.5800m
distance_far_person_camera = 3.2370m",280.0
2356,captured_0020,lab,A3MC,24,DS,What is the displacement of the yellow toy from 0.60s to 0.80s in cm?,Gravity acc = 9.8m/s^2,"t=0.60s, distance_jar_camera =1.9735m
t=0.60s, distance_carrot_camera = 2.6300m
distance_near_person_camera = 1.5800m
distance_far_person_camera = 3.2370m",39.0
2357,captured_0020,lab,A3MC,24,DS,What is the displacement of the white jar from 0.60s to 0.80s in cm?,Gravity acc = 9.8m/s^2,"t=0.60s, distance_jar_camera =1.9735m
t=0.60s, distance_carrot_camera = 2.6300m
distance_near_person_camera = 1.5800m
distance_far_person_camera = 3.2370m",42.0
2358,captured_0020s,lab,A3MS,24,DS,What is the height of the yellow toy in cm?,Gravity acc = 9.8m/s^2,"t=0.60s, distance_jar_camera =1.9735m
t=0.60s, distance_carrot_camera = 2.6300m
distance_near_person_camera = 1.5800m
distance_far_person_camera = 3.2370m",12.0
2359,captured_0020s,lab,A3MS,24,DS,What is the height of the white jar in cm?,Gravity acc = 9.8m/s^2,"t=0.60s, distance_jar_camera =1.9735m
t=0.60s, distance_carrot_camera = 2.6300m
distance_near_person_camera = 1.5800m
distance_far_person_camera = 3.2370m",7.0
2360,captured_0020s,lab,A3MS,24,DS,What is the diameter of the white jar in cm?,Gravity acc = 9.8m/s^2,"t=0.60s, distance_jar_camera =1.9735m
t=0.60s, distance_carrot_camera = 2.6300m
distance_near_person_camera = 1.5800m
distance_far_person_camera = 3.2370m",6.0
2361,captured_0020s,lab,A3MS,24,DS,What is the distance between two people in cm?,Gravity acc = 9.8m/s^2,"t=0.60s, distance_jar_camera =1.9735m
t=0.60s, distance_carrot_camera = 2.6300m
distance_near_person_camera = 1.5800m
distance_far_person_camera = 3.2370m",205.0
2362,captured_0020s,lab,A3MS,24,DD,What is the velocity of the yellow toy at 0.60s in cm/s?,Gravity acc = 9.8m/s^2,"t=0.60s, distance_jar_camera =1.9735m
t=0.60s, distance_carrot_camera = 2.6300m
distance_near_person_camera = 1.5800m
distance_far_person_camera = 3.2370m",280.0
2363,captured_0020s,lab,A3MS,24,DD,What is the velocity of the white jar at 0.60s in cm/s?,Gravity acc = 9.8m/s^2,"t=0.60s, distance_jar_camera =1.9735m
t=0.60s, distance_carrot_camera = 2.6300m
distance_near_person_camera = 1.5800m
distance_far_person_camera = 3.2370m",300.0
2364,captured_0020s,lab,A3MS,24,DS,What is the displacement of the yellow toy from 0.60s to 0.80s in cm?,Gravity acc = 9.8m/s^2,"t=0.60s, distance_jar_camera =1.9735m
t=0.60s, distance_carrot_camera = 2.6300m
distance_near_person_camera = 1.5800m
distance_far_person_camera = 3.2370m",57.0
2365,captured_0020s,lab,A3MS,24,DS,What is the displacement of the white jar from 0.60s to 0.80s in cm?,Gravity acc = 9.8m/s^2,"t=0.60s, distance_jar_camera =1.9735m
t=0.60s, distance_carrot_camera = 2.6300m
distance_near_person_camera = 1.5800m
distance_far_person_camera = 3.2370m",57.0
2366,captured_0020x,lab,A3MX,24,DS,What is the height of the yellow toy in cm?,Gravity acc = 9.8m/s^2,"t=0.60s, distance_jar_camera =1.9735m
t=0.60s, distance_carrot_camera = 2.6300m
distance_near_person_camera = 1.5800m
distance_far_person_camera = 3.2370m",12.0
2367,captured_0020x,lab,A3MX,24,DS,What is the height of the white jar in cm?,Gravity acc = 9.8m/s^2,"t=0.60s, distance_jar_camera =1.9735m
t=0.60s, distance_carrot_camera = 2.6300m
distance_near_person_camera = 1.5800m
distance_far_person_camera = 3.2370m",8.5
2368,captured_0020x,lab,A3MX,24,DS,What is the diameter of the white jar in cm?,Gravity acc = 9.8m/s^2,"t=0.60s, distance_jar_camera =1.9735m
t=0.60s, distance_carrot_camera = 2.6300m
distance_near_person_camera = 1.5800m
distance_far_person_camera = 3.2370m",7.5
2369,captured_0020x,lab,A3MX,24,DS,What is the distance between two people in cm?,Gravity acc = 9.8m/s^2,"t=0.60s, distance_jar_camera =1.9735m
t=0.60s, distance_carrot_camera = 2.6300m
distance_near_person_camera = 1.5800m
distance_far_person_camera = 3.2370m",220.0
2370,captured_0020x,lab,A3MX,24,DD,What is the velocity of the yellow toy at 0.60s in cm/s?,Gravity acc = 9.8m/s^2,"t=0.60s, distance_jar_camera =1.9735m
t=0.60s, distance_carrot_camera = 2.6300m
distance_near_person_camera = 1.5800m
distance_far_person_camera = 3.2370m",250.0
2371,captured_0020x,lab,A3MX,24,DD,What is the velocity of the white jar at 0.60s in cm/s?,Gravity acc = 9.8m/s^2,"t=0.60s, distance_jar_camera =1.9735m
t=0.60s, distance_carrot_camera = 2.6300m
distance_near_person_camera = 1.5800m
distance_far_person_camera = 3.2370m",280.0
2372,captured_0020x,lab,A3MX,24,DS,What is the displacement of the yellow toy from 0.60s to 0.80s in cm?,Gravity acc = 9.8m/s^2,"t=0.60s, distance_jar_camera =1.9735m
t=0.60s, distance_carrot_camera = 2.6300m
distance_near_person_camera = 1.5800m
distance_far_person_camera = 3.2370m",40.0
2373,captured_0020x,lab,A3MX,24,DS,What is the displacement of the white jar from 0.60s to 0.80s in cm?,Gravity acc = 9.8m/s^2,"t=0.60s, distance_jar_camera =1.9735m
t=0.60s, distance_carrot_camera = 2.6300m
distance_near_person_camera = 1.5800m
distance_far_person_camera = 3.2370m",55.0
2374,captured_0021,lab,S3SC,24,SD,What is the velocity of the ping pong ball at 1.2s in cm/s?,diameter of the ping pong ball = 40mm,"t=1.0s, distance_pingpong_camera=1.511m
t=1.4s, distance_pingpong_camera=1.03m",120.0
2375,captured_0021,lab,S3SC,24,SD,What is the velocity of the ping pong ball at 1.4s in cm/s?,diameter of the ping pong ball = 40mm,"t=1.0s, distance_pingpong_camera=1.511m
t=1.4s, distance_pingpong_camera=1.03m",117.0
2376,captured_0021,lab,S3SC,24,SS,What is the displacement of the ping pong ball between 1.0s and 1.4s in cm?,diameter of the ping pong ball = 40mm,"t=1.0s, distance_pingpong_camera=1.511m
t=1.4s, distance_pingpong_camera=1.03m",48.3
2377,captured_0021,lab,S3SC,24,SS,What is the width of the table in cm?,diameter of the ping pong ball = 40mm,"t=1.0s, distance_pingpong_camera=1.511m
t=1.4s, distance_pingpong_camera=1.03m",57.0
2378,captured_0021,lab,S3SC,24,SS,What is the length of the table in cm?,diameter of the ping pong ball = 40mm,"t=1.0s, distance_pingpong_camera=1.511m
t=1.4s, distance_pingpong_camera=1.03m",68.0
2379,captured_0021s,lab,S3SS,24,SD,What is the velocity of the ping pong ball at 1.2s in cm/s?,diameter of the ping pong ball = 40mm,"t=1.0s, distance_pingpong_camera=1.511m
t=1.4s, distance_pingpong_camera=1.03m",125.0
2380,captured_0021s,lab,S3SS,24,SD,What is the velocity of the ping pong ball at 1.4s in cm/s?,diameter of the ping pong ball = 40mm,"t=1.0s, distance_pingpong_camera=1.511m
t=1.4s, distance_pingpong_camera=1.03m",112.0
2381,captured_0021s,lab,S3SS,24,SS,What is the displacement of the ping pong ball between 1.0s and 1.4s in cm?,diameter of the ping pong ball = 40mm,"t=1.0s, distance_pingpong_camera=1.511m
t=1.4s, distance_pingpong_camera=1.03m",48.2
2382,captured_0021s,lab,S3SS,24,SS,What is the width of the table in cm?,diameter of the ping pong ball = 40mm,"t=1.0s, distance_pingpong_camera=1.511m
t=1.4s, distance_pingpong_camera=1.03m",61.0
2383,captured_0021s,lab,S3SS,24,SS,What is the length of the table in cm?,diameter of the ping pong ball = 40mm,"t=1.0s, distance_pingpong_camera=1.511m
t=1.4s, distance_pingpong_camera=1.03m",75.0
2384,captured_0021x,lab,S3SX,24,SD,What is the velocity of the ping pong ball at 1.2s in cm/s?,diameter of the ping pong ball = 40mm,"t=1.0s, distance_pingpong_camera=1.511m
t=1.4s, distance_pingpong_camera=1.03m",120.0
2385,captured_0021x,lab,S3SX,24,SD,What is the velocity of the ping pong ball at 1.4s in cm/s?,diameter of the ping pong ball = 40mm,"t=1.0s, distance_pingpong_camera=1.511m
t=1.4s, distance_pingpong_camera=1.03m",115.0
2386,captured_0021x,lab,S3SX,24,SS,What is the displacement of the ping pong ball between 1.0s and 1.4s in cm?,diameter of the ping pong ball = 40mm,"t=1.0s, distance_pingpong_camera=1.511m
t=1.4s, distance_pingpong_camera=1.03m",48.5
2387,captured_0021x,lab,S3SX,24,SS,What is the width of the table in cm?,diameter of the ping pong ball = 40mm,"t=1.0s, distance_pingpong_camera=1.511m
t=1.4s, distance_pingpong_camera=1.03m",66.0
2388,captured_0021x,lab,S3SX,24,SS,What is the length of the table in cm?,diameter of the ping pong ball = 40mm,"t=1.0s, distance_pingpong_camera=1.511m
t=1.4s, distance_pingpong_camera=1.03m",70.0
2389,captured_0022,lab,S3SC,24,SD,What is the velocity of the ping pong ball at 0.8s in cm/s?,diameter of the ping pong ball = 40mm,"t=0.6s, distance_pingpong_camera=1.751m
t=0.8s, distance_pingpong_camera=1.687m
t=1.2s, distance_pingpong_camera=1.526m",43.0
2390,captured_0022,lab,S3SC,24,SD,What is the velocity of the ping pong ball at 1.2s in cm/s?,diameter of the ping pong ball = 40mm,"t=0.6s, distance_pingpong_camera=1.751m
t=0.8s, distance_pingpong_camera=1.687m
t=1.2s, distance_pingpong_camera=1.526m",55.0
2391,captured_0022,lab,S3SC,24,SD,What is the acceleration of the ping pong ball at 1.2s in cm/s^2?,diameter of the ping pong ball = 40mm,"t=0.6s, distance_pingpong_camera=1.751m
t=0.8s, distance_pingpong_camera=1.687m
t=1.2s, distance_pingpong_camera=1.526m",30.0
2392,captured_0022,lab,S3SC,24,SS,What is the displacement of the ping pong ball between 0.6s and 1.6s in cm?,diameter of the ping pong ball = 40mm,"t=0.6s, distance_pingpong_camera=1.751m
t=0.8s, distance_pingpong_camera=1.687m
t=1.2s, distance_pingpong_camera=1.526m",47.0
2393,captured_0022,lab,S3SC,24,SS,What is the width of the table in cm?,diameter of the ping pong ball = 40mm,"t=0.6s, distance_pingpong_camera=1.751m
t=0.8s, distance_pingpong_camera=1.687m
t=1.2s, distance_pingpong_camera=1.526m",65.0
2394,captured_0022,lab,S3SC,24,SS,What is the length of the table in cm?,diameter of the ping pong ball = 40mm,"t=0.6s, distance_pingpong_camera=1.751m
t=0.8s, distance_pingpong_camera=1.687m
t=1.2s, distance_pingpong_camera=1.526m",90.0
2395,captured_0022s,lab,S3SS,24,SD,What is the velocity of the ping pong ball at 0.8s in cm/s?,diameter of the ping pong ball = 40mm,"t=0.6s, distance_pingpong_camera=1.751m
t=0.8s, distance_pingpong_camera=1.687m
t=1.2s, distance_pingpong_camera=1.526m",43.0
2396,captured_0022s,lab,S3SS,24,SD,What is the velocity of the ping pong ball at 1.2s in cm/s?,diameter of the ping pong ball = 40mm,"t=0.6s, distance_pingpong_camera=1.751m
t=0.8s, distance_pingpong_camera=1.687m
t=1.2s, distance_pingpong_camera=1.526m",53.0
2397,captured_0022s,lab,S3SS,24,SD,What is the acceleration of the ping pong ball at 1.2s in cm/s^2?,diameter of the ping pong ball = 40mm,"t=0.6s, distance_pingpong_camera=1.751m
t=0.8s, distance_pingpong_camera=1.687m
t=1.2s, distance_pingpong_camera=1.526m",27.0
2398,captured_0022s,lab,S3SS,24,SS,What is the displacement of the ping pong ball between 0.6s and 1.6s in cm?,diameter of the ping pong ball = 40mm,"t=0.6s, distance_pingpong_camera=1.751m
t=0.8s, distance_pingpong_camera=1.687m
t=1.2s, distance_pingpong_camera=1.526m",50.0
2399,captured_0022s,lab,S3SS,24,SS,What is the width of the table in cm?,diameter of the ping pong ball = 40mm,"t=0.6s, distance_pingpong_camera=1.751m
t=0.8s, distance_pingpong_camera=1.687m
t=1.2s, distance_pingpong_camera=1.526m",68.0
2400,captured_0022s,lab,S3SS,24,SS,What is the length of the table in cm?,diameter of the ping pong ball = 40mm,"t=0.6s, distance_pingpong_camera=1.751m
t=0.8s, distance_pingpong_camera=1.687m
t=1.2s, distance_pingpong_camera=1.526m",80.0
2401,captured_0022x,lab,S3SX,24,SD,What is the velocity of the ping pong ball at 0.8s in cm/s?,diameter of the ping pong ball = 40mm,"t=0.6s, distance_pingpong_camera=1.751m
t=0.8s, distance_pingpong_camera=1.687m
t=1.2s, distance_pingpong_camera=1.526m",41.0
2402,captured_0022x,lab,S3SX,24,SD,What is the velocity of the ping pong ball at 1.2s in cm/s?,diameter of the ping pong ball = 40mm,"t=0.6s, distance_pingpong_camera=1.751m
t=0.8s, distance_pingpong_camera=1.687m
t=1.2s, distance_pingpong_camera=1.526m",48.0
2403,captured_0022x,lab,S3SX,24,SD,What is the acceleration of the ping pong ball at 1.2s in cm/s^2?,diameter of the ping pong ball = 40mm,"t=0.6s, distance_pingpong_camera=1.751m
t=0.8s, distance_pingpong_camera=1.687m
t=1.2s, distance_pingpong_camera=1.526m",18.0
2404,captured_0022x,lab,S3SX,24,SS,What is the displacement of the ping pong ball between 0.6s and 1.6s in cm?,diameter of the ping pong ball = 40mm,"t=0.6s, distance_pingpong_camera=1.751m
t=0.8s, distance_pingpong_camera=1.687m
t=1.2s, distance_pingpong_camera=1.526m",47.0
2405,captured_0022x,lab,S3SX,24,SS,What is the width of the table in cm?,diameter of the ping pong ball = 40mm,"t=0.6s, distance_pingpong_camera=1.751m
t=0.8s, distance_pingpong_camera=1.687m
t=1.2s, distance_pingpong_camera=1.526m",62.0
2406,captured_0022x,lab,S3SX,24,SS,What is the length of the table in cm?,diameter of the ping pong ball = 40mm,"t=0.6s, distance_pingpong_camera=1.751m
t=0.8s, distance_pingpong_camera=1.687m
t=1.2s, distance_pingpong_camera=1.526m",80.0
2407,captured_0023,lab,A3SC,24,DD,What is the velocity of the book at 1.2s in cm/s?,"t=1.4, book acceleration = 2.8m/s^2","distance_table_left_camera=0.7040m
distance_table_right_camera=0.7250m
distance_slope_far_camera=1.2010m
distance_slope_near_camera=0.9555m
t=1.2s, distance_book_camera=1.02m
t=1.4s, distance_book_camera=0.8570m
t=1.6s, distance_book_camera=0.8510m",75.0
2408,captured_0023,lab,A3SC,24,DD,What is the velocity of the book at 1.4s in cm/s?,"t=1.4, book acceleration = 2.8m/s^2","distance_table_left_camera=0.7040m
distance_table_right_camera=0.7250m
distance_slope_far_camera=1.2010m
distance_slope_near_camera=0.9555m
t=1.2s, distance_book_camera=1.02m
t=1.4s, distance_book_camera=0.8570m
t=1.6s, distance_book_camera=0.8510m",50.0
2409,captured_0023,lab,A3SC,24,DS,What is the length of the book in cm?,"t=1.4, book acceleration = 2.8m/s^2","distance_table_left_camera=0.7040m
distance_table_right_camera=0.7250m
distance_slope_far_camera=1.2010m
distance_slope_near_camera=0.9555m
t=1.2s, distance_book_camera=1.02m
t=1.4s, distance_book_camera=0.8570m
t=1.6s, distance_book_camera=0.8510m",14.8
2410,captured_0023,lab,A3SC,24,DS,What is the width of the book in cm?,"t=1.4, book acceleration = 2.8m/s^2","distance_table_left_camera=0.7040m
distance_table_right_camera=0.7250m
distance_slope_far_camera=1.2010m
distance_slope_near_camera=0.9555m
t=1.2s, distance_book_camera=1.02m
t=1.4s, distance_book_camera=0.8570m
t=1.6s, distance_book_camera=0.8510m",10.0
2411,captured_0023,lab,A3SC,24,DS,What is the height of the book in cm?,"t=1.4, book acceleration = 2.8m/s^2","distance_table_left_camera=0.7040m
distance_table_right_camera=0.7250m
distance_slope_far_camera=1.2010m
distance_slope_near_camera=0.9555m
t=1.2s, distance_book_camera=1.02m
t=1.4s, distance_book_camera=0.8570m
t=1.6s, distance_book_camera=0.8510m",1.2
2412,captured_0023,lab,A3SC,24,DS,What is the length of the slope in cm?,"t=1.4, book acceleration = 2.8m/s^2","distance_table_left_camera=0.7040m
distance_table_right_camera=0.7250m
distance_slope_far_camera=1.2010m
distance_slope_near_camera=0.9555m
t=1.2s, distance_book_camera=1.02m
t=1.4s, distance_book_camera=0.8570m
t=1.6s, distance_book_camera=0.8510m",28.0
2413,captured_0023,lab,A3SC,24,DS,What is the width of the slope in cm?,"t=1.4, book acceleration = 2.8m/s^2","distance_table_left_camera=0.7040m
distance_table_right_camera=0.7250m
distance_slope_far_camera=1.2010m
distance_slope_near_camera=0.9555m
t=1.2s, distance_book_camera=1.02m
t=1.4s, distance_book_camera=0.8570m
t=1.6s, distance_book_camera=0.8510m",18.0
2414,captured_0023,lab,A3SC,24,DS,What is the width of the table in cm?,"t=1.4, book acceleration = 2.8m/s^2","distance_table_left_camera=0.7040m
distance_table_right_camera=0.7250m
distance_slope_far_camera=1.2010m
distance_slope_near_camera=0.9555m
t=1.2s, distance_book_camera=1.02m
t=1.4s, distance_book_camera=0.8570m
t=1.6s, distance_book_camera=0.8510m",45.0
2415,captured_0023,lab,A3SC,24,DS,What is the displacement of the book between 1.0s and 1.6s in cm?,"t=1.4, book acceleration = 2.8m/s^2","distance_table_left_camera=0.7040m
distance_table_right_camera=0.7250m
distance_slope_far_camera=1.2010m
distance_slope_near_camera=0.9555m
t=1.2s, distance_book_camera=1.02m
t=1.4s, distance_book_camera=0.8570m
t=1.6s, distance_book_camera=0.8510m",26.0
2416,captured_0023s,lab,A3SS,24,DD,What is the velocity of the book at 1.2s in cm/s?,"t=1.4, book acceleration = 2.8m/s^2","distance_table_left_camera=0.7040m
distance_table_right_camera=0.7250m
distance_slope_far_camera=1.2010m
distance_slope_near_camera=0.9555m
t=1.2s, distance_book_camera=1.02m
t=1.4s, distance_book_camera=0.8570m
t=1.6s, distance_book_camera=0.8510m",65.0
2417,captured_0023s,lab,A3SS,24,DD,What is the velocity of the book at 1.4s in cm/s?,"t=1.4, book acceleration = 2.8m/s^2","distance_table_left_camera=0.7040m
distance_table_right_camera=0.7250m
distance_slope_far_camera=1.2010m
distance_slope_near_camera=0.9555m
t=1.2s, distance_book_camera=1.02m
t=1.4s, distance_book_camera=0.8570m
t=1.6s, distance_book_camera=0.8510m",20.0
2418,captured_0023s,lab,A3SS,24,DS,What is the length of the book in cm?,"t=1.4, book acceleration = 2.8m/s^2","distance_table_left_camera=0.7040m
distance_table_right_camera=0.7250m
distance_slope_far_camera=1.2010m
distance_slope_near_camera=0.9555m
t=1.2s, distance_book_camera=1.02m
t=1.4s, distance_book_camera=0.8570m
t=1.6s, distance_book_camera=0.8510m",13.5
2419,captured_0023s,lab,A3SS,24,DS,What is the width of the book in cm?,"t=1.4, book acceleration = 2.8m/s^2","distance_table_left_camera=0.7040m
distance_table_right_camera=0.7250m
distance_slope_far_camera=1.2010m
distance_slope_near_camera=0.9555m
t=1.2s, distance_book_camera=1.02m
t=1.4s, distance_book_camera=0.8570m
t=1.6s, distance_book_camera=0.8510m",9.0
2420,captured_0023s,lab,A3SS,24,DS,What is the height of the book in cm?,"t=1.4, book acceleration = 2.8m/s^2","distance_table_left_camera=0.7040m
distance_table_right_camera=0.7250m
distance_slope_far_camera=1.2010m
distance_slope_near_camera=0.9555m
t=1.2s, distance_book_camera=1.02m
t=1.4s, distance_book_camera=0.8570m
t=1.6s, distance_book_camera=0.8510m",1.2
2421,captured_0023s,lab,A3SS,24,DS,What is the length of the slope in cm?,"t=1.4, book acceleration = 2.8m/s^2","distance_table_left_camera=0.7040m
distance_table_right_camera=0.7250m
distance_slope_far_camera=1.2010m
distance_slope_near_camera=0.9555m
t=1.2s, distance_book_camera=1.02m
t=1.4s, distance_book_camera=0.8570m
t=1.6s, distance_book_camera=0.8510m",27.0
2422,captured_0023s,lab,A3SS,24,DS,What is the width of the slope in cm?,"t=1.4, book acceleration = 2.8m/s^2","distance_table_left_camera=0.7040m
distance_table_right_camera=0.7250m
distance_slope_far_camera=1.2010m
distance_slope_near_camera=0.9555m
t=1.2s, distance_book_camera=1.02m
t=1.4s, distance_book_camera=0.8570m
t=1.6s, distance_book_camera=0.8510m",15.6
2423,captured_0023s,lab,A3SS,24,DS,What is the width of the table in cm?,"t=1.4, book acceleration = 2.8m/s^2","distance_table_left_camera=0.7040m
distance_table_right_camera=0.7250m
distance_slope_far_camera=1.2010m
distance_slope_near_camera=0.9555m
t=1.2s, distance_book_camera=1.02m
t=1.4s, distance_book_camera=0.8570m
t=1.6s, distance_book_camera=0.8510m",41.5
2424,captured_0023s,lab,A3SS,24,DS,What is the displacement of the book between 1.0s and 1.6s in cm?,"t=1.4, book acceleration = 2.8m/s^2","distance_table_left_camera=0.7040m
distance_table_right_camera=0.7250m
distance_slope_far_camera=1.2010m
distance_slope_near_camera=0.9555m
t=1.2s, distance_book_camera=1.02m
t=1.4s, distance_book_camera=0.8570m
t=1.6s, distance_book_camera=0.8510m",30.0
2425,captured_0023x,lab,A3SX,24,DD,What is the velocity of the book at 1.2s in cm/s?,"t=1.4, book acceleration = 2.8m/s^2","distance_table_left_camera=0.7040m
distance_table_right_camera=0.7250m
distance_slope_far_camera=1.2010m
distance_slope_near_camera=0.9555m
t=1.2s, distance_book_camera=1.02m
t=1.4s, distance_book_camera=0.8570m
t=1.6s, distance_book_camera=0.8510m",75.0
2426,captured_0023x,lab,A3SX,24,DD,What is the velocity of the book at 1.4s in cm/s?,"t=1.4, book acceleration = 2.8m/s^2","distance_table_left_camera=0.7040m
distance_table_right_camera=0.7250m
distance_slope_far_camera=1.2010m
distance_slope_near_camera=0.9555m
t=1.2s, distance_book_camera=1.02m
t=1.4s, distance_book_camera=0.8570m
t=1.6s, distance_book_camera=0.8510m",20.0
2427,captured_0023x,lab,A3SX,24,DS,What is the length of the book in cm?,"t=1.4, book acceleration = 2.8m/s^2","distance_table_left_camera=0.7040m
distance_table_right_camera=0.7250m
distance_slope_far_camera=1.2010m
distance_slope_near_camera=0.9555m
t=1.2s, distance_book_camera=1.02m
t=1.4s, distance_book_camera=0.8570m
t=1.6s, distance_book_camera=0.8510m",15.0
2428,captured_0023x,lab,A3SX,24,DS,What is the width of the book in cm?,"t=1.4, book acceleration = 2.8m/s^2","distance_table_left_camera=0.7040m
distance_table_right_camera=0.7250m
distance_slope_far_camera=1.2010m
distance_slope_near_camera=0.9555m
t=1.2s, distance_book_camera=1.02m
t=1.4s, distance_book_camera=0.8570m
t=1.6s, distance_book_camera=0.8510m",11.0
2429,captured_0023x,lab,A3SX,24,DS,What is the height of the book in cm?,"t=1.4, book acceleration = 2.8m/s^2","distance_table_left_camera=0.7040m
distance_table_right_camera=0.7250m
distance_slope_far_camera=1.2010m
distance_slope_near_camera=0.9555m
t=1.2s, distance_book_camera=1.02m
t=1.4s, distance_book_camera=0.8570m
t=1.6s, distance_book_camera=0.8510m",1.2
2430,captured_0023x,lab,A3SX,24,DS,What is the length of the slope in cm?,"t=1.4, book acceleration = 2.8m/s^2","distance_table_left_camera=0.7040m
distance_table_right_camera=0.7250m
distance_slope_far_camera=1.2010m
distance_slope_near_camera=0.9555m
t=1.2s, distance_book_camera=1.02m
t=1.4s, distance_book_camera=0.8570m
t=1.6s, distance_book_camera=0.8510m",27.0
2431,captured_0023x,lab,A3SX,24,DS,What is the width of the slope in cm?,"t=1.4, book acceleration = 2.8m/s^2","distance_table_left_camera=0.7040m
distance_table_right_camera=0.7250m
distance_slope_far_camera=1.2010m
distance_slope_near_camera=0.9555m
t=1.2s, distance_book_camera=1.02m
t=1.4s, distance_book_camera=0.8570m
t=1.6s, distance_book_camera=0.8510m",17.6
2432,captured_0023x,lab,A3SX,24,DS,What is the width of the table in cm?,"t=1.4, book acceleration = 2.8m/s^2","distance_table_left_camera=0.7040m
distance_table_right_camera=0.7250m
distance_slope_far_camera=1.2010m
distance_slope_near_camera=0.9555m
t=1.2s, distance_book_camera=1.02m
t=1.4s, distance_book_camera=0.8570m
t=1.6s, distance_book_camera=0.8510m",45.7
2433,captured_0023x,lab,A3SX,24,DS,What is the displacement of the book between 1.0s and 1.6s in cm?,"t=1.4, book acceleration = 2.8m/s^2","distance_table_left_camera=0.7040m
distance_table_right_camera=0.7250m
distance_slope_far_camera=1.2010m
distance_slope_near_camera=0.9555m
t=1.2s, distance_book_camera=1.02m
t=1.4s, distance_book_camera=0.8570m
t=1.6s, distance_book_camera=0.8510m",29.0
2434,captured_0024,lab,A3SC,24,DD,What is the velocity of the book at 1.0s in cm/s?,"t=1.0, book acceleration = 2.8m/s^2","t=1.0s, distance_book_camera=1.0685m
t=1.2s, distance_book_camera=0.9770m
distance_table_left_camera=1.035m
distance_table_right_camera=0.5730m
distance_slope_far_camera=1.2430m
distance_slope_near_camera=0.9900m",62.0
2435,captured_0024,lab,A3SC,24,DD,What is the velocity of the book at 1.2s in cm/s?,"t=1.0, book acceleration = 2.8m/s^2","t=1.0s, distance_book_camera=1.0685m
t=1.2s, distance_book_camera=0.9770m
distance_table_left_camera=1.035m
distance_table_right_camera=0.5730m
distance_slope_far_camera=1.2430m
distance_slope_near_camera=0.9900m",118.0
2436,captured_0024,lab,A3SC,24,DS,What is the length of the book in cm?,"t=1.0, book acceleration = 2.8m/s^2","t=1.0s, distance_book_camera=1.0685m
t=1.2s, distance_book_camera=0.9770m
distance_table_left_camera=1.035m
distance_table_right_camera=0.5730m
distance_slope_far_camera=1.2430m
distance_slope_near_camera=0.9900m",22.0
2437,captured_0024,lab,A3SC,24,DS,What is the width of the book in cm?,"t=1.0, book acceleration = 2.8m/s^2","t=1.0s, distance_book_camera=1.0685m
t=1.2s, distance_book_camera=0.9770m
distance_table_left_camera=1.035m
distance_table_right_camera=0.5730m
distance_slope_far_camera=1.2430m
distance_slope_near_camera=0.9900m",15.0
2438,captured_0024,lab,A3SC,24,DS,What is the height of the book in cm?,"t=1.0, book acceleration = 2.8m/s^2","t=1.0s, distance_book_camera=1.0685m
t=1.2s, distance_book_camera=0.9770m
distance_table_left_camera=1.035m
distance_table_right_camera=0.5730m
distance_slope_far_camera=1.2430m
distance_slope_near_camera=0.9900m",1.6
2439,captured_0024,lab,A3SC,24,DS,What is the length of the slope in cm?,"t=1.0, book acceleration = 2.8m/s^2","t=1.0s, distance_book_camera=1.0685m
t=1.2s, distance_book_camera=0.9770m
distance_table_left_camera=1.035m
distance_table_right_camera=0.5730m
distance_slope_far_camera=1.2430m
distance_slope_near_camera=0.9900m",43.0
2440,captured_0024,lab,A3SC,24,DS,What is the width of the slope in cm?,"t=1.0, book acceleration = 2.8m/s^2","t=1.0s, distance_book_camera=1.0685m
t=1.2s, distance_book_camera=0.9770m
distance_table_left_camera=1.035m
distance_table_right_camera=0.5730m
distance_slope_far_camera=1.2430m
distance_slope_near_camera=0.9900m",21.0
2441,captured_0024,lab,A3SC,24,DS,What is the length of the table in cm?,"t=1.0, book acceleration = 2.8m/s^2","t=1.0s, distance_book_camera=1.0685m
t=1.2s, distance_book_camera=0.9770m
distance_table_left_camera=1.035m
distance_table_right_camera=0.5730m
distance_slope_far_camera=1.2430m
distance_slope_near_camera=0.9900m",79.0
2442,captured_0024,lab,A3SC,24,DS,What is the width of the table in cm?,"t=1.0, book acceleration = 2.8m/s^2","t=1.0s, distance_book_camera=1.0685m
t=1.2s, distance_book_camera=0.9770m
distance_table_left_camera=1.035m
distance_table_right_camera=0.5730m
distance_slope_far_camera=1.2430m
distance_slope_near_camera=0.9900m",50.0
2443,captured_0024,lab,A3SC,24,DS,What is the distance travelled by the book in cm?,"t=1.0, book acceleration = 2.8m/s^2","t=1.0s, distance_book_camera=1.0685m
t=1.2s, distance_book_camera=0.9770m
distance_table_left_camera=1.035m
distance_table_right_camera=0.5730m
distance_slope_far_camera=1.2430m
distance_slope_near_camera=0.9900m",42.0
2444,captured_0024s,lab,A3SS,24,DD,What is the velocity of the book at 1.0s in cm/s?,"t=1.0, book acceleration = 2.8m/s^2","t=1.0s, distance_book_camera=1.0685m
t=1.2s, distance_book_camera=0.9770m
distance_table_left_camera=1.035m
distance_table_right_camera=0.5730m
distance_slope_far_camera=1.2430m
distance_slope_near_camera=0.9900m",57.0
2445,captured_0024s,lab,A3SS,24,DD,What is the velocity of the book at 1.2s in cm/s?,"t=1.0, book acceleration = 2.8m/s^2","t=1.0s, distance_book_camera=1.0685m
t=1.2s, distance_book_camera=0.9770m
distance_table_left_camera=1.035m
distance_table_right_camera=0.5730m
distance_slope_far_camera=1.2430m
distance_slope_near_camera=0.9900m",108.0
2446,captured_0024s,lab,A3SS,24,DS,What is the length of the book in cm?,"t=1.0, book acceleration = 2.8m/s^2","t=1.0s, distance_book_camera=1.0685m
t=1.2s, distance_book_camera=0.9770m
distance_table_left_camera=1.035m
distance_table_right_camera=0.5730m
distance_slope_far_camera=1.2430m
distance_slope_near_camera=0.9900m",23.0
2447,captured_0024s,lab,A3SS,24,DS,What is the width of the book in cm?,"t=1.0, book acceleration = 2.8m/s^2","t=1.0s, distance_book_camera=1.0685m
t=1.2s, distance_book_camera=0.9770m
distance_table_left_camera=1.035m
distance_table_right_camera=0.5730m
distance_slope_far_camera=1.2430m
distance_slope_near_camera=0.9900m",16.0
2448,captured_0024s,lab,A3SS,24,DS,What is the height of the book in cm?,"t=1.0, book acceleration = 2.8m/s^2","t=1.0s, distance_book_camera=1.0685m
t=1.2s, distance_book_camera=0.9770m
distance_table_left_camera=1.035m
distance_table_right_camera=0.5730m
distance_slope_far_camera=1.2430m
distance_slope_near_camera=0.9900m",2.2
2449,captured_0024s,lab,A3SS,24,DS,What is the length of the slope in cm?,"t=1.0, book acceleration = 2.8m/s^2","t=1.0s, distance_book_camera=1.0685m
t=1.2s, distance_book_camera=0.9770m
distance_table_left_camera=1.035m
distance_table_right_camera=0.5730m
distance_slope_far_camera=1.2430m
distance_slope_near_camera=0.9900m",40.0
2450,captured_0024s,lab,A3SS,24,DS,What is the width of the slope in cm?,"t=1.0, book acceleration = 2.8m/s^2","t=1.0s, distance_book_camera=1.0685m
t=1.2s, distance_book_camera=0.9770m
distance_table_left_camera=1.035m
distance_table_right_camera=0.5730m
distance_slope_far_camera=1.2430m
distance_slope_near_camera=0.9900m",20.0
2451,captured_0024s,lab,A3SS,24,DS,What is the length of the table in cm?,"t=1.0, book acceleration = 2.8m/s^2","t=1.0s, distance_book_camera=1.0685m
t=1.2s, distance_book_camera=0.9770m
distance_table_left_camera=1.035m
distance_table_right_camera=0.5730m
distance_slope_far_camera=1.2430m
distance_slope_near_camera=0.9900m",95.0
2452,captured_0024s,lab,A3SS,24,DS,What is the width of the table in cm?,"t=1.0, book acceleration = 2.8m/s^2","t=1.0s, distance_book_camera=1.0685m
t=1.2s, distance_book_camera=0.9770m
distance_table_left_camera=1.035m
distance_table_right_camera=0.5730m
distance_slope_far_camera=1.2430m
distance_slope_near_camera=0.9900m",55.0
2453,captured_0024s,lab,A3SS,24,DS,What is the distance travelled by the book in cm?,"t=1.0, book acceleration = 2.8m/s^2","t=1.0s, distance_book_camera=1.0685m
t=1.2s, distance_book_camera=0.9770m
distance_table_left_camera=1.035m
distance_table_right_camera=0.5730m
distance_slope_far_camera=1.2430m
distance_slope_near_camera=0.9900m",45.0
2454,captured_0024x,lab,A3SX,24,DD,What is the velocity of the book at 1.0s in cm/s?,"t=1.0, book acceleration = 2.8m/s^2","t=1.0s, distance_book_camera=1.0685m
t=1.2s, distance_book_camera=0.9770m
distance_table_left_camera=1.035m
distance_table_right_camera=0.5730m
distance_slope_far_camera=1.2430m
distance_slope_near_camera=0.9900m",65.0
2455,captured_0024x,lab,A3SX,24,DD,What is the velocity of the book at 1.2s in cm/s?,"t=1.0, book acceleration = 2.8m/s^2","t=1.0s, distance_book_camera=1.0685m
t=1.2s, distance_book_camera=0.9770m
distance_table_left_camera=1.035m
distance_table_right_camera=0.5730m
distance_slope_far_camera=1.2430m
distance_slope_near_camera=0.9900m",100.0
2456,captured_0024x,lab,A3SX,24,DS,What is the length of the book in cm?,"t=1.0, book acceleration = 2.8m/s^2","t=1.0s, distance_book_camera=1.0685m
t=1.2s, distance_book_camera=0.9770m
distance_table_left_camera=1.035m
distance_table_right_camera=0.5730m
distance_slope_far_camera=1.2430m
distance_slope_near_camera=0.9900m",26.0
2457,captured_0024x,lab,A3SX,24,DS,What is the width of the book in cm?,"t=1.0, book acceleration = 2.8m/s^2","t=1.0s, distance_book_camera=1.0685m
t=1.2s, distance_book_camera=0.9770m
distance_table_left_camera=1.035m
distance_table_right_camera=0.5730m
distance_slope_far_camera=1.2430m
distance_slope_near_camera=0.9900m",13.0
2458,captured_0024x,lab,A3SX,24,DS,What is the height of the book in cm?,"t=1.0, book acceleration = 2.8m/s^2","t=1.0s, distance_book_camera=1.0685m
t=1.2s, distance_book_camera=0.9770m
distance_table_left_camera=1.035m
distance_table_right_camera=0.5730m
distance_slope_far_camera=1.2430m
distance_slope_near_camera=0.9900m",2.2
2459,captured_0024x,lab,A3SX,24,DS,What is the length of the slope in cm?,"t=1.0, book acceleration = 2.8m/s^2","t=1.0s, distance_book_camera=1.0685m
t=1.2s, distance_book_camera=0.9770m
distance_table_left_camera=1.035m
distance_table_right_camera=0.5730m
distance_slope_far_camera=1.2430m
distance_slope_near_camera=0.9900m",38.0
2460,captured_0024x,lab,A3SX,24,DS,What is the width of the slope in cm?,"t=1.0, book acceleration = 2.8m/s^2","t=1.0s, distance_book_camera=1.0685m
t=1.2s, distance_book_camera=0.9770m
distance_table_left_camera=1.035m
distance_table_right_camera=0.5730m
distance_slope_far_camera=1.2430m
distance_slope_near_camera=0.9900m",27.0
2461,captured_0024x,lab,A3SX,24,DS,What is the length of the table in cm?,"t=1.0, book acceleration = 2.8m/s^2","t=1.0s, distance_book_camera=1.0685m
t=1.2s, distance_book_camera=0.9770m
distance_table_left_camera=1.035m
distance_table_right_camera=0.5730m
distance_slope_far_camera=1.2430m
distance_slope_near_camera=0.9900m",80.0
2462,captured_0024x,lab,A3SX,24,DS,What is the width of the table in cm?,"t=1.0, book acceleration = 2.8m/s^2","t=1.0s, distance_book_camera=1.0685m
t=1.2s, distance_book_camera=0.9770m
distance_table_left_camera=1.035m
distance_table_right_camera=0.5730m
distance_slope_far_camera=1.2430m
distance_slope_near_camera=0.9900m",55.0
2463,captured_0024x,lab,A3SX,24,DS,What is the distance travelled by the book in cm?,"t=1.0, book acceleration = 2.8m/s^2","t=1.0s, distance_book_camera=1.0685m
t=1.2s, distance_book_camera=0.9770m
distance_table_left_camera=1.035m
distance_table_right_camera=0.5730m
distance_slope_far_camera=1.2430m
distance_slope_near_camera=0.9900m",50.0
2464,captured_0027,lab,S3SC,24,SD,What is the velocity of the red ball at 0.2s in cm/s?,diameter of the red ball = 7cm,"t=0.2s, distance_book_camera=1.0995m
t=0.6s, distance_book_camera=1.1510m
distance_person_left_camera=1.2750m
distance_person_right_camera=1.2305m",130.0
2465,captured_0027,lab,S3SC,24,SD,What is the velocity of the red ball at 0.6s in cm/s?,diameter of the red ball = 7cm,"t=0.2s, distance_book_camera=1.0995m
t=0.6s, distance_book_camera=1.1510m
distance_person_left_camera=1.2750m
distance_person_right_camera=1.2305m",80.0
2466,captured_0027,lab,S3SC,24,SD,What is the acceleration of the red ball at 0.2s in cm/s^2?,diameter of the red ball = 7cm,"t=0.2s, distance_book_camera=1.0995m
t=0.6s, distance_book_camera=1.1510m
distance_person_left_camera=1.2750m
distance_person_right_camera=1.2305m",480.0
2467,captured_0027,lab,S3SC,24,SS,What is the shoulder breadth of the person in cm?,diameter of the red ball = 7cm,"t=0.2s, distance_book_camera=1.0995m
t=0.6s, distance_book_camera=1.1510m
distance_person_left_camera=1.2750m
distance_person_right_camera=1.2305m",40.0
2468,captured_0027s,lab,S3SS,24,SD,What is the velocity of the red ball at 0.2s in cm/s?,diameter of the red ball = 7cm,"t=0.2s, distance_book_camera=1.0995m
t=0.6s, distance_book_camera=1.1510m
distance_person_left_camera=1.2750m
distance_person_right_camera=1.2305m",23.0
2469,captured_0027s,lab,S3SS,24,SD,What is the velocity of the red ball at 0.6s in cm/s?,diameter of the red ball = 7cm,"t=0.2s, distance_book_camera=1.0995m
t=0.6s, distance_book_camera=1.1510m
distance_person_left_camera=1.2750m
distance_person_right_camera=1.2305m",48.0
2470,captured_0027s,lab,S3SS,24,SD,What is the acceleration of the red ball at 0.2s in cm/s^2?,diameter of the red ball = 7cm,"t=0.2s, distance_book_camera=1.0995m
t=0.6s, distance_book_camera=1.1510m
distance_person_left_camera=1.2750m
distance_person_right_camera=1.2305m",560.0
2471,captured_0027x,lab,S3SX,24,SD,What is the velocity of the red ball at 0.2s in cm/s?,diameter of the red ball = 7cm,"t=0.2s, distance_book_camera=1.0995m
t=0.6s, distance_book_camera=1.1510m
distance_person_left_camera=1.2750m
distance_person_right_camera=1.2305m",19.0
2472,captured_0027x,lab,S3SX,24,SD,What is the velocity of the red ball at 0.6s in cm/s?,diameter of the red ball = 7cm,"t=0.2s, distance_book_camera=1.0995m
t=0.6s, distance_book_camera=1.1510m
distance_person_left_camera=1.2750m
distance_person_right_camera=1.2305m",49.0
2473,captured_0027x,lab,S3SX,24,SD,What is the acceleration of the red ball at 0.2s in cm/s^2?,diameter of the red ball = 7cm,"t=0.2s, distance_book_camera=1.0995m
t=0.6s, distance_book_camera=1.1510m
distance_person_left_camera=1.2750m
distance_person_right_camera=1.2305m",410.0
2474,captured_0028,lab,S3SC,24,SD,What is the velocity of the ping pong ball at 1.0s in cm/s?,diameter of the ping pong ball = 40mm,"t=1.0s, distance_ball_camera=1.8050m
t=1.1s, distance_ball_camera=1.5570m
t=1.3s (max height), distance_ball_camera=1.4115m",385.0
2475,captured_0028,lab,S3SC,24,SD,What is the velocity of the ping pong ball at 1.3s in cm/s?,diameter of the ping pong ball = 40mm,"t=1.0s, distance_ball_camera=1.8050m
t=1.1s, distance_ball_camera=1.5570m
t=1.3s (max height), distance_ball_camera=1.4115m",75.0
2476,captured_0028,lab,S3SC,24,SD,What is the acceleration of the ping pong ball at 1.0s in cm/s^2?,diameter of the ping pong ball = 40mm,"t=1.0s, distance_ball_camera=1.8050m
t=1.1s, distance_ball_camera=1.5570m
t=1.3s (max height), distance_ball_camera=1.4115m",980.0
2477,captured_0028,lab,S3SC,24,SD,What is the acceleration of the ping pong ball at 1.3s in cm/s^2?,diameter of the ping pong ball = 40mm,"t=1.0s, distance_ball_camera=1.8050m
t=1.1s, distance_ball_camera=1.5570m
t=1.3s (max height), distance_ball_camera=1.4115m",980.0
2478,captured_0028,lab,S3SC,24,SS,What is the distance travelled by the ping pong ball between 1.1s and 1.3s in cm?,diameter of the ping pong ball = 40mm,"t=1.0s, distance_ball_camera=1.8050m
t=1.1s, distance_ball_camera=1.5570m
t=1.3s (max height), distance_ball_camera=1.4115m",25.0
2479,captured_0028,lab,S3SC,24,SS,What is the maximum height reached by the ping pong ball in cm?,diameter of the ping pong ball = 40mm,"t=1.0s, distance_ball_camera=1.8050m
t=1.1s, distance_ball_camera=1.5570m
t=1.3s (max height), distance_ball_camera=1.4115m",44.0
2480,captured_0028s,lab,S3SS,24,SD,What is the velocity of the ping pong ball at 1.0s in cm/s?,diameter of the ping pong ball = 40mm,"t=1.0s, distance_ball_camera=1.8050m
t=1.1s, distance_ball_camera=1.5570m
t=1.3s (max height), distance_ball_camera=1.4115m",182.0
2481,captured_0028s,lab,S3SS,24,SD,What is the velocity of the ping pong ball at 1.3s in cm/s?,diameter of the ping pong ball = 40mm,"t=1.0s, distance_ball_camera=1.8050m
t=1.1s, distance_ball_camera=1.5570m
t=1.3s (max height), distance_ball_camera=1.4115m",10.0
2482,captured_0028s,lab,S3SS,24,SD,What is the acceleration of the ping pong ball at 1.0s in cm/s^2?,diameter of the ping pong ball = 40mm,"t=1.0s, distance_ball_camera=1.8050m
t=1.1s, distance_ball_camera=1.5570m
t=1.3s (max height), distance_ball_camera=1.4115m",980.0
2483,captured_0028s,lab,S3SS,24,SD,What is the acceleration of the ping pong ball at 1.3s in cm/s^2?,diameter of the ping pong ball = 40mm,"t=1.0s, distance_ball_camera=1.8050m
t=1.1s, distance_ball_camera=1.5570m
t=1.3s (max height), distance_ball_camera=1.4115m",980.0
2484,captured_0028s,lab,S3SS,24,SS,What is the distance travelled by the ping pong ball between 1.1s and 1.3s in cm?,diameter of the ping pong ball = 40mm,"t=1.0s, distance_ball_camera=1.8050m
t=1.1s, distance_ball_camera=1.5570m
t=1.3s (max height), distance_ball_camera=1.4115m",22.0
2485,captured_0028s,lab,S3SS,24,SS,What is the maximum height reached by the ping pong ball in cm?,diameter of the ping pong ball = 40mm,"t=1.0s, distance_ball_camera=1.8050m
t=1.1s, distance_ball_camera=1.5570m
t=1.3s (max height), distance_ball_camera=1.4115m",23.0
2486,captured_0028x,lab,S3SX,24,SD,What is the velocity of the ping pong ball at 1.0s in cm/s?,diameter of the ping pong ball = 40mm,"t=1.0s, distance_ball_camera=1.8050m
t=1.1s, distance_ball_camera=1.5570m
t=1.3s (max height), distance_ball_camera=1.4115m",135.0
2487,captured_0028x,lab,S3SX,24,SD,What is the velocity of the ping pong ball at 1.3s in cm/s?,diameter of the ping pong ball = 40mm,"t=1.0s, distance_ball_camera=1.8050m
t=1.1s, distance_ball_camera=1.5570m
t=1.3s (max height), distance_ball_camera=1.4115m",10.0
2488,captured_0028x,lab,S3SX,24,SD,What is the acceleration of the ping pong ball at 1.0s in cm/s^2?,diameter of the ping pong ball = 40mm,"t=1.0s, distance_ball_camera=1.8050m
t=1.1s, distance_ball_camera=1.5570m
t=1.3s (max height), distance_ball_camera=1.4115m",980.0
2489,captured_0028x,lab,S3SX,24,SD,What is the acceleration of the ping pong ball at 1.3s in cm/s^2?,diameter of the ping pong ball = 40mm,"t=1.0s, distance_ball_camera=1.8050m
t=1.1s, distance_ball_camera=1.5570m
t=1.3s (max height), distance_ball_camera=1.4115m",980.0
2490,captured_0028x,lab,S3SX,24,SS,What is the distance travelled by the ping pong ball between 1.1s and 1.3s in cm?,diameter of the ping pong ball = 40mm,"t=1.0s, distance_ball_camera=1.8050m
t=1.1s, distance_ball_camera=1.5570m
t=1.3s (max height), distance_ball_camera=1.4115m",20.0
2491,captured_0028x,lab,S3SX,24,SS,What is the maximum height reached by the ping pong ball in cm?,diameter of the ping pong ball = 40mm,"t=1.0s, distance_ball_camera=1.8050m
t=1.1s, distance_ball_camera=1.5570m
t=1.3s (max height), distance_ball_camera=1.4115m",22.0
2492,captured_0029,lab,S3SC,24,SS,What is the long of the table in cm?,diameter of the tennis ball = 6.7cm,"t=1.00s, distance_ball_camera=0.901s
t=1.24s (hit whiteboard), distance_ball_camera=1.1440m
t=1.6s, distance_ball_camera=1.0270m",77.0
2493,captured_0029,lab,S3SC,24,SS,What is the width of the table in cm?,diameter of the tennis ball = 6.7cm,"t=1.00s, distance_ball_camera=0.901s
t=1.24s (hit whiteboard), distance_ball_camera=1.1440m
t=1.6s, distance_ball_camera=1.0270m",53.0
2494,captured_0029,lab,S3SC,24,SD,What is the velocity of the tennis ball at 1.0s in cm/s?,diameter of the tennis ball = 6.7cm,"t=1.00s, distance_ball_camera=0.901s
t=1.24s (hit whiteboard), distance_ball_camera=1.1440m
t=1.6s, distance_ball_camera=1.0270m",112.0
2495,captured_0029,lab,S3SC,24,SD,What is the velocity of the tennis ball when it hits the whiteboard in cm/s?,diameter of the tennis ball = 6.7cm,"t=1.00s, distance_ball_camera=0.901s
t=1.24s (hit whiteboard), distance_ball_camera=1.1440m
t=1.6s, distance_ball_camera=1.0270m",100.0
2496,captured_0029,lab,S3SC,24,SD,What is the velocity of the tennis ball at 1.6s in cm/s?,diameter of the tennis ball = 6.7cm,"t=1.00s, distance_ball_camera=0.901s
t=1.24s (hit whiteboard), distance_ball_camera=1.1440m
t=1.6s, distance_ball_camera=1.0270m",38.0
2497,captured_0029,lab,S3SC,24,SS,What is the distance travelled by the tennis ball when it hits the whiteboard in cm?,diameter of the tennis ball = 6.7cm,"t=1.00s, distance_ball_camera=0.901s
t=1.24s (hit whiteboard), distance_ball_camera=1.1440m
t=1.6s, distance_ball_camera=1.0270m",27.0
2498,captured_0029s,lab,S3SS,24,SS,What is the length of the table in cm?,diameter of the tennis ball = 6.7cm,"t=1.00s, distance_ball_camera=0.901s
t=1.24s (hit whiteboard), distance_ball_camera=1.1440m
t=1.6s, distance_ball_camera=1.0270m",74.0
2499,captured_0029s,lab,S3SS,24,SS,What is the width of the table in cm?,diameter of the tennis ball = 6.7cm,"t=1.00s, distance_ball_camera=0.901s
t=1.24s (hit whiteboard), distance_ball_camera=1.1440m
t=1.6s, distance_ball_camera=1.0270m",58.0
2500,captured_0029s,lab,S3SS,24,SD,What is the velocity of the tennis ball at 1.0s in cm/s?,diameter of the tennis ball = 6.7cm,"t=1.00s, distance_ball_camera=0.901s
t=1.24s (hit whiteboard), distance_ball_camera=1.1440m
t=1.6s, distance_ball_camera=1.0270m",130.0
2501,captured_0029s,lab,S3SS,24,SD,What is the velocity of the tennis ball at 1.6s in cm/s?,diameter of the tennis ball = 6.7cm,"t=1.00s, distance_ball_camera=0.901s
t=1.24s (hit whiteboard), distance_ball_camera=1.1440m
t=1.6s, distance_ball_camera=1.0270m",48.0
2502,captured_0029s,lab,S3SS,24,SS,What is the distance travelled by the tennis ball when it hits the whiteboard in cm?,diameter of the tennis ball = 6.7cm,"t=1.00s, distance_ball_camera=0.901s
t=1.24s (hit whiteboard), distance_ball_camera=1.1440m
t=1.6s, distance_ball_camera=1.0270m",72.0
2503,captured_0029x,lab,S3SX,24,SS,What is the length of the table in cm?,diameter of the tennis ball = 6.7cm,"t=1.00s, distance_ball_camera=0.901s
t=1.24s (hit whiteboard), distance_ball_camera=1.1440m
t=1.6s, distance_ball_camera=1.0270m",60.0
2504,captured_0029x,lab,S3SX,24,SS,What is the width of the table in cm?,diameter of the tennis ball = 6.7cm,"t=1.00s, distance_ball_camera=0.901s
t=1.24s (hit whiteboard), distance_ball_camera=1.1440m
t=1.6s, distance_ball_camera=1.0270m",50.0
2505,captured_0029x,lab,S3SX,24,SD,What is the velocity of the tennis ball at 1.0s in cm/s?,diameter of the tennis ball = 6.7cm,"t=1.00s, distance_ball_camera=0.901s
t=1.24s (hit whiteboard), distance_ball_camera=1.1440m
t=1.6s, distance_ball_camera=1.0270m",125.0
2506,captured_0029x,lab,S3SX,24,SD,What is the velocity of the tennis ball at 1.6s in cm/s?,diameter of the tennis ball = 6.7cm,"t=1.00s, distance_ball_camera=0.901s
t=1.24s (hit whiteboard), distance_ball_camera=1.1440m
t=1.6s, distance_ball_camera=1.0270m",50.0
2507,captured_0029x,lab,S3SX,24,SS,What is the distance travelled by the tennis ball when it hits the whiteboard in cm?,diameter of the tennis ball = 6.7cm,"t=1.00s, distance_ball_camera=0.901s
t=1.24s (hit whiteboard), distance_ball_camera=1.1440m
t=1.6s, distance_ball_camera=1.0270m",75.0
2508,captured_0030,lab,S3SC,24,SD,What is the velocity of the red ball at 0.2s in cm/s?,diameter of the red ball = 7cm,"t=0.2s, distance_ball_camera=0.8715s
t=0.4s, distance_ball_camera=1.1660m
t=0.6s, distance_ball_camera=1.3720m
t=0.8s, distance_ball_camera=1.3150m",150.0
2509,captured_0030,lab,S3SC,24,SD,What is the velocity of the red ball at 0.4s in cm/s?,diameter of the red ball = 7cm,"t=0.2s, distance_ball_camera=0.8715s
t=0.4s, distance_ball_camera=1.1660m
t=0.6s, distance_ball_camera=1.3720m
t=0.8s, distance_ball_camera=1.3150m",140.0
2510,captured_0030,lab,S3SC,24,SD,What is the velocity of the red ball at 0.6s in cm/s?,diameter of the red ball = 7cm,"t=0.2s, distance_ball_camera=0.8715s
t=0.4s, distance_ball_camera=1.1660m
t=0.6s, distance_ball_camera=1.3720m
t=0.8s, distance_ball_camera=1.3150m",170.0
2511,captured_0030,lab,S3SC,24,SD,What is the velocity of the red ball at 0.8s in cm/s?,diameter of the red ball = 7cm,"t=0.2s, distance_ball_camera=0.8715s
t=0.4s, distance_ball_camera=1.1660m
t=0.6s, distance_ball_camera=1.3720m
t=0.8s, distance_ball_camera=1.3150m",200.0
2512,captured_0030s,lab,S3SS,24,SD,What is the velocity of the red ball at 0.2s in cm/s?,diameter of the red ball = 7cm,"t=0.2s, distance_ball_camera=0.8715s
t=0.4s, distance_ball_camera=1.1660m
t=0.6s, distance_ball_camera=1.3720m
t=0.8s, distance_ball_camera=1.3150m",185.0
2513,captured_0030s,lab,S3SS,24,SD,What is the velocity of the red ball at 0.4s in cm/s?,diameter of the red ball = 7cm,"t=0.2s, distance_ball_camera=0.8715s
t=0.4s, distance_ball_camera=1.1660m
t=0.6s, distance_ball_camera=1.3720m
t=0.8s, distance_ball_camera=1.3150m",150.0
2514,captured_0030s,lab,S3SS,24,SD,What is the velocity of the red ball at 0.6s in cm/s?,diameter of the red ball = 7cm,"t=0.2s, distance_ball_camera=0.8715s
t=0.4s, distance_ball_camera=1.1660m
t=0.6s, distance_ball_camera=1.3720m
t=0.8s, distance_ball_camera=1.3150m",168.0
2515,captured_0030s,lab,S3SS,24,SD,What is the velocity of the red ball at 0.8s in cm/s?,diameter of the red ball = 7cm,"t=0.2s, distance_ball_camera=0.8715s
t=0.4s, distance_ball_camera=1.1660m
t=0.6s, distance_ball_camera=1.3720m
t=0.8s, distance_ball_camera=1.3150m",172.0
2516,captured_0030x,lab,S3SX,24,SD,What is the velocity of the red ball at 0.2s in cm/s?,diameter of the red ball = 7cm,"t=0.2s, distance_ball_camera=0.8715s
t=0.4s, distance_ball_camera=1.1660m
t=0.6s, distance_ball_camera=1.3720m
t=0.8s, distance_ball_camera=1.3150m",160.0
2517,captured_0030x,lab,S3SX,24,SD,What is the velocity of the red ball at 0.4s in cm/s?,diameter of the red ball = 7cm,"t=0.2s, distance_ball_camera=0.8715s
t=0.4s, distance_ball_camera=1.1660m
t=0.6s, distance_ball_camera=1.3720m
t=0.8s, distance_ball_camera=1.3150m",150.0
2518,captured_0030x,lab,S3SX,24,SD,What is the velocity of the red ball at 0.6s in cm/s?,diameter of the red ball = 7cm,"t=0.2s, distance_ball_camera=0.8715s
t=0.4s, distance_ball_camera=1.1660m
t=0.6s, distance_ball_camera=1.3720m
t=0.8s, distance_ball_camera=1.3150m",160.0
2519,captured_0030x,lab,S3SX,24,SD,What is the velocity of the red ball at 0.8s in cm/s?,diameter of the red ball = 7cm,"t=0.2s, distance_ball_camera=0.8715s
t=0.4s, distance_ball_camera=1.1660m
t=0.6s, distance_ball_camera=1.3720m
t=0.8s, distance_ball_camera=1.3150m",160.0
2520,captured_0031,lab,S3MC,24,SS,What is the diameter of the white ball in cm?,diameter of the tennis ball = 6.7cm,"t=1.6s, distance_tennis_ball_camera = 1.1900m
t=1.6s, distance_white_ball_camera = 0.9940m",2.7
2521,captured_0031,lab,S3MC,24,SS,What is the width of the table in cm?,diameter of the tennis ball = 6.7cm,"t=1.6s, distance_tennis_ball_camera = 1.1900m
t=1.6s, distance_white_ball_camera = 0.9940m",64.0
2522,captured_0031,lab,S3MC,24,SS,What is the length of the table in cm?,diameter of the tennis ball = 6.7cm,"t=1.6s, distance_tennis_ball_camera = 1.1900m
t=1.6s, distance_white_ball_camera = 0.9940m",64.0
2523,captured_0031,lab,S3MC,24,SD,What is the velocity of the tennis ball at 1.6s in cm/s?,diameter of the tennis ball = 6.7cm,"t=1.6s, distance_tennis_ball_camera = 1.1900m
t=1.6s, distance_white_ball_camera = 0.9940m",80.0
2524,captured_0031,lab,S3MC,24,SD,What is the velocity of the white ball at 1.6s in cm/s?,diameter of the tennis ball = 6.7cm,"t=1.6s, distance_tennis_ball_camera = 1.1900m
t=1.6s, distance_white_ball_camera = 0.9940m",30.0
2525,captured_0031,lab,S3MC,24,SS,What is the distance between the ping pong ball and the tennis ball at 1.6s in cm?,diameter of the tennis ball = 6.7cm,"t=1.6s, distance_tennis_ball_camera = 1.1900m
t=1.6s, distance_white_ball_camera = 0.9940m",22.0
2526,captured_0031s,lab,S3MS,24,SS,What is the diameter of the white ball in cm?,diameter of the tennis ball = 6.7cm,"t=1.6s, distance_tennis_ball_camera = 1.1900m
t=1.6s, distance_white_ball_camera = 0.9940m",3.0
2527,captured_0031s,lab,S3MS,24,SS,What is the width of the table in cm?,diameter of the tennis ball = 6.7cm,"t=1.6s, distance_tennis_ball_camera = 1.1900m
t=1.6s, distance_white_ball_camera = 0.9940m",64.0
2528,captured_0031s,lab,S3MS,24,SS,What is the length of the table in cm?,diameter of the tennis ball = 6.7cm,"t=1.6s, distance_tennis_ball_camera = 1.1900m
t=1.6s, distance_white_ball_camera = 0.9940m",95.0
2529,captured_0031s,lab,S3MS,24,SD,What is the velocity of the tennis ball at 1.6s in cm/s?,diameter of the tennis ball = 6.7cm,"t=1.6s, distance_tennis_ball_camera = 1.1900m
t=1.6s, distance_white_ball_camera = 0.9940m",75.0
2530,captured_0031s,lab,S3MS,24,SD,What is the velocity of the white ball at 1.6s in cm/s?,diameter of the tennis ball = 6.7cm,"t=1.6s, distance_tennis_ball_camera = 1.1900m
t=1.6s, distance_white_ball_camera = 0.9940m",33.0
2531,captured_0031s,lab,S3MS,24,SS,What is the distance between the white ball and the tennis ball at 1.6s in cm?,diameter of the tennis ball = 6.7cm,"t=1.6s, distance_tennis_ball_camera = 1.1900m
t=1.6s, distance_white_ball_camera = 0.9940m",22.0
2532,captured_0031x,lab,S3MX,24,SS,What is the diameter of the white ball in cm?,diameter of the tennis ball = 6.7cm,"t=1.6s, distance_tennis_ball_camera = 1.1900m
t=1.6s, distance_white_ball_camera = 0.9940m",2.5
2533,captured_0031x,lab,S3MX,24,SS,What is the width of the table in cm?,diameter of the tennis ball = 6.7cm,"t=1.6s, distance_tennis_ball_camera = 1.1900m
t=1.6s, distance_white_ball_camera = 0.9940m",60.0
2534,captured_0031x,lab,S3MX,24,SD,What is the velocity of the tennis ball at 1.6s in cm/s?,diameter of the tennis ball = 6.7cm,"t=1.6s, distance_tennis_ball_camera = 1.1900m
t=1.6s, distance_white_ball_camera = 0.9940m",70.0
2535,captured_0031x,lab,S3MX,24,SD,What is the velocity of the white ball at 1.6s in cm/s?,diameter of the tennis ball = 6.7cm,"t=1.6s, distance_tennis_ball_camera = 1.1900m
t=1.6s, distance_white_ball_camera = 0.9940m",30.0
2536,captured_0031x,lab,S3MX,24,SS,What is the distance between the white ball and the tennis ball at 1.6s in cm?,diameter of the tennis ball = 6.7cm,"t=1.6s, distance_tennis_ball_camera = 1.1900m
t=1.6s, distance_ping_pong_ball_camera = 0.9940m",22.0
2537,captured_0032,lab,S3MC,24,SS,What is the velocity of the white ball at 1.6s in cm/s?,diameter of the tennis ball = 6.7cm,"t=1.5s, distance_tennis_ball_camera = 1.1830m
t=1.5s, distance_ping_pong_ball_camera = 1.3530m",25.0
2538,captured_0032,lab,S3MC,24,SS,What is the width of the table in cm?,diameter of the tennis ball = 6.7cm,"t=1.5s, distance_tennis_ball_camera = 1.1830m
t=1.5s, distance_ping_pong_ball_camera = 1.3530m",40.0
2539,captured_0032,lab,S3MC,24,SS,What is the length of the table in cm?,diameter of the tennis ball = 6.7cm,"t=1.5s, distance_tennis_ball_camera = 1.1830m
t=1.5s, distance_ping_pong_ball_camera = 1.3530m",68.0
2540,captured_0032,lab,S3MC,24,SD,What is the velocity of the tennis ball at 1.5s in cm/s?,diameter of the tennis ball = 6.7cm,"t=1.5s, distance_tennis_ball_camera = 1.1830m
t=1.5s, distance_ping_pong_ball_camera = 1.3530m",72.0
2541,captured_0032,lab,S3MC,24,SD,What is the velocity of the white ball at 1.5s in cm/s?,diameter of the tennis ball = 6.7cm,"t=1.5s, distance_tennis_ball_camera = 1.1830m
t=1.5s, distance_ping_pong_ball_camera = 1.3530m",31.0
2542,captured_0032,lab,S3MC,24,SS,What is the distance between the white ball and the tennis ball at 1.5s in cm?,diameter of the tennis ball = 6.7cm,"t=1.5s, distance_tennis_ball_camera = 1.1830m
t=1.5s, distance_ping_pong_ball_camera = 1.3530m",28.0
2543,captured_0032s,lab,S3MS,24,SS,What is the diameter of the white ball in cm?,diameter of the tennis ball = 6.7cm,"t=1.5s, distance_tennis_ball_camera = 1.1830m
t=1.5s, distance_ping_pong_ball_camera = 1.3530m",4.0
2544,captured_0032s,lab,S3MS,24,SS,What is the width of the table in cm?,diameter of the tennis ball = 6.7cm,"t=1.5s, distance_tennis_ball_camera = 1.1830m
t=1.5s, distance_ping_pong_ball_camera = 1.3530m",55.0
2545,captured_0032s,lab,S3MS,24,SS,What is the length of the table in cm?,diameter of the tennis ball = 6.7cm,"t=1.5s, distance_tennis_ball_camera = 1.1830m
t=1.5s, distance_ping_pong_ball_camera = 1.3530m",77.0
2546,captured_0032s,lab,S3MS,24,SD,What is the velocity of the tennis ball at 1.5s in cm/s?,diameter of the tennis ball = 6.7cm,"t=1.5s, distance_tennis_ball_camera = 1.1830m
t=1.5s, distance_ping_pong_ball_camera = 1.3530m",90.0
2547,captured_0032s,lab,S3MS,24,SD,What is the velocity of the white ball at 1.5s in cm/s?,diameter of the tennis ball = 6.7cm,"t=1.5s, distance_tennis_ball_camera = 1.1830m
t=1.5s, distance_ping_pong_ball_camera = 1.3530m",50.0
2548,captured_0032s,lab,S3MS,24,SS,What is the distance between the white ball and the tennis ball at 1.5s in cm?,diameter of the tennis ball = 6.7cm,"t=1.5s, distance_tennis_ball_camera = 1.1830m
t=1.5s, distance_ping_pong_ball_camera = 1.3530m",27.0
2549,captured_0032x,lab,S3MX,24,SS,What is the diameter of the white ball in cm?,diameter of the tennis ball = 6.7cm,"t=1.5s, distance_tennis_ball_camera = 1.1830m
t=1.5s, distance_ping_pong_ball_camera = 1.3530m",4.1
2550,captured_0032x,lab,S3MX,24,SS,What is the width of the table in cm?,diameter of the tennis ball = 6.7cm,"t=1.5s, distance_tennis_ball_camera = 1.1830m
t=1.5s, distance_ping_pong_ball_camera = 1.3530m",75.0
2551,captured_0032x,lab,S3MX,24,SS,What is the length of the table in cm?,diameter of the tennis ball = 6.7cm,"t=1.5s, distance_tennis_ball_camera = 1.1830m
t=1.5s, distance_ping_pong_ball_camera = 1.3530m",60.0
2552,captured_0032x,lab,S3MX,24,SD,What is the velocity of the tennis ball at 1.5s in cm/s?,diameter of the tennis ball = 6.7cm,"t=1.5s, distance_tennis_ball_camera = 1.1830m
t=1.5s, distance_ping_pong_ball_camera = 1.3530m",75.0
2553,captured_0032x,lab,S3MX,24,SD,What is the velocity of the white ball at 1.5s in cm/s?,diameter of the tennis ball = 6.7cm,"t=1.5s, distance_tennis_ball_camera = 1.1830m
t=1.5s, distance_ping_pong_ball_camera = 1.3530m",36.0
2554,captured_0032x,lab,S3MX,24,SS,What is the distance between the white ball and the tennis ball at 1.5s in cm?,diameter of the tennis ball = 6.7cm,"t=1.5s, distance_tennis_ball_camera = 1.1830m
t=1.5s, distance_ping_pong_ball_camera = 1.3530m",27.0
2555,captured_0033,lab,S3SC,24,SD,What is the velocity of the ping pong ball at 0.5s in cm/s?,diameter of the ping pong ball = 40mm,"t=0.9s, distance_ping_pong_ball_camera = 1.4570m
t=1.4s, distance_ping_pong_ball_camera = 0.7380m",190.0
2556,captured_0033,lab,S3SC,24,SD,What is the velocity of the ping pong ball at 1.4s in cm/s?,diameter of the ping pong ball = 40mm,"t=0.9s, distance_ping_pong_ball_camera = 1.4570m
t=1.4s, distance_ping_pong_ball_camera = 0.7380m",135.0
2557,captured_0033,lab,S3SC,24,SD,What is the velocity of the ping pong ball at 1.5s in cm/s?,diameter of the ping pong ball = 40mm,"t=0.9s, distance_ping_pong_ball_camera = 1.4570m
t=1.4s, distance_ping_pong_ball_camera = 0.7380m",170.0
2558,captured_0033s,lab,S3SS,24,SD,What is the velocity of the ping pong ball at 0.5s in cm/s?,diameter of the ping pong ball = 40mm,"t=0.9s, distance_ping_pong_ball_camera = 1.4570m
t=1.4s, distance_ping_pong_ball_camera = 0.7380m",190.0
2559,captured_0033s,lab,S3SS,24,SD,What is the velocity of the ping pong ball at 1.4s in cm/s?,diameter of the ping pong ball = 40mm,"t=0.9s, distance_ping_pong_ball_camera = 1.4570m
t=1.4s, distance_ping_pong_ball_camera = 0.7380m",125.0
2560,captured_0033s,lab,S3SS,24,SD,What is the velocity of the ping pong ball at 1.5s in cm/s?,diameter of the ping pong ball = 40mm,"t=0.9s, distance_ping_pong_ball_camera = 1.4570m
t=1.4s, distance_ping_pong_ball_camera = 0.7380m",160.0
2561,captured_0033x,lab,S3SX,24,SD,What is the velocity of the ping pong ball at 0.5s in cm/s?,diameter of the ping pong ball = 40mm,"t=0.9s, distance_ping_pong_ball_camera = 1.4570m
t=1.4s, distance_ping_pong_ball_camera = 0.7380m",245.0
2562,captured_0033x,lab,S3SX,24,SD,What is the velocity of the ping pong ball at 1.4s in cm/s?,diameter of the ping pong ball = 40mm,"t=0.9s, distance_ping_pong_ball_camera = 1.4570m
t=1.4s, distance_ping_pong_ball_camera = 0.7380m",145.0
2563,captured_0033x,lab,S3SX,24,SD,What is the velocity of the ping pong ball at 1.5s in cm/s?,diameter of the ping pong ball = 40mm,"t=0.9s, distance_ping_pong_ball_camera = 1.4570m
t=1.4s, distance_ping_pong_ball_camera = 0.7380m",180.0
2564,captured_0034a,lab,S3MC,24,SD,What is the velocity of the left tennis ball at 1.2s in cm/s?,diameter of the tennis ball = 6.7cm,"t=1.2s, distance_right_tennis_ball_camera = 0.7760m
t=1.2s, distance_left_tennis_ball_camera = 0.7060m
distance_pencil_bag_camera = 1.0500m
distance_soccer_ball_camera = 0.8940m",63.0
2565,captured_0034a,lab,S3MC,24,SD,What is the velocity of the right tennis ball at 1.2s in cm/s?,diameter of the tennis ball = 6.7cm,"t=1.2s, distance_right_tennis_ball_camera = 0.7760m
t=1.2s, distance_left_tennis_ball_camera = 0.7060m
distance_pencil_bag_camera = 1.0500m
distance_soccer_ball_camera = 0.8940m",56.0
2566,captured_0034a,lab,S3MC,24,SS,What is the height of the pencil bag in cm?,diameter of the tennis ball = 6.7cm,"t=1.2s, distance_right_tennis_ball_camera = 0.7760m
t=1.2s, distance_left_tennis_ball_camera = 0.7060m
distance_pencil_bag_camera = 1.0500m
distance_soccer_ball_camera = 0.8940m",6.3
2567,captured_0034a,lab,S3MC,24,SS,What is the length of the pencil bag in cm?,diameter of the tennis ball = 6.7cm,"t=1.2s, distance_right_tennis_ball_camera = 0.7760m
t=1.2s, distance_left_tennis_ball_camera = 0.7060m
distance_pencil_bag_camera = 1.0500m
distance_soccer_ball_camera = 0.8940m",17.1
2568,captured_0034a,lab,S3MC,24,SS,What is the diameter of the soccer ball in cm?,diameter of the tennis ball = 6.7cm,"t=1.2s, distance_right_tennis_ball_camera = 0.7760m
t=1.2s, distance_left_tennis_ball_camera = 0.7060m
distance_pencil_bag_camera = 1.0500m
distance_soccer_ball_camera = 0.8940m",15.7
2569,captured_0034a,lab,S3MC,24,SD,What is the velocity of the left tennis ball at 1.3s in cm/s?,diameter of the tennis ball = 6.7cm,"t=1.2s, distance_right_tennis_ball_camera = 0.7760m
t=1.2s, distance_left_tennis_ball_camera = 0.7060m
distance_pencil_bag_camera = 1.0500m
distance_soccer_ball_camera = 0.8940m",55.0
2570,captured_0034a,lab,S3MC,24,SD,What is the velocity of the right tennis ball at 1.3s in cm/s?,diameter of the tennis ball = 6.7cm,"t=1.2s, distance_right_tennis_ball_camera = 0.7760m
t=1.2s, distance_left_tennis_ball_camera = 0.7060m
distance_pencil_bag_camera = 1.0500m
distance_soccer_ball_camera = 0.8940m",57.0
2571,captured_0034a,lab,S3MC,24,SS,What is the total distance traveled by the left tennis ball in cm?,diameter of the tennis ball = 6.7cm,"t=1.2s, distance_right_tennis_ball_camera = 0.7760m
t=1.2s, distance_left_tennis_ball_camera = 0.7060m
distance_pencil_bag_camera = 1.0500m
distance_soccer_ball_camera = 0.8940m",32.0
2572,captured_0034a,lab,S3MC,24,SS,What is the total distance traveled by the right tennis ball in cm?,diameter of the tennis ball = 6.7cm,"t=1.2s, distance_right_tennis_ball_camera = 0.7760m
t=1.2s, distance_left_tennis_ball_camera = 0.7060m
distance_pencil_bag_camera = 1.0500m
distance_soccer_ball_camera = 0.8940m",40.0
2573,captured_0034as,lab,S3MS,24,SD,What is the velocity of the left tennis ball at 1.2s in cm/s?,diameter of the tennis ball = 6.7cm,"t=1.2s, distance_right_tennis_ball_camera = 0.7760m
t=1.2s, distance_left_tennis_ball_camera = 0.7060m
distance_pencil_bag_camera = 1.0500m
distance_soccer_ball_camera = 0.8940m",54.0
2574,captured_0034as,lab,S3MS,24,SD,What is the velocity of the right tennis ball at 1.2s in cm/s?,diameter of the tennis ball = 6.7cm,"t=1.2s, distance_right_tennis_ball_camera = 0.7760m
t=1.2s, distance_left_tennis_ball_camera = 0.7060m
distance_pencil_bag_camera = 1.0500m
distance_soccer_ball_camera = 0.8940m",52.0
2575,captured_0034as,lab,S3MS,24,SS,What is the height of the pencil bag in cm?,diameter of the tennis ball = 6.7cm,"t=1.2s, distance_right_tennis_ball_camera = 0.7760m
t=1.2s, distance_left_tennis_ball_camera = 0.7060m
distance_pencil_bag_camera = 1.0500m
distance_soccer_ball_camera = 0.8940m",5.3
2576,captured_0034as,lab,S3MS,24,SS,What is the length of the pencil bag in cm?,diameter of the tennis ball = 6.7cm,"t=1.2s, distance_right_tennis_ball_camera = 0.7760m
t=1.2s, distance_left_tennis_ball_camera = 0.7060m
distance_pencil_bag_camera = 1.0500m
distance_soccer_ball_camera = 0.8940m",15.1
2577,captured_0034as,lab,S3MS,24,SS,What is the diameter of the soccer ball in cm?,diameter of the tennis ball = 6.7cm,"t=1.2s, distance_right_tennis_ball_camera = 0.7760m
t=1.2s, distance_left_tennis_ball_camera = 0.7060m
distance_pencil_bag_camera = 1.0500m
distance_soccer_ball_camera = 0.8940m",13.9
2578,captured_0034as,lab,S3MS,24,SD,What is the velocity of the left tennis ball at 1.3s in cm/s?,diameter of the tennis ball = 6.7cm,"t=1.2s, distance_right_tennis_ball_camera = 0.7760m
t=1.2s, distance_left_tennis_ball_camera = 0.7060m
distance_pencil_bag_camera = 1.0500m
distance_soccer_ball_camera = 0.8940m",50.0
2579,captured_0034as,lab,S3MS,24,SD,What is the velocity of the right tennis ball at 1.3s in cm/s?,diameter of the tennis ball = 6.7cm,"t=1.2s, distance_right_tennis_ball_camera = 0.7760m
t=1.2s, distance_left_tennis_ball_camera = 0.7060m
distance_pencil_bag_camera = 1.0500m
distance_soccer_ball_camera = 0.8940m",52.0
2580,captured_0034as,lab,S3MS,24,SS,What is the total distance traveled by the left tennis ball in cm?,diameter of the tennis ball = 6.7cm,"t=1.2s, distance_right_tennis_ball_camera = 0.7760m
t=1.2s, distance_left_tennis_ball_camera = 0.7060m
distance_pencil_bag_camera = 1.0500m
distance_soccer_ball_camera = 0.8940m",28.0
2581,captured_0034as,lab,S3MS,24,SS,What is the total distance traveled by the right tennis ball in cm?,diameter of the tennis ball = 6.7cm,"t=1.2s, distance_right_tennis_ball_camera = 0.7760m
t=1.2s, distance_left_tennis_ball_camera = 0.7060m
distance_pencil_bag_camera = 1.0500m
distance_soccer_ball_camera = 0.8940m",37.0
2582,captured_0034ax,lab,S3MX,24,SD,What is the velocity of the left tennis ball at 1.2s in cm/s?,diameter of the tennis ball = 6.7cm,"t=1.2s, distance_right_tennis_ball_camera = 0.7760m
t=1.2s, distance_left_tennis_ball_camera = 0.7060m
distance_pencil_bag_camera = 1.0500m
distance_soccer_ball_camera = 0.8940m",64.0
2583,captured_0034ax,lab,S3MX,24,SD,What is the velocity of the right tennis ball at 1.2s in cm/s?,diameter of the tennis ball = 6.7cm,"t=1.2s, distance_right_tennis_ball_camera = 0.7760m
t=1.2s, distance_left_tennis_ball_camera = 0.7060m
distance_pencil_bag_camera = 1.0500m
distance_soccer_ball_camera = 0.8940m",60.0
2584,captured_0034ax,lab,S3MX,24,SS,What is the height of the pencil bag in cm?,diameter of the tennis ball = 6.7cm,"t=1.2s, distance_right_tennis_ball_camera = 0.7760m
t=1.2s, distance_left_tennis_ball_camera = 0.7060m
distance_pencil_bag_camera = 1.0500m
distance_soccer_ball_camera = 0.8940m",6.6
2585,captured_0034ax,lab,S3MX,24,SS,What is the length of the pencil bag in cm?,diameter of the tennis ball = 6.7cm,"t=1.2s, distance_right_tennis_ball_camera = 0.7760m
t=1.2s, distance_left_tennis_ball_camera = 0.7060m
distance_pencil_bag_camera = 1.0500m
distance_soccer_ball_camera = 0.8940m",18.3
2586,captured_0034ax,lab,S3MX,24,SS,What is the diameter of the soccer ball in cm?,diameter of the tennis ball = 6.7cm,"t=1.2s, distance_right_tennis_ball_camera = 0.7760m
t=1.2s, distance_left_tennis_ball_camera = 0.7060m
distance_pencil_bag_camera = 1.0500m
distance_soccer_ball_camera = 0.8940m",16.7
2587,captured_0034ax,lab,S3MX,24,SD,What is the velocity of the left tennis ball at 1.3s in cm/s?,diameter of the tennis ball = 6.7cm,"t=1.2s, distance_right_tennis_ball_camera = 0.7760m
t=1.2s, distance_left_tennis_ball_camera = 0.7060m
distance_pencil_bag_camera = 1.0500m
distance_soccer_ball_camera = 0.8940m",58.0
2588,captured_0034ax,lab,S3MX,24,SD,What is the velocity of the right tennis ball at 1.3s in cm/s?,diameter of the tennis ball = 6.7cm,"t=1.2s, distance_right_tennis_ball_camera = 0.7760m
t=1.2s, distance_left_tennis_ball_camera = 0.7060m
distance_pencil_bag_camera = 1.0500m
distance_soccer_ball_camera = 0.8940m",59.0
2589,captured_0034ax,lab,S3MX,24,SS,What is the total distance traveled by the left tennis ball in cm?,diameter of the tennis ball = 6.7cm,"t=1.2s, distance_right_tennis_ball_camera = 0.7760m
t=1.2s, distance_left_tennis_ball_camera = 0.7060m
distance_pencil_bag_camera = 1.0500m
distance_soccer_ball_camera = 0.8940m",31.0
2590,captured_0034ax,lab,S3MX,24,SS,What is the total distance traveled by the right tennis ball in cm?,diameter of the tennis ball = 6.7cm,"t=1.2s, distance_right_tennis_ball_camera = 0.7760m
t=1.2s, distance_left_tennis_ball_camera = 0.7060m
distance_pencil_bag_camera = 1.0500m
distance_soccer_ball_camera = 0.8940m",42.6
2591,captured_0034b,lab,S3MC,24,SD,What is the velocity of the left tennis ball at 1.2s in cm/s?,diameter of the tennis ball = 6.7cm,"t=1.2s, distance_right_tennis_ball_camera = 0.7760m
t=1.2s, distance_left_tennis_ball_camera = 0.7060m
distance_pencil_bag_camera = 1.0500m
distance_soccer_ball_camera = 0.8940m",56.0
2592,captured_0034b,lab,S3MC,24,SD,What is the velocity of the right tennis ball at 1.2s in cm/s?,diameter of the tennis ball = 6.7cm,"t=1.2s, distance_right_tennis_ball_camera = 0.7760m
t=1.2s, distance_left_tennis_ball_camera = 0.7060m
distance_pencil_bag_camera = 1.0500m
distance_soccer_ball_camera = 0.8940m",65.0
2593,captured_0034b,lab,S3MC,24,SS,What is the height of the pencil bag in cm?,diameter of the tennis ball = 6.7cm,"t=1.2s, distance_right_tennis_ball_camera = 0.7760m
t=1.2s, distance_left_tennis_ball_camera = 0.7060m
distance_pencil_bag_camera = 1.0500m
distance_soccer_ball_camera = 0.8940m",7.5
2594,captured_0034b,lab,S3MC,24,SS,What is the length of the pencil bag in cm?,diameter of the tennis ball = 6.7cm,"t=1.2s, distance_right_tennis_ball_camera = 0.7760m
t=1.2s, distance_left_tennis_ball_camera = 0.7060m
distance_pencil_bag_camera = 1.0500m
distance_soccer_ball_camera = 0.8940m",29.0
2595,captured_0034b,lab,S3MC,24,SS,What is the diameter of the soccer ball in cm?,diameter of the tennis ball = 6.7cm,"t=1.2s, distance_right_tennis_ball_camera = 0.7760m
t=1.2s, distance_left_tennis_ball_camera = 0.7060m
distance_pencil_bag_camera = 1.0500m
distance_soccer_ball_camera = 0.8940m",23.4
2596,captured_0034b,lab,S3MC,24,SS,What is the total distance traveled by the left tennis ball in cm?,diameter of the tennis ball = 6.7cm,"t=1.2s, distance_right_tennis_ball_camera = 0.7760m
t=1.2s, distance_left_tennis_ball_camera = 0.7060m
distance_pencil_bag_camera = 1.0500m
distance_soccer_ball_camera = 0.8940m",37.0
2597,captured_0034b,lab,S3MC,24,SS,What is the total distance traveled by the right tennis ball in cm?,diameter of the tennis ball = 6.7cm,"t=1.2s, distance_right_tennis_ball_camera = 0.7760m
t=1.2s, distance_left_tennis_ball_camera = 0.7060m
distance_pencil_bag_camera = 1.0500m
distance_soccer_ball_camera = 0.8940m",41.5
2598,captured_0034bs,lab,S3MS,24,SD,What is the velocity of the left tennis ball at 1.2s in cm/s?,diameter of the tennis ball = 6.7cm,"t=1.2s, distance_right_tennis_ball_camera = 0.7760m
t=1.2s, distance_left_tennis_ball_camera = 0.7060m
distance_pencil_bag_camera = 1.0500m
distance_soccer_ball_camera = 0.8940m",57.0
2599,captured_0034bs,lab,S3MS,24,SD,What is the velocity of the right tennis ball at 1.2s in cm/s?,diameter of the tennis ball = 6.7cm,"t=1.2s, distance_right_tennis_ball_camera = 0.7760m
t=1.2s, distance_left_tennis_ball_camera = 0.7060m
distance_pencil_bag_camera = 1.0500m
distance_soccer_ball_camera = 0.8940m",62.0
2600,captured_0034bs,lab,S3MS,24,SS,What is the height of the pencil bag in cm?,diameter of the tennis ball = 6.7cm,"t=1.2s, distance_right_tennis_ball_camera = 0.7760m
t=1.2s, distance_left_tennis_ball_camera = 0.7060m
distance_pencil_bag_camera = 1.0500m
distance_soccer_ball_camera = 0.8940m",7.0
2601,captured_0034bs,lab,S3MS,24,SS,What is the length of the pencil bag in cm?,diameter of the tennis ball = 6.7cm,"t=1.2s, distance_right_tennis_ball_camera = 0.7760m
t=1.2s, distance_left_tennis_ball_camera = 0.7060m
distance_pencil_bag_camera = 1.0500m
distance_soccer_ball_camera = 0.8940m",29.0
2602,captured_0034bs,lab,S3MS,24,SS,What is the diameter of the soccer ball in cm?,diameter of the tennis ball = 6.7cm,"t=1.2s, distance_right_tennis_ball_camera = 0.7760m
t=1.2s, distance_left_tennis_ball_camera = 0.7060m
distance_pencil_bag_camera = 1.0500m
distance_soccer_ball_camera = 0.8940m",24.3
2603,captured_0034bs,lab,S3MS,24,SS,What is the total distance traveled by the left tennis ball in cm?,diameter of the tennis ball = 6.7cm,"t=1.2s, distance_right_tennis_ball_camera = 0.7760m
t=1.2s, distance_left_tennis_ball_camera = 0.7060m
distance_pencil_bag_camera = 1.0500m
distance_soccer_ball_camera = 0.8940m",37.0
2604,captured_0034bs,lab,S3MS,24,SS,What is the total distance traveled by the right tennis ball in cm?,diameter of the tennis ball = 6.7cm,"t=1.2s, distance_right_tennis_ball_camera = 0.7760m
t=1.2s, distance_left_tennis_ball_camera = 0.7060m
distance_pencil_bag_camera = 1.0500m
distance_soccer_ball_camera = 0.8940m",43.0
2605,captured_0034bx,lab,S3MX,24,SD,What is the velocity of the left tennis ball at 1.2s in cm/s?,diameter of the tennis ball = 6.7cm,"t=1.2s, distance_right_tennis_ball_camera = 0.7760m
t=1.2s, distance_left_tennis_ball_camera = 0.7060m
distance_pencil_bag_camera = 1.0500m
distance_soccer_ball_camera = 0.8940m",57.0
2606,captured_0034bx,lab,S3MX,24,SD,What is the velocity of the right tennis ball at 1.2s in cm/s?,diameter of the tennis ball = 6.7cm,"t=1.2s, distance_right_tennis_ball_camera = 0.7760m
t=1.2s, distance_left_tennis_ball_camera = 0.7060m
distance_pencil_bag_camera = 1.0500m
distance_soccer_ball_camera = 0.8940m",61.0
2607,captured_0034bx,lab,S3MX,24,SS,What is the height of the pencil bag in cm?,diameter of the tennis ball = 6.7cm,"t=1.2s, distance_right_tennis_ball_camera = 0.7760m
t=1.2s, distance_left_tennis_ball_camera = 0.7060m
distance_pencil_bag_camera = 1.0500m
distance_soccer_ball_camera = 0.8940m",6.0
2608,captured_0034bx,lab,S3MX,24,SS,What is the length of the pencil bag in cm?,diameter of the tennis ball = 6.7cm,"t=1.2s, distance_right_tennis_ball_camera = 0.7760m
t=1.2s, distance_left_tennis_ball_camera = 0.7060m
distance_pencil_bag_camera = 1.0500m
distance_soccer_ball_camera = 0.8940m",26.0
2609,captured_0034bx,lab,S3MX,24,SS,What is the diameter of the soccer ball in cm?,diameter of the tennis ball = 6.7cm,"t=1.2s, distance_right_tennis_ball_camera = 0.7760m
t=1.2s, distance_left_tennis_ball_camera = 0.7060m
distance_pencil_bag_camera = 1.0500m
distance_soccer_ball_camera = 0.8940m",24.0
2610,captured_0034bx,lab,S3MX,24,SS,What is the total distance traveled by the left tennis ball in cm?,diameter of the tennis ball = 6.7cm,"t=1.2s, distance_right_tennis_ball_camera = 0.7760m
t=1.2s, distance_left_tennis_ball_camera = 0.7060m
distance_pencil_bag_camera = 1.0500m
distance_soccer_ball_camera = 0.8940m",37.0
2611,captured_0034bx,lab,S3MX,24,SS,What is the total distance traveled by the right tennis ball in cm?,diameter of the tennis ball = 6.7cm,"t=1.2s, distance_right_tennis_ball_camera = 0.7760m
t=1.2s, distance_left_tennis_ball_camera = 0.7060m
distance_pencil_bag_camera = 1.0500m
distance_soccer_ball_camera = 0.8940m",42.0
2612,captured_0035a,lab,S3MC,24,SD,What is the velocity of the soccor ball at 0.6s in cm/s?,diameter of the basketball = 23.2 cm,"t=0.6s, distance_soccer_ball_camera = 2.7580 m
t=0.6s, distance_basketball_camera = 2.2700 m
t=1.6s, distance_soccer_ball_camera = 3.0520 m
t=1.6s, distance_soccer_ball_camera = 2.4120 m",168.0
2613,captured_0035a,lab,S3MC,24,SD,What is the velocity of the baskteball at 0.6s in cm/s?,diameter of the basketball = 23.2 cm,"t=0.6s, distance_soccer_ball_camera = 2.7580 m
t=0.6s, distance_basketball_camera = 2.2700 m
t=1.6s, distance_soccer_ball_camera = 3.0520 m
t=1.6s, distance_soccer_ball_camera = 2.4120 m",137.0
2614,captured_0035a,lab,S3MC,24,SS,What is the displacement of the soccor ball ball between 0.5s and 0.6s in cm?,diameter of the basketball = 23.2 cm,"t=0.6s, distance_soccer_ball_camera = 2.7580 m
t=0.6s, distance_basketball_camera = 2.2700 m
t=1.6s, distance_soccer_ball_camera = 3.0520 m
t=1.6s, distance_soccer_ball_camera = 2.4120 m",16.6
2615,captured_0035a,lab,S3MC,24,SS,What is the displacement of the baskteball between 0.5s and 0.6s in cm?,diameter of the basketball = 23.2 cm,"t=0.6s, distance_soccer_ball_camera = 2.7580 m
t=0.6s, distance_basketball_camera = 2.2700 m
t=1.6s, distance_soccer_ball_camera = 3.0520 m
t=1.6s, distance_soccer_ball_camera = 2.4120 m",13.8
2616,captured_0035a,lab,S3MC,24,SS,What is the diameter of the soccer ball in cm?,diameter of the basketball = 23.2 cm,"t=0.6s, distance_soccer_ball_camera = 2.7580 m
t=0.6s, distance_basketball_camera = 2.2700 m
t=1.6s, distance_soccer_ball_camera = 3.0520 m
t=1.6s, distance_soccer_ball_camera = 2.4120 m",19.0
2617,captured_0035a,lab,S3MC,24,SS,What is the velocity of the soccor ball at 1.5s in cm/s?,diameter of the basketball = 23.2 cm,"t=0.6s, distance_soccer_ball_camera = 2.7580 m
t=0.6s, distance_basketball_camera = 2.2700 m
t=1.6s, distance_soccer_ball_camera = 3.0520 m
t=1.6s, distance_soccer_ball_camera = 2.4120 m",54.0
2618,captured_0035a,lab,S3MC,24,SS,What is the velocity of the baskteball at 1.5s in cm/s?,diameter of the basketball = 23.2 cm,"t=0.6s, distance_soccer_ball_camera = 2.7580 m
t=0.6s, distance_basketball_camera = 2.2700 m
t=1.6s, distance_soccer_ball_camera = 3.0520 m
t=1.6s, distance_soccer_ball_camera = 2.4120 m",46.0
2619,captured_0035a,lab,S3MC,24,SD,What is the velocity of the soccer ball at 1.6s in cm/s?,diameter of the basketball = 23.2 cm,"t=0.6s, distance_soccer_ball_camera = 2.7580 m
t=0.6s, distance_basketball_camera = 2.2700 m
t=1.6s, distance_soccer_ball_camera = 3.0520 m
t=1.6s, distance_soccer_ball_camera = 2.4120 m",44.0
2620,captured_0035a,lab,S3MC,24,SD,What is the velocity of the basketball at 1.6s in cm/s?,diameter of the basketball = 23.2 cm,"t=0.6s, distance_soccer_ball_camera = 2.7580 m
t=0.6s, distance_basketball_camera = 2.2700 m
t=1.6s, distance_soccer_ball_camera = 3.0520 m
t=1.6s, distance_soccer_ball_camera = 2.4120 m",36.0
2621,captured_0035as,lab,S3MS,24,SD,What is the velocity of the soccor ball at 0.6s in cm/s?,diameter of the basketball = 23.2 cm,"t=0.6s, distance_soccer_ball_camera = 2.7580 m
t=0.6s, distance_basketball_camera = 2.2700 m
t=1.6s, distance_soccer_ball_camera = 3.0520 m
t=1.6s, distance_soccer_ball_camera = 2.4120 m",166.0
2622,captured_0035as,lab,S3MS,24,SD,What is the velocity of the baskteball at 0.6s in cm/s?,diameter of the basketball = 23.2 cm,"t=0.6s, distance_soccer_ball_camera = 2.7580 m
t=0.6s, distance_basketball_camera = 2.2700 m
t=1.6s, distance_soccer_ball_camera = 3.0520 m
t=1.6s, distance_soccer_ball_camera = 2.4120 m",136.0
2623,captured_0035as,lab,S3MS,24,SS,What is the displacement of the soccor ball ball between 0.5s and 0.6s in cm?,diameter of the basketball = 23.2 cm,"t=0.6s, distance_soccer_ball_camera = 2.7580 m
t=0.6s, distance_basketball_camera = 2.2700 m
t=1.6s, distance_soccer_ball_camera = 3.0520 m
t=1.6s, distance_soccer_ball_camera = 2.4120 m",16.5
2624,captured_0035as,lab,S3MS,24,SS,What is the displacement of the baskteball between 0.5s and 0.6s in cm?,diameter of the basketball = 23.2 cm,"t=0.6s, distance_soccer_ball_camera = 2.7580 m
t=0.6s, distance_basketball_camera = 2.2700 m
t=1.6s, distance_soccer_ball_camera = 3.0520 m
t=1.6s, distance_soccer_ball_camera = 2.4120 m",13.9
2625,captured_0035as,lab,S3MS,24,SS,What is the diameter of the soccer ball in cm?,diameter of the basketball = 23.2 cm,"t=0.6s, distance_soccer_ball_camera = 2.7580 m
t=0.6s, distance_basketball_camera = 2.2700 m
t=1.6s, distance_soccer_ball_camera = 3.0520 m
t=1.6s, distance_soccer_ball_camera = 2.4120 m",19.0
2626,captured_0035as,lab,S3MS,24,SS,What is the velocity of the soccor ball at 1.5s in cm/s?,diameter of the basketball = 23.2 cm,"t=0.6s, distance_soccer_ball_camera = 2.7580 m
t=0.6s, distance_basketball_camera = 2.2700 m
t=1.6s, distance_soccer_ball_camera = 3.0520 m
t=1.6s, distance_soccer_ball_camera = 2.4120 m",55.0
2627,captured_0035as,lab,S3MS,24,SS,What is the velocity of the baskteball at 1.5s in cm/s?,diameter of the basketball = 23.2 cm,"t=0.6s, distance_soccer_ball_camera = 2.7580 m
t=0.6s, distance_basketball_camera = 2.2700 m
t=1.6s, distance_soccer_ball_camera = 3.0520 m
t=1.6s, distance_soccer_ball_camera = 2.4120 m",48.0
2628,captured_0035as,lab,S3MS,24,SD,What is the velocity of the soccer ball at 1.6s in cm/s?,diameter of the basketball = 23.2 cm,"t=0.6s, distance_soccer_ball_camera = 2.7580 m
t=0.6s, distance_basketball_camera = 2.2700 m
t=1.6s, distance_soccer_ball_camera = 3.0520 m
t=1.6s, distance_soccer_ball_camera = 2.4120 m",45.0
2629,captured_0035as,lab,S3MS,24,SD,What is the velocity of the basketball at 1.6s in cm/s?,diameter of the basketball = 23.2 cm,"t=0.6s, distance_soccer_ball_camera = 2.7580 m
t=0.6s, distance_basketball_camera = 2.2700 m
t=1.6s, distance_soccer_ball_camera = 3.0520 m
t=1.6s, distance_soccer_ball_camera = 2.4120 m",39.0
2630,captured_0035ax,lab,S3MX,24,SD,What is the velocity of the soccor ball at 0.6s in cm/s?,diameter of the basketball = 23.2 cm,"t=0.6s, distance_soccer_ball_camera = 2.7580 m
t=0.6s, distance_basketball_camera = 2.2700 m
t=1.6s, distance_soccer_ball_camera = 3.0520 m
t=1.6s, distance_soccer_ball_camera = 2.4120 m",168.0
2631,captured_0035ax,lab,S3MX,24,SD,What is the velocity of the baskteball at 0.6s in cm/s?,diameter of the basketball = 23.2 cm,"t=0.6s, distance_soccer_ball_camera = 2.7580 m
t=0.6s, distance_basketball_camera = 2.2700 m
t=1.6s, distance_soccer_ball_camera = 3.0520 m
t=1.6s, distance_soccer_ball_camera = 2.4120 m",137.0
2632,captured_0035ax,lab,S3MX,24,SS,What is the displacement of the soccor ball ball between 0.5s and 0.6s in cm?,diameter of the basketball = 23.2 cm,"t=0.6s, distance_soccer_ball_camera = 2.7580 m
t=0.6s, distance_basketball_camera = 2.2700 m
t=1.6s, distance_soccer_ball_camera = 3.0520 m
t=1.6s, distance_soccer_ball_camera = 2.4120 m",16.7
2633,captured_0035ax,lab,S3MX,24,SS,What is the displacement of the baskteball between 0.5s and 0.6s in cm?,diameter of the basketball = 23.2 cm,"t=0.6s, distance_soccer_ball_camera = 2.7580 m
t=0.6s, distance_basketball_camera = 2.2700 m
t=1.6s, distance_soccer_ball_camera = 3.0520 m
t=1.6s, distance_soccer_ball_camera = 2.4120 m",13.7
2634,captured_0035ax,lab,S3MX,24,SS,What is the diameter of the soccer ball in cm?,diameter of the basketball = 23.2 cm,"t=0.6s, distance_soccer_ball_camera = 2.7580 m
t=0.6s, distance_basketball_camera = 2.2700 m
t=1.6s, distance_soccer_ball_camera = 3.0520 m
t=1.6s, distance_soccer_ball_camera = 2.4120 m",18.1
2635,captured_0035ax,lab,S3MX,24,SS,What is the velocity of the soccor ball at 1.5s in cm/s?,diameter of the basketball = 23.2 cm,"t=0.6s, distance_soccer_ball_camera = 2.7580 m
t=0.6s, distance_basketball_camera = 2.2700 m
t=1.6s, distance_soccer_ball_camera = 3.0520 m
t=1.6s, distance_soccer_ball_camera = 2.4120 m",55.0
2636,captured_0035ax,lab,S3MX,24,SS,What is the velocity of the baskteball at 1.5s in cm/s?,diameter of the basketball = 23.2 cm,"t=0.6s, distance_soccer_ball_camera = 2.7580 m
t=0.6s, distance_basketball_camera = 2.2700 m
t=1.6s, distance_soccer_ball_camera = 3.0520 m
t=1.6s, distance_soccer_ball_camera = 2.4120 m",45.0
2637,captured_0035ax,lab,S3MX,24,SD,What is the velocity of the soccer ball at 1.6s in cm/s?,diameter of the basketball = 23.2 cm,"t=0.6s, distance_soccer_ball_camera = 2.7580 m
t=0.6s, distance_basketball_camera = 2.2700 m
t=1.6s, distance_soccer_ball_camera = 3.0520 m
t=1.6s, distance_soccer_ball_camera = 2.4120 m",44.0
2638,captured_0035ax,lab,S3MX,24,SD,What is the velocity of the basketball at 1.6s in cm/s?,diameter of the basketball = 23.2 cm,"t=0.6s, distance_soccer_ball_camera = 2.7580 m
t=0.6s, distance_basketball_camera = 2.2700 m
t=1.6s, distance_soccer_ball_camera = 3.0520 m
t=1.6s, distance_soccer_ball_camera = 2.4120 m",37.0
2639,captured_0035b,lab,S3MC,24,SD,What is the velocity of the soccor ball at 0.9s in cm/s?,diameter of the basketball = 23.2 cm,"t=0.9s, distance_soccer_ball_camera = 2.4770m
t=0.9s, distance_basketball_camera = 2.7777m
t=1.4s, distance_soccer_ball_camera = 2.6020 m
t=1.4s, distance_soccer_ball_camera = 2.3730 m",98.0
2640,captured_0035b,lab,S3MC,24,SD,What is the velocity of the baskteball at 0.9s in cm/s?,diameter of the basketball = 23.2 cm,"t=0.9s, distance_soccer_ball_camera = 2.4770m
t=0.9s, distance_basketball_camera = 2.7777m
t=1.4s, distance_soccer_ball_camera = 2.6020 m
t=1.4s, distance_soccer_ball_camera = 2.3730 m",119.0
2641,captured_0035b,lab,S3MC,24,SD,What is the velocity of the soccor ball at 1.4s in cm/s?,diameter of the basketball = 23.2 cm,"t=0.9s, distance_soccer_ball_camera = 2.4770m
t=0.9s, distance_basketball_camera = 2.7777m
t=1.4s, distance_soccer_ball_camera = 2.6020 m
t=1.4s, distance_soccer_ball_camera = 2.3730 m",55.0
2642,captured_0035b,lab,S3MC,24,SD,What is the velocity of the baskteball at 1.4s in cm/s?,diameter of the basketball = 23.2 cm,"t=0.9s, distance_soccer_ball_camera = 2.4770m
t=0.9s, distance_basketball_camera = 2.7777m
t=1.4s, distance_soccer_ball_camera = 2.6020 m
t=1.4s, distance_soccer_ball_camera = 2.3730 m",133.0
2643,captured_0035b,lab,S3MC,24,SS,What is the displacement of the soccor ball ball between 0.4s and 0.9s in cm?,diameter of the basketball = 23.2 cm,"t=0.9s, distance_soccer_ball_camera = 2.4770m
t=0.9s, distance_basketball_camera = 2.7777m
t=1.4s, distance_soccer_ball_camera = 2.6020 m
t=1.4s, distance_soccer_ball_camera = 2.3730 m",86.0
2644,captured_0035b,lab,S3MC,24,SS,What is the displacement of the baskteball between 0.4s and 0.9s in cm?,diameter of the basketball = 23.2 cm,"t=0.9s, distance_soccer_ball_camera = 2.4770m
t=0.9s, distance_basketball_camera = 2.7777m
t=1.4s, distance_soccer_ball_camera = 2.6020 m
t=1.4s, distance_soccer_ball_camera = 2.3730 m",71.0
2645,captured_0035b,lab,S3MC,24,SS,What is the diameter of the soccer ball in cm?,diameter of the basketball = 23.2 cm,"t=0.9s, distance_soccer_ball_camera = 2.4770m
t=0.9s, distance_basketball_camera = 2.7777m
t=1.4s, distance_soccer_ball_camera = 2.6020 m
t=1.4s, distance_soccer_ball_camera = 2.3730 m",19.0
2646,captured_0035b,lab,S3MC,24,SS,What is the velocity of the soccor ball at 1.3s in cm/s?,diameter of the basketball = 23.2 cm,"t=0.9s, distance_soccer_ball_camera = 2.4770m
t=0.9s, distance_basketball_camera = 2.7777m
t=1.4s, distance_soccer_ball_camera = 2.6020 m
t=1.4s, distance_soccer_ball_camera = 2.3730 m",50.0
2647,captured_0035b,lab,S3MC,24,SS,What is the velocity of the baskteball at 1.3s in cm/s?,diameter of the basketball = 23.2 cm,"t=0.9s, distance_soccer_ball_camera = 2.4770m
t=0.9s, distance_basketball_camera = 2.7777m
t=1.4s, distance_soccer_ball_camera = 2.6020 m
t=1.4s, distance_soccer_ball_camera = 2.3730 m",122.0
2648,captured_0035bs,lab,S3MS,24,SD,What is the velocity of the soccor ball at 0.9s in cm/s?,diameter of the basketball = 23.2 cm,"t=0.9s, distance_soccer_ball_camera = 2.4770m
t=0.9s, distance_basketball_camera = 2.7777m
t=1.4s, distance_soccer_ball_camera = 2.6020 m
t=1.4s, distance_soccer_ball_camera = 2.3730 m",97.0
2649,captured_0035bs,lab,S3MS,24,SD,What is the velocity of the baskteball at 0.9s in cm/s?,diameter of the basketball = 23.2 cm,"t=0.9s, distance_soccer_ball_camera = 2.4770m
t=0.9s, distance_basketball_camera = 2.7777m
t=1.4s, distance_soccer_ball_camera = 2.6020 m
t=1.4s, distance_soccer_ball_camera = 2.3730 m",126.0
2650,captured_0035bs,lab,S3MS,24,SD,What is the velocity of the soccor ball at 1.4s in cm/s?,diameter of the basketball = 23.2 cm,"t=0.9s, distance_soccer_ball_camera = 2.4770m
t=0.9s, distance_basketball_camera = 2.7777m
t=1.4s, distance_soccer_ball_camera = 2.6020 m
t=1.4s, distance_soccer_ball_camera = 2.3730 m",62.0
2651,captured_0035bs,lab,S3MS,24,SD,What is the velocity of the baskteball at 1.4s in cm/s?,diameter of the basketball = 23.2 cm,"t=0.9s, distance_soccer_ball_camera = 2.4770m
t=0.9s, distance_basketball_camera = 2.7777m
t=1.4s, distance_soccer_ball_camera = 2.6020 m
t=1.4s, distance_soccer_ball_camera = 2.3730 m",120.0
2652,captured_0035bs,lab,S3MS,24,SS,What is the displacement of the soccor ball ball between 0.4s and 0.9s in cm?,diameter of the basketball = 23.2 cm,"t=0.9s, distance_soccer_ball_camera = 2.4770m
t=0.9s, distance_basketball_camera = 2.7777m
t=1.4s, distance_soccer_ball_camera = 2.6020 m
t=1.4s, distance_soccer_ball_camera = 2.3730 m",88.0
2653,captured_0035bs,lab,S3MS,24,SS,What is the displacement of the baskteball between 0.4s and 0.9s in cm?,diameter of the basketball = 23.2 cm,"t=0.9s, distance_soccer_ball_camera = 2.4770m
t=0.9s, distance_basketball_camera = 2.7777m
t=1.4s, distance_soccer_ball_camera = 2.6020 m
t=1.4s, distance_soccer_ball_camera = 2.3730 m",74.0
2654,captured_0035bs,lab,S3MS,24,SS,What is the diameter of the soccer ball in cm?,diameter of the basketball = 23.2 cm,"t=0.9s, distance_soccer_ball_camera = 2.4770m
t=0.9s, distance_basketball_camera = 2.7777m
t=1.4s, distance_soccer_ball_camera = 2.6020 m
t=1.4s, distance_soccer_ball_camera = 2.3730 m",20.5
2655,captured_0035bs,lab,S3MS,24,SS,What is the velocity of the soccor ball at 1.3s in cm/s?,diameter of the basketball = 23.2 cm,"t=0.9s, distance_soccer_ball_camera = 2.4770m
t=0.9s, distance_basketball_camera = 2.7777m
t=1.4s, distance_soccer_ball_camera = 2.6020 m
t=1.4s, distance_soccer_ball_camera = 2.3730 m",55.0
2656,captured_0035bs,lab,S3MS,24,SS,What is the velocity of the baskteball at 1.3s in cm/s?,diameter of the basketball = 23.2 cm,"t=0.9s, distance_soccer_ball_camera = 2.4770m
t=0.9s, distance_basketball_camera = 2.7777m
t=1.4s, distance_soccer_ball_camera = 2.6020 m
t=1.4s, distance_soccer_ball_camera = 2.3730 m",118.0
2657,captured_0035bx,lab,S3MX,24,SD,What is the velocity of the soccor ball at 0.9s in cm/s?,diameter of the basketball = 23.2 cm,"t=0.9s, distance_soccer_ball_camera = 2.4770m
t=0.9s, distance_basketball_camera = 2.7777m
t=1.4s, distance_soccer_ball_camera = 2.6020 m
t=1.4s, distance_soccer_ball_camera = 2.3730 m",98.0
2658,captured_0035bx,lab,S3MX,24,SD,What is the velocity of the baskteball at 0.9s in cm/s?,diameter of the basketball = 23.2 cm,"t=0.9s, distance_soccer_ball_camera = 2.4770m
t=0.9s, distance_basketball_camera = 2.7777m
t=1.4s, distance_soccer_ball_camera = 2.6020 m
t=1.4s, distance_soccer_ball_camera = 2.3730 m",125.0
2659,captured_0035bx,lab,S3MX,24,SD,What is the velocity of the soccor ball at 1.4s in cm/s?,diameter of the basketball = 23.2 cm,"t=0.9s, distance_soccer_ball_camera = 2.4770m
t=0.9s, distance_basketball_camera = 2.7777m
t=1.4s, distance_soccer_ball_camera = 2.6020 m
t=1.4s, distance_soccer_ball_camera = 2.3730 m",60.0
2660,captured_0035bx,lab,S3MX,24,SD,What is the velocity of the baskteball at 1.4s in cm/s?,diameter of the basketball = 23.2 cm,"t=0.9s, distance_soccer_ball_camera = 2.4770m
t=0.9s, distance_basketball_camera = 2.7777m
t=1.4s, distance_soccer_ball_camera = 2.6020 m
t=1.4s, distance_soccer_ball_camera = 2.3730 m",123.0
2661,captured_0035bx,lab,S3MX,24,SS,What is the displacement of the soccor ball ball between 0.4s and 0.9s in cm?,diameter of the basketball = 23.2 cm,"t=0.9s, distance_soccer_ball_camera = 2.4770m
t=0.9s, distance_basketball_camera = 2.7777m
t=1.4s, distance_soccer_ball_camera = 2.6020 m
t=1.4s, distance_soccer_ball_camera = 2.3730 m",85.0
2662,captured_0035bx,lab,S3MX,24,SS,What is the displacement of the baskteball between 0.4s and 0.9s in cm?,diameter of the basketball = 23.2 cm,"t=0.9s, distance_soccer_ball_camera = 2.4770m
t=0.9s, distance_basketball_camera = 2.7777m
t=1.4s, distance_soccer_ball_camera = 2.6020 m
t=1.4s, distance_soccer_ball_camera = 2.3730 m",82.0
2663,captured_0035bx,lab,S3MX,24,SS,What is the diameter of the soccer ball in cm?,diameter of the basketball = 23.2 cm,"t=0.9s, distance_soccer_ball_camera = 2.4770m
t=0.9s, distance_basketball_camera = 2.7777m
t=1.4s, distance_soccer_ball_camera = 2.6020 m
t=1.4s, distance_soccer_ball_camera = 2.3730 m",20.0
2664,captured_0035bx,lab,S3MX,24,SS,What is the velocity of the soccor ball at 1.3s in cm/s?,diameter of the basketball = 23.2 cm,"t=0.9s, distance_soccer_ball_camera = 2.4770m
t=0.9s, distance_basketball_camera = 2.7777m
t=1.4s, distance_soccer_ball_camera = 2.6020 m
t=1.4s, distance_soccer_ball_camera = 2.3730 m",52.0
2665,captured_0035bx,lab,S3MX,24,SS,What is the velocity of the baskteball at 1.3s in cm/s?,diameter of the basketball = 23.2 cm,"t=0.9s, distance_soccer_ball_camera = 2.4770m
t=0.9s, distance_basketball_camera = 2.7777m
t=1.4s, distance_soccer_ball_camera = 2.6020 m
t=1.4s, distance_soccer_ball_camera = 2.3730 m",108.0
2666,captured_0036,lab,S3SC,24,SD,What is the ping pong ball's velocity at 0.9s in cm/s? ,diameter of the ping pong ball = 4cm,"t=0.9s, distance_ping_pong_ball_camera = 1.0100m
t=1.4s, distance_ping_pong_ball_camera = 0.7160m",80.0
2667,captured_0036,lab,S3SC,24,SD,What is the ping pong ball's velocity at 1.4s in cm/s? ,diameter of the ping pong ball = 4cm,"t=0.9s, distance_ping_pong_ball_camera = 1.0100m
t=1.4s, distance_ping_pong_ball_camera = 0.7160m",95.0
2668,captured_0036,lab,S3SC,24,SS,What is the ping pong ball's displacement between 0.9s and 1.4s in cm?,diameter of the ping pong ball = 4cm,"t=0.9s, distance_ping_pong_ball_camera = 1.0100m
t=1.4s, distance_ping_pong_ball_camera = 0.7160m",43.5
2669,captured_0036,lab,S3SC,24,SS,What is the width of the table in the video in meters? ,diameter of the ping pong ball = 4cm,"t=0.9s, distance_ping_pong_ball_camera = 1.0100m
t=1.4s, distance_ping_pong_ball_camera = 0.7160m",0.58
2670,captured_0036,lab,S3SC,24,SS,What is the length of the table in the video in meters? ,diameter of the ping pong ball = 4cm,"t=0.9s, distance_ping_pong_ball_camera = 1.0100m
t=1.4s, distance_ping_pong_ball_camera = 0.7160m",0.7
2671,captured_0036s,lab,S3SS,24,SD,What is the ping pong ball's velocity at 0.9s in cm/s? ,diameter of the ping pong ball = 4cm,"t=0.9s, distance_ping_pong_ball_camera = 1.0100m
t=1.4s, distance_ping_pong_ball_camera = 0.7160m",79.0
2672,captured_0036s,lab,S3SS,24,SD,What is the ping pong ball's velocity at 1.4s in cm/s? ,diameter of the ping pong ball = 4cm,"t=0.9s, distance_ping_pong_ball_camera = 1.0100m
t=1.4s, distance_ping_pong_ball_camera = 0.7160m",98.0
2673,captured_0036s,lab,S3SS,24,SS,What is the ping pong ball's displacement between 0.9s and 1.4s in cm?,diameter of the ping pong ball = 4cm,"t=0.9s, distance_ping_pong_ball_camera = 1.0100m
t=1.4s, distance_ping_pong_ball_camera = 0.7160m",41.0
2674,captured_0036s,lab,S3SS,24,SS,What is the width of the table in the video in meters? ,diameter of the ping pong ball = 4cm,"t=0.9s, distance_ping_pong_ball_camera = 1.0100m
t=1.4s, distance_ping_pong_ball_camera = 0.7160m",0.59
2675,captured_0036s,lab,S3SS,24,SS,What is the length of the table in the video in meters? ,diameter of the ping pong ball = 4cm,"t=0.9s, distance_ping_pong_ball_camera = 1.0100m
t=1.4s, distance_ping_pong_ball_camera = 0.7160m",0.71
2676,captured_0036x,lab,S3SX,24,SD,What is the ping pong ball's velocity at 0.9s in cm/s? ,diameter of the ping pong ball = 4cm,"t=0.9s, distance_ping_pong_ball_camera = 1.0100m
t=1.4s, distance_ping_pong_ball_camera = 0.7160m",70.0
2677,captured_0036x,lab,S3SX,24,SD,What is the ping pong ball's velocity at 1.4s in cm/s? ,diameter of the ping pong ball = 4cm,"t=0.9s, distance_ping_pong_ball_camera = 1.0100m
t=1.4s, distance_ping_pong_ball_camera = 0.7160m",95.0
2678,captured_0036x,lab,S3SX,24,SS,What is the ping pong ball's displacement between 0.9s and 1.4s in cm?,diameter of the ping pong ball = 4cm,"t=0.9s, distance_ping_pong_ball_camera = 1.0100m
t=1.4s, distance_ping_pong_ball_camera = 0.7160m",40.0
2679,captured_0036x,lab,S3SX,24,SS,What is the width of the table in the video in meters? ,diameter of the ping pong ball = 4cm,"t=0.9s, distance_ping_pong_ball_camera = 1.0100m
t=1.4s, distance_ping_pong_ball_camera = 0.7160m",0.6
2680,captured_0036x,lab,S3SX,24,SS,What is the length of the table in the video in meters? ,diameter of the ping pong ball = 4cm,"t=0.9s, distance_ping_pong_ball_camera = 1.0100m
t=1.4s, distance_ping_pong_ball_camera = 0.7160m",0.75
2681,captured_0037,lab,S3MC,24,SS,What is the height of the white cup in cm? ,diameter of the ping pong ball = 4cm,"t=1.0s, distance_ping_pong_ball_camera = 1.0550m
distance_credit_card_camera = 0.6790m
distance_poker_tower_camera = 0.9050m
distance_white_cup_camera = 0.8450m
distance_tape_camera = 1.0380m
distance_glass_jar_camera = 1.0080m",14.5
2682,captured_0037,lab,S3MC,24,SS,What is the height of the poker tower in cm? ,diameter of the ping pong ball = 4cm,"t=1.0s, distance_ping_pong_ball_camera = 1.0550m
distance_credit_card_camera = 0.6790m
distance_poker_tower_camera = 0.9050m
distance_white_cup_camera = 0.8450m
distance_tape_camera = 1.0380m
distance_glass_jar_camera = 1.0080m",10.1
2683,captured_0037,lab,S3MC,24,SS,What is the height of the glass jar in cm? ,diameter of the ping pong ball = 4cm,"t=1.0s, distance_ping_pong_ball_camera = 1.0550m
distance_credit_card_camera = 0.6790m
distance_poker_tower_camera = 0.9050m
distance_white_cup_camera = 0.8450m
distance_tape_camera = 1.0380m
distance_glass_jar_camera = 1.0080m",10.5
2684,captured_0037,lab,S3MC,24,SS,What is the width of the tape in cm? ,diameter of the ping pong ball = 4cm,"t=1.0s, distance_ping_pong_ball_camera = 1.0550m
distance_credit_card_camera = 0.6790m
distance_poker_tower_camera = 0.9050m
distance_white_cup_camera = 0.8450m
distance_tape_camera = 1.0380m
distance_glass_jar_camera = 1.0080m",10.4
2685,captured_0037,lab,S3MC,24,SD,What is the velocity of the ping pong ball at 1.0s in cm/s? ,diameter of the ping pong ball = 4cm,"t=1.0s, distance_ping_pong_ball_camera = 1.0550m
distance_credit_card_camera = 0.6790m
distance_poker_tower_camera = 0.9050m
distance_white_cup_camera = 0.8450m
distance_tape_camera = 1.0380m
distance_glass_jar_camera = 1.0080m",41.0
2686,captured_0037,lab,S3MC,24,SD,What is the velocity of the ping pong ball at 1.4s in cm/s? ,diameter of the ping pong ball = 4cm,"t=1.0s, distance_ping_pong_ball_camera = 1.0550m
distance_credit_card_camera = 0.6790m
distance_poker_tower_camera = 0.9050m
distance_white_cup_camera = 0.8450m
distance_tape_camera = 1.0380m
distance_glass_jar_camera = 1.0080m",60.0
2687,captured_0037s,lab,S3MS,24,SS,What is the height of the white cup in cm? ,diameter of the ping pong ball = 4cm,"t=1.0s, distance_ping_pong_ball_camera = 1.0550m
distance_credit_card_camera = 0.6790m
distance_poker_tower_camera = 0.9050m
distance_white_cup_camera = 0.8450m
distance_tape_camera = 1.0380m
distance_glass_jar_camera = 1.0080m",13.6
2688,captured_0037s,lab,S3MS,24,SS,What is the height of the poker tower in cm? ,diameter of the ping pong ball = 4cm,"t=1.0s, distance_ping_pong_ball_camera = 1.0550m
distance_credit_card_camera = 0.6790m
distance_poker_tower_camera = 0.9050m
distance_white_cup_camera = 0.8450m
distance_tape_camera = 1.0380m
distance_glass_jar_camera = 1.0080m",9.6
2689,captured_0037s,lab,S3MS,24,SS,What is the height of the glass jar in cm? ,diameter of the ping pong ball = 4cm,"t=1.0s, distance_ping_pong_ball_camera = 1.0550m
distance_credit_card_camera = 0.6790m
distance_poker_tower_camera = 0.9050m
distance_white_cup_camera = 0.8450m
distance_tape_camera = 1.0380m
distance_glass_jar_camera = 1.0080m",9.6
2690,captured_0037s,lab,S3MS,24,SS,What is the width of the tape in cm? ,diameter of the ping pong ball = 4cm,"t=1.0s, distance_ping_pong_ball_camera = 1.0550m
distance_credit_card_camera = 0.6790m
distance_poker_tower_camera = 0.9050m
distance_white_cup_camera = 0.8450m
distance_tape_camera = 1.0380m
distance_glass_jar_camera = 1.0080m",9.4
2691,captured_0037s,lab,S3MS,24,SD,What is the velocity of the ping pong ball at 1.0s in cm/s? ,diameter of the ping pong ball = 4cm,"t=1.0s, distance_ping_pong_ball_camera = 1.0550m
distance_credit_card_camera = 0.6790m
distance_poker_tower_camera = 0.9050m
distance_white_cup_camera = 0.8450m
distance_tape_camera = 1.0380m
distance_glass_jar_camera = 1.0080m",40.0
2692,captured_0037s,lab,S3MS,24,SD,What is the velocity of the ping pong ball at 1.4s in cm/s? ,diameter of the ping pong ball = 4cm,"t=1.0s, distance_ping_pong_ball_camera = 1.0550m
distance_credit_card_camera = 0.6790m
distance_poker_tower_camera = 0.9050m
distance_white_cup_camera = 0.8450m
distance_tape_camera = 1.0380m
distance_glass_jar_camera = 1.0080m",57.0
2693,captured_0037x,lab,S3MX,24,SS,What is the height of the white cup in cm? ,diameter of the ping pong ball = 4cm,"t=1.0s, distance_ping_pong_ball_camera = 1.0550m
distance_credit_card_camera = 0.6790m
distance_poker_tower_camera = 0.9050m
distance_white_cup_camera = 0.8450m
distance_tape_camera = 1.0380m
distance_glass_jar_camera = 1.0080m",13.6
2694,captured_0037x,lab,S3MX,24,SS,What is the height of the poker tower in cm? ,diameter of the ping pong ball = 4cm,"t=1.0s, distance_ping_pong_ball_camera = 1.0550m
distance_credit_card_camera = 0.6790m
distance_poker_tower_camera = 0.9050m
distance_white_cup_camera = 0.8450m
distance_tape_camera = 1.0380m
distance_glass_jar_camera = 1.0080m",9.6
2695,captured_0037x,lab,S3MX,24,SS,What is the height of the glass jar in cm? ,diameter of the ping pong ball = 4cm,"t=1.0s, distance_ping_pong_ball_camera = 1.0550m
distance_credit_card_camera = 0.6790m
distance_poker_tower_camera = 0.9050m
distance_white_cup_camera = 0.8450m
distance_tape_camera = 1.0380m
distance_glass_jar_camera = 1.0080m",9.5
2696,captured_0037x,lab,S3MX,24,SS,What is the width of the tape in cm? ,diameter of the ping pong ball = 4cm,"t=1.0s, distance_ping_pong_ball_camera = 1.0550m
distance_credit_card_camera = 0.6790m
distance_poker_tower_camera = 0.9050m
distance_white_cup_camera = 0.8450m
distance_tape_camera = 1.0380m
distance_glass_jar_camera = 1.0080m",9.6
2697,captured_0037x,lab,S3MX,24,SD,What is the velocity of the ping pong ball at 1.0s in cm/s? ,diameter of the ping pong ball = 4cm,"t=1.0s, distance_ping_pong_ball_camera = 1.0550m
distance_credit_card_camera = 0.6790m
distance_poker_tower_camera = 0.9050m
distance_white_cup_camera = 0.8450m
distance_tape_camera = 1.0380m
distance_glass_jar_camera = 1.0080m",40.0
2698,captured_0037x,lab,S3MX,24,SD,What is the velocity of the ping pong ball at 1.4s in cm/s? ,diameter of the ping pong ball = 4cm,"t=1.0s, distance_ping_pong_ball_camera = 1.0550m
distance_credit_card_camera = 0.6790m
distance_poker_tower_camera = 0.9050m
distance_white_cup_camera = 0.8450m
distance_tape_camera = 1.0380m
distance_glass_jar_camera = 1.0080m",52.0
2699,captured_0038,lab,S3MC,24,SS,What is the height of the poker tower in cm? ,length of the credit card = 85.6mm,"t=1.4s, distance_white_ball_camera = 0.7160m
distance_credit_card_camera = 0.6867m
distance_poker_tower_camera = 0.9035m
distance_white_cup_camera = 0.8740m
distance_pink_bottle_camera = 0.9998m",9.2
2700,captured_0038,lab,S3MC,24,SD,What is the velocity of the white ball at 1.4s in cm/s? ,length of the credit card = 85.6mm,"t=1.4s, distance_white_ball_camera = 0.7160m
distance_credit_card_camera = 0.6867m
distance_poker_tower_camera = 0.9035m
distance_white_cup_camera = 0.8740m
distance_pink_bottle_camera = 0.9998m",45.0
2701,captured_0038,lab,S3MC,24,SS,What is the diameter of the rim of the white cup in cm? ,length of the credit card = 85.6mm,"t=1.4s, distance_white_ball_camera = 0.7160m
distance_credit_card_camera = 0.6867m
distance_poker_tower_camera = 0.9035m
distance_white_cup_camera = 0.8740m
distance_pink_bottle_camera = 0.9998m",7.8
2702,captured_0038,lab,S3MC,24,SS,What is the diameter of the white ball in cm?,length of the credit card = 85.6mm,"t=1.4s, distance_white_ball_camera = 0.7160m
distance_credit_card_camera = 0.6867m
distance_poker_tower_camera = 0.9035m
distance_white_cup_camera = 0.8740m
distance_pink_bottle_camera = 0.9998m",3.8
2703,captured_0038,lab,S3MC,24,SS,What is the displacement of the white ball between 0.9s and 1.4s in cm?,length of the credit card = 85.6mm,"t=1.4s, distance_white_ball_camera = 0.7160m
distance_credit_card_camera = 0.6867m
distance_poker_tower_camera = 0.9035m
distance_white_cup_camera = 0.8740m
distance_pink_bottle_camera = 0.9998m",17.3
2704,captured_0038,lab,S3MC,24,SS,What is the distance between the white cup and the pink bottle in cm?,length of the credit card = 85.6mm,"t=1.4s, distance_white_ball_camera = 0.7160m
distance_credit_card_camera = 0.6867m
distance_poker_tower_camera = 0.9035m
distance_white_cup_camera = 0.8740m
distance_pink_bottle_camera = 0.9998m",15.0
2705,captured_0038,lab,S3MC,24,SS,What is the height of the pink bottle in cm? ,length of the credit card = 85.6mm,"t=1.4s, distance_white_ball_camera = 0.7160m
distance_credit_card_camera = 0.6867m
distance_poker_tower_camera = 0.9035m
distance_white_cup_camera = 0.8740m
distance_pink_bottle_camera = 0.9998m",18.8
2706,captured_0038s,lab,S3MS,24,SS,What is the height of the poker tower in cm? ,length of the credit card = 85.6mm,"t=1.4s, distance_white_ball_camera = 0.7160m
distance_credit_card_camera = 0.6867m
distance_poker_tower_camera = 0.9035m
distance_white_cup_camera = 0.8740m
distance_pink_bottle_camera = 0.9998m",9.2
2707,captured_0038s,lab,S3MS,24,SD,What is the velocity of the white ball at 1.4s in cm/s? ,length of the credit card = 85.6mm,"t=1.4s, distance_white_ball_camera = 0.7160m
distance_credit_card_camera = 0.6867m
distance_poker_tower_camera = 0.9035m
distance_white_cup_camera = 0.8740m
distance_pink_bottle_camera = 0.9998m",35.5
2708,captured_0038s,lab,S3MS,24,SS,What is the diameter of the rim of the white cup in cm? ,length of the credit card = 85.6mm,"t=1.4s, distance_white_ball_camera = 0.7160m
distance_credit_card_camera = 0.6867m
distance_poker_tower_camera = 0.9035m
distance_white_cup_camera = 0.8740m
distance_pink_bottle_camera = 0.9998m",7.7
2709,captured_0038s,lab,S3MS,24,SS,What is the diameter of the white ball in cm?,length of the credit card = 85.6mm,"t=1.4s, distance_white_ball_camera = 0.7160m
distance_credit_card_camera = 0.6867m
distance_poker_tower_camera = 0.9035m
distance_white_cup_camera = 0.8740m
distance_pink_bottle_camera = 0.9998m",3.8
2710,captured_0038s,lab,S3MS,24,SS,What is the displacement of the white ball between 0.9s and 1.4s in cm?,length of the credit card = 85.6mm,"t=1.4s, distance_white_ball_camera = 0.7160m
distance_credit_card_camera = 0.6867m
distance_poker_tower_camera = 0.9035m
distance_white_cup_camera = 0.8740m
distance_pink_bottle_camera = 0.9998m",17.5
2711,captured_0038s,lab,S3MS,24,SS,What is the distance between the white cup and the pink bottle in cm?,length of the credit card = 85.6mm,"t=1.4s, distance_white_ball_camera = 0.7160m
distance_credit_card_camera = 0.6867m
distance_poker_tower_camera = 0.9035m
distance_white_cup_camera = 0.8740m
distance_pink_bottle_camera = 0.9998m",16.0
2712,captured_0038s,lab,S3MS,24,SS,What is the height of the pink bottle in cm? ,length of the credit card = 85.6mm,"t=1.4s, distance_white_ball_camera = 0.7160m
distance_credit_card_camera = 0.6867m
distance_poker_tower_camera = 0.9035m
distance_white_cup_camera = 0.8740m
distance_pink_bottle_camera = 0.9998m",18.8
2713,captured_0038x,lab,S3MX,24,SS,What is the height of the poker tower in cm? ,length of the credit card = 85.6mm,"t=1.4s, distance_white_ball_camera = 0.7160m
distance_credit_card_camera = 0.6867m
distance_poker_tower_camera = 0.9035m
distance_white_cup_camera = 0.8740m
distance_pink_bottle_camera = 0.9998m",9.4
2714,captured_0038x,lab,S3MX,24,SD,What is the velocity of the white ball at 1.4s in cm/s? ,length of the credit card = 85.6mm,"t=1.4s, distance_white_ball_camera = 0.7160m
distance_credit_card_camera = 0.6867m
distance_poker_tower_camera = 0.9035m
distance_white_cup_camera = 0.8740m
distance_pink_bottle_camera = 0.9998m",44.0
2715,captured_0038x,lab,S3MX,24,SS,What is the diameter of the rim of the white cup in cm? ,length of the credit card = 85.6mm,"t=1.4s, distance_white_ball_camera = 0.7160m
distance_credit_card_camera = 0.6867m
distance_poker_tower_camera = 0.9035m
distance_white_cup_camera = 0.8740m
distance_pink_bottle_camera = 0.9998m",7.8
2716,captured_0038x,lab,S3MX,24,SS,What is the diameter of the white ball in cm?,length of the credit card = 85.6mm,"t=1.4s, distance_white_ball_camera = 0.7160m
distance_credit_card_camera = 0.6867m
distance_poker_tower_camera = 0.9035m
distance_white_cup_camera = 0.8740m
distance_pink_bottle_camera = 0.9998m",3.9
2717,captured_0038x,lab,S3MX,24,SS,What is the displacement of the white ball between 0.9s and 1.4s in cm?,length of the credit card = 85.6mm,"t=1.4s, distance_white_ball_camera = 0.7160m
distance_credit_card_camera = 0.6867m
distance_poker_tower_camera = 0.9035m
distance_white_cup_camera = 0.8740m
distance_pink_bottle_camera = 0.9998m",18.0
2718,captured_0038x,lab,S3MX,24,SS,What is the distance between the white cup and the pink bottle in cm?,length of the credit card = 85.6mm,"t=1.4s, distance_white_ball_camera = 0.7160m
distance_credit_card_camera = 0.6867m
distance_poker_tower_camera = 0.9035m
distance_white_cup_camera = 0.8740m
distance_pink_bottle_camera = 0.9998m",16.0
2719,captured_0038x,lab,S3MX,24,SS,What is the height of the pink bottle in cm? ,length of the credit card = 85.6mm,"t=1.4s, distance_white_ball_camera = 0.7160m
distance_credit_card_camera = 0.6867m
distance_poker_tower_camera = 0.9035m
distance_white_cup_camera = 0.8740m
distance_pink_bottle_camera = 0.9998m",18.9
2720,captured_0039,lab,S3MC,24,SS,What is the height of the poker tower in cm? ,length of the credit card = 85.6mm,"t=1s, distance_ball_camera = 1.014m
t=1.5s, distance_ball_camera = 0.7370m
distance_credit_card_camera = 0.6867m
distance_poker_tower_camera = 0.9035m
distance_white_cup_camera = 0.8740m
distance_pink_bottle_camera = 0.9998m",9.2
2721,captured_0039,lab,S3MC,24,SD,What is the velocity of the white ball at 1.0s in cm/s? ,length of the credit card = 85.6mm,"t=1s, distance_ball_camera = 1.014m
t=1.5s, distance_ball_camera = 0.7370m
distance_credit_card_camera = 0.6867m
distance_poker_tower_camera = 0.9035m
distance_white_cup_camera = 0.8740m
distance_pink_bottle_camera = 0.9998m",56.0
2722,captured_0039,lab,S3MC,24,SS,What is the diameter of the rim of the white cup in cm? ,length of the credit card = 85.6mm,"t=1s, distance_ball_camera = 1.014m
t=1.5s, distance_ball_camera = 0.7370m
distance_credit_card_camera = 0.6867m
distance_poker_tower_camera = 0.9035m
distance_white_cup_camera = 0.8740m
distance_pink_bottle_camera = 0.9998m",7.9
2723,captured_0039,lab,S3MC,24,SS,What is the diameter of the white ball in cm?,length of the credit card = 85.6mm,"t=1s, distance_ball_camera = 1.014m
t=1.5s, distance_ball_camera = 0.7370m
distance_credit_card_camera = 0.6867m
distance_poker_tower_camera = 0.9035m
distance_white_cup_camera = 0.8740m
distance_pink_bottle_camera = 0.9998m",3.6
2724,captured_0039,lab,S3MC,24,SS,What is the displacement of the white ball between 1.0s and 1.5s in cm?,length of the credit card = 85.6mm,"t=1s, distance_ball_camera = 1.014m
t=1.5s, distance_ball_camera = 0.7370m
distance_credit_card_camera = 0.6867m
distance_poker_tower_camera = 0.9035m
distance_white_cup_camera = 0.8740m
distance_pink_bottle_camera = 0.9998m",27.8
2725,captured_0039,lab,S3MC,24,SS,What is the distance between the white cup and the pink bottle in cm?,length of the credit card = 85.6mm,"t=1s, distance_ball_camera = 1.014m
t=1.5s, distance_ball_camera = 0.7370m
distance_credit_card_camera = 0.6867m
distance_poker_tower_camera = 0.9035m
distance_white_cup_camera = 0.8740m
distance_pink_bottle_camera = 0.9998m",16.4
2726,captured_0039,lab,S3MC,24,SS,What is the height of the pink bottle in cm? ,length of the credit card = 85.6mm,"t=1s, distance_ball_camera = 1.014m
t=1.5s, distance_ball_camera = 0.7370m
distance_credit_card_camera = 0.6867m
distance_poker_tower_camera = 0.9035m
distance_white_cup_camera = 0.8740m
distance_pink_bottle_camera = 0.9998m",18.9
2727,captured_0039s,lab,S3MS,24,SS,What is the height of the poker tower in cm? ,length of the credit card = 85.6mm,"t=1s, distance_ball_camera = 1.014m
t=1.5s, distance_ball_camera = 0.7370m
distance_credit_card_camera = 0.6867m
distance_poker_tower_camera = 0.9035m
distance_white_cup_camera = 0.8740m
distance_pink_bottle_camera = 0.9998m",9.3
2728,captured_0039s,lab,S3MS,24,SD,What is the velocity of the white ball at 1.0s in cm/s? ,length of the credit card = 85.6mm,"t=1s, distance_ball_camera = 1.014m
t=1.5s, distance_ball_camera = 0.7370m
distance_credit_card_camera = 0.6867m
distance_poker_tower_camera = 0.9035m
distance_white_cup_camera = 0.8740m
distance_pink_bottle_camera = 0.9998m",55.0
2729,captured_0039s,lab,S3MS,24,SS,What is the diameter of the rim of the white cup in cm? ,length of the credit card = 85.6mm,"t=1s, distance_ball_camera = 1.014m
t=1.5s, distance_ball_camera = 0.7370m
distance_credit_card_camera = 0.6867m
distance_poker_tower_camera = 0.9035m
distance_white_cup_camera = 0.8740m
distance_pink_bottle_camera = 0.9998m",7.8
2730,captured_0039s,lab,S3MS,24,SS,What is the diameter of the white ball in cm?,length of the credit card = 85.6mm,"t=1s, distance_ball_camera = 1.014m
t=1.5s, distance_ball_camera = 0.7370m
distance_credit_card_camera = 0.6867m
distance_poker_tower_camera = 0.9035m
distance_white_cup_camera = 0.8740m
distance_pink_bottle_camera = 0.9998m",3.7
2731,captured_0039s,lab,S3MS,24,SS,What is the displacement of the white ball between 1.0s and 1.5s in cm?,length of the credit card = 85.6mm,"t=1s, distance_ball_camera = 1.014m
t=1.5s, distance_ball_camera = 0.7370m
distance_credit_card_camera = 0.6867m
distance_poker_tower_camera = 0.9035m
distance_white_cup_camera = 0.8740m
distance_pink_bottle_camera = 0.9998m",28.3
2732,captured_0039s,lab,S3MS,24,SS,What is the distance between the white cup and the pink bottle in cm?,length of the credit card = 85.6mm,"t=1s, distance_ball_camera = 1.014m
t=1.5s, distance_ball_camera = 0.7370m
distance_credit_card_camera = 0.6867m
distance_poker_tower_camera = 0.9035m
distance_white_cup_camera = 0.8740m
distance_pink_bottle_camera = 0.9998m",16.5
2733,captured_0039s,lab,S3MS,24,SS,What is the height of the pink bottle in cm? ,length of the credit card = 85.6mm,"t=1s, distance_ball_camera = 1.014m
t=1.5s, distance_ball_camera = 0.7370m
distance_credit_card_camera = 0.6867m
distance_poker_tower_camera = 0.9035m
distance_white_cup_camera = 0.8740m
distance_pink_bottle_camera = 0.9998m",18.6
2734,captured_0039x,lab,S3MX,24,SS,What is the height of the poker tower in cm? ,length of the credit card = 85.6mm,"t=1s, distance_ball_camera = 1.014m
t=1.5s, distance_ball_camera = 0.7370m
distance_credit_card_camera = 0.6867m
distance_poker_tower_camera = 0.9035m
distance_white_cup_camera = 0.8740m
distance_pink_bottle_camera = 0.9998m",9.4
2735,captured_0039x,lab,S3MX,24,SD,What is the velocity of the white ball at 1.0s in cm/s? ,length of the credit card = 85.6mm,"t=1s, distance_ball_camera = 1.014m
t=1.5s, distance_ball_camera = 0.7370m
distance_credit_card_camera = 0.6867m
distance_poker_tower_camera = 0.9035m
distance_white_cup_camera = 0.8740m
distance_pink_bottle_camera = 0.9998m",55.0
2736,captured_0039x,lab,S3MX,24,SS,What is the diameter of the rim of the white cup in cm? ,length of the credit card = 85.6mm,"t=1s, distance_ball_camera = 1.014m
t=1.5s, distance_ball_camera = 0.7370m
distance_credit_card_camera = 0.6867m
distance_poker_tower_camera = 0.9035m
distance_white_cup_camera = 0.8740m
distance_pink_bottle_camera = 0.9998m",7.9
2737,captured_0039x,lab,S3MX,24,SS,What is the diameter of the white ball in cm?,length of the credit card = 85.6mm,"t=1s, distance_ball_camera = 1.014m
t=1.5s, distance_ball_camera = 0.7370m
distance_credit_card_camera = 0.6867m
distance_poker_tower_camera = 0.9035m
distance_white_cup_camera = 0.8740m
distance_pink_bottle_camera = 0.9998m",3.9
2738,captured_0039x,lab,S3MX,24,SS,What is the displacement of the white ball between 1.0s and 1.5s in cm?,length of the credit card = 85.6mm,"t=1s, distance_ball_camera = 1.014m
t=1.5s, distance_ball_camera = 0.7370m
distance_credit_card_camera = 0.6867m
distance_poker_tower_camera = 0.9035m
distance_white_cup_camera = 0.8740m
distance_pink_bottle_camera = 0.9998m",27.7
2739,captured_0039x,lab,S3MX,24,SS,What is the distance between the white cup and the pink bottle in cm?,length of the credit card = 85.6mm,"t=1s, distance_ball_camera = 1.014m
t=1.5s, distance_ball_camera = 0.7370m
distance_credit_card_camera = 0.6867m
distance_poker_tower_camera = 0.9035m
distance_white_cup_camera = 0.8740m
distance_pink_bottle_camera = 0.9998m",16.3
2740,captured_0039x,lab,S3MX,24,SS,What is the height of the pink bottle in cm? ,length of the credit card = 85.6mm,"t=1s, distance_ball_camera = 1.014m
t=1.5s, distance_ball_camera = 0.7370m
distance_credit_card_camera = 0.6867m
distance_poker_tower_camera = 0.9035m
distance_white_cup_camera = 0.8740m
distance_pink_bottle_camera = 0.9998m",18.7
2741,captured_0040,lab,S3MC,24,SS,What is the height of the poker tower in cm? ,length of the credit card = 85.6mm,"t=1.5s, distance_ball_camera = 0.7045m
t=2.0s, distance_ball_camera = 0.6270m
distance_credit_card_camera = 0.6900m
distance_poker_tower_camera = 0.9100m
distance_tape_camera = 0.9730m
distance_white_cup_camera = 8420m",9.2
2742,captured_0040,lab,S3MC,24,SD,What is the velocity of the white ball at 1.5s in cm/s? ,length of the credit card = 85.6mm,"t=1.5s, distance_ball_camera = 0.7045m
t=2.0s, distance_ball_camera = 0.6270m
distance_credit_card_camera = 0.6900m
distance_poker_tower_camera = 0.9100m
distance_tape_camera = 0.9730m
distance_white_cup_camera = 8420m",92.0
2743,captured_0040,lab,S3MC,24,SS,What is the diameter of the rim of the white cup in cm? ,length of the credit card = 85.6mm,"t=1.5s, distance_ball_camera = 0.7045m
t=2.0s, distance_ball_camera = 0.6270m
distance_credit_card_camera = 0.6900m
distance_poker_tower_camera = 0.9100m
distance_tape_camera = 0.9730m
distance_white_cup_camera = 8420m",7.9
2744,captured_0040,lab,S3MC,24,SS,What is the diameter of the white ball in cm?,length of the credit card = 85.6mm,"t=1.5s, distance_ball_camera = 0.7045m
t=2.0s, distance_ball_camera = 0.6270m
distance_credit_card_camera = 0.6900m
distance_poker_tower_camera = 0.9100m
distance_tape_camera = 0.9730m
distance_white_cup_camera = 8420m",3.5
2745,captured_0040,lab,S3MC,24,SS,What is the distance travelled by the white ball between 1.5s and 1.9s in cm?,length of the credit card = 85.6mm,"t=1.5s, distance_ball_camera = 0.7045m
t=2.0s, distance_ball_camera = 0.6270m
distance_credit_card_camera = 0.6900m
distance_poker_tower_camera = 0.9100m
distance_tape_camera = 0.9730m
distance_white_cup_camera = 8420m",30.0
2746,captured_0040,lab,S3MC,24,SS,What is the diameter of the tape in cm? ,length of the credit card = 85.6mm,"t=1.5s, distance_ball_camera = 0.7045m
t=2.0s, distance_ball_camera = 0.6270m
distance_credit_card_camera = 0.6900m
distance_poker_tower_camera = 0.9100m
distance_tape_camera = 0.9730m
distance_white_cup_camera = 8420m",9.1
2747,captured_0040,lab,S3MC,24,SS,What is the height of the white cup in cm? ,length of the credit card = 85.6mm,"t=1.5s, distance_ball_camera = 0.7045m
t=2.0s, distance_ball_camera = 0.6270m
distance_credit_card_camera = 0.6900m
distance_poker_tower_camera = 0.9100m
distance_tape_camera = 0.9730m
distance_white_cup_camera = 8420m",13.0
2748,captured_0040,lab,S3MC,24,SD,What is the velocity of the white ball at 1.4s in cm/s? ,length of the credit card = 85.6mm,"t=1.5s, distance_ball_camera = 0.7045m
t=2.0s, distance_ball_camera = 0.6270m
distance_credit_card_camera = 0.6900m
distance_poker_tower_camera = 0.9100m
distance_tape_camera = 0.9730m
distance_white_cup_camera = 8420m",92.0
2749,captured_0040s,lab,S3MS,24,SS,What is the height of the poker tower in cm? ,length of the credit card = 85.6mm,"t=1.5s, distance_ball_camera = 0.7045m
t=2.0s, distance_ball_camera = 0.6270m
distance_credit_card_camera = 0.6900m
distance_poker_tower_camera = 0.9100m
distance_tape_camera = 0.9730m
distance_white_cup_camera = 8420m",8.9
2750,captured_0040s,lab,S3MS,24,SD,What is the velocity of the white ball at 1.5s in cm/s? ,length of the credit card = 85.6mm,"t=1.5s, distance_ball_camera = 0.7045m
t=2.0s, distance_ball_camera = 0.6270m
distance_credit_card_camera = 0.6900m
distance_poker_tower_camera = 0.9100m
distance_tape_camera = 0.9730m
distance_white_cup_camera = 8420m",87.0
2751,captured_0040s,lab,S3MS,24,SS,What is the diameter of the rim of the white cup in cm? ,length of the credit card = 85.6mm,"t=1.5s, distance_ball_camera = 0.7045m
t=2.0s, distance_ball_camera = 0.6270m
distance_credit_card_camera = 0.6900m
distance_poker_tower_camera = 0.9100m
distance_tape_camera = 0.9730m
distance_white_cup_camera = 8420m",7.3
2752,captured_0040s,lab,S3MS,24,SS,What is the diameter of the white ball in cm?,length of the credit card = 85.6mm,"t=1.5s, distance_ball_camera = 0.7045m
t=2.0s, distance_ball_camera = 0.6270m
distance_credit_card_camera = 0.6900m
distance_poker_tower_camera = 0.9100m
distance_tape_camera = 0.9730m
distance_white_cup_camera = 8420m",4.5
2753,captured_0040s,lab,S3MS,24,SS,What is the distance travelled by the white ball between 1.5s and 1.9s in cm?,length of the credit card = 85.6mm,"t=1.5s, distance_ball_camera = 0.7045m
t=2.0s, distance_ball_camera = 0.6270m
distance_credit_card_camera = 0.6900m
distance_poker_tower_camera = 0.9100m
distance_tape_camera = 0.9730m
distance_white_cup_camera = 8420m",30.0
2754,captured_0040s,lab,S3MS,24,SS,What is the diameter of the tape in cm? ,length of the credit card = 85.6mm,"t=1.5s, distance_ball_camera = 0.7045m
t=2.0s, distance_ball_camera = 0.6270m
distance_credit_card_camera = 0.6900m
distance_poker_tower_camera = 0.9100m
distance_tape_camera = 0.9730m
distance_white_cup_camera = 8420m",9.0
2755,captured_0040s,lab,S3MS,24,SS,What is the height of the white cup in cm? ,length of the credit card = 85.6mm,"t=1.5s, distance_ball_camera = 0.7045m
t=2.0s, distance_ball_camera = 0.6270m
distance_credit_card_camera = 0.6900m
distance_poker_tower_camera = 0.9100m
distance_tape_camera = 0.9730m
distance_white_cup_camera = 8420m",12.7
2756,captured_0040s,lab,S3MS,24,SD,What is the velocity of the white ball at 1.4s in cm/s? ,length of the credit card = 85.6mm,"t=1.5s, distance_ball_camera = 0.7045m
t=2.0s, distance_ball_camera = 0.6270m
distance_credit_card_camera = 0.6900m
distance_poker_tower_camera = 0.9100m
distance_tape_camera = 0.9730m
distance_white_cup_camera = 8420m",95.0
2757,captured_0040x,lab,S3MX,24,SS,What is the height of the poker tower in cm? ,length of the credit card = 85.6mm,"t=1.5s, distance_ball_camera = 0.7045m
t=2.0s, distance_ball_camera = 0.6270m
distance_credit_card_camera = 0.6900m
distance_poker_tower_camera = 0.9100m
distance_tape_camera = 0.9730m
distance_white_cup_camera = 8420m",8.8
2758,captured_0040x,lab,S3MX,24,SD,What is the velocity of the white ball at 1.5s in cm/s? ,length of the credit card = 85.6mm,"t=1.5s, distance_ball_camera = 0.7045m
t=2.0s, distance_ball_camera = 0.6270m
distance_credit_card_camera = 0.6900m
distance_poker_tower_camera = 0.9100m
distance_tape_camera = 0.9730m
distance_white_cup_camera = 8420m",90.0
2759,captured_0040x,lab,S3MX,24,SS,What is the diameter of the rim of the white cup in cm? ,length of the credit card = 85.6mm,"t=1.5s, distance_ball_camera = 0.7045m
t=2.0s, distance_ball_camera = 0.6270m
distance_credit_card_camera = 0.6900m
distance_poker_tower_camera = 0.9100m
distance_tape_camera = 0.9730m
distance_white_cup_camera = 8420m",7.4
2760,captured_0040x,lab,S3MX,24,SS,What is the diameter of the white ball in cm?,length of the credit card = 85.6mm,"t=1.5s, distance_ball_camera = 0.7045m
t=2.0s, distance_ball_camera = 0.6270m
distance_credit_card_camera = 0.6900m
distance_poker_tower_camera = 0.9100m
distance_tape_camera = 0.9730m
distance_white_cup_camera = 8420m",3.6
2761,captured_0040x,lab,S3MX,24,SS,What is the distance travelled by the white ball between 1.5s and 1.9s in cm?,length of the credit card = 85.6mm,"t=1.5s, distance_ball_camera = 0.7045m
t=2.0s, distance_ball_camera = 0.6270m
distance_credit_card_camera = 0.6900m
distance_poker_tower_camera = 0.9100m
distance_tape_camera = 0.9730m
distance_white_cup_camera = 8420m",30.0
2762,captured_0040x,lab,S3MX,24,SS,What is the diameter of the tape in cm? ,length of the credit card = 85.6mm,"t=1.5s, distance_ball_camera = 0.7045m
t=2.0s, distance_ball_camera = 0.6270m
distance_credit_card_camera = 0.6900m
distance_poker_tower_camera = 0.9100m
distance_tape_camera = 0.9730m
distance_white_cup_camera = 8420m",9.1
2763,captured_0040x,lab,S3MX,24,SS,What is the height of the white cup in cm? ,length of the credit card = 85.6mm,"t=1.5s, distance_ball_camera = 0.7045m
t=2.0s, distance_ball_camera = 0.6270m
distance_credit_card_camera = 0.6900m
distance_poker_tower_camera = 0.9100m
distance_tape_camera = 0.9730m
distance_white_cup_camera = 8420m",12.9
2764,captured_0040x,lab,S3MX,24,SD,What is the velocity of the white ball at 1.4s in cm/s? ,length of the credit card = 85.6mm,"t=1.5s, distance_ball_camera = 0.7045m
t=2.0s, distance_ball_camera = 0.6270m
distance_credit_card_camera = 0.6900m
distance_poker_tower_camera = 0.9100m
distance_tape_camera = 0.9730m
distance_white_cup_camera = 8420m",93.0
2765,captured_0041,lab,V3SC,24,DS,What is the soccer ball's diameter in cm? ,velocity of the soccer ball at 1.5s = 5.21m/s,"t=1.5s, distance_soccer_ball_camera = 2.5440m
t=1.6s, distance_soccer_ball_camera = 2.0740m",22.0
2766,captured_0041,lab,V3SC,24,DS,What is the soccer ball's displacement between 1.5s and 1.6s in meters? ,velocity of the soccer ball at 1.5s = 5.21m/s,"t=1.5s, distance_soccer_ball_camera = 2.5440m
t=1.6s, distance_soccer_ball_camera = 2.0740m",0.48
2767,captured_0041,lab,V3SC,24,DS,What is the distance from the soccer ball to the person at 1.5s in meters? ,velocity of the soccer ball at 1.5s = 5.21m/s,"t=1.5s, distance_soccer_ball_camera = 2.5440m
t=1.6s, distance_soccer_ball_camera = 2.0740m",1.2
2768,captured_0041s,lab,V3SS,24,DS,What is the soccer ball's diameter in cm? ,velocity of the soccer ball at 1.5s = 5.21m/s,"t=1.5s, distance_soccer_ball_camera = 2.5440m
t=1.6s, distance_soccer_ball_camera = 2.0740m",20.5
2769,captured_0041s,lab,V3SS,24,DS,What is the soccer ball's displacement between 1.5s and 1.6s in meters? ,velocity of the soccer ball at 1.5s = 5.21m/s,"t=1.5s, distance_soccer_ball_camera = 2.5440m
t=1.6s, distance_soccer_ball_camera = 2.0740m",0.51
2770,captured_0041s,lab,V3SS,24,DS,What is the distance from the soccer ball to the person at 1.5s in meters? ,velocity of the soccer ball at 1.5s = 5.21m/s,"t=1.5s, distance_soccer_ball_camera = 2.5440m
t=1.6s, distance_soccer_ball_camera = 2.0740m",0.6
2771,captured_0041x,lab,V3SX,24,DS,What is the soccer ball's diameter in cm? ,velocity of the soccer ball at 1.5s = 5.21m/s,"t=1.5s, distance_soccer_ball_camera = 2.5440m
t=1.6s, distance_soccer_ball_camera = 2.0740m",22.0
2772,captured_0041x,lab,V3SX,24,DS,What is the soccer ball's displacement between 1.5s and 1.6s in meters? ,velocity of the soccer ball at 1.5s = 5.21m/s,"t=1.5s, distance_soccer_ball_camera = 2.5440m
t=1.6s, distance_soccer_ball_camera = 2.0740m",0.5
2773,captured_0041x,lab,V3SX,24,DS,What is the distance from the soccer ball to the person at 1.5s in meters? ,velocity of the soccer ball at 1.5s = 5.21m/s,"t=1.5s, distance_soccer_ball_camera = 2.5440m
t=1.6s, distance_soccer_ball_camera = 2.0740m",1.2
2774,captured_0047,lab,V3SC,24,DS,What is the yoga ball's diameter in cm? ,velocity of the yoga ball at 1.0s = 2.1464m/s,"t=1.0s, distance_yoga_ball_camera = 2.4985m
t=1.5s, distance_soccer_ball_camera = 1.4972m
distance_person_camera = 3.8300m",57.0
2775,captured_0047,lab,V3SC,24,DS,What is the yoga ball's displacement between 1.0s and 1.5s in meters? ,velocity of the yoga ball at 1.0s = 2.1464m/s,"t=1.0s, distance_yoga_ball_camera = 2.4985m
t=1.5s, distance_soccer_ball_camera = 1.4972m
distance_person_camera = 3.8300m",1.06
2776,captured_0047,lab,V3SC,24,DS,What is the distance from the yoga ball to the person at 1.5s in meters? ,velocity of the yoga ball at 1.0s = 2.1464m/s,"t=1.0s, distance_yoga_ball_camera = 2.4985m
t=1.5s, distance_soccer_ball_camera = 1.4972m
distance_person_camera = 3.8300m",2.42
2777,captured_0047s,lab,V3SS,24,DS,What is the yoga ball's diameter in cm? ,velocity of the yoga ball at 1.0s = 2.1464m/s,"t=1.0s, distance_yoga_ball_camera = 2.4985m
t=1.5s, distance_soccer_ball_camera = 1.4972m
distance_person_camera = 3.8300m",62.0
2778,captured_0047s,lab,V3SS,24,DS,What is the yoga ball's displacement between 1.0s and 1.5s in meters? ,velocity of the yoga ball at 1.0s = 2.1464m/s,"t=1.0s, distance_yoga_ball_camera = 2.4985m
t=1.5s, distance_soccer_ball_camera = 1.4972m
distance_person_camera = 3.8300m",1.02
2779,captured_0047s,lab,V3SS,24,DS,What is the distance from the yoga ball to the person at 1.5s in meters? ,velocity of the yoga ball at 1.0s = 2.1464m/s,"t=1.0s, distance_yoga_ball_camera = 2.4985m
t=1.5s, distance_soccer_ball_camera = 1.4972m
distance_person_camera = 3.8300m",2.37
2780,captured_0047x,lab,V3SX,24,DS,What is the yoga ball's diameter in cm? ,velocity of the yoga ball at 1.0s = 2.1464m/s,"t=1.0s, distance_yoga_ball_camera = 2.4985m
t=1.5s, distance_soccer_ball_camera = 1.4972m
distance_person_camera = 3.8300m",62.0
2781,captured_0047x,lab,V3SX,24,DS,What is the yoga ball's displacement between 1.0s and 1.5s in meters? ,velocity of the yoga ball at 1.0s = 2.1464m/s,"t=1.0s, distance_yoga_ball_camera = 2.4985m
t=1.5s, distance_soccer_ball_camera = 1.4972m
distance_person_camera = 3.8300m",1.02
2782,captured_0047x,lab,V3SX,24,DS,What is the distance from the yoga ball to the person at 1.5s in meters? ,velocity of the yoga ball at 1.0s = 2.1464m/s,"t=1.0s, distance_yoga_ball_camera = 2.4985m
t=1.5s, distance_soccer_ball_camera = 1.4972m
distance_person_camera = 3.8300m",2.38
2783,captured_0052,lab,V3MC,24,DS,What is the initial distance between the yoga ball and the shoe in meters? ,velocity of the yoga ball at 1.0s = 2.19m/s,"t=1.0s, distance_yoga_ball_camera = 2.6120m
distance_shoe_camera = 2.2310m
distance_trashbin_camera = 2.9770m
distance_basketball_camera = 1.9365m",1.37
2784,captured_0052,lab,V3MC,24,DS,What is the height of the trashbin in cm?,velocity of the yoga ball at 1.0s = 2.19m/s,"t=1.0s, distance_yoga_ball_camera = 2.6120m
distance_shoe_camera = 2.2310m
distance_trashbin_camera = 2.9770m
distance_basketball_camera = 1.9365m",43.0
2785,captured_0052,lab,V3MC,24,DS,What is the length of the shoe in cm?,velocity of the yoga ball at 1.0s = 2.19m/s,"t=1.0s, distance_yoga_ball_camera = 2.6120m
distance_shoe_camera = 2.2310m
distance_trashbin_camera = 2.9770m
distance_basketball_camera = 1.9365m",25.0
2786,captured_0052,lab,V3MC,24,DS,What is the diameter of the yoga ball in cm?,velocity of the yoga ball at 1.0s = 2.19m/s,"t=1.0s, distance_yoga_ball_camera = 2.6120m
distance_shoe_camera = 2.2310m
distance_trashbin_camera = 2.9770m
distance_basketball_camera = 1.9365m",52.0
2787,captured_0052,lab,V3MC,24,DS,What is the diameter of the basketball in cm?,velocity of the yoga ball at 1.0s = 2.19m/s,"t=1.0s, distance_yoga_ball_camera = 2.6120m
distance_shoe_camera = 2.2310m
distance_trashbin_camera = 2.9770m
distance_basketball_camera = 1.9365m",23.6
2788,captured_0052,lab,V3MC,24,DS,What is the distance between the basketball and the shoe in meters? ,velocity of the yoga ball at 1.0s = 2.19m/s,"t=1.0s, distance_yoga_ball_camera = 2.6120m
distance_shoe_camera = 2.2310m
distance_trashbin_camera = 2.9770m
distance_basketball_camera = 1.9365m",1.5
2789,captured_0052,lab,V3MC,24,DS,What is the distance between the trashbin and the shoe in meters? ,velocity of the yoga ball at 1.0s = 2.19m/s,"t=1.0s, distance_yoga_ball_camera = 2.6120m
distance_shoe_camera = 2.2310m
distance_trashbin_camera = 2.9770m
distance_basketball_camera = 1.9365m",1.6
2790,captured_0052,lab,V3MC,24,DS,What is the distance between the trashbin and the basketball in meters? ,velocity of the yoga ball at 1.0s = 2.19m/s,"t=1.0s, distance_yoga_ball_camera = 2.6120m
distance_shoe_camera = 2.2310m
distance_trashbin_camera = 2.9770m
distance_basketball_camera = 1.9365m",1.05
2791,captured_0052s,lab,V3MS,24,DS,What is the initial distance between the yoga ball and the shoe in meters? ,velocity of the yoga ball at 1.0s = 2.19m/s,"t=1.0s, distance_yoga_ball_camera = 2.6120m
distance_shoe_camera = 2.2310m
distance_trashbin_camera = 2.9770m
distance_basketball_camera = 1.9365m",1.42
2792,captured_0052s,lab,V3MS,24,DS,What is the height of the trashbin in cm?,velocity of the yoga ball at 1.0s = 2.19m/s,"t=1.0s, distance_yoga_ball_camera = 2.6120m
distance_shoe_camera = 2.2310m
distance_trashbin_camera = 2.9770m
distance_basketball_camera = 1.9365m",44.0
2793,captured_0052s,lab,V3MS,24,DS,What is the length of the shoe in cm?,velocity of the yoga ball at 1.0s = 2.19m/s,"t=1.0s, distance_yoga_ball_camera = 2.6120m
distance_shoe_camera = 2.2310m
distance_trashbin_camera = 2.9770m
distance_basketball_camera = 1.9365m",26.5
2794,captured_0052s,lab,V3MS,24,DS,What is the diameter of the yoga ball in cm?,velocity of the yoga ball at 1.0s = 2.19m/s,"t=1.0s, distance_yoga_ball_camera = 2.6120m
distance_shoe_camera = 2.2310m
distance_trashbin_camera = 2.9770m
distance_basketball_camera = 1.9365m",54.0
2795,captured_0052s,lab,V3MS,24,DS,What is the diameter of the basketball in cm?,velocity of the yoga ball at 1.0s = 2.19m/s,"t=1.0s, distance_yoga_ball_camera = 2.6120m
distance_shoe_camera = 2.2310m
distance_trashbin_camera = 2.9770m
distance_basketball_camera = 1.9365m",24.6
2796,captured_0052s,lab,V3MS,24,DS,What is the distance between the basketball and the shoe in meters? ,velocity of the yoga ball at 1.0s = 2.19m/s,"t=1.0s, distance_yoga_ball_camera = 2.6120m
distance_shoe_camera = 2.2310m
distance_trashbin_camera = 2.9770m
distance_basketball_camera = 1.9365m",1.57
2797,captured_0052s,lab,V3MS,24,DS,What is the distance between the trashbin and the shoe in meters? ,velocity of the yoga ball at 1.0s = 2.19m/s,"t=1.0s, distance_yoga_ball_camera = 2.6120m
distance_shoe_camera = 2.2310m
distance_trashbin_camera = 2.9770m
distance_basketball_camera = 1.9365m",1.66
2798,captured_0052s,lab,V3MS,24,DS,What is the distance between the trashbin and the basketball in meters? ,velocity of the yoga ball at 1.0s = 2.19m/s,"t=1.0s, distance_yoga_ball_camera = 2.6120m
distance_shoe_camera = 2.2310m
distance_trashbin_camera = 2.9770m
distance_basketball_camera = 1.9365m",1.05
2799,captured_0052x,lab,V3MX,24,DS,What is the initial distance between the yoga ball and the shoe in meters? ,velocity of the yoga ball at 1.0s = 2.19m/s,"t=1.0s, distance_yoga_ball_camera = 2.6120m
distance_shoe_camera = 2.2310m
distance_trashbin_camera = 2.9770m
distance_basketball_camera = 1.9365m",1.3
2800,captured_0052x,lab,V3MX,24,DS,What is the height of the trashbin in cm?,velocity of the yoga ball at 1.0s = 2.19m/s,"t=1.0s, distance_yoga_ball_camera = 2.6120m
distance_shoe_camera = 2.2310m
distance_trashbin_camera = 2.9770m
distance_basketball_camera = 1.9365m",42.0
2801,captured_0052x,lab,V3MX,24,DS,What is the length of the shoe in cm?,velocity of the yoga ball at 1.0s = 2.19m/s,"t=1.0s, distance_yoga_ball_camera = 2.6120m
distance_shoe_camera = 2.2310m
distance_trashbin_camera = 2.9770m
distance_basketball_camera = 1.9365m",24.0
2802,captured_0052x,lab,V3MX,24,DS,What is the diameter of the yoga ball in cm?,velocity of the yoga ball at 1.0s = 2.19m/s,"t=1.0s, distance_yoga_ball_camera = 2.6120m
distance_shoe_camera = 2.2310m
distance_trashbin_camera = 2.9770m
distance_basketball_camera = 1.9365m",52.0
2803,captured_0052x,lab,V3MX,24,DS,What is the diameter of the basketball in cm?,velocity of the yoga ball at 1.0s = 2.19m/s,"t=1.0s, distance_yoga_ball_camera = 2.6120m
distance_shoe_camera = 2.2310m
distance_trashbin_camera = 2.9770m
distance_basketball_camera = 1.9365m",23.0
2804,captured_0052x,lab,V3MX,24,DS,What is the distance between the basketball and the shoe in meters? ,velocity of the yoga ball at 1.0s = 2.19m/s,"t=1.0s, distance_yoga_ball_camera = 2.6120m
distance_shoe_camera = 2.2310m
distance_trashbin_camera = 2.9770m
distance_basketball_camera = 1.9365m",1.51
2805,captured_0052x,lab,V3MX,24,DS,What is the distance between the trashbin and the shoe in meters? ,velocity of the yoga ball at 1.0s = 2.19m/s,"t=1.0s, distance_yoga_ball_camera = 2.6120m
distance_shoe_camera = 2.2310m
distance_trashbin_camera = 2.9770m
distance_basketball_camera = 1.9365m",1.61
2806,captured_0052x,lab,V3MX,24,DS,What is the distance between the trashbin and the basketball in meters? ,velocity of the yoga ball at 1.0s = 2.19m/s,"t=1.0s, distance_yoga_ball_camera = 2.6120m
distance_shoe_camera = 2.2310m
distance_trashbin_camera = 2.9770m
distance_basketball_camera = 1.9365m",1.05
2807,captured_0053,lab,V3MC,24,DS,What is the width of the book in cm?,velocity of the trashbin at 0.4s = 0.9962m/s,"t=0.4s, distance_trashbin_camera = 2.7300m
distance_white_cup_camera = 2.5160m
distance_book_camera = 2.0820m
distance_basketball_camera = 2.9250m",10.0
2808,captured_0053,lab,V3MC,24,DS,What is the length of the book in cm?,velocity of the trashbin at 0.4s = 0.9962m/s,"t=0.4s, distance_trashbin_camera = 2.7300m
distance_white_cup_camera = 2.5160m
distance_book_camera = 2.0820m
distance_basketball_camera = 2.9250m",17.5
2809,captured_0053,lab,V3MC,24,DS,What is the diameter of the rim of the white cup in cm? ,velocity of the trashbin at 0.4s = 0.9962m/s,"t=0.4s, distance_trashbin_camera = 2.7300m
distance_white_cup_camera = 2.5160m
distance_book_camera = 2.0820m
distance_basketball_camera = 2.9250m",7.0
2810,captured_0053,lab,V3MC,24,DS,What is the diameter of the basketball in cm?,velocity of the trashbin at 0.4s = 0.9962m/s,"t=0.4s, distance_trashbin_camera = 2.7300m
distance_white_cup_camera = 2.5160m
distance_book_camera = 2.0820m
distance_basketball_camera = 2.9250m",22.0
2811,captured_0053,lab,V3MC,24,DS,What is the height of the trashbin in cm?,velocity of the trashbin at 0.4s = 0.9962m/s,"t=0.4s, distance_trashbin_camera = 2.7300m
distance_white_cup_camera = 2.5160m
distance_book_camera = 2.0820m
distance_basketball_camera = 2.9250m",31.0
2812,captured_0053,lab,V3MC,24,DS,What is the diatance between the white cup and the basketball in meters?,velocity of the trashbin at 0.4s = 0.9962m/s,"t=0.4s, distance_trashbin_camera = 2.7300m
distance_white_cup_camera = 2.5160m
distance_book_camera = 2.0820m
distance_basketball_camera = 2.9250m",1.46
2813,captured_0053,lab,V3MC,24,DS,What is the diatance between the white cup and the book in meters?,velocity of the trashbin at 0.4s = 0.9962m/s,"t=0.4s, distance_trashbin_camera = 2.7300m
distance_white_cup_camera = 2.5160m
distance_book_camera = 2.0820m
distance_basketball_camera = 2.9250m",0.67
2814,captured_0053,lab,V3MC,24,DS,What is the displacement of the trashbin between 0.4s and 1.4s in meters?,velocity of the trashbin at 0.4s = 0.9962m/s,"t=0.4s, distance_trashbin_camera = 2.7300m
distance_white_cup_camera = 2.5160m
distance_book_camera = 2.0820m
distance_basketball_camera = 2.9250m",0.78
2815,captured_0053s,lab,V3MS,24,DS,What is the width of the book in cm?,velocity of the trashbin at 0.4s = 0.9962m/s,"t=0.4s, distance_trashbin_camera = 2.7300m
distance_white_cup_camera = 2.5160m
distance_book_camera = 2.0820m
distance_basketball_camera = 2.9250m",10.3
2816,captured_0053s,lab,V3MS,24,DS,What is the length of the book in cm?,velocity of the trashbin at 0.4s = 0.9962m/s,"t=0.4s, distance_trashbin_camera = 2.7300m
distance_white_cup_camera = 2.5160m
distance_book_camera = 2.0820m
distance_basketball_camera = 2.9250m",17.3
2817,captured_0053s,lab,V3MS,24,DS,What is the diameter of the rim of the white cup in cm? ,velocity of the trashbin at 0.4s = 0.9962m/s,"t=0.4s, distance_trashbin_camera = 2.7300m
distance_white_cup_camera = 2.5160m
distance_book_camera = 2.0820m
distance_basketball_camera = 2.9250m",6.6
2818,captured_0053s,lab,V3MS,24,DS,What is the diameter of the basketball in cm?,velocity of the trashbin at 0.4s = 0.9962m/s,"t=0.4s, distance_trashbin_camera = 2.7300m
distance_white_cup_camera = 2.5160m
distance_book_camera = 2.0820m
distance_basketball_camera = 2.9250m",22.4
2819,captured_0053s,lab,V3MS,24,DS,What is the height of the trashbin in cm?,velocity of the trashbin at 0.4s = 0.9962m/s,"t=0.4s, distance_trashbin_camera = 2.7300m
distance_white_cup_camera = 2.5160m
distance_book_camera = 2.0820m
distance_basketball_camera = 2.9250m",34.0
2820,captured_0053s,lab,V3MS,24,DS,What is the diatance between the white cup and the basketball in meters?,velocity of the trashbin at 0.4s = 0.9962m/s,"t=0.4s, distance_trashbin_camera = 2.7300m
distance_white_cup_camera = 2.5160m
distance_book_camera = 2.0820m
distance_basketball_camera = 2.9250m",1.46
2821,captured_0053s,lab,V3MS,24,DS,What is the diatance between the white cup and the book in meters?,velocity of the trashbin at 0.4s = 0.9962m/s,"t=0.4s, distance_trashbin_camera = 2.7300m
distance_white_cup_camera = 2.5160m
distance_book_camera = 2.0820m
distance_basketball_camera = 2.9250m",0.67
2822,captured_0053s,lab,V3MS,24,DS,What is the displacement of the trashbin between 0.4s and 1.4s in meters?,velocity of the trashbin at 0.4s = 0.9962m/s,"t=0.4s, distance_trashbin_camera = 2.7300m
distance_white_cup_camera = 2.5160m
distance_book_camera = 2.0820m
distance_basketball_camera = 2.9250m",0.69
2823,captured_0053x,lab,V3MX,24,DS,What is the width of the book in cm?,velocity of the trashbin at 0.4s = 0.9962m/s,"t=0.4s, distance_trashbin_camera = 2.7300m
distance_white_cup_camera = 2.5160m
distance_book_camera = 2.0820m
distance_basketball_camera = 2.9250m",12.3
2824,captured_0053x,lab,V3MX,24,DS,What is the length of the book in cm?,velocity of the trashbin at 0.4s = 0.9962m/s,"t=0.4s, distance_trashbin_camera = 2.7300m
distance_white_cup_camera = 2.5160m
distance_book_camera = 2.0820m
distance_basketball_camera = 2.9250m",16.3
2825,captured_0053x,lab,V3MX,24,DS,What is the diameter of the rim of the white cup in cm? ,velocity of the trashbin at 0.4s = 0.9962m/s,"t=0.4s, distance_trashbin_camera = 2.7300m
distance_white_cup_camera = 2.5160m
distance_book_camera = 2.0820m
distance_basketball_camera = 2.9250m",6.6
2826,captured_0053x,lab,V3MX,24,DS,What is the diameter of the basketball in cm?,velocity of the trashbin at 0.4s = 0.9962m/s,"t=0.4s, distance_trashbin_camera = 2.7300m
distance_white_cup_camera = 2.5160m
distance_book_camera = 2.0820m
distance_basketball_camera = 2.9250m",22.4
2827,captured_0053x,lab,V3MX,24,DS,What is the height of the trashbin in cm?,velocity of the trashbin at 0.4s = 0.9962m/s,"t=0.4s, distance_trashbin_camera = 2.7300m
distance_white_cup_camera = 2.5160m
distance_book_camera = 2.0820m
distance_basketball_camera = 2.9250m",33.0
2828,captured_0053x,lab,V3MX,24,DS,What is the diatance between the white cup and the basketball in meters?,velocity of the trashbin at 0.4s = 0.9962m/s,"t=0.4s, distance_trashbin_camera = 2.7300m
distance_white_cup_camera = 2.5160m
distance_book_camera = 2.0820m
distance_basketball_camera = 2.9250m",1.46
2829,captured_0053x,lab,V3MX,24,DS,What is the diatance between the white cup and the book in meters?,velocity of the trashbin at 0.4s = 0.9962m/s,"t=0.4s, distance_trashbin_camera = 2.7300m
distance_white_cup_camera = 2.5160m
distance_book_camera = 2.0820m
distance_basketball_camera = 2.9250m",0.67
2830,captured_0053x,lab,V3MX,24,DS,What is the displacement of the trashbin between 0.4s and 1.4s in meters?,velocity of the trashbin at 0.4s = 0.9962m/s,"t=0.4s, distance_trashbin_camera = 2.7300m
distance_white_cup_camera = 2.5160m
distance_book_camera = 2.0820m
distance_basketball_camera = 2.9250m",0.69
2831,captured_0054a,lab,V3MC,24,DS,What is the orange ball's displacement between 0.5s and 1.0s in meters? ,velocity of the orange ball at 0.5s = 2.21m/s,"t=0.5s, distance_orange_ball_camera = 2.3557m
t=1.0s, distance_orange_ball_camera = 1.8100m
t=1.0s, distance_white_ball_camera = 3.0735m
t=1.0s, distance_green_ball_camera = 3.0390m",1.05
2832,captured_0054a,lab,V3MC,24,DS,What is the soccer ball's displacement between 1.0s and 1.4s in meters? ,velocity of the orange ball at 0.5s = 2.21m/s,"t=0.5s, distance_orange_ball_camera = 2.3557m
t=1.0s, distance_orange_ball_camera = 1.8100m
t=1.0s, distance_white_ball_camera = 3.0735m
t=1.0s, distance_green_ball_camera = 3.0390m",0.52
2833,captured_0054a,lab,V3MC,24,DS,What is the soccer ball's diameter in cm? ,velocity of the orange ball at 0.5s = 2.21m/s,"t=0.5s, distance_orange_ball_camera = 2.3557m
t=1.0s, distance_orange_ball_camera = 1.8100m
t=1.0s, distance_white_ball_camera = 3.0735m
t=1.0s, distance_green_ball_camera = 3.0390m",24.0
2834,captured_0054a,lab,V3MC,24,DS,What is the orange ball's diameter in cm? ,velocity of the orange ball at 0.5s = 2.21m/s,"t=0.5s, distance_orange_ball_camera = 2.3557m
t=1.0s, distance_orange_ball_camera = 1.8100m
t=1.0s, distance_white_ball_camera = 3.0735m
t=1.0s, distance_green_ball_camera = 3.0390m",26.0
2835,captured_0054a,lab,V3MC,24,DS,What is the white ball's diameter in cm? ,velocity of the orange ball at 0.5s = 2.21m/s,"t=0.5s, distance_orange_ball_camera = 2.3557m
t=1.0s, distance_orange_ball_camera = 1.8100m
t=1.0s, distance_white_ball_camera = 3.0735m
t=1.0s, distance_green_ball_camera = 3.0390m",7.0
2836,captured_0054a,lab,V3MC,24,DD,What is the soccer ball's velocity at 0.5s in m/s? ,velocity of the orange ball at 0.5s = 2.21m/s,"t=0.5s, distance_orange_ball_camera = 2.3557m
t=1.0s, distance_orange_ball_camera = 1.8100m
t=1.0s, distance_white_ball_camera = 3.0735m
t=1.0s, distance_green_ball_camera = 3.0390m",0.02
2837,captured_0054a,lab,V3MC,24,DD,What is the velocity of the green ball at 1.0s in m/s? ,velocity of the orange ball at 0.5s = 2.21m/s,"t=0.5s, distance_orange_ball_camera = 2.3557m
t=1.0s, distance_orange_ball_camera = 1.8100m
t=1.0s, distance_white_ball_camera = 3.0735m
t=1.0s, distance_green_ball_camera = 3.0390m",1.6
2838,captured_0054a,lab,V3MC,24,DD,What is the velocity of the white ball at 1.0s in m/s? ,velocity of the orange ball at 0.5s = 2.21m/s,"t=0.5s, distance_orange_ball_camera = 2.3557m
t=1.0s, distance_orange_ball_camera = 1.8100m
t=1.0s, distance_white_ball_camera = 3.0735m
t=1.0s, distance_green_ball_camera = 3.0390m",1.4
2839,captured_0054a,lab,V3MC,24,DD,What is the velocity of the green ball at 1.5s in m/s? ,velocity of the orange ball at 0.5s = 2.21m/s,"t=0.5s, distance_orange_ball_camera = 2.3557m
t=1.0s, distance_orange_ball_camera = 1.8100m
t=1.0s, distance_white_ball_camera = 3.0735m
t=1.0s, distance_green_ball_camera = 3.0390m",4.6
2840,captured_0054a,lab,V3MC,24,DD,What is the velocity of the pink ball at 1.5s in m/s? ,velocity of the orange ball at 0.5s = 2.21m/s,"t=0.5s, distance_orange_ball_camera = 2.3557m
t=1.0s, distance_orange_ball_camera = 1.8100m
t=1.0s, distance_white_ball_camera = 3.0735m
t=1.0s, distance_green_ball_camera = 3.0390m",4.3
2841,captured_0054a,lab,V3MC,24,DS,What is the distance between the orange ball and the soccer ball at 1.0s in meters? ,velocity of the orange ball at 0.5s = 2.21m/s,"t=0.5s, distance_orange_ball_camera = 2.3557m
t=1.0s, distance_orange_ball_camera = 1.8100m
t=1.0s, distance_white_ball_camera = 3.0735m
t=1.0s, distance_green_ball_camera = 3.0390m",1.7
2842,captured_0054a,lab,V3MC,24,DS,What is the distance between the green ball and the pink ball at 1.0s in meters? ,velocity of the orange ball at 0.5s = 2.21m/s,"t=0.5s, distance_orange_ball_camera = 2.3557m
t=1.0s, distance_orange_ball_camera = 1.8100m
t=1.0s, distance_white_ball_camera = 3.0735m
t=1.0s, distance_green_ball_camera = 3.0390m",0.17
2843,captured_0054as,lab,V3MS,24,DS,What is the orange ball's displacement between 0.5s and 1.0s in meters? ,velocity of the orange ball at 0.5s = 2.21m/s,"t=0.5s, distance_orange_ball_camera = 2.3557m
t=1.0s, distance_orange_ball_camera = 1.8100m
t=1.0s, distance_white_ball_camera = 3.0735m
t=1.0s, distance_green_ball_camera = 3.0390m",1.16
2844,captured_0054as,lab,V3MS,24,DS,What is the soccer ball's displacement between 1.0s and 1.4s in meters? ,velocity of the orange ball at 0.5s = 2.21m/s,"t=0.5s, distance_orange_ball_camera = 2.3557m
t=1.0s, distance_orange_ball_camera = 1.8100m
t=1.0s, distance_white_ball_camera = 3.0735m
t=1.0s, distance_green_ball_camera = 3.0390m",0.46
2845,captured_0054as,lab,V3MS,24,DS,What is the soccer ball's diameter in cm? ,velocity of the orange ball at 0.5s = 2.21m/s,"t=0.5s, distance_orange_ball_camera = 2.3557m
t=1.0s, distance_orange_ball_camera = 1.8100m
t=1.0s, distance_white_ball_camera = 3.0735m
t=1.0s, distance_green_ball_camera = 3.0390m",27.0
2846,captured_0054as,lab,V3MS,24,DS,What is the orange ball's diameter in cm? ,velocity of the orange ball at 0.5s = 2.21m/s,"t=0.5s, distance_orange_ball_camera = 2.3557m
t=1.0s, distance_orange_ball_camera = 1.8100m
t=1.0s, distance_white_ball_camera = 3.0735m
t=1.0s, distance_green_ball_camera = 3.0390m",29.0
2847,captured_0054as,lab,V3MS,24,DS,What is the white ball's diameter in cm? ,velocity of the orange ball at 0.5s = 2.21m/s,"t=0.5s, distance_orange_ball_camera = 2.3557m
t=1.0s, distance_orange_ball_camera = 1.8100m
t=1.0s, distance_white_ball_camera = 3.0735m
t=1.0s, distance_green_ball_camera = 3.0390m",9.5
2848,captured_0054as,lab,V3MS,24,DD,What is the soccer ball's velocity at 0.5s in m/s? ,velocity of the orange ball at 0.5s = 2.21m/s,"t=0.5s, distance_orange_ball_camera = 2.3557m
t=1.0s, distance_orange_ball_camera = 1.8100m
t=1.0s, distance_white_ball_camera = 3.0735m
t=1.0s, distance_green_ball_camera = 3.0390m",0.01
2849,captured_0054as,lab,V3MS,24,DD,What is the velocity of the green ball at 1.0s in m/s? ,velocity of the orange ball at 0.5s = 2.21m/s,"t=0.5s, distance_orange_ball_camera = 2.3557m
t=1.0s, distance_orange_ball_camera = 1.8100m
t=1.0s, distance_white_ball_camera = 3.0735m
t=1.0s, distance_green_ball_camera = 3.0390m",1.7
2850,captured_0054as,lab,V3MS,24,DD,What is the velocity of the white ball at 1.0s in m/s? ,velocity of the orange ball at 0.5s = 2.21m/s,"t=0.5s, distance_orange_ball_camera = 2.3557m
t=1.0s, distance_orange_ball_camera = 1.8100m
t=1.0s, distance_white_ball_camera = 3.0735m
t=1.0s, distance_green_ball_camera = 3.0390m",1.5
2851,captured_0054as,lab,V3MS,24,DD,What is the velocity of the green ball at 1.5s in m/s? ,velocity of the orange ball at 0.5s = 2.21m/s,"t=0.5s, distance_orange_ball_camera = 2.3557m
t=1.0s, distance_orange_ball_camera = 1.8100m
t=1.0s, distance_white_ball_camera = 3.0735m
t=1.0s, distance_green_ball_camera = 3.0390m",5.5
2852,captured_0054as,lab,V3MS,24,DD,What is the velocity of the white ball at 1.5s in m/s? ,velocity of the orange ball at 0.5s = 2.21m/s,"t=0.5s, distance_orange_ball_camera = 2.3557m
t=1.0s, distance_orange_ball_camera = 1.8100m
t=1.0s, distance_white_ball_camera = 3.0735m
t=1.0s, distance_green_ball_camera = 3.0390m",5.0
2853,captured_0054as,lab,V3MS,24,DS,What is the distance between the orange ball and the soccer ball at 1.0s in meters? ,velocity of the orange ball at 0.5s = 2.21m/s,"t=0.5s, distance_orange_ball_camera = 2.3557m
t=1.0s, distance_orange_ball_camera = 1.8100m
t=1.0s, distance_white_ball_camera = 3.0735m
t=1.0s, distance_green_ball_camera = 3.0390m",1.8
2854,captured_0054as,lab,V3MS,24,DS,What is the distance between the green ball and the white ball at 1.0s in meters? ,velocity of the orange ball at 0.5s = 2.21m/s,"t=0.5s, distance_orange_ball_camera = 2.3557m
t=1.0s, distance_orange_ball_camera = 1.8100m
t=1.0s, distance_white_ball_camera = 3.0735m
t=1.0s, distance_green_ball_camera = 3.0390m",0.18
2855,captured_0054ax,lab,V3MX,24,DS,What is the orange ball's displacement between 0.5s and 1.0s in meters? ,velocity of the orange ball at 0.5s = 2.21m/s,"t=0.5s, distance_orange_ball_camera = 2.3557m
t=1.0s, distance_orange_ball_camera = 1.8100m
t=1.0s, distance_white_ball_camera = 3.0735m
t=1.0s, distance_green_ball_camera = 3.0390m",1.08
2856,captured_0054ax,lab,V3MX,24,DS,What is the soccer ball's displacement between 1.0s and 1.4s in meters? ,velocity of the orange ball at 0.5s = 2.21m/s,"t=0.5s, distance_orange_ball_camera = 2.3557m
t=1.0s, distance_orange_ball_camera = 1.8100m
t=1.0s, distance_white_ball_camera = 3.0735m
t=1.0s, distance_green_ball_camera = 3.0390m",0.36
2857,captured_0054ax,lab,V3MX,24,DS,What is the white ball's diameter in cm? ,velocity of the orange ball at 0.5s = 2.21m/s,"t=0.5s, distance_orange_ball_camera = 2.3557m
t=1.0s, distance_orange_ball_camera = 1.8100m
t=1.0s, distance_white_ball_camera = 3.0735m
t=1.0s, distance_green_ball_camera = 3.0390m",7.5
2858,captured_0054ax,lab,V3MX,24,DS,What is the orange ball's diameter in cm? ,velocity of the orange ball at 0.5s = 2.21m/s,"t=0.5s, distance_orange_ball_camera = 2.3557m
t=1.0s, distance_orange_ball_camera = 1.8100m
t=1.0s, distance_white_ball_camera = 3.0735m
t=1.0s, distance_green_ball_camera = 3.0390m",27.0
2859,captured_0054ax,lab,V3MX,24,DD,What is the soccer ball's velocity at 0.5s in m/s? ,velocity of the orange ball at 0.5s = 2.21m/s,"t=0.5s, distance_orange_ball_camera = 2.3557m
t=1.0s, distance_orange_ball_camera = 1.8100m
t=1.0s, distance_white_ball_camera = 3.0735m
t=1.0s, distance_green_ball_camera = 3.0390m",0.02
2860,captured_0054ax,lab,V3MX,24,DD,What is the velocity of the green ball at 1.0s in m/s? ,velocity of the orange ball at 0.5s = 2.21m/s,"t=0.5s, distance_orange_ball_camera = 2.3557m
t=1.0s, distance_orange_ball_camera = 1.8100m
t=1.0s, distance_white_ball_camera = 3.0735m
t=1.0s, distance_green_ball_camera = 3.0390m",1.4
2861,captured_0054ax,lab,V3MX,24,DD,What is the velocity of the white ball at 1.0s in m/s? ,velocity of the orange ball at 0.5s = 2.21m/s,"t=0.5s, distance_orange_ball_camera = 2.3557m
t=1.0s, distance_orange_ball_camera = 1.8100m
t=1.0s, distance_white_ball_camera = 3.0735m
t=1.0s, distance_green_ball_camera = 3.0390m",1.43
2862,captured_0054ax,lab,V3MX,24,DD,What is the velocity of the green ball at 1.5s in m/s? ,velocity of the orange ball at 0.5s = 2.21m/s,"t=0.5s, distance_orange_ball_camera = 2.3557m
t=1.0s, distance_orange_ball_camera = 1.8100m
t=1.0s, distance_white_ball_camera = 3.0735m
t=1.0s, distance_green_ball_camera = 3.0390m",5.5
2863,captured_0054ax,lab,V3MX,24,DD,What is the velocity of the pink ball at 1.5s in m/s? ,velocity of the orange ball at 0.5s = 2.21m/s,"t=0.5s, distance_orange_ball_camera = 2.3557m
t=1.0s, distance_orange_ball_camera = 1.8100m
t=1.0s, distance_white_ball_camera = 3.0735m
t=1.0s, distance_green_ball_camera = 3.0390m",5.0
2864,captured_0054ax,lab,V3MX,24,DS,What is the distance between the orange ball and the soccer ball at 1.0s in meters? ,velocity of the orange ball at 0.5s = 2.21m/s,"t=0.5s, distance_orange_ball_camera = 2.3557m
t=1.0s, distance_orange_ball_camera = 1.8100m
t=1.0s, distance_white_ball_camera = 3.0735m
t=1.0s, distance_green_ball_camera = 3.0390m",1.72
2865,captured_0054ax,lab,V3MX,24,DS,What is the distance between the green ball and the white ball at 1.0s in meters? ,velocity of the orange ball at 0.5s = 2.21m/s,"t=0.5s, distance_orange_ball_camera = 2.3557m
t=1.0s, distance_orange_ball_camera = 1.8100m
t=1.0s, distance_white_ball_camera = 3.0735m
t=1.0s, distance_green_ball_camera = 3.0390m",0.167
2866,captured_0054b,lab,V3MC,24,DS,What is the orange ball's displacement between 0.5s and 1.0s in meters? ,velocity of the orange ball at 0.5s = 2.21m/s,"t=0.5s, distance_orange_ball_camera = 2.2400m
t=1.0s, distance_orange_ball_camera = 1.8100m
t=1.0s, distance_white_ball_camera = 1.2350m
t=1.0s, distance_green_ball_camera = 1.3310m
t=2.0s, distance_soccer_ball_camera = 3.2540m",0.96
2867,captured_0054b,lab,V3MC,24,DS,What is the soccer ball's displacement between 1.0s and 1.4s in meters? ,velocity of the orange ball at 0.5s = 2.21m/s,"t=0.5s, distance_orange_ball_camera = 2.2400m
t=1.0s, distance_orange_ball_camera = 1.8100m
t=1.0s, distance_white_ball_camera = 1.2350m
t=1.0s, distance_green_ball_camera = 1.3310m
t=2.0s, distance_soccer_ball_camera = 3.2540m",0.55
2868,captured_0054b,lab,V3MC,24,DS,What is the soccer ball's diameter in cm? ,velocity of the orange ball at 0.5s = 2.21m/s,"t=0.5s, distance_orange_ball_camera = 2.2400m
t=1.0s, distance_orange_ball_camera = 1.8100m
t=1.0s, distance_white_ball_camera = 1.2350m
t=1.0s, distance_green_ball_camera = 1.3310m
t=2.0s, distance_soccer_ball_camera = 3.2540m",22.5
2869,captured_0054b,lab,V3MC,24,DS,What is the orange ball's diameter in cm? ,velocity of the orange ball at 0.5s = 2.21m/s,"t=0.5s, distance_orange_ball_camera = 2.2400m
t=1.0s, distance_orange_ball_camera = 1.8100m
t=1.0s, distance_white_ball_camera = 1.2350m
t=1.0s, distance_green_ball_camera = 1.3310m
t=2.0s, distance_soccer_ball_camera = 3.2540m",24.0
2870,captured_0054b,lab,V3MC,24,DS,What is the white ball's diameter in cm? ,velocity of the orange ball at 0.5s = 2.21m/s,"t=0.5s, distance_orange_ball_camera = 2.2400m
t=1.0s, distance_orange_ball_camera = 1.8100m
t=1.0s, distance_white_ball_camera = 1.2350m
t=1.0s, distance_green_ball_camera = 1.3310m
t=2.0s, distance_soccer_ball_camera = 3.2540m",7.0
2871,captured_0054b,lab,V3MC,24,DD,What is the soccer ball's velocity at 0.5s in m/s? ,velocity of the orange ball at 0.5s = 2.21m/s,"t=0.5s, distance_orange_ball_camera = 2.2400m
t=1.0s, distance_orange_ball_camera = 1.8100m
t=1.0s, distance_white_ball_camera = 1.2350m
t=1.0s, distance_green_ball_camera = 1.3310m
t=2.0s, distance_soccer_ball_camera = 3.2540m",0.05
2872,captured_0054b,lab,V3MC,24,DD,What is the velocity of the green ball at 1.0s in m/s? ,velocity of the orange ball at 0.5s = 2.21m/s,"t=0.5s, distance_orange_ball_camera = 2.2400m
t=1.0s, distance_orange_ball_camera = 1.8100m
t=1.0s, distance_white_ball_camera = 1.2350m
t=1.0s, distance_green_ball_camera = 1.3310m
t=2.0s, distance_soccer_ball_camera = 3.2540m",2.8
2873,captured_0054b,lab,V3MC,24,DD,What is the velocity of the white ball at 1.0s in m/s? ,velocity of the orange ball at 0.5s = 2.21m/s,"t=0.5s, distance_orange_ball_camera = 2.2400m
t=1.0s, distance_orange_ball_camera = 1.8100m
t=1.0s, distance_white_ball_camera = 1.2350m
t=1.0s, distance_green_ball_camera = 1.3310m
t=2.0s, distance_soccer_ball_camera = 3.2540m",2.5
2874,captured_0054b,lab,V3MC,24,DD,What is the velocity of the green ball at 1.5s in m/s? ,velocity of the orange ball at 0.5s = 2.21m/s,"t=0.5s, distance_orange_ball_camera = 2.2400m
t=1.0s, distance_orange_ball_camera = 1.8100m
t=1.0s, distance_white_ball_camera = 1.2350m
t=1.0s, distance_green_ball_camera = 1.3310m
t=2.0s, distance_soccer_ball_camera = 3.2540m",3.8
2875,captured_0054b,lab,V3MC,24,DD,What is the velocity of the white ball at 1.5s in m/s? ,velocity of the orange ball at 0.5s = 2.21m/s,"t=0.5s, distance_orange_ball_camera = 2.2400m
t=1.0s, distance_orange_ball_camera = 1.8100m
t=1.0s, distance_white_ball_camera = 1.2350m
t=1.0s, distance_green_ball_camera = 1.3310m
t=2.0s, distance_soccer_ball_camera = 3.2540m",3.4
2876,captured_0054b,lab,V3MC,24,DS,What is the distance between the orange ball and the soccer ball at 1.0s in meters? ,velocity of the orange ball at 0.5s = 2.21m/s,"t=0.5s, distance_orange_ball_camera = 2.2400m
t=1.0s, distance_orange_ball_camera = 1.8100m
t=1.0s, distance_white_ball_camera = 1.2350m
t=1.0s, distance_green_ball_camera = 1.3310m
t=2.0s, distance_soccer_ball_camera = 3.2540m",2.0
2877,captured_0054b,lab,V3MC,24,DS,What is the distance between the green ball and the white ball at 1.0s in meters? ,velocity of the orange ball at 0.5s = 2.21m/s,"t=0.5s, distance_orange_ball_camera = 2.2400m
t=1.0s, distance_orange_ball_camera = 1.8100m
t=1.0s, distance_white_ball_camera = 1.2350m
t=1.0s, distance_green_ball_camera = 1.3310m
t=2.0s, distance_soccer_ball_camera = 3.2540m",0.21
2878,captured_0054bs,lab,V3MS,24,DS,What is the orange ball's displacement between 0.5s and 1.0s in meters? ,velocity of the orange ball at 0.5s = 2.21m/s,"t=0.5s, distance_orange_ball_camera = 2.2400m
t=1.0s, distance_orange_ball_camera = 1.8100m
t=1.0s, distance_white_ball_camera = 1.2350m
t=1.0s, distance_green_ball_camera = 1.3310m
t=2.0s, distance_soccer_ball_camera = 3.2540m",0.95
2879,captured_0054bs,lab,V3MS,24,DS,What is the soccer ball's displacement between 1.0s and 1.4s in meters? ,velocity of the orange ball at 0.5s = 2.21m/s,"t=0.5s, distance_orange_ball_camera = 2.2400m
t=1.0s, distance_orange_ball_camera = 1.8100m
t=1.0s, distance_white_ball_camera = 1.2350m
t=1.0s, distance_green_ball_camera = 1.3310m
t=2.0s, distance_soccer_ball_camera = 3.2540m",0.6
2880,captured_0054bs,lab,V3MS,24,DS,What is the soccer ball's diameter in cm? ,velocity of the orange ball at 0.5s = 2.21m/s,"t=0.5s, distance_orange_ball_camera = 2.2400m
t=1.0s, distance_orange_ball_camera = 1.8100m
t=1.0s, distance_white_ball_camera = 1.2350m
t=1.0s, distance_green_ball_camera = 1.3310m
t=2.0s, distance_soccer_ball_camera = 3.2540m",26.0
2881,captured_0054bs,lab,V3MS,24,DS,What is the orange ball's diameter in cm? ,velocity of the orange ball at 0.5s = 2.21m/s,"t=0.5s, distance_orange_ball_camera = 2.2400m
t=1.0s, distance_orange_ball_camera = 1.8100m
t=1.0s, distance_white_ball_camera = 1.2350m
t=1.0s, distance_green_ball_camera = 1.3310m
t=2.0s, distance_soccer_ball_camera = 3.2540m",24.5
2882,captured_0054bs,lab,V3MS,24,DS,What is the white ball's diameter in cm? ,velocity of the orange ball at 0.5s = 2.21m/s,"t=0.5s, distance_orange_ball_camera = 2.2400m
t=1.0s, distance_orange_ball_camera = 1.8100m
t=1.0s, distance_white_ball_camera = 1.2350m
t=1.0s, distance_green_ball_camera = 1.3310m
t=2.0s, distance_soccer_ball_camera = 3.2540m",9.0
2883,captured_0054bs,lab,V3MS,24,DD,What is the soccer ball's velocity at 0.5s in m/s? ,velocity of the orange ball at 0.5s = 2.21m/s,"t=0.5s, distance_orange_ball_camera = 2.2400m
t=1.0s, distance_orange_ball_camera = 1.8100m
t=1.0s, distance_white_ball_camera = 1.2350m
t=1.0s, distance_green_ball_camera = 1.3310m
t=2.0s, distance_soccer_ball_camera = 3.2540m",0.2
2884,captured_0054bs,lab,V3MS,24,DD,What is the velocity of the green ball at 1.0s in m/s? ,velocity of the orange ball at 0.5s = 2.21m/s,"t=0.5s, distance_orange_ball_camera = 2.2400m
t=1.0s, distance_orange_ball_camera = 1.8100m
t=1.0s, distance_white_ball_camera = 1.2350m
t=1.0s, distance_green_ball_camera = 1.3310m
t=2.0s, distance_soccer_ball_camera = 3.2540m",3.0
2885,captured_0054bs,lab,V3MS,24,DD,What is the velocity of the white ball at 1.0s in m/s? ,velocity of the orange ball at 0.5s = 2.21m/s,"t=0.5s, distance_orange_ball_camera = 2.2400m
t=1.0s, distance_orange_ball_camera = 1.8100m
t=1.0s, distance_white_ball_camera = 1.2350m
t=1.0s, distance_green_ball_camera = 1.3310m
t=2.0s, distance_soccer_ball_camera = 3.2540m",2.6
2886,captured_0054bs,lab,V3MS,24,DD,What is the velocity of the green ball at 1.5s in m/s? ,velocity of the orange ball at 0.5s = 2.21m/s,"t=0.5s, distance_orange_ball_camera = 2.2400m
t=1.0s, distance_orange_ball_camera = 1.8100m
t=1.0s, distance_white_ball_camera = 1.2350m
t=1.0s, distance_green_ball_camera = 1.3310m
t=2.0s, distance_soccer_ball_camera = 3.2540m",3.5
2887,captured_0054bs,lab,V3MS,24,DD,What is the velocity of the white ball at 1.5s in m/s? ,velocity of the orange ball at 0.5s = 2.21m/s,"t=0.5s, distance_orange_ball_camera = 2.2400m
t=1.0s, distance_orange_ball_camera = 1.8100m
t=1.0s, distance_white_ball_camera = 1.2350m
t=1.0s, distance_green_ball_camera = 1.3310m
t=2.0s, distance_soccer_ball_camera = 3.2540m",3.3
2888,captured_0054bs,lab,V3MS,24,DS,What is the distance between the orange ball and the soccer ball at 1.0s in meters? ,velocity of the orange ball at 0.5s = 2.21m/s,"t=0.5s, distance_orange_ball_camera = 2.2400m
t=1.0s, distance_orange_ball_camera = 1.8100m
t=1.0s, distance_white_ball_camera = 1.2350m
t=1.0s, distance_green_ball_camera = 1.3310m
t=2.0s, distance_soccer_ball_camera = 3.2540m",2.3
2889,captured_0054bs,lab,V3MS,24,DS,What is the distance between the green ball and the white ball at 1.0s in meters? ,velocity of the orange ball at 0.5s = 2.21m/s,"t=0.5s, distance_orange_ball_camera = 2.2400m
t=1.0s, distance_orange_ball_camera = 1.8100m
t=1.0s, distance_white_ball_camera = 1.2350m
t=1.0s, distance_green_ball_camera = 1.3310m
t=2.0s, distance_soccer_ball_camera = 3.2540m",0.21
2890,captured_0054bx,lab,V3MX,24,DS,What is the orange ball's displacement between 0.5s and 1.0s in meters? ,velocity of the orange ball at 0.5s = 2.21m/s,"t=0.5s, distance_orange_ball_camera = 2.2400m
t=1.0s, distance_orange_ball_camera = 1.8100m
t=1.0s, distance_white_ball_camera = 1.2350m
t=1.0s, distance_green_ball_camera = 1.3310m
t=2.0s, distance_soccer_ball_camera = 3.2540m",0.9
2891,captured_0054bx,lab,V3MX,24,DS,What is the soccer ball's displacement between 1.0s and 1.4s in meters? ,velocity of the orange ball at 0.5s = 2.21m/s,"t=0.5s, distance_orange_ball_camera = 2.2400m
t=1.0s, distance_orange_ball_camera = 1.8100m
t=1.0s, distance_white_ball_camera = 1.2350m
t=1.0s, distance_green_ball_camera = 1.3310m
t=2.0s, distance_soccer_ball_camera = 3.2540m",0.47
2892,captured_0054bx,lab,V3MX,24,DS,What is the soccer ball's diameter in cm? ,velocity of the orange ball at 0.5s = 2.21m/s,"t=0.5s, distance_orange_ball_camera = 2.2400m
t=1.0s, distance_orange_ball_camera = 1.8100m
t=1.0s, distance_white_ball_camera = 1.2350m
t=1.0s, distance_green_ball_camera = 1.3310m
t=2.0s, distance_soccer_ball_camera = 3.2540m",24.4
2893,captured_0054bx,lab,V3MX,24,DS,What is the orange ball's diameter in cm? ,velocity of the orange ball at 0.5s = 2.21m/s,"t=0.5s, distance_orange_ball_camera = 2.2400m
t=1.0s, distance_orange_ball_camera = 1.8100m
t=1.0s, distance_white_ball_camera = 1.2350m
t=1.0s, distance_green_ball_camera = 1.3310m
t=2.0s, distance_soccer_ball_camera = 3.2540m",24.0
2894,captured_0054bx,lab,V3MX,24,DS,What is the white ball's diameter in cm? ,velocity of the orange ball at 0.5s = 2.21m/s,"t=0.5s, distance_orange_ball_camera = 2.2400m
t=1.0s, distance_orange_ball_camera = 1.8100m
t=1.0s, distance_white_ball_camera = 1.2350m
t=1.0s, distance_green_ball_camera = 1.3310m
t=2.0s, distance_soccer_ball_camera = 3.2540m",7.7
2895,captured_0054bx,lab,V3MX,24,DD,What is the soccer ball's velocity at 0.5s in m/s? ,velocity of the orange ball at 0.5s = 2.21m/s,"t=0.5s, distance_orange_ball_camera = 2.2400m
t=1.0s, distance_orange_ball_camera = 1.8100m
t=1.0s, distance_white_ball_camera = 1.2350m
t=1.0s, distance_green_ball_camera = 1.3310m
t=2.0s, distance_soccer_ball_camera = 3.2540m",0.1
2896,captured_0054bx,lab,V3MX,24,DD,What is the velocity of the green ball at 1.0s in m/s? ,velocity of the orange ball at 0.5s = 2.21m/s,"t=0.5s, distance_orange_ball_camera = 2.2400m
t=1.0s, distance_orange_ball_camera = 1.8100m
t=1.0s, distance_white_ball_camera = 1.2350m
t=1.0s, distance_green_ball_camera = 1.3310m
t=2.0s, distance_soccer_ball_camera = 3.2540m",2.65
2897,captured_0054bx,lab,V3MX,24,DD,What is the velocity of the white ball at 1.0s in m/s? ,velocity of the orange ball at 0.5s = 2.21m/s,"t=0.5s, distance_orange_ball_camera = 2.2400m
t=1.0s, distance_orange_ball_camera = 1.8100m
t=1.0s, distance_white_ball_camera = 1.2350m
t=1.0s, distance_green_ball_camera = 1.3310m
t=2.0s, distance_soccer_ball_camera = 3.2540m",2.37
2898,captured_0054bx,lab,V3MX,24,DD,What is the velocity of the green ball at 1.5s in m/s? ,velocity of the orange ball at 0.5s = 2.21m/s,"t=0.5s, distance_orange_ball_camera = 2.2400m
t=1.0s, distance_orange_ball_camera = 1.8100m
t=1.0s, distance_white_ball_camera = 1.2350m
t=1.0s, distance_green_ball_camera = 1.3310m
t=2.0s, distance_soccer_ball_camera = 3.2540m",2.6
2899,captured_0054bx,lab,V3MX,24,DD,What is the velocity of the white ball at 1.5s in m/s? ,velocity of the orange ball at 0.5s = 2.21m/s,"t=0.5s, distance_orange_ball_camera = 2.2400m
t=1.0s, distance_orange_ball_camera = 1.8100m
t=1.0s, distance_white_ball_camera = 1.2350m
t=1.0s, distance_green_ball_camera = 1.3310m
t=2.0s, distance_soccer_ball_camera = 3.2540m",2.4
2900,captured_0054bx,lab,V3MX,24,DS,What is the distance between the orange ball and the soccer ball at 1.0s in meters? ,velocity of the orange ball at 0.5s = 2.21m/s,"t=0.5s, distance_orange_ball_camera = 2.2400m
t=1.0s, distance_orange_ball_camera = 1.8100m
t=1.0s, distance_white_ball_camera = 1.2350m
t=1.0s, distance_green_ball_camera = 1.3310m
t=2.0s, distance_soccer_ball_camera = 3.2540m",1.5
2901,captured_0054bx,lab,V3MX,24,DS,What is the distance between the green ball and the white ball at 1.0s in meters? ,velocity of the orange ball at 0.5s = 2.21m/s,"t=0.5s, distance_orange_ball_camera = 2.2400m
t=1.0s, distance_orange_ball_camera = 1.8100m
t=1.0s, distance_white_ball_camera = 1.2350m
t=1.0s, distance_green_ball_camera = 1.3310m
t=2.0s, distance_soccer_ball_camera = 3.2540m",0.17
2902,captured_0061,lab,V3MC,24,DS,What is the diameter of the yoga ball in cm? ,velocity of the yoga ball at 0.6s = 2.5104m/s,"t=0.6s, distance_yoga_ball_camera = 2.1330m
t=1.1s, distance_basketball_camera = 2.4200m
t=1.6s, distance_basketball_camera = 1.9015m
t=0.6s, distance_soccer_ball_camera = 1.9370m
t=0.9s, distance_soccer_ball_camera = 1.5850m
",53.0
2903,captured_0061,lab,V3MC,24,DS,What is the diameter of the soccer ball in cm? ,velocity of the yoga ball at 0.6s = 2.5104m/s,"t=0.6s, distance_yoga_ball_camera = 2.1330m
t=1.1s, distance_basketball_camera = 2.4200m
t=1.6s, distance_basketball_camera = 1.9015m
t=0.6s, distance_soccer_ball_camera = 1.9370m
t=0.9s, distance_soccer_ball_camera = 1.5850m
",22.5
2904,captured_0061,lab,V3MC,24,DS,What is the distance between the basketball and the yoga ball at 2.0s in meters?,velocity of the yoga ball at 0.6s = 2.5104m/s,"t=0.6s, distance_yoga_ball_camera = 2.1330m
t=1.1s, distance_basketball_camera = 2.4200m
t=1.6s, distance_basketball_camera = 1.9015m
t=0.6s, distance_soccer_ball_camera = 1.9370m
t=0.9s, distance_soccer_ball_camera = 1.5850m
",1.27
2905,captured_0061,lab,V3MC,24,DD,What is the velocity of the soccer ball at 0.6s in m/s?,velocity of the yoga ball at 0.6s = 2.5104m/s,"t=0.6s, distance_yoga_ball_camera = 2.1330m
t=1.1s, distance_basketball_camera = 2.4200m
t=1.6s, distance_basketball_camera = 1.9015m
t=0.6s, distance_soccer_ball_camera = 1.9370m
t=0.9s, distance_soccer_ball_camera = 1.5850m
",1.9
2906,captured_0061,lab,V3MC,24,DD,What is the velocity of the soccer ball at 0.9s in m/s?,velocity of the yoga ball at 0.6s = 2.5104m/s,"t=0.6s, distance_yoga_ball_camera = 2.1330m
t=1.1s, distance_basketball_camera = 2.4200m
t=1.6s, distance_basketball_camera = 1.9015m
t=0.6s, distance_soccer_ball_camera = 1.9370m
t=0.9s, distance_soccer_ball_camera = 1.5850m
",1.9
2907,captured_0061,lab,V3MC,24,DD,What is the velocity of the basketball at 1.1s in m/s?,velocity of the yoga ball at 0.6s = 2.5104m/s,"t=0.6s, distance_yoga_ball_camera = 2.1330m
t=1.1s, distance_basketball_camera = 2.4200m
t=1.6s, distance_basketball_camera = 1.9015m
t=0.6s, distance_soccer_ball_camera = 1.9370m
t=0.9s, distance_soccer_ball_camera = 1.5850m
",4.0
2908,captured_0061,lab,V3MC,24,DD,What is the velocity of the basketball at 1.6s in m/s?,velocity of the yoga ball at 0.6s = 2.5104m/s,"t=0.6s, distance_yoga_ball_camera = 2.1330m
t=1.1s, distance_basketball_camera = 2.4200m
t=1.6s, distance_basketball_camera = 1.9015m
t=0.6s, distance_soccer_ball_camera = 1.9370m
t=0.9s, distance_soccer_ball_camera = 1.5850m
",0.85
2909,captured_0061s,lab,V3MS,24,DS,What is the diameter of the yoga ball in cm? ,velocity of the yoga ball at 0.6s = 2.5104m/s,"t=0.6s, distance_yoga_ball_camera = 2.1330m
t=1.1s, distance_basketball_camera = 2.4200m
t=1.6s, distance_basketball_camera = 1.9015m
t=0.6s, distance_soccer_ball_camera = 1.9370m
t=0.9s, distance_soccer_ball_camera = 1.5850m
",55.6
2910,captured_0061s,lab,V3MS,24,DS,What is the diameter of the soccer ball in cm? ,velocity of the yoga ball at 0.6s = 2.5104m/s,"t=0.6s, distance_yoga_ball_camera = 2.1330m
t=1.1s, distance_basketball_camera = 2.4200m
t=1.6s, distance_basketball_camera = 1.9015m
t=0.6s, distance_soccer_ball_camera = 1.9370m
t=0.9s, distance_soccer_ball_camera = 1.5850m
",26.0
2911,captured_0061s,lab,V3MS,24,DS,What is the distance between the basketball and the yoga ball at 2.0s in meters?,velocity of the yoga ball at 0.6s = 2.5104m/s,"t=0.6s, distance_yoga_ball_camera = 2.1330m
t=1.1s, distance_basketball_camera = 2.4200m
t=1.6s, distance_basketball_camera = 1.9015m
t=0.6s, distance_soccer_ball_camera = 1.9370m
t=0.9s, distance_soccer_ball_camera = 1.5850m
",1.31
2912,captured_0061s,lab,V3MS,24,DD,What is the velocity of the soccer ball at 0.6s in m/s?,velocity of the yoga ball at 0.6s = 2.5104m/s,"t=0.6s, distance_yoga_ball_camera = 2.1330m
t=1.1s, distance_basketball_camera = 2.4200m
t=1.6s, distance_basketball_camera = 1.9015m
t=0.6s, distance_soccer_ball_camera = 1.9370m
t=0.9s, distance_soccer_ball_camera = 1.5850m
",2.03
2913,captured_0061s,lab,V3MS,24,DD,What is the velocity of the soccer ball at 0.9s in m/s?,velocity of the yoga ball at 0.6s = 2.5104m/s,"t=0.6s, distance_yoga_ball_camera = 2.1330m
t=1.1s, distance_basketball_camera = 2.4200m
t=1.6s, distance_basketball_camera = 1.9015m
t=0.6s, distance_soccer_ball_camera = 1.9370m
t=0.9s, distance_soccer_ball_camera = 1.5850m
",2.01
2914,captured_0061s,lab,V3MS,24,DD,What is the velocity of the basketball at 1.1s in m/s?,velocity of the yoga ball at 0.6s = 2.5104m/s,"t=0.6s, distance_yoga_ball_camera = 2.1330m
t=1.1s, distance_basketball_camera = 2.4200m
t=1.6s, distance_basketball_camera = 1.9015m
t=0.6s, distance_soccer_ball_camera = 1.9370m
t=0.9s, distance_soccer_ball_camera = 1.5850m
",3.9
2915,captured_0061s,lab,V3MS,24,DD,What is the velocity of the basketball at 1.6s in m/s?,velocity of the yoga ball at 0.6s = 2.5104m/s,"t=0.6s, distance_yoga_ball_camera = 2.1330m
t=1.1s, distance_basketball_camera = 2.4200m
t=1.6s, distance_basketball_camera = 1.9015m
t=0.6s, distance_soccer_ball_camera = 1.9370m
t=0.9s, distance_soccer_ball_camera = 1.5850m
",1.0
2916,captured_0061x,lab,V3MX,24,DS,What is the diameter of the yoga ball in cm? ,velocity of the yoga ball at 0.6s = 2.5104m/s,"t=0.6s, distance_yoga_ball_camera = 2.1330m
t=1.1s, distance_basketball_camera = 2.4200m
t=1.6s, distance_basketball_camera = 1.9015m
t=0.6s, distance_soccer_ball_camera = 1.9370m
t=0.9s, distance_soccer_ball_camera = 1.5850m
",56.0
2917,captured_0061x,lab,V3MX,24,DS,What is the diameter of the soccer ball in cm? ,velocity of the yoga ball at 0.6s = 2.5104m/s,"t=0.6s, distance_yoga_ball_camera = 2.1330m
t=1.1s, distance_basketball_camera = 2.4200m
t=1.6s, distance_basketball_camera = 1.9015m
t=0.6s, distance_soccer_ball_camera = 1.9370m
t=0.9s, distance_soccer_ball_camera = 1.5850m
",24.0
2918,captured_0061x,lab,V3MX,24,DS,What is the distance between the basketball and the yoga ball at 2.0s in meters?,velocity of the yoga ball at 0.6s = 2.5104m/s,"t=0.6s, distance_yoga_ball_camera = 2.1330m
t=1.1s, distance_basketball_camera = 2.4200m
t=1.6s, distance_basketball_camera = 1.9015m
t=0.6s, distance_soccer_ball_camera = 1.9370m
t=0.9s, distance_soccer_ball_camera = 1.5850m
",1.39
2919,captured_0061x,lab,V3MX,24,DD,What is the velocity of the soccer ball at 0.6s in m/s?,velocity of the yoga ball at 0.6s = 2.5104m/s,"t=0.6s, distance_yoga_ball_camera = 2.1330m
t=1.1s, distance_basketball_camera = 2.4200m
t=1.6s, distance_basketball_camera = 1.9015m
t=0.6s, distance_soccer_ball_camera = 1.9370m
t=0.9s, distance_soccer_ball_camera = 1.5850m
",2.1
2920,captured_0061x,lab,V3MX,24,DD,What is the velocity of the soccer ball at 0.9s in m/s?,velocity of the yoga ball at 0.6s = 2.5104m/s,"t=0.6s, distance_yoga_ball_camera = 2.1330m
t=1.1s, distance_basketball_camera = 2.4200m
t=1.6s, distance_basketball_camera = 1.9015m
t=0.6s, distance_soccer_ball_camera = 1.9370m
t=0.9s, distance_soccer_ball_camera = 1.5850m
",2.5
2921,captured_0061x,lab,V3MX,24,DD,What is the velocity of the basketball at 1.1s in m/s?,velocity of the yoga ball at 0.6s = 2.5104m/s,"t=0.6s, distance_yoga_ball_camera = 2.1330m
t=1.1s, distance_basketball_camera = 2.4200m
t=1.6s, distance_basketball_camera = 1.9015m
t=0.6s, distance_soccer_ball_camera = 1.9370m
t=0.9s, distance_soccer_ball_camera = 1.5850m
",4.6
2922,captured_0061x,lab,V3MX,24,DD,What is the velocity of the basketball at 1.6s in m/s?,velocity of the yoga ball at 0.6s = 2.5104m/s,"t=0.6s, distance_yoga_ball_camera = 2.1330m
t=1.1s, distance_basketball_camera = 2.4200m
t=1.6s, distance_basketball_camera = 1.9015m
t=0.6s, distance_soccer_ball_camera = 1.9370m
t=0.9s, distance_soccer_ball_camera = 1.5850m
",1.0
2923,captured_0062,lab,V3MC,24,DS,What is the length of the whiteboard in cm? ,velocity of the whiteboard at 1.4s = 1.9339m/s,"t=1.4s, distance_white_board_camera = 2.8150m
distance_blue_shopping_bag_camera = 3.3070m
distance_white_box_camera = 2.0820m
distance_trashbin_camera = 2.3030m
distance_mario_toy_camera = 2.0160m",95.0
2924,captured_0062,lab,V3MC,24,DS,What is the width of the whiteboard in cm? ,velocity of the whiteboard at 1.4s = 1.9339m/s,"t=1.4s, distance_white_board_camera = 2.8150m
distance_blue_shopping_bag_camera = 3.3070m
distance_white_box_camera = 2.0820m
distance_trashbin_camera = 2.3030m
distance_mario_toy_camera = 2.0160m",54.0
2925,captured_0062,lab,V3MC,24,DS,What is the length of the blue shoppingbag in cm? ,velocity of the whiteboard at 1.4s = 1.9339m/s,"t=1.4s, distance_white_board_camera = 2.8150m
distance_blue_shopping_bag_camera = 3.3070m
distance_white_box_camera = 2.0820m
distance_trashbin_camera = 2.3030m
distance_mario_toy_camera = 2.0160m",63.0
2926,captured_0062,lab,V3MC,24,DS,What is the width of the blue shoppingbag in cm? ,velocity of the whiteboard at 1.4s = 1.9339m/s,"t=1.4s, distance_white_board_camera = 2.8150m
distance_blue_shopping_bag_camera = 3.3070m
distance_white_box_camera = 2.0820m
distance_trashbin_camera = 2.3030m
distance_mario_toy_camera = 2.0160m",17.0
2927,captured_0062,lab,V3MC,24,DS,What is the length of the white box in cm? ,velocity of the whiteboard at 1.4s = 1.9339m/s,"t=1.4s, distance_white_board_camera = 2.8150m
distance_blue_shopping_bag_camera = 3.3070m
distance_white_box_camera = 2.0820m
distance_trashbin_camera = 2.3030m
distance_mario_toy_camera = 2.0160m",22.5
2928,captured_0062,lab,V3MC,24,DS,What is the width of the white box in cm? ,velocity of the whiteboard at 1.4s = 1.9339m/s,"t=1.4s, distance_white_board_camera = 2.8150m
distance_blue_shopping_bag_camera = 3.3070m
distance_white_box_camera = 2.0820m
distance_trashbin_camera = 2.3030m
distance_mario_toy_camera = 2.0160m",8.0
2929,captured_0062,lab,V3MC,24,DS,What is the height of the mario toy in cm? ,velocity of the whiteboard at 1.4s = 1.9339m/s,"t=1.4s, distance_white_board_camera = 2.8150m
distance_blue_shopping_bag_camera = 3.3070m
distance_white_box_camera = 2.0820m
distance_trashbin_camera = 2.3030m
distance_mario_toy_camera = 2.0160m",34.0
2930,captured_0062,lab,V3MC,24,DS,What is the height of the trashbin in cm? ,velocity of the whiteboard at 1.4s = 1.9339m/s,"t=1.4s, distance_white_board_camera = 2.8150m
distance_blue_shopping_bag_camera = 3.3070m
distance_white_box_camera = 2.0820m
distance_trashbin_camera = 2.3030m
distance_mario_toy_camera = 2.0160m",35.6
2931,captured_0062s,lab,V3MS,24,DS,What is the length of the whiteboard in cm? ,velocity of the whiteboard at 1.4s = 1.9339m/s,"t=1.4s, distance_white_board_camera = 2.8150m
distance_blue_shopping_bag_camera = 3.3070m
distance_white_box_camera = 2.0820m
distance_trashbin_camera = 2.3030m
distance_mario_toy_camera = 2.0160m",128.0
2932,captured_0062s,lab,V3MS,24,DS,What is the width of the whiteboard in cm? ,velocity of the whiteboard at 1.4s = 1.9339m/s,"t=1.4s, distance_white_board_camera = 2.8150m
distance_blue_shopping_bag_camera = 3.3070m
distance_white_box_camera = 2.0820m
distance_trashbin_camera = 2.3030m
distance_mario_toy_camera = 2.0160m",65.0
2933,captured_0062s,lab,V3MS,24,DS,What is the length of the blue shoppingbag in cm? ,velocity of the whiteboard at 1.4s = 1.9339m/s,"t=1.4s, distance_white_board_camera = 2.8150m
distance_blue_shopping_bag_camera = 3.3070m
distance_white_box_camera = 2.0820m
distance_trashbin_camera = 2.3030m
distance_mario_toy_camera = 2.0160m",80.0
2934,captured_0062s,lab,V3MS,24,DS,What is the width of the blue shoppingbag in cm? ,velocity of the whiteboard at 1.4s = 1.9339m/s,"t=1.4s, distance_white_board_camera = 2.8150m
distance_blue_shopping_bag_camera = 3.3070m
distance_white_box_camera = 2.0820m
distance_trashbin_camera = 2.3030m
distance_mario_toy_camera = 2.0160m",44.0
2935,captured_0062s,lab,V3MS,24,DS,What is the length of the white box in cm? ,velocity of the whiteboard at 1.4s = 1.9339m/s,"t=1.4s, distance_white_board_camera = 2.8150m
distance_blue_shopping_bag_camera = 3.3070m
distance_white_box_camera = 2.0820m
distance_trashbin_camera = 2.3030m
distance_mario_toy_camera = 2.0160m",26.0
2936,captured_0062s,lab,V3MS,24,DS,What is the width of the white box in cm? ,velocity of the whiteboard at 1.4s = 1.9339m/s,"t=1.4s, distance_white_board_camera = 2.8150m
distance_blue_shopping_bag_camera = 3.3070m
distance_white_box_camera = 2.0820m
distance_trashbin_camera = 2.3030m
distance_mario_toy_camera = 2.0160m",11.0
2937,captured_0062s,lab,V3MS,24,DS,What is the height of the mario toy in cm? ,velocity of the whiteboard at 1.4s = 1.9339m/s,"t=1.4s, distance_white_board_camera = 2.8150m
distance_blue_shopping_bag_camera = 3.3070m
distance_white_box_camera = 2.0820m
distance_trashbin_camera = 2.3030m
distance_mario_toy_camera = 2.0160m",46.0
2938,captured_0062s,lab,V3MS,24,DS,What is the height of the trashbin in cm? ,velocity of the whiteboard at 1.4s = 1.9339m/s,"t=1.4s, distance_white_board_camera = 2.8150m
distance_blue_shopping_bag_camera = 3.3070m
distance_white_box_camera = 2.0820m
distance_trashbin_camera = 2.3030m
distance_mario_toy_camera = 2.0160m",46.0
2939,captured_0062x,lab,V3MX,24,DS,What is the length of the whiteboard in cm? ,velocity of the whiteboard at 1.4s = 1.9339m/s,"t=1.4s, distance_white_board_camera = 2.8150m
distance_blue_shopping_bag_camera = 3.3070m
distance_white_box_camera = 2.0820m
distance_trashbin_camera = 2.3030m
distance_mario_toy_camera = 2.0160m",129.0
2940,captured_0062x,lab,V3MX,24,DS,What is the width of the whiteboard in cm? ,velocity of the whiteboard at 1.4s = 1.9339m/s,"t=1.4s, distance_white_board_camera = 2.8150m
distance_blue_shopping_bag_camera = 3.3070m
distance_white_box_camera = 2.0820m
distance_trashbin_camera = 2.3030m
distance_mario_toy_camera = 2.0160m",69.0
2941,captured_0062x,lab,V3MX,24,DS,What is the length of the blue shoppingbag in cm? ,velocity of the whiteboard at 1.4s = 1.9339m/s,"t=1.4s, distance_white_board_camera = 2.8150m
distance_blue_shopping_bag_camera = 3.3070m
distance_white_box_camera = 2.0820m
distance_trashbin_camera = 2.3030m
distance_mario_toy_camera = 2.0160m",84.0
2942,captured_0062x,lab,V3MX,24,DS,What is the width of the blue shoppingbag in cm? ,velocity of the whiteboard at 1.4s = 1.9339m/s,"t=1.4s, distance_white_board_camera = 2.8150m
distance_blue_shopping_bag_camera = 3.3070m
distance_white_box_camera = 2.0820m
distance_trashbin_camera = 2.3030m
distance_mario_toy_camera = 2.0160m",30.0
2943,captured_0062x,lab,V3MX,24,DS,What is the length of the white box in cm? ,velocity of the whiteboard at 1.4s = 1.9339m/s,"t=1.4s, distance_white_board_camera = 2.8150m
distance_blue_shopping_bag_camera = 3.3070m
distance_white_box_camera = 2.0820m
distance_trashbin_camera = 2.3030m
distance_mario_toy_camera = 2.0160m",27.0
2944,captured_0062x,lab,V3MX,24,DS,What is the width of the white box in cm? ,velocity of the whiteboard at 1.4s = 1.9339m/s,"t=1.4s, distance_white_board_camera = 2.8150m
distance_blue_shopping_bag_camera = 3.3070m
distance_white_box_camera = 2.0820m
distance_trashbin_camera = 2.3030m
distance_mario_toy_camera = 2.0160m",12.0
2945,captured_0062x,lab,V3MX,24,DS,What is the height of the mario toy in cm? ,velocity of the whiteboard at 1.4s = 1.9339m/s,"t=1.4s, distance_white_board_camera = 2.8150m
distance_blue_shopping_bag_camera = 3.3070m
distance_white_box_camera = 2.0820m
distance_trashbin_camera = 2.3030m
distance_mario_toy_camera = 2.0160m",48.0
2946,captured_0062x,lab,V3MX,24,DS,What is the height of the trashbin in cm? ,velocity of the whiteboard at 1.4s = 1.9339m/s,"t=1.4s, distance_white_board_camera = 2.8150m
distance_blue_shopping_bag_camera = 3.3070m
distance_white_box_camera = 2.0820m
distance_trashbin_camera = 2.3030m
distance_mario_toy_camera = 2.0160m",46.0
2947,internet_0001_segmented,segmentation,S2SC,30,SS,What is the length of the black car in meters? ,lane width = 3.66m,,5.8
2948,internet_0001_segmented,segmentation,S2SC,30,SS,What is the width of the black car in meters? ,lane width = 3.66m,,2.3
2949,internet_0001_segmented,segmentation,S2SC,30,SD,What is the speed of the black car in m/s? ,lane width = 3.66m,,36.5
2950,internet_0002_segmented,segmentation,S2SC,30,SS,What is the length of the red car in meters? ,lane width = 3.66m,,6.3
2951,internet_0002_segmented,segmentation,S2SC,30,SS,What is the width of the red car in meters? ,lane width = 3.66m,,2.4
2952,internet_0002_segmented,segmentation,S2SC,30,SD,What is the speed of the red car in m/s? ,lane width = 3.66m,,29.6
2953,internet_0003_segmented,segmentation,S2MC,30,SS,What is the diameter of the pizza in cm? ,money width = 7.5cm,,22.0
2954,internet_0003_segmented,segmentation,S2MC,30,SS,What is the diameter of the wine glass in cm? ,money width = 7.5cm,,7.1
2955,internet_0003_segmented,segmentation,S2MC,30,SD,What is the velocity of the pizza cutter in cm/s at 0.2s? ,money width = 7.5cm,,21.0
2956,internet_0003_segmented,segmentation,S2MC,30,SS,What is the diameter of a pepperoni on the pizza in cm? ,money width = 7.5cm,,2.7
2957,internet_0005_segmented,segmentation,V2MC,30,DS,What is the distance between the two black road signs in meters? ,walking velocity = 1.4m/s,,4.29
2958,internet_0005_segmented,segmentation,V2MC,30,DS,What is the height of the woman in yellow in meters? ,walking velocity = 1.4m/s,,1.55
2959,internet_0005_segmented,segmentation,V2MC,30,DS,What is the length of the light right above the woman's head in meters? ,walking velocity = 1.4m/s,,1.08
2960,internet_0005_segmented,segmentation,V2MC,30,DS,What is the side length of the floor tiles in meters? ,walking velocity = 1.4m/s,,1.08
2961,internet_0008_segmented,segmentation,S2MC,30,SD,What is the average speed of the sailboat in m/s? ,sailboat length = 12m,,5.2
2962,internet_0008_segmented,segmentation,S2MC,30,SD,What is the average speed of the speedboat in m/s? ,sailboat length = 12m,,33.4
2963,internet_0008_segmented,segmentation,S2MC,30,SS,What is the length of the speedboat in meters? ,sailboat length = 12m,,5.0
2964,internet_0010_segmented,segmentation,S2MC,30,SS,How tall is the shooter in cm? ,basketball size = 24cm,,180.0
2965,internet_0010_segmented,segmentation,S2MC,30,SD,What is the velocity of the ball at 2.00s in cm/s? ,basketball size = 24cm,,480.0
2966,internet_0017_segmented,segmentation,S2MS,30,SS,What is the diameter of the round container in cm? ,credit card width = 5.4cm,,10.6
2967,internet_0017_segmented,segmentation,S2MS,30,SS,What is the length of the keyboard in cm? ,credit card width = 5.4cm,,28.9
2968,internet_0017_segmented,segmentation,S2MS,30,SS,What is the width of the keyboard in cm? ,credit card width = 5.4cm,,12.2
2969,internet_0017_segmented,segmentation,S2MS,30,SS,What is the length of the pen in cm? ,credit card width = 5.4cm,,14.9
2970,internet_0017_segmented,segmentation,S2MS,30,SD,What is moving speed of the user's (middle) fingertip at 0.4s in cm/s? ,credit card width = 5.4cm,,45.0
2971,internet_0019_segmented,segmentation,A2MC,30,DS,What is the size of the ball in cm? ,gravity acc = 9.8m/s,,20.5
2972,internet_0019_segmented,segmentation,A2MC,30,DS,What is the height of the person standing in the middle in cm? ,gravity acc = 9.8m/s,,171.0
2973,internet_0019_segmented,segmentation,A2MC,30,DS,What is the height of the person on the left (the passer) in cm? ,gravity acc = 9.8m/s,,147.0
2974,internet_0019_segmented,segmentation,A2MC,30,DS,What is the height of the person on the right (the receiver) in cm? ,gravity acc = 9.8m/s,,173.0
2975,internet_0019_segmented,segmentation,A2MC,30,DS,What is the initial distance between the passer and the receiver in meters?,gravity acc = 9.8m/s,,4.35
2976,internet_0019_segmented,segmentation,A2MC,30,DD,What is the velocity of the ball at 1.00s in m/s? ,gravity acc = 9.8m/s,,3.8
2977,internet_0019_segmented,segmentation,A2MC,30,DD,What is the (average) horizontal velocity of the ball in m/s? ,gravity acc = 9.8m/s,,1.95
2978,internet_0021_segmented,segmentation,S2SS,30,SD,What is the average speed of the airplane in m/s? ,length of the airplane = 40m,,81.0
2979,internet_0021_segmented,segmentation,S2SS,30,SS,What is the distance between the airplane and the roof top at 0s in meters?,length of the airplane = 40m,,72.0
2980,internet_0021_segmented,segmentation,S2SS,30,SS,What is the the displacement of the airplane from 0s to 2.00s in meters? ,length of the airplane = 40m,,152.0
2981,internet_0025_segmented,segmentation,S2SC,30,SS,What is the length of the canoe in meters? ,height of the boatman = 1.75m,,11.1
2982,internet_0025_segmented,segmentation,S2SC,30,SD,What is the average speed of the canoe in m/s?,height of the boatman = 1.75m,,0.73
2983,internet_0025_segmented,segmentation,S2SC,30,SS,What is the displacement of the canoe in the first 5 seconds in meters?,height of the boatman = 1.75m,,3.43
2984,internet_0026_segmented,segmentation,S2MC,30,SS,What is the sitting height of the baby in cm?,total height of the sofa = 90 cm,,38.0
2985,internet_0026_segmented,segmentation,S2MC,30,SS,What is the distance between the baby and the man in meters? ,total height of the sofa = 90 cm,,1.42
2986,internet_0026_segmented,segmentation,S2MC,30,SS,What is the length of the toy truck in cm?,total height of the sofa = 90 cm,,41.0
2987,internet_0026_segmented,segmentation,S2MC,30,SS,What is the height of the toy truck in cm?,total height of the sofa = 90 cm,,34.0
2988,internet_0026_segmented,segmentation,S2MC,30,SD,What is the speed of the toy truck at 0.50s in cm/s? ,total height of the sofa = 90 cm,,45.0
2989,internet_0026_segmented,segmentation,S2MC,30,SD,What is the average speed of the toy truck in cm/s? ,total height of the sofa = 90 cm,,42.0
2990,internet_0027_segmented,segmentation,S2MS,30,SS,What is the initial distance between the black ball and the purple ball in cm? ,diameter of billiard balls = 57.2 mm,,14.6
2991,internet_0027_segmented,segmentation,S2MS,30,SD,What is the white ball's average velocity in 1.00s to 2.00s in cm/s? ,diameter of billiard balls = 57.2 mm,,26.6
2992,internet_0027_segmented,segmentation,S2MS,30,SD,What is the velocity of the orange ball at 1.00s in cm/s? ,diameter of billiard balls = 57.2 mm,,24.8
2993,internet_0027_segmented,segmentation,S2MS,30,SS,What is the final distance between the purple ball and the black ball in cm? ,diameter of billiard balls = 57.2 mm,,17.8
2994,internet_0027_segmented,segmentation,S2MS,30,SD,What is the acceleration of the yellow balloon the left at 2.00s in cm/s^2? ,diameter of billiard balls = 57.2 mm,,5.0
2995,internet_0028,internet,V2MC,24,DS,What is the length of the blue and grey bag in meters?,velocity of the conveyer belt = 0.5 m/s,,0.73
2996,internet_0028,internet,V2MC,24,DS,What is the length of the orange suitcase in meters?,velocity of the conveyer belt = 0.5 m/s,,0.61
2997,internet_0029,internet,A2SS,50,DS,What is the diameter of the ball in cm? ,gravity acceleration = 9.8 m/s^2,,5.9
2998,internet_0029,internet,A2SS,50,DD,What is the velocity of the ball at 0.20s in m/s? ,gravity acceleration = 9.8 m/s^2,,0.93
2999,internet_0029,internet,A2SS,50,DD,What is the velocity of the ball at 0.40s in m/s? ,gravity acceleration = 9.8 m/s^2,,2.9
3000,internet_0029,internet,A2SS,50,DS,What is the distance of the ball from the desk at 0.40s in meters? ,gravity acceleration = 9.8 m/s^2,,0.27
3001,internet_0029,internet,A2SS,50,DS,What is the distance of the ball from the desk at 0.30s in meters? ,gravity acceleration = 9.8 m/s^2,,0.49
3002,internet_0029,internet,A2SS,50,DS,What is the displacement of the ball from 0.30s to 0.40s in meters? ,gravity acceleration = 9.8 m/s^2,,0.223
3003,internet_0030,internet,S2SC,30,SS,What is the boat's moving distance between 0.5s to 1.0s in meters? ,length of the speedboat = 3.2 m,,3.35
3004,internet_0030,internet,S2SC,30,SS,What is the boat's moving distance between 0.5s to 1.37s in meters? ,length of the speedboat = 3.2 m,,5.78
3005,internet_0030,internet,S2SC,30,SD,What is the speed of the boat between 0.5s to 1s in m/s? ,length of the speedboat = 3.2 m,,6.7
3006,internet_0030,internet,S2SC,30,SD,What is the speed of the boat between 0.5s to 1.37s in m/s? ,length of the speedboat = 3.2 m,,6.65
3007,internet_0030,internet,S2SC,30,SD,What is the average acceleration of the boat over 0.5 s to 1.37 s in m/s^2?,length of the speedboat = 3.2 m,,0.1
3008,internet_0031,internet,S2MS,30,SS,What is the distance traveled by the player in white shirt from 0.5 to 5.53 in meters?,length of the goal frame = 7.32m,,11.4
3009,internet_0031,internet,S2MS,30,SS,What is the distance traveled by the player in black shirt from 0.5s to 5.53s in meters?,length of the goal frame = 7.32m,,2.7
3010,internet_0031,internet,S2MS,30,SD,What is the speed of the player in white shirt from 0.5 to 5.53 in m/s?,length of the goal frame = 7.32m,,2.26
3011,internet_0031,internet,S2MS,30,SD,What is the speed of the player in black shirt from 0.5 to 5.53 in m/s?,length of the goal frame = 7.32m,,0.53
3012,internet_0031,internet,S2MS,30,SD,What is the width of football pitch in meters?,length of the goal frame = 7.32m,,61.2
3013,internet_0032,internet,S2SC,30,SS,What is the distance traveled by the boat from 0s to 2s in meters?,length of the boat = 3.5 m,,1.25
3014,internet_0032,internet,S2SC,30,SS,What is the distance traveled by the boat from 2s to 4.5s in meters?,length of the boat = 3.5 m,,1.78
3015,internet_0032,internet,S2SC,30,SS,What is the distance traveled by the boat from 4.5s to 7s in meters?,length of the boat = 3.5 m,,1.84
3016,internet_0032,internet,S2SC,30,SD,What is the average speed of the boat from 0s to 2s in m/s?,length of the boat = 3.5 m,,0.624
3017,internet_0032,internet,S2SC,30,SD,What is the average speed of the boat from 2s to 4.5s in m/s?,length of the boat = 3.5 m,,0.713
3018,internet_0032,internet,S2SC,30,SD,What is the average speed of the boat from 4.5s to 7s in m/s?,length of the boat = 3.5 m,,0.735
3019,internet_0032,internet,S2SC,30,SD,What is the acceleration of the boat from 0s-2s to 2s-4.5s in m/s^2?,length of the boat = 3.5 m,,0.04
3020,internet_0032,internet,S2SC,30,SD,What is the acceleration of the boat from 2s-4.5s to 4.5s-7s in m/s^2?,length of the boat = 3.5 m,,0.009
3021,internet_0032,internet,S2SC,30,SD,What is the acceleration of the boat over 0-7s in m/s^2?,length of the boat = 3.5 m,,0.023
3022,internet_0033,internet,S2MC,25,SD,What is the speed of the plate of tomatoes from 0s to 0.52s in m/s?,size of the fork = 20.3 cm,,0.68
3023,internet_0033,internet,S2MC,25,SD,What is the speed of the plate of tomatoes from 1s to 1.6s in m/s?,size of the fork = 20.3 cm,,0.29
3024,internet_0033,internet,S2MC,25,SS,What is the size of avocado in cm?,size of the fork = 20.3 cm,,11.0
3025,internet_0033,internet,S2MC,25,SS,What is the size of baguette in cm?,size of the fork = 20.3 cm,,46.0
3026,internet_0034,internet,S2SC,30,SS,What is the displacement of toilet paper roll from 0.5s to 1.73s in cm? ,size of toilet paper roll = 100 mm,,12.8
3027,internet_0034,internet,S2SC,30,SD,What is the speed of toilet paper roll over 0.5s to 1.73s in cm/s?,size of toilet paper roll = 100 mm,,10.5
3028,internet_0034,internet,S2SC,30,SS,What is the width of thumbnail in cm?,size of toilet paper roll = 100 mm,,0.9
3029,internet_0035,internet,S2SC,30,SD,What is the speed of the toilet paper core from 0s to 0.83s in cm/s?,size of toilet paper core = 100 mm,,12.1
3030,internet_0035,internet,S2SC,30,SS,What is the width of thumbnail in cm?,size of toilet paper core = 100 mm,,1.2
3031,internet_0035,internet,S2SC,30,SS,What is the displacement of toilet paper core from rom start to 0.83s in cm?,size of toilet paper core = 100 mm,,10.1
3032,internet_0036,internet,S2SS,25,SS,What is the length of the US one-dollar bill in mm?,width of US one-dollar bill = 66.3 mm,,153.0
3033,internet_0036,internet,S2SS,25,SD,What is the speed of the bottom hand moves between 0s to 1.4s in m/s?,width of US one-dollar bill = 66.3 mm,,0.205
3034,internet_0036,internet,S2SS,25,SD,What is the speed of the bottom hand moves between 1.72s to 2.6s in m/s?,width of US one-dollar bill = 66.3 mm,,0.32
3035,internet_0036,internet,S2SS,25,SD,What is the speed of the top hand moves between 1.4s to 2.2s in m/s?,width of US one-dollar bill = 66.3 mm,,0.27
3036,internet_0037,internet,S2SC,24,SD,What is the speed of the swimming woman between 0s to 2.07s in m/s?,height of the swimming woman = 1.63 m,,0.5
3037,internet_0037,internet,S2SC,24,SD,What is the speed of the swimming woman between 2.07s to 5.20s in m/s?,height of the swimming woman = 1.63 m,,0.45
3038,internet_0037,internet,S2SC,24,SD,What is the speed of the swimming woman between 0s to 5.20s in m/s?,height of the swimming woman = 1.63 m,,0.47
3039,internet_0037,internet,S2SC,24,SD,What is the acceleration of the swimming woman between 0s to 5.20s in m/s^2?,height of the swimming woman = 1.63 m,,0.02
3040,internet_0037,internet,S2SC,24,SS,What is the width of the swimming pool in meters?,height of the swimming woman = 1.63 m,,4.45
3041,internet_0038,internet,S2MS,26,SS,What is the length of the Apple Magic Mouse in cm? ,width of the Apple Magic Mouse = 5.71 cm,,10.9
3042,internet_0038,internet,S2MS,26,SS,What is the length of the MacBook in cm? ,width of the Apple Magic Mouse = 5.71 cm,,35.5
3043,internet_0038,internet,S2MS,26,SS,What is the width of the MacBook in cm? ,width of the Apple Magic Mouse = 5.71 cm,,24.7
3044,internet_0038,internet,S2MS,26,SS,What is the length of the spacebar in cm? ,width of the Apple Magic Mouse = 5.71 cm,,9.1
3045,internet_0038,internet,S2MS,26,SD,What is the speed of the right hand moves between 0s to 0.54s in m/s?,width of the Apple Magic Mouse = 5.71 cm,,0.45
3046,internet_0039,internet,S2SC,25,SD,What is the speed of the swimming man between 0s to 1s in m/s?,height of the swimming man = 1.68 m,,0.78
3047,internet_0039,internet,S2SC,25,SD,What is the speed of the swimming man between 1 to 2.33s in m/s?,height of the swimming man = 1.68 m,,0.77
3048,internet_0039,internet,S2SC,25,SD,What is the speed of the swimming man between 0s to 2.33s in m/s?,height of the swimming man = 1.68 m,,0.77
3049,internet_0039,internet,S2SC,25,SD,What is the acceleration of the swimming man between 0s to 2.33s in m/s^2?,height of the swimming man = 1.68 m,,0.02
3050,internet_0039,internet,S2SC,25,SS,What is the distance between the two lane ropes in meters?,height of the swimming man = 1.68 m,,2.22
3051,internet_0040,internet,S2SS,30,SS,What's the length of the credit card in cm?,width of credit card = 83.98 mm,,5.75
3052,internet_0040,internet,S2SS,30,SS,What is the displacement of credit card from rom start to 0.73s in cm?,width of credit card = 83.98 mm,,12.8
3053,internet_0040,internet,S2SS,30,SD,What is the speed of credit card from rom start to 0.73s in cm/s?,width of credit card = 83.98 mm,,17.5
3054,internet_0041,internet,S2MC,24,SS,What is the displacement of the middle duck in cm?,size of the middle duck = 66 cm,,89.0
3055,internet_0041,internet,S2MC,24,SD,What is the average speed of the middle duck in cm/s?,size of the middle duck = 66 cm,,42.0
3056,internet_0041,internet,S2MC,24,SS,What is the distance between the pillars of the arches on the ground in cm?,size of the middle duck = 66 cm,,205.0
3057,internet_0041,internet,S2MC,24,SS,What is the height of the arches on the ground in cm?,size of the middle duck = 66 cm,,285.0
3058,internet_0041,internet,S2MC,24,SS,What is the distance between the pillars of the arches on the second floor in cm?,size of the middle duck = 66 cm,,103.0
3059,internet_0041,internet,S2MC,24,SS,What is the height of the arches on the second floor in cm?,size of the middle duck = 66 cm,,240.0
3060,internet_0042,internet,S2MS,30,SS,What is the width of the white car in meters?,length of the white car = 4.572 m,,1.8
3061,internet_0042,internet,S2MS,30,SS,What is the width of the black car in meters?,length of the white car = 4.572 m,,1.72
3062,internet_0042,internet,S2MS,30,SS,What is the length of the black car in meters?,length of the white car = 4.572 m,,4.55
3063,internet_0042,internet,S2MS,30,SS,What is the width of the road in meters?,length of the white car = 4.572 m,,13.8
3064,internet_0042,internet,S2MS,30,SS,What is the width of the bridge in meters?,length of the white car = 4.572 m,,15.9
3065,internet_0042,internet,S2MS,30,SD,What is the average speed of the white car in m/s?,length of the white car = 4.572 m,,9.5
3066,internet_0043,internet,V2MS,30,DS,What is the diameter of the white ball in cm? ,velocity of the white ball at 1.0s = 33.38 cm/s,,2.1
3067,internet_0043,internet,V2MS,30,DS,What is the height of the kettle in cm? ,velocity of the white ball at 1.0s = 33.38 cm/s,,6.96
3068,internet_0043,internet,V2MS,30,DS,What is the height of the white cylinder in cm? ,velocity of the white ball at 1.0s = 33.38 cm/s,,4.86
3069,internet_0043,internet,V2MS,30,DS,What is the height of the green bottle in cm? ,velocity of the white ball at 1.0s = 33.38 cm/s,,12.6
3070,internet_0043,internet,V2MS,30,DS,What is the height of the plastic bottle in cm? ,velocity of the white ball at 1.0s = 33.38 cm/s,,9.55
3071,internet_0043,internet,V2MS,30,DS,What is the height of the plate in cm? ,velocity of the white ball at 1.0s = 33.38 cm/s,,4.25
3072,internet_0043,internet,V2MS,30,DS,What is the distance between the kettle and the plate in cm? ,velocity of the white ball at 1.0s = 33.38 cm/s,,25.1
3073,internet_0043,internet,V2MS,30,DS,What is the distance between the cylinder and the plastic bottle in cm? ,velocity of the white ball at 1.0s = 33.38 cm/s,,10.2
3074,internet_0044,internet,V2MS,30,DS,What is the diameter of the white ball in cm? ,gravity acceleration = 9.8 m/s^2,,4.4
3075,internet_0044,internet,V2MS,30,DS,What is the height of the kettle in cm? ,gravity acceleration = 9.8 m/s^2,,17.0
3076,internet_0044,internet,V2MS,30,DS,What is the height of the white cylinder in cm? ,gravity acceleration = 9.8 m/s^2,,11.8
3077,internet_0044,internet,V2MS,30,DS,What is the height of the green bottle in cm? ,gravity acceleration = 9.8 m/s^2,,30.7
3078,internet_0044,internet,V2MS,30,DS,What is the height of the plastic bottle in cm? ,gravity acceleration = 9.8 m/s^2,,23.2
3079,internet_0044,internet,V2MS,30,DS,What is the height of the plate in cm? ,gravity acceleration = 9.8 m/s^2,,9.8
3080,internet_0044,internet,V2MS,30,DS,What is the distance between the kettle and the plate in cm? ,gravity acceleration = 9.8 m/s^2,,60.8
3081,internet_0044,internet,V2MS,30,DS,What is the distance between the cylinder and the plastic bottle in cm? ,gravity acceleration = 9.8 m/s^2,,24.4
3082,internet_0044,internet,V2MS,30,DS,What is the velocity of the white ball at 1.50s in m/s? ,gravity acceleration = 9.8 m/s^2,,1.05
3083,internet_0044,internet,V2MS,30,DS,What is the velocity of the white ball at 2.50s in m/s? ,gravity acceleration = 9.8 m/s^2,,0.46
3084,internet_0045,internet,V2MS,30,DS,What is the diameter of the rolling cylinder in cm? ,velocity of the rolling cylinder = 107.3 cm/s,,12.6
3085,internet_0045,internet,V2MS,30,DS,What is the height of the green bottle in cm? ,velocity of the rolling cylinder = 107.3 cm/s,,34.5
3086,internet_0045,internet,V2MS,30,DS,What is the height of the plastic bottle in cm? ,velocity of the rolling cylinder = 107.3 cm/s,,25.7
3087,internet_0045,internet,V2MS,30,DS,What is the height of the plate in cm? ,velocity of the rolling cylinder = 107.3 cm/s,,11.1
3088,internet_0045,internet,V2MS,30,DS,What is the distance between the two bottles in cm? ,velocity of the rolling cylinder = 107.3 cm/s,,14.5
3089,internet_0045,internet,V2MS,30,DS,What is the distance between the kettle and the plate in cm? ,velocity of the rolling cylinder = 107.3 cm/s,,59.5
3090,internet_0046,internet,S2SS,30,SD,What is the velocity of the cup at 1.00s in m/s?,height of the cup = 10.5 cm,,0.57
3091,internet_0046,internet,S2SS,30,SD,What is the velocity of the cup at 1.10s in m/s?,height of the cup = 10.5 cm,,0.63
3092,internet_0046,internet,S2SS,30,SD,What is the velocity of the cup at 1.20s in m/s?,height of the cup = 10.5 cm,,0.665
3093,internet_0046,internet,S2SS,30,SS,What is the displacement of the cup between 1.00s and 1.10s in cm? ,height of the cup = 10.5 cm,,6.1
3094,internet_0046,internet,S2SS,30,SS,What is the displacement of the cup between 1.10s and 1.30s in cm? ,height of the cup = 10.5 cm,,13.4
3095,internet_0046,internet,S2SS,30,SD,What is the acceleration of the cup at 1.10s in m/s^2?,height of the cup = 10.5 cm,,0.55
3096,internet_0047,internet,V2SS,30,DS,What is the diameter of the rolling ball in cm? ,velocity of the rolling ball at 0.5s = 2.94m/s,,28.0
3097,internet_0047,internet,V2SS,30,DS,What is distance between the two vertical red lines in meters? ,velocity of the rolling ball at 0.5s = 2.94m/s,,1.88
3098,internet_0047,internet,V2SS,30,DS,What is distance between the ball and the white line in meters? ,velocity of the rolling ball at 0.5s = 2.94m/s,,1.37
3099,internet_0047,internet,V2SS,30,DS,What is displacement of the ball between 0.10s and 0.30s in meters? ,velocity of the rolling ball at 0.5s = 2.94m/s,,0.586
3100,internet_0047,internet,V2SS,30,DS,What is distance between the red vertical line on the left and the white line in meters? ,velocity of the rolling ball at 0.5s = 2.94m/s,,1.19
3101,internet_0047,internet,V2SS,30,DS,What is width of the lines on the floor in cm? ,velocity of the rolling ball at 0.5s = 2.94m/s,,3.9
3102,internet_0048,internet,A2SS,30,DS,What is the diameter of the ball in cm? ,gravity acceleration = 9.8 m/s^2,,22.3
3103,internet_0048,internet,A2SS,30,DS,What is the width of a single piece wall pad in cm? ,gravity acceleration = 9.8 m/s^2,,56.0
3104,internet_0048,internet,A2SS,30,DS,What is the height of the height of the wall pads in cm? ,gravity acceleration = 9.8 m/s^2,,165.0
3105,internet_0048,internet,A2SS,30,DS,What is the distance between the ball and the floor at 1.50s in meters?,gravity acceleration = 9.8 m/s^2,,1.38
3106,internet_0048,internet,A2SS,30,DS,What is the displacement of the ball between 1.20s and 1.80s in meters? ,gravity acceleration = 9.8 m/s^2,,3.05
3107,internet_0048,internet,A2SS,30,DD,What is the velocity of the ball at 1.50s in m/s?,gravity acceleration = 9.8 m/s^2,,5.05
3108,internet_0048,internet,A2SS,30,DS,What is the height of the walking person in meters?,gravity acceleration = 9.8 m/s^2,,1.8
3109,internet_0048,internet,A2SS,30,DD,What is the average walking speed of the walking person between 2.50s and 3.50s in m/s?,gravity acceleration = 9.8 m/s^2,,1.42
3110,internet_0049,internet,V2MC,30,DS,What is the height of the person riding scooter in meters?,average speed of the person riding scooter = 3.8 m/s,,1.6
3111,internet_0049,internet,V2MC,30,DS,What is the height of the gray table in meters?,average speed of the person riding scooter = 3.8 m/s,,0.92
3112,internet_0049,internet,V2MC,30,DS,What is the height of the gray chairs in meters?,average speed of the person riding scooter = 3.8 m/s,,0.59
3113,internet_0049,internet,V2MC,30,DS,What is the height of the brown table in meters?,average speed of the person riding scooter = 3.8 m/s,,0.89
3114,internet_0049,internet,V2MC,30,DS,What is the length of the brown table in meters?,average speed of the person riding scooter = 3.8 m/s,,2.78
3115,internet_0049,internet,V2MC,30,DS,What is the height of the canopy in meters?,average speed of the person riding scooter = 3.8 m/s,,4.2
3116,internet_0049,internet,V2MC,30,DS,What is the distance between the middle brown table and the gray table in meters?,average speed of the person riding scooter = 3.8 m/s,,6.2
3117,internet_0050,internet,V2MC,30,DS,What is the height of the person riding scooter in meters?,average speed of the person riding scooter = 2.9 m/s,,1.63
3118,internet_0050,internet,V2MC,30,DS,What is the height of the right basketball stand in meters?,average speed of the person riding scooter = 2.9 m/s,,4.0
3119,internet_0050,internet,V2MC,30,DS,What is the height of the left basketball stand in meters?,average speed of the person riding scooter = 2.9 m/s,,3.87
3120,internet_0050,internet,V2MC,30,DS,What is the distance of the bird to ground in meters?,average speed of the person riding scooter = 2.9 m/s,,3.9
3121,internet_0050,internet,V2MC,30,DS,What is the distance between the two basketball stands in meters?,average speed of the person riding scooter = 2.9 m/s,,16.9
3122,internet_0050,internet,V2MC,30,DS,What is the width of the left basketball backboard in meters?,average speed of the person riding scooter = 2.9 m/s,,1.58
3123,internet_0050,internet,V2MC,30,DS,What is the height of the left basketball backboard in meters?,average speed of the person riding scooter = 2.9 m/s,,1.13
3124,internet_0051,internet,V2MC,30,DS,What is the height of the person riding scooter in meters?,average speed of the person riding scooter = 2.07 m/s,,1.14
3125,internet_0051,internet,V2MC,30,DS,What is the width of the green car in meters?,average speed of the person riding scooter = 2.07 m/s,,1.04
3126,internet_0051,internet,V2MC,30,DS,What is the height of the green car in meters?,average speed of the person riding scooter = 2.07 m/s,,0.78
3127,internet_0051,internet,V2MC,30,DS,What is the height of the tree in the middle of the video in meters?,average speed of the person riding scooter = 2.07 m/s,,2.74
3128,internet_0051,internet,V2MC,30,DS,What is the distance between the brown and green car in meters?,average speed of the person riding scooter = 2.07 m/s,,2.4
3129,internet_0052,internet,V2MC,30,DS,What is the height of the person riding scooter in meters?,average speed of the person riding scooter = 2.91 m/s,,1.64
3130,internet_0052,internet,V2MC,30,DS,What is the distance between the two closest tall trees in meters? ,average speed of the person riding scooter = 2.91 m/s,,5.45
3131,internet_0052,internet,V2MC,30,DS,What is the height of the no-parking sign in meters?,average speed of the person riding scooter = 2.91 m/s,,0.38
3132,internet_0052,internet,V2MC,30,DS,What is the width of the no-parking sign in meters?,average speed of the person riding scooter = 2.91 m/s,,0.26
3133,internet_0052,internet,V2MC,30,DS,What is the height of the scooter in meters?,average speed of the person riding scooter = 2.91 m/s,,1.07
3134,internet_0052,internet,V2MC,30,DS,What is the wheel-to-wheel width of the scooter in meters?,average speed of the person riding scooter = 2.91 m/s,,1.07
3135,internet_0053,internet,V2MC,30,DS,What is the height of the person riding scooter in meters?,average speed of the person riding scooter = 4.46 m/s,,2.42
3136,internet_0053,internet,V2MC,30,DS,What is the height of the lamp in meters?,average speed of the person riding scooter = 4.46 m/s,,4.46
3137,internet_0053,internet,V2MC,30,DS,What is the wheel-to-wheel width of the scooter in meters?,average speed of the person riding scooter = 4.46 m/s,,1.62
3138,internet_0053,internet,V2MC,30,DS,What is the height of the scooter in meters?,average speed of the person riding scooter = 4.46 m/s,,1.62
3139,internet_0053,internet,V2MC,30,DS,What is the height of the sign on the ground in meters?,average speed of the person riding scooter = 4.46 m/s,,0.85
3140,internet_0053,internet,V2MC,30,DS,What is the width of the sign on the ground in meters?,average speed of the person riding scooter = 4.46 m/s,,0.52
3141,internet_0053,internet,V2MC,30,DS,What is the height of the fire hydrant in meters?,average speed of the person riding scooter = 4.46 m/s,,0.98
3142,internet_0053,internet,V2MC,30,DS,What is the width of the bench in meters?,average speed of the person riding scooter = 4.46 m/s,,2.55
3143,internet_0053,internet,V2MC,30,DS,What is the height of the bench in meters?,average speed of the person riding scooter = 4.46 m/s,,1.17
3144,internet_0053,internet,V2MC,30,DS,What is the height of the trash bin in meters?,average speed of the person riding scooter = 4.46 m/s,,1.03
3145,internet_0054,internet,V2MC,30,DS,What is the height of the person riding scooter in meters?,average speed of the person riding scooter = 4.9 m/s,,2.8
3146,internet_0054,internet,V2MC,30,DS,What is the length of the brown chairs in meters?,average speed of the person riding scooter = 4.9 m/s,,2.95
3147,internet_0054,internet,V2MC,30,DS,What is the height of the canopy in meters?,average speed of the person riding scooter = 4.9 m/s,,5.8
3148,internet_0054,internet,V2MC,30,DS,What is the width of the canopy in meters?,average speed of the person riding scooter = 4.9 m/s,,18.1
3149,internet_0054,internet,V2MC,30,DS,What is the height of the scooter in meters?,average speed of the person riding scooter = 4.9 m/s,,1.85
3150,internet_0054,internet,V2MC,30,DS,What is the wheel-to-wheel width of the scooter in meters?,average speed of the person riding scooter = 4.9 m/s,,1.7
3151,internet_0055,internet,V2MC,30,DS,What is the height of the walking person in meters?,average speed of the person riding scooter = 1.95 m/s,,2.05
3152,internet_0055,internet,V2MC,30,DS,What is the height of the DO NOT ENTER sign in meters?,average speed of the person riding scooter = 1.95 m/s,,1.16
3153,internet_0055,internet,V2MC,30,DS,What is the width of the DO NOT ENTER sign in meters?,average speed of the person riding scooter = 1.95 m/s,,1.21
3154,internet_0055,internet,V2MC,30,DS,What is the distance of the DO NOT ENTER sign to the ground in meters?,average speed of the person riding scooter = 1.95 m/s,,2.24
3155,internet_0055,internet,V2MC,30,DS,What is the height of the Bicycle sign in meters?,average speed of the person riding scooter = 1.95 m/s,,1.3
3156,internet_0055,internet,V2MC,30,DS,What is the width of the Bicycle sign in meters?,average speed of the person riding scooter = 1.95 m/s,,1.27
3157,internet_0055,internet,V2MC,30,DS,What is the distance of the Bicycle sign to the ground in meters?,average speed of the person riding scooter = 1.95 m/s,,3.0
3158,internet_0055,internet,V2MC,30,DS,What is the width of the YIELD sign in meters?,average speed of the person riding scooter = 1.95 m/s,,0.93
3159,internet_0056,internet,V2MC,30,DS,What is the height of the person riding scooter in meters?,average speed of the person riding scooter = 2.64 m/s,,1.6
3160,internet_0056,internet,V2MC,30,DS,What is the distance between the two closest tall trees in meters? ,average speed of the person riding scooter = 2.64 m/s,,8.1
3161,internet_0056,internet,V2MC,30,DS,What is the height of the left most tree in meters?,average speed of the person riding scooter = 2.64 m/s,,5.5
3162,internet_0057,internet,A2MS,30,DS,What is the height of the person in meters? ,gravity acceleration = 9.8 m/s^2,,1.69
3163,internet_0057,internet,A2MS,30,DS,What is the distance between the basket and the floor in meters? ,gravity acceleration = 9.8 m/s^2,,3.0
3164,internet_0057,internet,A2MS,30,DD,What is the velocity of the ball at 2.00s in m/s?,gravity acceleration = 9.8 m/s^2,,4.4
3165,internet_0057,internet,A2MS,30,DD,What is the velocity of the ball at 3.00s in m/s?,gravity acceleration = 9.8 m/s^2,,6.2
3166,internet_0057,internet,A2MS,30,DS,What is the distance between the basket and the ball at 3.00s in meters?,gravity acceleration = 9.8 m/s^2,,1.75
3167,internet_0057,internet,A2MS,30,DS,What is the distance between the person and the ball at 3.00s in meters?,gravity acceleration = 9.8 m/s^2,,3.1
3168,internet_0057,internet,A2MS,30,DS,What is the distance between the ball and the floor at 4.00s in meters? ,gravity acceleration = 9.8 m/s^2,,1.5
3169,internet_0057,internet,A2MS,30,DD,What is the person's average walking speed from 3.50s to 5.00s in m/s? ,gravity acceleration = 9.8 m/s^2,,1.35
3170,internet_0057,internet,A2MS,30,DS,What is the displacement of the ball between 2.00s and 4.00s in meters? ,gravity acceleration = 9.8 m/s^2,,3.66
3171,internet_0058,internet,A2MS,30,DS,What is the height of the person in meters? ,gravity acceleration = 9.8 m/s^2,,1.67
3172,internet_0058,internet,A2MS,30,DS,What is the distance between the basket and the floor in meters? ,gravity acceleration = 9.8 m/s^2,,2.91
3173,internet_0058,internet,A2MS,30,DD,What is the velocity of the ball at 1.00s in m/s?,gravity acceleration = 9.8 m/s^2,,4.08
3174,internet_0058,internet,A2MS,30,DS,What is the distance between the ball and the floor at 1.00s in meters? ,gravity acceleration = 9.8 m/s^2,,3.32
3175,internet_0058,internet,A2MS,30,DS,What is the distance between the ball and the basket at 1.00s in meters? ,gravity acceleration = 9.8 m/s^2,,1.05
3176,internet_0058,internet,A2MS,30,DD,What is the velocity of the ball at 2.00s in m/s?,gravity acceleration = 9.8 m/s^2,,5.55
3177,internet_0058,internet,A2MS,30,DS,What is the distance between the ball and the floor at 2.00s in meters? ,gravity acceleration = 9.8 m/s^2,,2.5
3178,internet_0058,internet,A2MS,30,DS,What is the distance between the ball and the floor at 1.40s in meters? ,gravity acceleration = 9.8 m/s^2,,4.15
3179,internet_0058,internet,A2MS,30,DD, What is the average speed of the ball between 1.40s and 2.00s in m/s?,gravity acceleration = 9.8 m/s^2,,2.74
3180,internet_0059,internet,A2SS,30,DS,What is the diameter of the ball in cm? ,gravity acceleration = 9.8 m/s^2,,24.0
3181,internet_0059,internet,A2SS,30,DS,What is the length of the billboard in the middle in cm?,gravity acceleration = 9.8 m/s^2,,74.0
3182,internet_0059,internet,A2SS,30,DS,What is the height of the billboard on the left in cm?,gravity acceleration = 9.8 m/s^2,,76.0
3183,internet_0059,internet,A2SS,30,DS,What is the height of the billboard on the right in cm?,gravity acceleration = 9.8 m/s^2,,32.5
3184,internet_0059,internet,A2SS,30,DS,What is distance between the left edge of the left billboard and the right edge of the right bill board in cm? ,gravity acceleration = 9.8 m/s^2,,192.0
3185,internet_0059,internet,A2SS,30,DD,What is velocity of the ball at 2.50s in m/s?,gravity acceleration = 9.8 m/s^2,,3.04
3186,internet_0059,internet,A2SS,30,DD,What is velocity of the ball at 3.00s in m/s? ,gravity acceleration = 9.8 m/s^2,,4.42
3187,internet_0059,internet,A2SS,30,DD,What is the average velocity of the ball between 2.50s and 3.20s in m/s? ,gravity acceleration = 9.8 m/s^2,,3.44
3188,internet_0059,internet,A2SS,30,DS,What is the displacement of the ball between 2.50s and 3.00s in meters?,gravity acceleration = 9.8 m/s^2,,1.48
3189,internet_0060,internet,A2SS,30,DS,What is the length of the pink box in cm?,gravity acceleration = 9.8 m/s^2,,10.9
3190,internet_0060,internet,A2SS,30,DS,What is the width of the pink box in cm?,gravity acceleration = 9.8 m/s^2,,10.4
3191,internet_0060,internet,A2SS,30,DS,What is the distance between the pink box and the floor at 0.00s in meters?,gravity acceleration = 9.8 m/s^2,,1.33
3192,internet_0060,internet,A2SS,30,DD,What is the velocity of the box at 2.00s in m/s?,gravity acceleration = 9.8 m/s^2,,3.6
3193,internet_0060,internet,A2SS,30,DS,What is the displacement of the box between 0.00s and 2.00s in meters?,gravity acceleration = 9.8 m/s^2,,0.57
3194,internet_0060,internet,A2SS,30,DS,What is displacement of the box between 2.20s and 3.00s in meters?,gravity acceleration = 9.8 m/s^2,,0.34
3195,internet_0061,internet,A2SS,30,DS,What is the width of the acorn in cm? ,gravity acceleration = 9.8 m/s^2,,7.4
3196,internet_0061,internet,A2SS,30,DS,What is the height of the acorn in cm? ,gravity acceleration = 9.8 m/s^2,,8.6
3197,internet_0061,internet,A2SS,30,DD,What is the velocity of the acorn at 1.40s in m/s? ,gravity acceleration = 9.8 m/s^2,,1.55
3198,internet_0061,internet,A2SS,30,DS,What is the distance between the bottom of the acorn and the chair surface at 1.40s in cm?,gravity acceleration = 9.8 m/s^2,,13.5
3199,internet_0061,internet,A2SS,30,DS,What is the distance between the bottom of the acorn and the chair surface at 1.80s in cm? ,gravity acceleration = 9.8 m/s^2,,11.4
3200,internet_0061,internet,A2SS,30,DS,What is the displacement of the acorn between 1.30s and 1.40s in cm? ,gravity acceleration = 9.8 m/s^2,,10.6
3201,internet_0062,internet,A2SS,30,DS,What is the length of the longer side of the wallet in cm? ,gravity acceleration = 9.8 m/s^2,,21.0
3202,internet_0062,internet,A2SS,30,DS,What is the length of the shorter side of the wallet in cm? ,gravity acceleration = 9.8 m/s^2,,13.5
3203,internet_0062,internet,A2SS,30,DD,What is the velocity of the wallet at 2.50s in m/s? ,gravity acceleration = 9.8 m/s^2,,2.93
3204,internet_0062,internet,A2SS,30,DS,What is the distance between the bottom corner of the wallet and the floor at 2.50s in meters? ,gravity acceleration = 9.8 m/s^2,,0.77
3205,internet_0062,internet,A2SS,30,DS,What is the displacement of the wallet between 2.20s and 2.50s in meters?,gravity acceleration = 9.8 m/s^2,,0.43
3206,internet_0062,internet,A2SS,30,DD,What is the velocity of the wallet at 2.60s in m/s? ,gravity acceleration = 9.8 m/s^2,,3.86
3207,internet_0063,internet,A2SS,30,DS,What is the height of the water bottle in cm?,gravity acceleration = 9.8 m/s^2,,24.7
3208,internet_0063,internet,A2SS,30,DS,What is the diameter of the water bottle in cm? ,gravity acceleration = 9.8 m/s^2,,6.7
3209,internet_0063,internet,A2SS,30,DD,What is the velocity of the water bottle at 1.50s in m/s?,gravity acceleration = 9.8 m/s^2,,1.9
3210,internet_0063,internet,A2SS,30,DD,What is the velocity of the water bottle at 1.70s in m/s?,gravity acceleration = 9.8 m/s^2,,3.85
3211,internet_0063,internet,A2SS,30,DS,What is the displacement of the water bottle between 1.50s and 1.70s in meters?,gravity acceleration = 9.8 m/s^2,,0.575
3212,internet_0063,internet,A2SS,30,DS,What is the distance between the bottom of the water bottle and the floor at 1.50s in meters?,gravity acceleration = 9.8 m/s^2,,0.84
3213,internet_0064,internet,A2MS,30,DS,What is the height of the person in meters? ,gravity acceleration = 9.8 m/s^2,,1.81
3214,internet_0064,internet,A2MS,30,DD,What is the velocity of the ball at 3.0s in m/s? ,gravity acceleration = 9.8 m/s^2,,2.77
3215,internet_0064,internet,A2MS,30,DD,What is the velocity of the ball at 3.6s in m/s? ,gravity acceleration = 9.8 m/s^2,,5.34
3216,internet_0064,internet,A2MS,30,DD,What is the velocity of the person at 4.4s in m/s? ,gravity acceleration = 9.8 m/s^2,,0.93
3217,internet_0064,internet,A2MS,30,DS,What is the distance between the bottom of the ball and the floor at 3.5s in meters?,gravity acceleration = 9.8 m/s^2,,1.6
3218,internet_0064,internet,A2MS,30,DS,What is the displacement of the ball between 3.50s and 3.70s in meters? ,gravity acceleration = 9.8 m/s^2,,1.07
3219,internet_0064,internet,A2MS,30,DS,What is the displacement of the person between 4.00s and 5.00s in meters? ,gravity acceleration = 9.8 m/s^2,,0.86
3220,internet_0064,internet,A2MS,30,DS,What is the diameter of the ball in cm? ,gravity acceleration = 9.8 m/s^2,,25.0
3221,internet_0065,internet,A2SS,30,DD,What is the velocity of the ball at 0.20s in m/s? ,gravity acceleration = 9.8 m/s^2,,2.6
3222,internet_0065,internet,A2SS,30,DD,What is the velocity of the ball at 0.30s in m/s? ,gravity acceleration = 9.8 m/s^2,,2.67
3223,internet_0065,internet,A2SS,30,DD,What is the velocity of the ball at 0.40s in m/s? ,gravity acceleration = 9.8 m/s^2,,2.73
3224,internet_0065,internet,A2SS,30,DD,What is the velocity of the ball at 0.50s in m/s? ,gravity acceleration = 9.8 m/s^2,,2.73
3225,internet_0065,internet,A2SS,30,DS,What is the displacement of the ball between 0.20s and 0.30 in meters?,gravity acceleration = 9.8 m/s^2,,0.275
3226,internet_0065,internet,A2SS,30,DS,What is the displacement of the ball between 0.30s and 0.40s in meters?,gravity acceleration = 9.8 m/s^2,,0.274
3227,internet_0065,internet,A2SS,30,DS,What is the displacement of the ball between 0.40s and 0.50s in meters?,gravity acceleration = 9.8 m/s^2,,0.272
3228,internet_0065,internet,A2SS,30,DS,What is the diameter of the ball in cm? ,gravity acceleration = 9.8 m/s^2,,24.0
3229,internet_0066,internet,A2SS,30,DS,What is the diameter of the ball in cm? ,gravity acceleration = 9.8 m/s^2,,24.0
3230,internet_0066,internet,A2SS,30,DD,What is the velocity of the ball at 1.80s in m/s?,gravity acceleration = 9.8 m/s^2,,2.45
3231,internet_0066,internet,A2SS,30,DD,What is the velocity of the ball at 1.90s in m/s?,gravity acceleration = 9.8 m/s^2,,2.5
3232,internet_0066,internet,A2SS,30,DD,What is the velocity of the ball at 2.00s in m/s?,gravity acceleration = 9.8 m/s^2,,2.55
3233,internet_0066,internet,A2SS,30,DD,What is the velocity of the ball at 2.10s in m/s?,gravity acceleration = 9.8 m/s^2,,2.55
3234,internet_0066,internet,A2SS,30,DD,What is the velocity of the ball at 2.20s in m/s?,gravity acceleration = 9.8 m/s^2,,2.4
3235,internet_0066,internet,A2SS,30,DS,What is the displacement of the ball between 1.70s and 1.80s in meters?,gravity acceleration = 9.8 m/s^2,,0.24
3236,internet_0066,internet,A2SS,30,DS,What is the displacement of the ball between 1.80s and 1.90s in meters?,gravity acceleration = 9.8 m/s^2,,0.25
3237,internet_0066,internet,A2SS,30,DS,What is the displacement of the ball between 1.90s and 2.00s in meters?,gravity acceleration = 9.8 m/s^2,,0.25
3238,internet_0066,internet,A2SS,30,DS,What is the displacement of the ball between 2.00s and 2.10s in meters?,gravity acceleration = 9.8 m/s^2,,0.26
3239,internet_0067,internet,S2SS,30,DD,What is the acceleration of the acorn at 0.17s in m/s^2? ,height of the acorn = 8 cm,,16.0
3240,internet_0067,internet,S2SS,30,DD,What is the velocity of the acorn at 0.17s in m/s? ,height of the acorn = 8 cm,,2.96
3241,internet_0067,internet,S2SS,30,DD,What is the velocity of the acorn at 0.20s in m/s? ,height of the acorn = 8 cm,,3.17
3242,internet_0067,internet,S2SS,30,DS,What is the width of the acorn in cm? ,height of the acorn = 8 cm,,6.2
3243,internet_0068,internet,A2SS,30,DS,What is the height of the acorn in cm? ,acceleration of the acorn from 2.00s to 2.30s = 0.77m/s^2,,8.4
3244,internet_0068,internet,A2SS,30,DD,What is the velocity of the acorn at 2.00s in m/s? ,acceleration of the acorn from 2.00s to 2.30s = 0.77m/s^2,,0.51
3245,internet_0068,internet,A2SS,30,DD,What is the velocity of the acorn at 2.10s in m/s? ,acceleration of the acorn from 2.00s to 2.30s = 0.77m/s^2,,0.59
3246,internet_0068,internet,A2SS,30,DD,What is the velocity of the acorn at 2.30s in m/s? ,acceleration of the acorn from 2.00s to 2.30s = 0.77m/s^2,,0.74
3247,internet_0068,internet,A2SS,30,DS,What is the displacement of the acorn between 2.00s and 2.10s in cm?,acceleration of the acorn from 2.00s to 2.30s = 0.77m/s^2,,5.5
3248,internet_0068,internet,A2SS,30,DS,What is the displacement of the acorn between 2.10s and 2.20s in cm?,acceleration of the acorn from 2.00s to 2.30s = 0.77m/s^2,,6.25
3249,internet_0068,internet,A2SS,30,DS,What is the displacement of the acorn between 2.20s and 2.30s in cm?,acceleration of the acorn from 2.00s to 2.30s = 0.77m/s^2,,7.1
3250,internet_0068,internet,A2SS,30,DS,What is the displacement of the acorn between 2.30s and 2.40s in cm?,acceleration of the acorn from 2.00s to 2.30s = 0.77m/s^2,,8.1
3251,internet_0069,internet,A2SS,30,DS,What is the height of the cup in cm? ,acceleration of the cup from 2.00s to 2.30s = 0.32m/s^2,,11.5
3252,internet_0069,internet,A2SS,30,DD,What is the velocity of the cup at 2.00s in m/s?,acceleration of the cup from 2.00s to 2.30s = 0.32m/s^2,,0.394
3253,internet_0069,internet,A2SS,30,DD,What is the velocity of the cup at 2.10s in m/s?,acceleration of the cup from 2.00s to 2.30s = 0.32m/s^2,,0.426
3254,internet_0069,internet,A2SS,30,DD,What is the velocity of the cup at 2.20s in m/s?,acceleration of the cup from 2.00s to 2.30s = 0.32m/s^2,,0.457
3255,internet_0069,internet,A2SS,30,DD,What is the velocity of the cup at 2.30s in m/s?,acceleration of the cup from 2.00s to 2.30s = 0.32m/s^2,,0.49
3256,internet_0069,internet,A2SS,30,DS,What is the displacement of the cup between 2.00s and 2.10s in cm? ,acceleration of the cup from 2.00s to 2.30s = 0.32m/s^2,,4.1
3257,internet_0069,internet,A2SS,30,DS,What is the displacement of the cup between 2.10s and 2.30s in cm? ,acceleration of the cup from 2.00s to 2.30s = 0.32m/s^2,,9.1
3258,internet_0069,internet,A2SS,30,DS,What is the displacement of the cup between 2.30s and 2.50s in cm? ,acceleration of the cup from 2.00s to 2.30s = 0.32m/s^2,,10.6
3259,internet_0070,internet,V2SC,30,DS,What is the length of the speedboat in meters?,velocity of the speedboat at 1.00s = 11 m/s,,5.0
3260,internet_0070,internet,V2SC,30,DS,What is the height of the speedboat in meters?,velocity of the speedboat at 1.00s = 11 m/s,,1.6
3261,internet_0070,internet,V2SC,30,DS,What is the displacement of the speedboat between 1.00s and 4.00s in meters?,velocity of the speedboat at 1.00s = 11 m/s,,30.0
3262,internet_0070,internet,V2SC,30,DS,What is the displacement of the speedboat between 2.00s and 3.00s in meters?,velocity of the speedboat at 1.00s = 11 m/s,,9.8
3263,internet_0070,internet,V2SC,30,DD,What is the velocity of the speed boat at 2.00s in m/s?,velocity of the speedboat at 1.00s = 11 m/s,,9.9
3264,internet_0071,internet,S2SS,30,SS,What is the diameter of the toilet paper roll in cm?,width of the toilet paper = 10 cm,,11.7
3265,internet_0071,internet,S2SS,30,SS,What is the length of the toilet paper holder in cm?,width of the toilet paper = 10 cm,,14.0
3266,internet_0071,internet,S2SS,30,SS,What is the length of a wall tile in cm?,width of the toilet paper = 10 cm,,27.3
3267,internet_0071,internet,S2SS,30,SS,What is the height of a wall tile in cm? ,width of the toilet paper = 10 cm,,17.9
3268,internet_0071,internet,S2SS,30,SD,What is the moving velocity of the toilet paper at 0.50s in cm/s? ,width of the toilet paper = 10 cm,,18.0
3269,internet_0071,internet,S2SS,30,SD,What is the moving velocity of the toilet paper at 1.00s in cm/s? ,width of the toilet paper = 10 cm,,10.0
3270,internet_0071,internet,S2SS,30,SD,What is the average moving velocity of the toilet paper from 0.50s to 1.50s in cm/s? ,width of the toilet paper = 10 cm,,10.7
3271,internet_0072,internet,S2SS,30,SS,What is the width of the credit card in cm? ,lenth of the credit card = 8.56 cm,,5.9
3272,internet_0072,internet,S2SS,30,SD,What is the moving velocity of the credit card at 0.50s in cm/s?,lenth of the credit card = 8.56 cm,,31.0
3273,internet_0072,internet,S2SS,30,SD,What is the moving velocity of the credit card at 1.00s in cm/s?,lenth of the credit card = 8.56 cm,,6.2
3274,internet_0072,internet,S2SS,30,SD,What is the acceleration of the credit card at 0.50s in cm/s^2? ,lenth of the credit card = 8.56 cm,,70.0
3275,internet_0073,internet,S2MC,30,SS,What is the distance between the blue bag and the yellow bag in meters? ,velocity of the conveyor belt = 0.3m/s,,1.16
3276,internet_0073,internet,S2MC,30,SS,What is the width of the red package in meters?,velocity of the conveyor belt = 0.3m/s,,0.49
3277,internet_0073,internet,S2MC,30,SS,What is the height of the red package in meters?,velocity of the conveyor belt = 0.3m/s,,0.24
3278,internet_0073,internet,S2MC,30,SS,What is the width of the package in the middle of the read package and the blue bag in meters?,velocity of the conveyor belt = 0.3m/s,,0.56
3279,internet_0073,internet,S2MC,30,SS,What is the height of the package in the middle of the read package and the blue bag in meters?,velocity of the conveyor belt = 0.3m/s,,0.195
3280,internet_0073,internet,S2MC,30,SS,What is the distance between the red package and the blue bag in meters?,velocity of the conveyor belt = 0.3m/s,,2.03
3281,internet_0073,internet,S2MC,30,SS,What is the displacement of the blue bag between 2.00s and 3.50s in meters? ,velocity of the conveyor belt = 0.3m/s,,0.45
3282,internet_0074,internet,S2MS,30,SS,What is the total length of the pickle ball court in meters? ,width of the pickleball court = 6.1 m,,13.45
3283,internet_0074,internet,S2MS,30,SS,What is the distance between the two players at 0.00s in meters? ,width of the pickleball court = 6.1 m,,14.45
3284,internet_0074,internet,S2MS,30,SD,What is the velocity of the ball at 1.00s in m/s? ,width of the pickleball court = 6.1 m,,11.3
3285,internet_0074,internet,S2MS,30,SS,What is the distance between the ball and the net at 1.00s in meters? ,width of the pickleball court = 6.1 m,,1.36
3286,internet_0074,internet,S2MS,30,SS,What is the distance between the ball and the nearest player at 2.00s in meters? ,width of the pickleball court = 6.1 m,,1.6
3287,internet_0074,internet,S2MS,30,SD,What is the velocity of the ball at 3.00s in m/s? ,width of the pickleball court = 6.1 m,,5.2
3288,internet_0074,internet,S2MS,30,SS,What is the length of the net in meters?,width of the pickleball court = 6.1 m,,6.95
3289,internet_0074,internet,S2MS,30,SS,What is the distance between the two players at 4.50s in meters?,width of the pickleball court = 6.1 m,,9.8
