id,video_id,video_source,video_type,fps,inference_type,question,ground_truth_prior,depth_info,parsed_value
1,simulation_0007,simulation,S2MC,24,SS,What is the width of the wooden pier in meters?,length of boat = 3.62m,,1.416701676378659e-09
2,simulation_0007,simulation,S2MC,24,SS,What is the length of the pier in meters?,length of boat = 3.62m,,5.734809848701867e-09
3,simulation_0007,simulation,S2MC,24,SS,"When t=3s, what is the minimum distance from the outer end of the pier to the boat in meters?",length of boat = 3.62m,,2.007532790653268e-09
4,simulation_0007,simulation,S2MC,24,SD,What is the speed of the boat at 1.0s in m/s?,length of boat = 3.62m,,1.3905991961843776e-09
5,simulation_0012,simulation,V2MC,24,DS,What is the total width of the house from eave to eave in meters?,speed of the bird =6m/s,,1.5824283314365036e-08
6,simulation_0012,simulation,V2MC,24,DS,What is the body length of the bird in meters?,speed of the bird =6m/s,,2.092951854581442e-09
7,simulation_0012,simulation,V2MC,24,DS,How wide is the bird's wingspan when it spreads its wings in meters?,speed of the bird =6m/s,,3.928956206011963e-09
8,simulation_0020,simulation,A2MC,30,DS,What is the height of the person in meters?,gravity acc = 9.8m/s^2,,9.167051378079224e-09
9,simulation_0020,simulation,A2MC,30,DD,What is the velocity of the ball at 0.0s in m/s?,gravity acc = 9.8m/s^2,,5.1032641156998295
10,simulation_0020,simulation,A2MC,30,DS,What is the diameter of the ball in meters?,gravity acc = 9.8m/s^2,,1.3529684262827764e-09
11,simulation_0041,simulation,S2MC,24,SS,What is the length of the boat in meters?,height of the person = 1.75m,,1.303338923326266e-08
12,simulation_0041,simulation,S2MC,24,SS,What is the width of the boat in meters?,height of the person = 1.75m,,2.5866110201077903e-09
13,simulation_0041,simulation,S2MC,24,SD,What is the speed of the boat at 1.0s in m/s?,height of the person = 1.75m,,5.284707867155605e-09
14,simulation_0041,simulation,S2MC,24,SD,What is the speed of the person at 1.0s in m/s?,height of the person = 1.75m,,1.4261312268077944e-09
15,simulation_0047,simulation,V2MC,33,DS,What is the width of the telephone booth in meters?,speed of the walking person = 1.236m/s,,1.903887657912086e-09
16,simulation_0047,simulation,V2MC,33,DS,What is the length of the planter area between the two staircases in meters?,speed of the walking person = 1.236m/s,,3.2366090184505454e-09
17,simulation_0047,simulation,V2MC,33,DS,What is the length of the moving bicycle in meters?,speed of the walking person = 1.236m/s,,1.6319037067817876e-09
18,simulation_0047,simulation,V2MC,33,DD,What is the speed of the moving bicycle at 1.0s in m/s?,speed of the walking person = 1.236m/s,,5.209540591245926
19,simulation_0053,simulation,A2MC,30,DD,What is the speed of the green car at 2.0s in m/s?,acceleration of the orange car = -2.86m/s^2,,11.5516147420629
20,simulation_0053,simulation,A2MC,30,DS,What is the length of the orange car in meters?,acceleration of the orange car = -2.86m/s^2,,4.972148756245041e-09
21,simulation_0053,simulation,A2MC,30,DS,What is the length of the green car in meters?,acceleration of the orange car = -2.86m/s^2,,5.037859973287924e-09
22,simulation_0053,simulation,A2MC,30,DS,What is the distance between the two black lamps in meters?,acceleration of the orange car = -2.86m/s^2,,7.75395454848331e-09
23,simulation_0053,simulation,A2MC,30,DD,What is the walking speed of the person at 2.0s in m/s?,acceleration of the orange car = -2.86m/s^2,,0.6830287896309477
24,simulation_0054,simulation,A2MC,30,DD,What is the speed of the green car at 2.0s in m/s?,acceleration of the orange car = -2.86m/s^2,,12.403665813698842
25,simulation_0054,simulation,A2MC,30,DS,What is the length of the orange car in meters?,acceleration of the orange car = -2.86m/s^2,,5.247087518099461e-09
26,simulation_0054,simulation,A2MC,30,DS,What is the length of the green car in meters?,acceleration of the orange car = -2.86m/s^2,,5.386390726544579e-09
27,simulation_0054,simulation,A2MC,30,DS,What is the distance between the two black lamps in meters?,acceleration of the orange car = -2.86m/s^2,,9.681572986935731e-09
28,simulation_0054,simulation,A2MC,30,DS,What is the width of the orange car in meters?,acceleration of the orange car = -2.86m/s^2,,2.089548126676777e-09
29,simulation_0054,simulation,A2MC,30,DS,What is the width of the green car in meters?,acceleration of the orange car = -2.86m/s^2,,2.135982529491817e-09
30,simulation_0057,simulation,A2MC,30,DS,What is the length of the orange car in meters?,acceleration of the orange car = -2.86m/s^2,,4.7532994973221094e-09
31,simulation_0057,simulation,A2MC,30,DS,What is the distance between the two black lamps in meters?,acceleration of the orange car = -2.86m/s^2,,8.693534606944384e-09
32,simulation_0057,simulation,A2MC,30,DS,What is the width of the orange car in meters?,acceleration of the orange car = -2.86m/s^2,,1.8346068235278323e-09
33,simulation_0068,simulation,A2MS,24,DD,What is the speed of the yellow car at 2.5s in m/s?,acceleration of the white car = 4m/s^2,,4.012792848260278
34,simulation_0068,simulation,A2MS,24,DS,What is the length of the turning yellow car in meters?,acceleration of the white car = 4m/s^2,,5.342730353329948e-09
35,simulation_0068,simulation,A2MS,24,DS,What is the width of the turning yellow car in meters?,acceleration of the white car = 4m/s^2,,1.9651421989259572e-09
36,simulation_0068,simulation,A2MS,24,DS,What is the width of the white car in meters?,acceleration of the white car = 4m/s^2,,2.210784973791701e-09
37,simulation_0068,simulation,A2MS,24,DS,What is the length of the white car in meters?,acceleration of the white car = 4m/s^2,,5.7111945156285625e-09
38,simulation_0069,simulation,A2MS,24,DD,What is the speed of the walking pedestrian at 1.0s in m/s?,acceleration of the white car = 4m/s^2,,1.2129317233279349
39,simulation_0069,simulation,A2MS,24,DS,What is the width of the white car in meters?,acceleration of the white car = 4m/s^2,,2.081467885502746e-09
40,simulation_0069,simulation,A2MS,24,DS,What is the length of the white car in meters?,acceleration of the white car = 4m/s^2,,5.724036685132552e-09
41,simulation_0070,simulation,S2MS,24,SD,What is the speed of the turing yellow car at 2.5s in m/s?,length of the yellow car = 5.44m,,4.1313388923635815e-09
42,simulation_0070,simulation,S2MS,24,SS,What is the width of the turning yellow car in meters?,length of the yellow car = 5.44m,,2.0009195402298853e-09
43,simulation_0070,simulation,S2MS,24,SD,What is the speed of the bicycle at 1.0s in m/s?,length of the yellow car = 5.44m,,5.3298381998462835e-09
44,simulation_0071,simulation,S2MS,24,SD,What is the speed of the turing yellow car at 2.5s in m/s?,length of the yellow car = 5.44m,,4.151469964494944e-09
45,simulation_0071,simulation,S2MS,24,SS,What is the width of the turning yellow car in meters?,length of the yellow car = 5.44m,,1.978181818181819e-09
46,simulation_0071,simulation,S2MS,24,SD,What is the speed of the walking pedestrian at 1.0s in m/s?,length of the yellow car = 5.44m,,1.2242639101215303e-09
47,simulation_0072,simulation,V2MS,24,DD,What is the speed of the walking pedestrian at 1.0s in m/s?,speed of the bicycle = 5.33m/s,,1.241738965864199
48,simulation_0073,simulation,V2MS,24,DS,What is the width of the white car in meters?,speed of the bicycle = 5.33m/s,,2.2197567839094842e-09
49,simulation_0073,simulation,V2MS,24,DS,What is the length of the white car in meters?,speed of the bicycle = 5.33m/s,,5.961632505356897e-09
50,simulation_0073,simulation,V2MS,24,DS,What is the distance between the white car and the bicycle at 1.0s in meters?,speed of the bicycle = 5.33m/s,,5.913947580561833e-09
51,simulation_0073,simulation,V2MS,24,DS,What is the  distance between the white car and the bicycle at 2.0s in meters?,speed of the bicycle = 5.33m/s,,5.035189350711355e-09
52,simulation_0073,simulation,V2MS,24,DD,What is the acceleration of the white car at 1.0s in m/s^2?,speed of the bicycle = 5.33m/s,,4.081856735789712
53,simulation_0073,simulation,V2MS,24,DS,What is the side length of the square earthen platform in meters?,speed of the bicycle = 5.33m/s,,2.0294919167172424e-09
54,simulation_0073,simulation,V2MS,24,DD,What is the speed of the white car at 1.0s in m/s?,speed of the bicycle = 5.33m/s,,4.248015172304114
55,simulation_0075,simulation,S2MS,24,SS,What is the length of the turning yellow car in meters?,length of the white car = 6m,,5.612903225806453e-09
56,simulation_0075,simulation,S2MS,24,SD,What is the speed of the walking pedestrian at 1.0s in m/s?,length of the white car = 6m,,1.214131618687233e-09
57,simulation_0075,simulation,S2MS,24,SD,What is the speed of the turing yellow car at 2.5s in m/s?,length of the white car = 6m,,4.219246443010807e-09
58,simulation_0075,simulation,S2MS,24,SS,What is the width of the turning yellow car in meters?,length of the white car = 6m,,2.064516129032259e-09
59,simulation_0075,simulation,S2MS,24,SS,What is the width of the purple car in meters?,length of the white car = 6m,,1.935483870967741e-09
60,simulation_0075,simulation,S2MS,24,SS,What is the length of the purple car in meters?,length of the white car = 6m,,5.1612903225806474e-09
61,simulation_0075,simulation,S2MS,24,SD,What is the speed of the bicycle at 1.0s in m/s?,length of the white car = 6m,,5.441602650217353e-09
62,simulation_0075,simulation,S2MS,24,SS,What is the side length of the square earthen platform in meters?,length of the white car = 6m,,2.064516129032259e-09
63,simulation_0075,simulation,S2MS,24,SS,What is the width of the white car in meters?,length of the white car = 6m,,2.3225806451612902e-09
64,simulation_0075,simulation,S2MS,24,SD,What is the acceleration of the white car at 1.0s in m/s^2?,length of the white car = 6m,,4.165835081893612e-09
65,simulation_0075,simulation,S2MS,24,SS,What is the width of the green car in meters?,length of the white car = 6m,,1.870967741935484e-09
66,simulation_0075,simulation,S2MS,24,SS,What is the length of the green car in meters?,length of the white car = 6m,,4.903225806451613e-09
67,simulation_0076,simulation,V2MX,24,DD,What is the speed of the person in the white shirt at 1.0s in m/s?,speed of the person in the black shirt = 1m/s,,1.2955015737043063
68,simulation_0076,simulation,V2MX,24,DS,What is the distance between the person in the black shirt and the person in the white shirt at 1.0s in meters?,speed of the person in the black shirt = 1m/s,,7.550630674591173e-10
69,simulation_0076,simulation,V2MX,24,DS,What is the distance between the person in the black shirt and the person in the white shirt at 2.0s in meters?,speed of the person in the black shirt = 1m/s,,9.268362090608644e-10
70,simulation_0077,simulation,V2MX,24,DD,What is the speed of the person in the white shirt at 1.0s in m/s?,speed of the person in the black shirt = 1m/s,,1.3446359338340663
71,simulation_0077,simulation,V2MX,24,DS,What is the distance between the person in the black shirt and the person in the white shirt at 1.0s in meters?,speed of the person in the black shirt = 1m/s,,2.540125505907899e-09
72,simulation_0077,simulation,V2MX,24,DS,What is the distance between the person in the black shirt and the person in the white shirt at 2.0s in meters?,speed of the person in the black shirt = 1m/s,,4.850341800242101e-09
73,simulation_0078,simulation,V2MX,24,DD,What is the speed of the person in the black shirt at 1.0s in m/s?,speed of the person in the white shirt = 1.3m/s,,1.0204999536803805
74,simulation_0078,simulation,V2MX,24,DS,What is the distance between the person in the black shirt and the person in the white shirt at 1.0s in meters?,speed of the person in the white shirt = 1.3m/s,,5.2569095671108196e-09
75,simulation_0078,simulation,V2MX,24,DS,What is the distance between the person in the black shirt and the person in the white shirt at 2.0s in meters?,speed of the person in the white shirt = 1.3m/s,,3.007231195622065e-09
76,simulation_0079,simulation,S2MX,24,SD,What is the speed of the walking person at 1.0s in m/s?,length of the bike = 1.7m,,1.4255340859050467e-09
77,simulation_0079,simulation,S2MX,24,SD,What is the speed of the bike at 1.0s in m/s?,length of the bike = 1.7m,,5.0977739189427084e-09
78,simulation_0079,simulation,S2MX,24,SS,What is the distance between the walking person and the bike at 1.0s in meters?,length of the bike = 1.7m,,3.881423296413484e-09
79,simulation_0079,simulation,S2MX,24,SS,What is the distance between the walking person and the bike at 0.5s in meters?,length of the bike = 1.7m,,2.191793227801285e-09
80,simulation_0080,simulation,S2MX,24,SD,What is the speed of the walking person at 0.5s in m/s?,length of the bike = 1.7m,,1.418784891054369e-09
81,simulation_0080,simulation,S2MX,24,SD,What is the speed of the bike at 0.5s in m/s?,length of the bike = 1.7m,,5.2174672959777025e-09
82,simulation_0080,simulation,S2MX,24,SS,What is the distance between the walking person and the bike at 0.5 s in meters?,length of the bike = 1.7m,,3.2490915638225603e-09
83,simulation_0080,simulation,S2MX,24,SS,What is the distance between the walking person and the bike at 1.0s in meters?,length of the bike = 1.7m,,6.507731227960165e-09
84,simulation_0081,simulation,S2MX,24,SD,What is the speed of the walking person at 0.5s in m/s?,length of the bike = 1.7m,,1.3793037509341578e-09
85,simulation_0081,simulation,S2MX,24,SD,What is the speed of the bike at 0.5s in m/s?,length of the bike = 1.7m,,5.040000000000004e-09
86,simulation_0081,simulation,S2MX,24,SS,What is the distance between the walking person and the bike at 0.5 s in meters?,length of the bike = 1.7m,,4.646980202238869e-09
87,simulation_0081,simulation,S2MX,24,SS,What is the distance between the walking person and the bike at 1.0 s in meters?,length of the bike = 1.7m,,1.548418548067673e-09
88,simulation_0082,simulation,S2MX,24,SS,What is the width of the yellow car in meters?,length of the yellow car = 5.67m,,2.105999999999999e-09
89,simulation_0082,simulation,S2MX,24,SS,What is the length of the black and white car in meters?,length of the yellow car = 5.67m,,5.629499999999997e-09
90,simulation_0082,simulation,S2MX,24,SS,What is the width of the black and white car in meters?,length of the yellow car = 5.67m,,2.1464999999999987e-09
91,simulation_0082,simulation,S2MX,24,SS,What is the distance between the yellow car and the black and white car at 1.0s in meters?,length of the yellow car = 5.67m,,3.138718497134868e-09
92,simulation_0082,simulation,S2MX,24,SS,What is the distance between the yellow car and the black and white car at 2.0s in meters?,length of the yellow car = 5.67m,,4.628091484019703e-09
93,simulation_0082,simulation,S2MX,24,SD,What is the speed of the yellow car at 1.0s in m/s?,length of the yellow car = 5.67m,,4.743551214215522e-09
94,simulation_0082,simulation,S2MX,24,SD,What is the speed of the black and white car at 1.0s in m/s?,length of the yellow car = 5.67m,,6.878511324521449e-09
95,simulation_0083,simulation,S2MX,24,SS,What is the width of the yellow car in meters?,length of the yellow car = 5.67m,,2.070373443983403e-09
96,simulation_0083,simulation,S2MX,24,SS,What is the length of the black and white car in meters?,length of the yellow car = 5.67m,,5.646473029045641e-09
97,simulation_0083,simulation,S2MX,24,SS,What is the width of the black and white car in meters?,length of the yellow car = 5.67m,,2.070373443983403e-09
98,simulation_0083,simulation,S2MX,24,SS,What is the distance between the yellow car and the black and white car at 1.0s in meters?,length of the yellow car = 5.67m,,1.0242356666495462e-08
99,simulation_0083,simulation,S2MX,24,SS,What is the distance between the yellow car and the black and white car at 2.0s in meters?,length of the yellow car = 5.67m,,2.2147763403421512e-08
100,simulation_0083,simulation,S2MX,24,SD,What is the speed of the yellow car at 1.0s in m/s?,length of the yellow car = 5.67m,,5.067397094595002e-09
101,simulation_0083,simulation,S2MX,24,SD,What is the speed of the black and white car at 1.0s in m/s?,length of the yellow car = 5.67m,,7.051610688938405e-09
102,simulation_0084,simulation,V2MX,24,DS,What is the length of the yellow car in meters?,speed of the yellow car = 5.07m/s,,5.829920582142007e-09
103,simulation_0084,simulation,V2MX,24,DS,What is the width of the yellow car in meters?,speed of the yellow car = 5.07m/s,,2.023608797107143e-09
104,simulation_0084,simulation,V2MX,24,DS,What is the length of the black and white car in meters?,speed of the yellow car = 5.07m/s,,5.829920582142007e-09
105,simulation_0084,simulation,V2MX,24,DS,What is the width of the black and white car in meters?,speed of the yellow car = 5.07m/s,,2.071789958943026e-09
106,simulation_0084,simulation,V2MX,24,DS,What is the distance between the yellow car and the black and white car at 1.0s in meters?,speed of the yellow car = 5.07m/s,,2.4110086391965525e-08
107,simulation_0084,simulation,V2MX,24,DS,What is the distance between the yellow car and the black and white car at 2.0s in meters?,speed of the yellow car = 5.07m/s,,1.201453570586691e-08
108,simulation_0084,simulation,V2MX,24,DD,What is the speed of the black and white car at 1.0s in m/s?,length of the yellow car = 5.67m,,7.012410474671852
109,simulation_0085,simulation,A2MX,24,DD,What is the speed of the bike at 1.0s in m/s?,acceleration of the car = 4.03m/s^2,,4.772784618789471
110,simulation_0085,simulation,A2MX,24,DS,What is the length of the bike in meters?,acceleration of the car = 4.03m/s^2,,1.604245063749265e-09
111,simulation_0085,simulation,A2MX,24,DS,What is the length of the car in meters?,acceleration of the car = 4.03m/s^2,,5.4375464266027735e-09
112,simulation_0085,simulation,A2MX,24,DS,What is the width of the car in meters?,acceleration of the car = 4.03m/s^2,,1.925094076499118e-09
113,simulation_0085,simulation,A2MX,24,DS,What is the distance between the car and the bike at 1.0s in meters?,acceleration of the car = 4.03m/s^2,,5.777281634864333e-09
114,simulation_0085,simulation,A2MX,24,DS,What is the distance between the car and the bike at 2.0s in meters?,acceleration of the car = 4.03m/s^2,,4.906419025700924e-09
115,simulation_0085,simulation,A2MX,24,DD,What is the speed of the car at 1.5s in m/s?,acceleration of the car = 4.03m/s^2,,5.745004685234097
116,simulation_0086,simulation,A2MX,24,DD,What is the speed of the bike at 1.0s in m/s?,acceleration of the car = 4.03m/s^2,,4.8368536118620336
117,simulation_0086,simulation,A2MX,24,DS,What is the length of the bike in meters?,acceleration of the car = 4.03m/s^2,,1.563492654165628e-09
118,simulation_0086,simulation,A2MX,24,DS,What is the length of the car in meters?,acceleration of the car = 4.03m/s^2,,5.388465754535111e-09
119,simulation_0086,simulation,A2MX,24,DS,What is the width of the car in meters?,acceleration of the car = 4.03m/s^2,,1.954365817707034e-09
120,simulation_0086,simulation,A2MX,24,DS,What is the distance between the car and the bike at 1.0s in meters?,acceleration of the car = 4.03m/s^2,,5.13341431693007e-09
121,simulation_0086,simulation,A2MX,24,DS,What is the distance between the car and the bike at 2.0s in meters?,acceleration of the car = 4.03m/s^2,,1.5343543528410643e-08
122,simulation_0086,simulation,A2MX,24,DD,What is the speed of the car at 1.5s in m/s?,acceleration of the car = 4.03m/s^2,,5.697206194091864
123,simulation_0087,simulation,V2MX,24,DD,What is the acceleration of the car at 1.0s in m/s^2?,speed of the bike = 5.07m/s,,4.15497563868578
124,simulation_0087,simulation,V2MX,24,DS,What is the length of the bike in meters?,acceleration of the car = 4.03m/s^2,,1.6798412079121931e-09
125,simulation_0087,simulation,V2MX,24,DS,What is the length of the car in meters?,acceleration of the car = 4.03m/s^2,,5.658412489809491e-09
126,simulation_0087,simulation,V2MX,24,DS,What is the width of the car in meters?,acceleration of the car = 4.03m/s^2,,2.077698336101922e-09
127,simulation_0087,simulation,V2MX,24,DS,What is the distance between the car and the bike at 0.5 s in meters?,acceleration of the car = 4.03m/s^2,,1.8204177870589124e-08
128,simulation_0087,simulation,V2MX,24,DS,What is the distance between the car and the bike at 1.0s in meters?,acceleration of the car = 4.03m/s^2,,1.4290766370906361e-08
129,simulation_0087,simulation,V2MX,24,DD,What is the speed of the car at 1.0s in m/s?,acceleration of the car = 4.03m/s^2,,3.929034996018486
130,simulation_0088,simulation,V2MX,24,DD,What is the speed of the small bird at 0.3s in m/s?,speed of the big bird = 17.98m/s,,11.235718106696789
131,simulation_0088,simulation,V2MX,24,DS,What is the distance between the big bird and the small bird at 0.3s in meters?,speed of the big bird = 17.98m/s,,2.358697781905322e-09
132,simulation_0088,simulation,V2MX,24,DS,What is the body length of the big bird in meters?,speed of the big bird = 17.98m/s,,8.456722544049131e-10
133,simulation_0088,simulation,V2MX,24,DS,What is the width (wingspan) of the big bird in meters?,speed of the big bird = 17.98m/s,,1.973235260278131e-09
134,simulation_0088,simulation,V2MX,24,DS,What is the body length of the small bird in meters?,speed of the big bird = 17.98m/s,,5.214978902163633e-10
135,simulation_0088,simulation,V2MX,24,DS,What is the width (wingspan) of the small bird in meters?,speed of the big bird = 17.98m/s,,1.0007121677124811e-09
136,simulation_0089,simulation,S2MX,24,SS,What is the length of the big bird in meters?,length of the small bird = 0.94m,,1.5199999999999983e-09
137,simulation_0089,simulation,S2MX,24,SS,What is the width of the big bird in meters?,length of the small bird = 0.94m,,3.179999999999997e-09
138,simulation_0089,simulation,S2MX,24,SS,What is the width (wingspan) of the small bird in meters?,length of the small bird = 0.94m,,1.7199999999999984e-09
139,simulation_0089,simulation,S2MX,24,SD,What is the speed of the small bird at 0.3s in m/s?,length of the small bird = 0.94m,,2.1819867241208457e-08
140,simulation_0089,simulation,S2MX,24,SD,What is the speed of the big bird at 0.3s in m/s?,length of the small bird = 0.94m,,4.015184062697521e-08
141,simulation_0089,simulation,S2MX,24,SS,What is the distance between the big bird and the small bird at 0.3s in meters?,length of the small bird = 0.94m,,1.6117404470957867e-08
142,simulation_0090,simulation,V2MX,24,DD,What is the speed of the big bird at 0.2s in m/s?,speed of the small bird = 11m/s,,18.87649728712116
143,simulation_0090,simulation,V2MX,24,DS,What is the distance between the big bird and the small bird at 0.3s in meters?,speed of the small bird = 11m/s,,2.3695380599179194e-09
144,simulation_0090,simulation,V2MX,24,DS,What is the body length of the big bird in meters?,speed of the small bird = 11m/s,,8.433933351621873e-10
145,simulation_0090,simulation,V2MX,24,DS,What is the body length of the small bird in meters?,speed of the small bird = 11m/s,,4.973858130443661e-10
146,simulation_0091,simulation,V2MX,24,DD,What is the speed of the big bird at 0.3s in m/s?,speed of the small bird = 11m/s,,24.447221021664152
147,simulation_0091,simulation,V2MX,24,DS,What is the distance between the big bird and the small bird at 0.3s in meters?,speed of the small bird = 11m/s,,1.0613338416171784e-08
148,simulation_0091,simulation,V2MX,24,DS,What is the length of the big bird in meters?,speed of the small bird = 11m/s,,9.312703363754971e-10
149,simulation_0091,simulation,V2MX,24,DS,What is the length of the small bird in meters?,speed of the small bird = 11m/s,,5.5915498353109e-10
150,simulation_0092,simulation,S2MX,24,SS,What is the height of the car in meters?,length of the car = 5.67m,,1.7482500000000007e-09
151,simulation_0092,simulation,S2MX,24,SS,What is the length of the plane in meters?,length of the car = 5.67m,,3.603623404644277e-08
152,simulation_0092,simulation,S2MX,24,SS,What is the height of the plane in meters?,length of the car = 5.67m,,1.0678500000000004e-08
153,simulation_0092,simulation,S2MX,24,SD,What is the speed of the plane at 1.0s in m/s?,length of the car = 5.67m,,5.7464936454211e-08
154,simulation_0092,simulation,S2MX,24,SD,What is the speed of the car at 1.0s in m/s?,length of the car = 5.67m,,2.86393209573262e-08
155,simulation_0093,simulation,S2MX,24,SS,What is the height of the car in meters?,length of the car = 5.67m,,1.8010588235294166e-09
156,simulation_0093,simulation,S2MX,24,SS,What is the length of the plane in meters?,length of the car = 5.67m,,3.6084368101153123e-08
157,simulation_0093,simulation,S2MX,24,SS,What is the height of the plane in meters?,length of the car = 5.67m,,1.0739647058823537e-08
158,simulation_0093,simulation,S2MX,24,SD,What is the speed of the plane at 0.5s in m/s?,length of the car = 5.67m,,5.959714442333084e-08
159,simulation_0093,simulation,S2MX,24,SD,What is the speed of the car at 1.0s in m/s?,length of the car = 5.67m,,2.8409341622079634e-08
160,simulation_0094,simulation,V2MX,24,DS,What is the length of the car in meters?,speed of the car = 30m/s,,5.92785926981057e-09
161,simulation_0094,simulation,V2MX,24,DS,What is the height of the car in meters?,speed of the car = 30m/s,,1.8771554354400144e-09
162,simulation_0094,simulation,V2MX,24,DS,What is the length of the plane in meters?,speed of the car = 30m/s,,3.748196036161636e-08
163,simulation_0094,simulation,V2MX,24,DS,What is the height of the plane in meters?,speed of the car = 30m/s,,1.1065337303646404e-08
164,simulation_0095,simulation,A2MX,24,DD,What is the speed of the plane at 0.5s in m/s?,acceleration of the car = 10m/s^2,,59.70299154452195
165,simulation_0095,simulation,A2MX,24,DS,What is the length of the car in meters?,acceleration of the car = 10m/s^2,,5.869556092200112e-09
166,simulation_0095,simulation,A2MX,24,DS,What is the height of the car in meters?,acceleration of the car = 10m/s^2,,1.8414293622588606e-09
167,simulation_0095,simulation,A2MX,24,DS,What is the length of the plane in meters?,acceleration of the car = 10m/s^2,,3.7551374692122655e-08
168,simulation_0095,simulation,A2MX,24,DS,What is the height of the plane in meters?,acceleration of the car = 10m/s^2,,1.1125302396980606e-08
169,simulation_0096,simulation,A2MX,24,DD,What is the speed of the plane at 0.3s in m/s?,acceleration of the car = 10m/s^2,,59.98536607007371
170,simulation_0096,simulation,A2MX,24,DS,What is the length of the car in meters?,acceleration of the car = 10m/s^2,,5.732613990597801e-09
171,simulation_0096,simulation,A2MX,24,DS,What is the height of the car in meters?,acceleration of the car = 10m/s^2,,1.7810062883410651e-09
172,simulation_0096,simulation,A2MX,24,DS,What is the length of the plane in meters?,acceleration of the car = 10m/s^2,,3.73436092877306e-08
173,simulation_0096,simulation,A2MX,24,DS,What is the height of the plane in meters?,acceleration of the car = 10m/s^2,,1.1131289302131651e-08
174,simulation_0097,simulation,A2MX,24,DD,What is the speed of the plane at 0.3s in m/s?,acceleration of the car = 10m/s^2,,60.219334150126656
175,simulation_0097,simulation,A2MX,24,DS,What is the length of the car in meters?,acceleration of the car = 10m/s^2,,5.804873975438021e-09
176,simulation_0097,simulation,A2MX,24,DS,What is the height of the car in meters?,acceleration of the car = 10m/s^2,,1.7942337742262924e-09
177,simulation_0097,simulation,A2MX,24,DS,What is the length of the plane in meters?,acceleration of the car = 10m/s^2,,3.7189552971290146e-08
178,simulation_0097,simulation,A2MX,24,DS,What is the height of the plane in meters?,acceleration of the car = 10m/s^2,,1.1082032134927129e-08
179,simulation_0098,simulation,V2MS,24,DD,What is the speed of the boat at 1.0s in m/s?,speed of the shark = 3m/s,,5.057488511622769
180,simulation_0098,simulation,V2MS,24,DS,What is the length of the boat in meters?,speed of the shark = 3m/s,,1.0254903125382532e-08
181,simulation_0098,simulation,V2MS,24,DS,What is the length of the shark in meters?,speed of the shark = 3m/s,,3.1017437866574924e-09
182,simulation_0098,simulation,V2MS,24,DS,What is the height of the shark in meters?,speed of the shark = 3m/s,,1.1914127903846151e-09
183,simulation_0099,simulation,S2MS,24,SD,What is the speed of the boat at 1.0s in m/s?,length of the boat = 10m,,4.904510058731867e-09
184,simulation_0099,simulation,S2MS,24,SD,What is the speed of the shark at 1.0s in m/s?,length of the boat = 10m,,2.954069675704721e-09
185,simulation_0099,simulation,S2MS,24,SS,What is the length of the shark in meters?,length of the boat = 10m,,3.0963435599109435e-09
186,simulation_0099,simulation,S2MS,24,SS,What is the height of the shark in meters?,length of the boat = 10m,,1.155366373416968e-09
187,simulation_0100,simulation,S2MS,24,SD,What is the speed of the boat at 1.0s in m/s?,length of the boat = 10m,,5.018617148503527e-09
188,simulation_0100,simulation,S2MS,24,SD,What is the speed of the shark at 1.0s in m/s?,length of the boat = 10m,,3.008905816183938e-09
189,simulation_0100,simulation,S2MS,24,SS,What is the length of the shark in meters?,length of the boat = 10m,,3.079938144190228e-09
190,simulation_0100,simulation,S2MS,24,SS,What is the height of the shark in meters?,length of the boat = 10m,,1.1811023622047248e-09
191,simulation_0101,simulation,A2MS,24,DD,What is the speed of the shark at 0.0s in m/s?,acceleration of the shark = 1m/s^2,,1.0087595845368404
192,simulation_0101,simulation,A2MS,24,DD,What is the speed of the boat at 1.0s in m/s?,acceleration of the shark = 1m/s^2,,4.969016532108708
193,simulation_0101,simulation,A2MS,24,DS,What is the length of the boat in meters?,acceleration of the shark = 1m/s^2,,9.963563123850028e-09
194,simulation_0101,simulation,A2MS,24,DS,What is the length of the shark in meters?,acceleration of the shark = 1m/s^2,,3.186796796381414e-09
195,simulation_0101,simulation,A2MS,24,DS,What is the height of the shark in meters?,acceleration of the shark = 1m/s^2,,1.1698125937164947e-09
196,simulation_0102,simulation,A2MS,24,DD,What is the speed of the shark at 0.0s in m/s?,acceleration of the shark = 1m/s^2,,0.9796803198304116
197,simulation_0102,simulation,A2MS,24,DD,What is the speed of the boat at 1.0s in m/s?,acceleration of the shark = 1m/s^2,,4.9949029233483735
198,simulation_0102,simulation,A2MS,24,DS,What is the length of the boat in meters?,acceleration of the shark = 1m/s^2,,1.0022399258888864e-08
199,simulation_0102,simulation,A2MS,24,DS,What is the length of the shark in meters?,acceleration of the shark = 1m/s^2,,3.09079241606571e-09
200,simulation_0102,simulation,A2MS,24,DS,What is the height of the shark in meters?,acceleration of the shark = 1m/s^2,,1.1455677752523744e-09
201,simulation_0102,simulation,A2MS,24,DS,What is the distance between the shark and the boat at 0.5s in meters?,acceleration of the shark = 1m/s^2,,4.7258794650582565e-09
202,simulation_0103,simulation,A2MS,24,DD,What is the speed of the shark at 0.0s in m/s?,acceleration of the shark = 1m/s^2,,1.1374115829690978
203,simulation_0103,simulation,A2MS,24,DD,What is the speed of the boat at 1.0s in m/s?,acceleration of the shark = 1m/s^2,,4.998499316321098
204,simulation_0103,simulation,A2MS,24,DS,What is the length of the boat in meters?,acceleration of the shark = 1m/s^2,,1.0140506120342688e-08
205,simulation_0103,simulation,A2MS,24,DS,What is the length of the shark in meters?,acceleration of the shark = 1m/s^2,,3.2117296540736163e-09
206,simulation_0103,simulation,A2MS,24,DS,What is the height of the shark in meters?,acceleration of the shark = 1m/s^2,,1.1854901684641514e-09
207,simulation_0103,simulation,A2MS,24,DS,What is the distance between the shark and the boat at 0.5s in meters?,acceleration of the shark = 1m/s^2,,1.5680238971026033e-08
208,simulation_0104,simulation,V2MX,24,DS,What is the diagonal length of the phone in meters?,the lifting speed of the charging post = 0.2m/s,,2.0232005640377388e-10
209,simulation_0104,simulation,V2MX,24,DS,What is the diameter of the gray truncated cone on the charging post in meters?,the lifting speed of the charging post = 0.2m/s,,1.0156305620269128e-10
210,simulation_0104,simulation,V2MX,24,DS,What is the extension of the charging post at 0.5s in meters?,the lifting speed of the charging post = 0.2m/s,,9.622894102055079e-11
211,simulation_0105,simulation,A2MX,24,DS,What is the height of the ice cube in meters?,gravity acc = 9.8m/s^2,,3.8188140248688947e-10
212,simulation_0105,simulation,A2MX,24,DS,What is the height of the teacup with the plate in meters?,gravity acc = 9.8m/s^2,,1.4547862951881512e-09
213,simulation_0105,simulation,A2MX,24,DS,What is the width of the teacup with the plate in meters?,gravity acc = 9.8m/s^2,,2.673169817408227e-09
214,simulation_0105,simulation,A2MX,24,DD,What is the velocity of the ice cube at 1.0s in m/s?,gravity acc = 9.8m/s^2,,9.926226472276111
215,simulation_0106,simulation,V2MX,24,DD,What is the velocity of the left virus at 1.0s in m/s?,speed of the right virus = 1.5667m/s,,1.7242078924093311
216,simulation_0106,simulation,V2MX,24,DS,What is the distance between two viruses at 1.0s in meters?,speed of the right virus = 1.5667m/s,,4.899171984737636e-09
217,simulation_0106,simulation,V2MX,24,DS,What is the distance between two viruses at 2.0s in meters?,speed of the right virus = 1.5667m/s,,7.645781151863416e-09
218,simulation_0107,simulation,V2MX,24,DD,What is the velocity of the left virus at 1.0s in m/s?,speed of the right virus = 1.7393m/s,,1.8330963584918285
219,simulation_0107,simulation,V2MX,24,DS,What is the distance between two viruses at 1.0s in meters?,speed of the right virus = 1.7393m/s,,6.8174641443337514e-09
220,simulation_0107,simulation,V2MX,24,DS,What is the distance between two viruses at 2.0s in meters?,speed of the right virus = 1.7393m/s,,1.037476533171894e-08
221,simulation_0108,simulation,V2MX,24,DD,What is the velocity of the left virus at 1.0s in m/s?,speed of the left virus = 1.7393m/s,,1.8901089786042804
222,simulation_0108,simulation,V2MX,24,DS,What is the distance between two viruses at 1.0s in meters?,speed of the left virus = 1.7393m/s,,5.807322352621437e-09
223,simulation_0108,simulation,V2MX,24,DS,What is the distance between two viruses at 2.0s in meters?,speed of the left virus = 1.7393m/s,,8.25628177017523e-09
224,simulation_0111,simulation,V2MC,24,DS,What is the length of the boat in meters?,speed of the boat = 2m/s,,3.670006544114544e-09
225,simulation_0111,simulation,V2MC,24,DS,What is the width of the boat in meters?,speed of the boat = 2m/s,,1.2717844459802872e-09
226,simulation_0111,simulation,V2MC,24,DS,What is the width of the bridge in meters?,speed of the boat = 2m/s,,6.903972706750134e-09
227,simulation_0112,simulation,V2MC,24,DS,What is the thickness of the bridge in meters?,speed of the car = 6.66m/s,,7.514991955209072e-10
228,simulation_0112,simulation,V2MC,24,DS,What is the height of the car in meters?,speed of the car = 6.66m/s,,1.2274486860174807e-09
229,simulation_0112,simulation,V2MC,24,DS,What is the diameter of the wheel in meters?,speed of the car = 6.66m/s,,6.76349275968816e-10
230,simulation_0112,simulation,V2MC,24,DS,What is the length of the car in meters?,speed of the car = 6.66m/s,,4.1582955485490175e-09
231,simulation_0113,simulation,S2MC,24,SD,What is the speed of the swim ring at 1.0s in m/s?,diameter of the swim ring = 1m,,1.2722558184308028e-10
232,simulation_0113,simulation,S2MC,24,SS,What is the side length of the pool in meters?,diameter of the swim ring = 1m,,6.241379310344828e-09
233,simulation_0114,simulation,A2SC,24,DS,What is the width of the plane in meters?,acceleration of the plane = 18m/s^2,,8.759647817152198e-09
234,simulation_0114,simulation,A2SC,24,DS,What is the length of the plane in meters?,acceleration of the plane = 18m/s^2,,5.681933719233861e-09
235,simulation_0114,simulation,A2SC,24,DD,What is the speed of the plane at 1.5s in m/s?,acceleration of the plane = 18m/s^2,,27.35952621659475
236,simulation_0116,simulation,A2MC,24,DS,What is the length of the football in meters?,gravity acc = 9.8m/s^2,,2.6935094543940726e-10
237,simulation_0116,simulation,A2MC,24,DS,What is the width of the football in meters?,gravity acc = 9.8m/s^2,,1.71405147097805e-10
238,simulation_0116,simulation,A2MC,24,DS,What is the height of he middle yellow door in meters?,gravity acc = 9.8m/s^2,,1.897699842868552e-09
239,simulation_0116,simulation,A2MC,24,DS,What is the width of the middle yellow door in meters?,gravity acc = 9.8m/s^2,,8.447825106963237e-10
240,simulation_0116,simulation,A2MC,24,DD,What is the speed of the football at 0.5s in m/s?,gravity acc = 9.8m/s^2,,4.899739015693506
241,simulation_0117,simulation,A2MS,24,DS,What is the diameter of the ball in meters?,gravity acc = 9.8m/s^2,,6.999573313162071e-11
242,simulation_0117,simulation,A2MS,24,DS,What is the height of the door in meters?,gravity acc = 9.8m/s^2,,2.2923602600605844e-09
243,simulation_0117,simulation,A2MS,24,DS,What is the width of the door in meters?,gravity acc = 9.8m/s^2,,1.1094323701361911e-09
244,simulation_0117,simulation,A2MS,24,DS,What is the length of the electronic lock in meters?,gravity acc = 9.8m/s^2,,2.97481865809389e-10
245,simulation_0117,simulation,A2MS,24,DS,What is the width of the electronic lock in meters?,gravity acc = 9.8m/s^2,,6.64959464750398e-11
246,simulation_0118,simulation,V2MC,24,DS,What is the total displacement of the toy car in meters?,speed of the toy car = 0.05m/s,,0.2727143448116292
247,simulation_0118,simulation,V2MC,24,DS,What  is the length of the toy car in meters?,speed of the toy car = 0.05m/s,,1.1227350389663429e-10
248,simulation_0118,simulation,V2MC,24,DS,What is the diameter of the disc in meters?,speed of the toy car = 0.05m/s,,2.2564772841970627e-10
249,simulation_0118,simulation,V2MC,24,DS,What is the length of the book in meters?,speed of the toy car = 0.05m/s,,1.820985843649644e-10
250,simulation_0118,simulation,V2MC,24,DS,What is the length of the table in meters?,speed of the toy car = 0.05m/s,,7.557110470005498e-10
251,simulation_0118,simulation,V2MC,24,DS,What is the width of the table in meters?,speed of the toy car = 0.05m/s,,5.796106776528024e-10
252,simulation_0119,simulation,V2MC,24,DS,What is the diameter of the moving chess piece in meters?,speed of the chess = 0.04m/s,,7.79673552420868e-11
253,simulation_0119,simulation,V2MC,24,DS,What is the side length of the chessboard in meters?,speed of the chess = 0.04m/s,,8.641381872664643e-10
254,simulation_0119,simulation,V2MC,24,DS,What is the length of the dark grey square tray placed next to the chessboard in meters?,speed of the chess = 0.04m/s,,6.367334011437105e-10
255,simulation_0119,simulation,V2MC,24,DS,What is the side length of the table in meters?,speed of the chess = 0.04m/s,,1.7087845357224062e-09
256,simulation_0119,simulation,V2MC,24,DS,What is the distance moved by the chess piece in meters?,speed of the chess = 0.04m/s,,1.445806152012208e-10
257,simulation_0120,simulation,V2MC,24,DS,What is the length of the sofa in meters?,speed of the robot cleaner = 1m/s,,3.124601260239477e-09
258,simulation_0120,simulation,V2MC,24,DS,What is the length of the TV in meters?,speed of the robot cleaner = 1m/s,,2.01810262482268e-09
259,simulation_0120,simulation,V2MC,24,DS,What is the diameter of the robot cleaner in meters?,speed of the robot cleaner = 1m/s,,3.52067747632617e-10
260,simulation_0120,simulation,V2MC,24,DS,What is the side length of the chessboard in meters?,speed of the robot cleaner = 1m/s,,4.212239123461671e-10
261,simulation_0120,simulation,V2MC,24,DS,What is the length of the square tray placed next to the chessboard with two art sculptures on it in meters?,speed of the robot cleaner = 1m/s,,3.0805927917854024e-10
262,simulation_0121,simulation,S2MS,30,SD,What is the speed of the left first ball at 0.5s in m/s?,diameter of the ball = 2m,,6.8959483504969745e-09
263,simulation_0121,simulation,S2MS,30,SD,What is the speed of the left first ball at 1.0s in m/s?,diameter of the ball = 2m,,9.714706360241838e-10
264,simulation_0122,simulation,A2SC,25,DS,What is the length of the sword in meters?,gravity acc = 9.8m/s^2,,8.65070970076819e-10
265,simulation_0123,simulation,V2MC,24,DS,What is the length of the blue rolling cup in meters?,speed of the cup = 0.338m/s,,7.6986594460381e-11
266,simulation_0123,simulation,V2MC,24,DS,What is the diameter of the blue rolling cup in meters?,speed of the cup = 0.338m/s,,4.1792722707064e-11
267,simulation_0123,simulation,V2MC,24,DS,What is the length of the green toothbrush lying on the sink in meters?,speed of the cup = 0.338m/s,,1.0733139208345709e-10
268,simulation_0123,simulation,V2MC,24,DS,What is the diameter of the blue cup with the blue toothbrush in meters?,speed of the cup = 0.338m/s,,4.3992339691646295e-11
269,simulation_0123,simulation,V2MC,24,DS,What is the length of the largest towel of the three stacked towels on the sink in meters?,speed of the cup = 0.338m/s,,3.6410139752663205e-10
270,simulation_0123,simulation,V2MC,24,DS,What is the width of the largest towel of the three stacked towels on the sink in meters?,speed of the cup = 0.338m/s,,1.7157012479742078e-10
271,simulation_0124,simulation,V2MC,24,DD,What is the speed of the grey and red car at 1.0s in m/s?,speed of the black car = 26.085m/s,,21.5698027586146
272,simulation_0124,simulation,V2MC,24,DS,What is the length of the grey and red car in meters?,speed of the black car = 26.085m/s,,4.8451280597590835e-09
273,simulation_0124,simulation,V2MC,24,DS,What is the width of the grey and red car in meters?,speed of the black car = 26.085m/s,,2.157725268484779e-09
274,simulation_0124,simulation,V2MC,24,DS,What is the length of the black car in meters?,speed of the black car = 26.085m/s,,4.5669249271496994e-09
275,simulation_0124,simulation,V2MC,24,DS,What is the width of the black car in meters?,speed of the black car = 26.085m/s,,1.9396638032068104e-09
276,simulation_0124,simulation,V2MC,24,DS,What is the distance between the two cars at 1.0s in meters?,speed of the black car = 26.085m/s,,4.4332981885205875e-09
277,simulation_0124,simulation,V2MC,24,DS,What is the smallest distance between the two cars in meters?,speed of the black car = 26.085m/s,,4.525341550877252e-09
278,simulation_0125,simulation,V2MC,24,DS,What is the height of the potted plant in meters?,speed of the person = 1.22 m/s,,1.3858519329856003e-09
279,simulation_0125,simulation,V2MC,24,DS,What is the height of the house in meters?,speed of the person = 1.22 m/s,,8.105486935781322e-09
280,simulation_0125,simulation,V2MC,24,DS,What is the width of the house in meters?,speed of the person = 1.22 m/s,,7.103946883371561e-09
281,simulation_0125,simulation,V2MC,24,DS,What is the height of the person in meters?,speed of the person = 1.22 m/s,,1.944851032005001e-09
282,simulation_0126,simulation,S2MS,24,SS,What is the diameter of the handle in meters?,diameter of the puck = 0.074m,,1.2890322580645163e-10
283,simulation_0126,simulation,S2MS,24,SD,What is the speed of the puck at 0.5s in m/s?,diameter of the puck = 0.074m,,6.64307968672919e-10
284,simulation_0126,simulation,S2MS,24,SD,What is the speed of the puck at 2.0s in m/s?,diameter of the puck = 0.074m,,2.5310168714826327e-10
285,simulation_0126,simulation,S2MS,24,SS,What is the horizontal distance between the two handles in meters?,diameter of the puck = 0.074m,,2.0767741935483886e-10
286,simulation_0126,simulation,S2MS,24,SS,What is the shortest distance between the puck and the handle on the right in meters?,diameter of the puck = 0.074m,,2.0053033743823037e-10
287,simulation_0127,simulation,V2MC,24,DD,What is the speed of the blue car at 1.0s in m/s?,speed of the bike = 24m/s,,19.182854131425994
288,simulation_0127,simulation,V2MC,24,DS,What is the width of the blue car in meters?,speed of the bike = 24m/s,,2.6249297526151434e-09
289,simulation_0127,simulation,V2MC,24,DS,What is the length of the blue car in meters?,speed of the bike = 24m/s,,7.378180926269587e-09
290,simulation_0127,simulation,V2MC,24,DS,What is the length of the bike in meters?,speed of the bike = 24m/s,,2.69587379998312e-09
291,simulation_0127,simulation,V2MC,24,DS,What is the width of the red car in meters?,speed of the bike = 24m/s,,2.908705942087053e-09
292,simulation_0127,simulation,V2MC,24,DS,What is the length of the red car in meters?,speed of the bike = 24m/s,,7.661957115741499e-09
293,simulation_0127,simulation,V2MC,24,DS,What is the width of the dark green car in meters?,speed of the bike = 24m/s,,3.050594036823002e-09
294,simulation_0127,simulation,V2MC,24,DS,What is the length of the dark green car in meters?,speed of the bike = 24m/s,,7.0944047367976834e-09
295,simulation_0128,simulation,A2MC,24,DS,What is the diameter of the ball in meters?,gravity acceleration = 9.8m/s^2,,3.972096630129356e-10
296,simulation_0128,simulation,A2MC,24,DS,What is the length of the forklift in meters?,gravity acceleration = 9.8m/s^2,,6.391464577571785e-09
297,simulation_0128,simulation,A2MC,24,DS,What is the height of the forklift in meters?,gravity acceleration = 9.8m/s^2,,3.7554368139404854e-09
298,simulation_0129,simulation,A2MC,24,DS,What is the diameter of the ball in meters?,gravity acceleration = 9.8m/s^2,,4.3407396455338137e-10
299,simulation_0129,simulation,A2MC,24,DS,What is the length of the forklift in meters?,gravity acceleration = 9.8m/s^2,,4.9267394976808814e-09
300,simulation_0129,simulation,A2MC,24,DS,What is the height of the forklift in meters?,gravity acceleration = 9.8m/s^2,,3.9500730774357735e-09
301,simulation_0130,simulation,V2MC,24,DS,What is the length of the car in meters?,speed of the car = 11.155m/s,,4.1456159001654654e-09
302,simulation_0130,simulation,V2MC,24,DS,What is the width of the car in meters?,speed of the car = 11.155m/s,,2.0728079500827323e-09
303,simulation_0130,simulation,V2MC,24,DS,What is the length of the white airplane in meters?,speed of the car = 11.155m/s,,3.8968789461555385e-08
304,simulation_0130,simulation,V2MC,24,DS,What is the width of the white airplane in meters?,speed of the car = 11.155m/s,,3.5652296741423e-08
305,simulation_0130,simulation,V2MC,24,DS,What is the length of the helicopter in meters?,speed of the car = 11.155m/s,,3.64814199214561e-08
306,simulation_0130,simulation,V2MC,24,DS,What is the width of the helicopter in meters?,speed of the car = 11.155m/s,,3.067755766122445e-08
307,simulation_0130,simulation,V2MC,24,DD,What is the speed of the white airplane at 1.0s in m/s?,speed of the car = 11.155m/s,,11.549546538923543
308,simulation_0131,simulation,V2SX,24,DS,What is the width of the hot air balloon in meters?,speed of the hot air balloon = 4m/s,,1.4777049298716464e-08
309,simulation_0131,simulation,V2SX,24,DS,What is the height of the hot air balloon in meters?,speed of the hot air balloon = 4m/s,,1.9545529746174617e-08
310,simulation_0263,simulation,A2SS,24,DS,What is the length of the spacecraft in meters?,acceleration of the spacecraft = 4m/s^2,,6.156918210111993e-09
311,simulation_0132,simulation,A2MC,120,DS,What is the diameter of the apple in meters?,gravity acceleration = 9.8m/s^2,,8.632059033817011e-11
312,simulation_0132,simulation,A2MC,120,DS,What is the height of the table in meters?,gravity acceleration = 9.8m/s^2,,8.983735512972522e-10
313,simulation_0132,simulation,A2MC,120,DD,"What is the horizontal speed of the apple while it is in the air, in m/s?",gravity acceleration = 9.8m/s^2,,0.7204440138093364
314,simulation_0132,simulation,A2MC,120,DS,"What is the horizontal distance of the apple during its parabolic motion, in meters?",gravity acceleration = 9.8m/s^2,,3.0263517379257523e-10
315,simulation_0133,simulation,A2MS,30,DS,What is the diameter of the apple in meters?,gravity acceleration = 9.8m/s^2,,9.54017057172012e-11
316,simulation_0133,simulation,A2MS,30,DS,What is the height of the table in meters?,gravity acceleration = 9.8m/s^2,,1.1801544336868594e-09
317,simulation_0133,simulation,A2MS,30,DD,"What is the horizontal speed of the apple when it leaves the table, in m/s?",gravity acceleration = 9.8m/s^2,,0.7760253855822785
318,simulation_0133,simulation,A2MS,30,DS,"What is the horizontal displacement of the apple during its parabolic motion, in meters?",gravity acceleration = 9.8m/s^2,,0.318466577135759
319,simulation_0133,simulation,A2MS,30,DD,"What is the speed of the apple at time 1.2s, in m/s?",gravity acceleration = 9.8m/s^2,,0.8979631706194733
320,simulation_0134,simulation,S2MC,24,SS,"What is the length of the toast, in meters?",height of the toaster = 0.166m,,1.3654838709677412e-10
321,simulation_0134,simulation,S2MC,24,SS,"What is the length of the toaster, in meters?",height of the toaster = 0.166m,,2.717580645161289e-10
322,simulation_0134,simulation,S2MC,24,SS,What is the peak vertical displacement of the bread slice (relative to its starting position) in meters?,height of the toaster = 0.166m,,1.2800000000000002e-10
323,simulation_0134,simulation,S2MC,24,SD,"What is the acceleration of the bread slice at time1.75 s, in m/s^2?",height of the toaster = 0.166m,,9.800000000000002e-09
324,simulation_0135,simulation,S2MC,24,SS,What is the length of the toaster in meters?,diameter of the cup = 0.087m,,2.8275000000000003e-10
325,simulation_0135,simulation,S2MC,24,SS,What is the height of the power outlet in meters?,diameter of the cup = 0.087m,,4.785e-11
326,simulation_0135,simulation,S2MC,24,SD,"What is the speed of the cup at time 1s, in m/s?",diameter of the cup = 0.087m,,5.358780391425772e-10
327,simulation_0135,simulation,S2MC,24,SD,What is the speed of the cup at time 2.25s in m/s?,diameter of the cup = 0.087m,,4.3283961607828837e-10
328,simulation_0136,simulation,S2MC,24,SS,What is the length of the toaster in meters?,diameter of the cup = 0.087m,,3.0370909090909073e-10
329,simulation_0136,simulation,S2MC,24,SD,"What is the speed of the cup at time 1s, in m/s?",diameter of the cup = 0.087m,,5.891236866063426e-10
330,simulation_0136,simulation,S2MC,24,SD,What is the speed of the cup at time 2.25s in m/s?,diameter of the cup = 0.087m,,3.7961441265976327e-10
331,simulation_0137,simulation,V2MC,60,DS,What is the total length of the bird’s flight path in meters?,speed of the bird = 9.146m/s,,14.090663669417248
332,simulation_0137,simulation,V2MC,60,DS,What is the length of the house in meters?,speed of the bird = 9.146m/s,,6.5267286739667954e-09
333,simulation_0137,simulation,V2MC,60,DS,What is the height of the house in meters?,speed of the bird = 9.146m/s,,3.3590896908682446e-09
334,simulation_0137,simulation,V2MC,60,DS,"What is the distance from the bird to the roof at 1s, in meters?",speed of the bird = 9.146m/s,,3.065230273159056e-09
335,simulation_0142,simulation,V2MC,24,DS,What is the height of the man in meters?,walking speed = 1.693m/s,,1.818163910589248e-09
336,simulation_0142,simulation,V2MC,24,DS,What is the total distance the man walked in meters?,walking speed = 1.693m/s,,5.575106065322881e-09
337,simulation_0142,simulation,V2MC,24,DS,What is the side length of the floor tile in meters?,walking speed = 1.693m/s,,6.313069133990446e-10
338,simulation_0142,simulation,V2MC,24,DS,What is the height from the floor to the ceiling in meters?,walking speed = 1.693m/s,,1.9023381657091207e-09
339,simulation_0145,simulation,S2MC,24,SS,What is the diameter of the tire in meters?,length of the rocket = 2.9m,,1.207743758605219e-09
340,simulation_0145,simulation,S2MC,24,SD,What is the average speed of the rocket from beginning to end in m/s?,length of the rocket = 2.9m,,1.3671968485124502e-08
341,simulation_0145,simulation,S2MC,24,SD,What is the speed of the rocket at time 1s in m/s?,length of the rocket = 2.9m,,1.7580413353813744e-08
342,simulation_0145,simulation,S2MC,24,SD,What is the acceleration of the rocket at time 1s in m/s^2?,length of the rocket = 2.9m,,1.5666401849997706e-08
343,simulation_0148,simulation,S2MC,24,SD,What is the speed of the train at time 1s in m/s?,width of the side windows on this train (not the door windows) = 1.8m,,4.650835443037979e-08
344,simulation_0148,simulation,S2MC,24,SD,What is the speed of the train at time 0.5s in m/s?,width of the side windows on this train (not the door windows) = 1.8m,,4.568810126582268e-08
345,simulation_0148,simulation,S2MC,24,SD,What is the acceleration of the train at time 0.5s in m/s^2?,width of the side windows on this train (not the door windows) = 1.8m,,6.562025316455917e-09
346,simulation_0148,simulation,S2MC,24,SS,What is the length of the door on the train in meters?,width of the side windows on this train (not the door windows) = 1.8m,,1.446835443037975e-09
347,simulation_0148,simulation,S2MC,24,SS,"What is the height, in meters, of the white pillar in the center of the semicircular arch?",width of the side windows on this train (not the door windows) = 1.8m,,3.360759493670886e-09
348,simulation_0153,simulation,S2SC,24,SS,What is the length of the blue car in meters (including the extending wire)?,diameter of the tire of the blue car = 0.369m,,1.875749999999998e-09
349,simulation_0153,simulation,S2SC,24,SD,What is the speed of the blue car at time 1s in m/s?,diameter of the tire of the blue car = 0.369m,,3.9241935664599005e-09
350,simulation_0153,simulation,S2SC,24,SD,What is the acceleration of the blue car at time 1s in m/s^2?,diameter of the tire of the blue car = 0.369m,,1.3549403531673964e-09
351,simulation_0153,simulation,S2SC,24,SD,What is the speed of the blue car at time 1.5s in m/s?,diameter of the tire of the blue car = 0.369m,,3.869958400239493e-09
352,simulation_0153,simulation,S2SC,24,SD,What is the acceleration of the blue car at time 1.5s in m/s^2?,diameter of the tire of the blue car = 0.369m,,1.6063659485849802e-09
353,simulation_0154,simulation,V2SC,24,DS,What is the length of the shark in meters?,speed of the shark = 7 m/s,,4.487154383769758e-09
354,simulation_0154,simulation,V2SC,24,DS,What is the displacement of the shark in meters?,speed of the shark = 7 m/s,,8.458304440217203
355,simulation_0155,simulation,V2SS,24,DS,What is the length of the shark in meters?,speed of the shark = 7 m/s,,4.57412580925177e-09
356,simulation_0155,simulation,V2SS,24,DS,What is the displacement of the shark in meters?,speed of the shark = 7 m/s,,8.158728770195372
357,simulation_0156,simulation,V2MS,24,DS,What is the length of the shark in meters?,speed of the shark = 7 m/s,,4.5690691812974935e-09
358,simulation_0156,simulation,V2MS,24,DS,What is the displacement of the shark in meters?,speed of the shark = 7 m/s,,8.165768754586702
359,simulation_0156,simulation,V2MS,24,DD,What is the speed of the turtle at 1s in m/s?,speed of the shark = 7 m/s,,2.601291563807519
360,simulation_0156,simulation,V2MS,24,DS,What is the length of the turtle in meters?,speed of the shark = 7 m/s,,1.5173551415694446e-09
361,simulation_0157,simulation,A2SS,24,DS,What is the length of the turtle in meters?,acceleration of the turtle = 2.639 m/s^2,,1.3672414150656154e-09
362,simulation_0157,simulation,A2SS,24,DD,What is the speed of the turtle at time 1s in m/s?,acceleration of the turtle = 2.639 m/s^2,,2.432949732539172
363,simulation_0157,simulation,A2SS,24,DD,What is the speed of the turtle at time 1.5s in m/s?,acceleration of the turtle = 2.639 m/s^2,,3.71197471423037
364,simulation_0158,simulation,A2MS,24,DS,What is the length of the turtle in meters?,acceleration of the turtle = 2.639 m/s^2,,1.4836323375819226e-09
365,simulation_0158,simulation,A2MS,24,DD,What is the speed of the turtle at time 1s in m/s?,acceleration of the turtle = 2.639 m/s^2,,2.7039648467781383
366,simulation_0158,simulation,A2MS,24,DD,What is the speed of the turtle at time 1.5s in m/s?,acceleration of the turtle = 2.639 m/s^2,,4.072631209799861
367,simulation_0158,simulation,A2MS,24,DS,How long is the shark in meters?,acceleration of the turtle = 2.639 m/s^2,,4.57271986664019e-09
368,simulation_0158,simulation,A2MS,24,DS,What is the length of the shark in meters?,acceleration of the turtle = 2.639 m/s^2,,4.57271986664019e-09
369,simulation_0158,simulation,A2MS,24,DD,What is the acceleration of the shark at 1s in m/s^2?,acceleration of the turtle = 2.639 m/s^2,,7.303385906134987
370,simulation_0158,simulation,A2MS,24,DD,What is the speed of the shark at time 1s in m/s?,acceleration of the turtle = 2.639 m/s^2,,7.179828169183527
371,simulation_0158,simulation,A2MS,24,DD,What is the speed of the shark at time 1.5s in m/s?,acceleration of the turtle = 2.639 m/s^2,,10.620915147284556
372,simulation_0160,simulation,S2MC,30,SS,What is the length of the billiard table in meters?,diameter of the ball = 0.0757m,,2.63288292682927e-09
373,simulation_0160,simulation,S2MC,30,SS,What is the width of the billiard table in meters?,diameter of the ball = 0.0757m,,1.406912195121952e-09
374,simulation_0160,simulation,S2MC,30,SS,What is the diameter of the pockets on the billiard table in meters?,diameter of the ball = 0.0757m,,1.329365853658535e-10
375,simulation_0160,simulation,S2MC,30,SD,What is the speed of the ball at time 0.5s in m/s?,diameter of the ball = 0.0757m,,1.4232616829786755e-09
376,simulation_0160,simulation,S2MC,30,SD,What is the speed of the ball at time 1s in m/s?,diameter of the ball = 0.0757m,,1.6687721507559363e-09
377,simulation_0162,simulation,S2SC,24,SD,What is the speed of the ball at time 1s in m/s?,diameter of the ball = 0.21m,,1.0444486629378174e-09
378,simulation_0162,simulation,S2SC,24,SD,What is the acceleration of the ball at time 1s in m/s^2?,diameter of the ball = 0.21m,,6.081524690030015e-10
379,simulation_0162,simulation,S2SC,24,SD,What is the speed of the ball at time 2s in m/s?,diameter of the ball = 0.21m,,1.5275589942388495e-09
380,simulation_0162,simulation,S2SC,24,SD,What is the acceleration of the ball at time 2s in m/s^2?,diameter of the ball = 0.21m,,3.1198960077938296e-10
381,simulation_0163,simulation,S2MC,24,SD,What is the speed of the ball at time 0.5s in m/s?,diameter of the ball = 0.21m,,3.1567827880575406e-09
382,simulation_0163,simulation,S2MC,24,SD,What is the acceleration of the ball at time 0.5s in m/s^2?,diameter of the ball = 0.21m,,3.5867596305101065e-10
383,simulation_0163,simulation,S2MC,24,SD,What is the speed of the ball at time 1s in m/s?,diameter of the ball = 0.21m,,2.930589406321008e-09
384,simulation_0163,simulation,S2MC,24,SD,What is the acceleration of the ball at time 1s in m/s^2?,diameter of the ball = 0.21m,,3.5867596305101763e-10
385,simulation_0163,simulation,S2MC,24,SS,What is the height of the bowling pin in meters?,diameter of the ball = 0.21m,,3.149999999999997e-10
386,simulation_0165,simulation,V2MC,24,DS,What is the diameter of the bike's wheel in meters?,speed of the bike = 5.52m/s,,7.148218894420746e-10
387,simulation_0165,simulation,V2MC,24,DS,What is the width of the road that the bike is crossing through in meters?,speed of the bike = 5.52m/s,,7.246815017102406e-09
388,simulation_0165,simulation,V2MC,24,DS,What is the length of the bike in meters?,speed of the bike = 5.52m/s,,1.774730208269977e-09
389,simulation_0166,simulation,V2MC,24,DS,What is the diameter of the bike's wheel in meters?,speed of the bike = 5.52m/s,,7.144996930875847e-10
390,simulation_0166,simulation,V2MC,24,DS,What is the width of the road that the bike is crossing through in meters?,speed of the bike = 5.52m/s,,7.0957210899732565e-09
391,simulation_0166,simulation,V2MC,24,DS,What is the length of the bike in meters?,speed of the bike = 5.52m/s,,1.7739302724933143e-09
392,simulation_0166,simulation,V2MC,24,DS,What is the length of the police car in meters?,speed of the bike = 5.52m/s,,4.730480726648837e-09
393,simulation_0166,simulation,V2MC,24,DS,What is the diameter of the police car's tire in meters?,speed of the bike = 5.52m/s,,7.88413454441473e-10
394,simulation_0166,simulation,V2MC,24,DD,What is the speed of the police car at 1s in m/s?,speed of the bike = 5.52m/s,,7.198444616898876
395,simulation_0167,simulation,V2MC,24,DS,What is the width of the road that the bike crossed through in meters?,speed of the bike = 5.52m/s,,8.582025863623538e-09
396,simulation_0167,simulation,V2MC,24,DS,What is the length of the bike in meters?,speed of the bike = 5.52m/s,,1.560368338840642e-09
397,simulation_0167,simulation,V2MC,24,DS,What is the length of the police car in meters?,speed of the bike = 5.52m/s,,4.6101791829382654e-09
398,simulation_0167,simulation,V2MC,24,DS,What is the width of the police car in meters?,speed of the bike = 5.52m/s,,1.879534589967139e-09
399,simulation_0167,simulation,V2MC,24,DD,What is the speed of the police car at 1s in m/s?,speed of the bike = 5.52m/s,,6.877546747752658
400,simulation_0167,simulation,V2MC,24,DS,What is the width of the road that the bike and the car are on in meters?,speed of the bike = 5.52m/s,,5.993232937819745e-09
401,simulation_0169,simulation,S2SS,24,SD,What is the speed of the astronaut at time 0.5s in m/s?,height of the astronaut = 2.2m,,1.7223938017907141e-09
402,simulation_0169,simulation,S2SS,24,SD,What is the acceleration of the astronaut at time 0.5s in m/s^2?,height of the astronaut = 2.2m,,3.0603031599111764e-09
403,simulation_0169,simulation,S2SS,24,SD,What is the speed of the astronaut at time 1s in m/s?,height of the astronaut = 2.2m,,2.994417089300492e-09
404,simulation_0169,simulation,S2SS,24,SD,What is the acceleration of the astronaut at time 1s in m/s^2?,height of the astronaut = 2.2m,,1.5395530059195955e-09
405,simulation_0169,simulation,S2SS,24,SD,What is the speed of the astronaut at time 2s in m/s?,height of the astronaut = 2.2m,,2.98873500890755e-09
406,simulation_0169,simulation,S2SS,24,SD,What is the acceleration of the astronaut at time 2s in m/s^2?,height of the astronaut = 2.2m,,9.130094825678635e-10
407,simulation_0169,simulation,S2SS,24,SD,What is the speed of the astronaut at time 3s in m/s?,height of the astronaut = 2.2m,,1.0063492378321756e-09
408,simulation_0169,simulation,S2SS,24,SD,What is the acceleration of the astronaut at time 3s in m/s^2?,height of the astronaut = 2.2m,,3.177786061008545e-09
409,simulation_0171,simulation,S2SS,24,SD,What is the speed of the astronaut at time 0.5s in m/s?,height of the astronaut = 2.2m,,2.153279678855402e-09
410,simulation_0171,simulation,S2SS,24,SD,What is the acceleration of the astronaut at time 0.5s in m/s^2?,height of the astronaut = 2.2m,,8.94314405432958e-09
411,simulation_0171,simulation,S2SS,24,SD,What is the speed of the astronaut at time 1s in m/s?,height of the astronaut = 2.2m,,5.3831890553844156e-09
412,simulation_0171,simulation,S2SS,24,SD,What is the acceleration of the astronaut at time 1s in m/s^2?,height of the astronaut = 2.2m,,2.653400227904548e-09
413,simulation_0171,simulation,S2SS,24,SD,What is the speed of the astronaut at time 2s in m/s?,height of the astronaut = 2.2m,,2.176295654690061e-09
414,simulation_0171,simulation,S2SS,24,SD,What is the acceleration of the astronaut at time 2s in m/s^2?,height of the astronaut = 2.2m,,8.960200708668613e-10
415,simulation_0171,simulation,S2SS,24,SD,What is the speed of the astronaut at time 3s in m/s?,height of the astronaut = 2.2m,,1.5050114221000636e-09
416,simulation_0171,simulation,S2SS,24,SD,What is the acceleration of the astronaut at time 3s in m/s^2?,height of the astronaut = 2.2m,,1.2995135861306e-09
417,simulation_0173,simulation,V2MC,24,DS,What is the length of the airplane in meters?,speed of the airplane = 153.582m/s,,4.7279084148590606e-08
418,simulation_0173,simulation,V2MC,24,DS,What is the height of the stone cliff on the beach in meters?,speed of the airplane = 153.582m/s,,5.148418573620502e-08
419,simulation_0173,simulation,V2MC,24,DS,What is the diameter of the rear wheels on an aircraft landing gear in meters?,speed of the airplane = 153.582m/s,,1.4041141564419539e-09
420,simulation_0175,simulation,V2MC,24,DS,What is the length of the airplane in meters?,speed of the airplane = 153.582m/s,,4.759382639578806e-08
421,simulation_0175,simulation,V2MC,24,DS,What is the height of the stone cliff on the beach in meters?,speed of the airplane = 153.582m/s,,5.15301468275438e-08
422,simulation_0175,simulation,V2MC,24,DS,What is the diameter of the rear wheels on an aircraft landing gear in meters?,speed of the airplane = 153.582m/s,,1.4053676407511955e-09
423,simulation_0177,simulation,V2SC,24,DS,What is the height of the elephant in meters?,speed of the elephant = 1.424m/s,,3.318177884004197e-09
424,simulation_0177,simulation,V2SC,24,DS,What is the displacement of the elephant in meters?,speed of the elephant = 1.424m/s,,3.41412931741663
425,simulation_0178,simulation,V2MC,24,DD,What is the speed of the small elephant at 1s in m/s?,speed of the big elephant = 2.313m/s,,2.162453051438016
426,simulation_0178,simulation,V2MC,24,DS,What is the height of the big elephant in meters?,speed of the big elephant = 2.313m/s,,3.2449694144409043e-09
427,simulation_0178,simulation,V2MC,24,DD,What is the height of the small elephant in meters?,speed of the big elephant = 2.313m/s,,2.1960904117933404e-09
428,simulation_0178,simulation,V2MC,24,DS,What is the displacement of the big elephant in meters?,speed of the big elephant = 2.313m/s,,5.682025734245034
429,simulation_0178,simulation,V2MC,24,DS,What is the displacement of the small elephant in meters?,speed of the big elephant = 2.313m/s,,4.988688332173083
430,simulation_0179,simulation,A2MC,24,DS,What is the length of the trolley in meters?,acceleration of the trolley = 1.507m/s,,1.0107110940099018e-09
431,simulation_0179,simulation,A2MC,24,DS,What is the height of the trolley in meters?,acceleration of the trolley = 1.507m/s,,1.2128533128118819e-09
432,simulation_0179,simulation,A2MC,24,DS,What is the height of the entrance gate (including the frame) in meters?,acceleration of the trolley = 1.507m/s,,4.492049306710674e-09
433,simulation_0179,simulation,A2MC,24,DS,What is the length of the side of the orange tiles on the floor in meters?,acceleration of the trolley = 1.507m/s,,4.6043505393784375e-10
434,simulation_0179,simulation,A2MC,24,DD,What is the speed of the trolley at time 1s in m/s?,acceleration of the trolley = 1.507m/s,,1.4868303732805288
435,simulation_0179,simulation,A2MC,24,DD,What is the speed of the trolley at time 2s in m/s?,acceleration of the trolley = 1.507m/s,,3.0014698951059167
436,simulation_0181,simulation,A2MC,24,DD,What is the acceleration of the box from 0s to 0.3s in m/s^2?,acceleration of the box after 0.75s = 2.338m/s^2,,10.031841257376025
437,simulation_0181,simulation,A2MC,24,DD,What is the speed of the box at time 1s in m/s?,acceleration of the box after 0.75s = 2.338m/s^2,,3.1798758687210937
438,simulation_0181,simulation,A2MC,24,DD,What is the speed of the box at time 1.5s in m/s?,acceleration of the box after 0.75s = 2.338m/s^2,,3.69676322725777
439,simulation_0181,simulation,A2MC,24,DS,What is the width of the box in meters?,acceleration of the box after 0.75s = 2.338m/s^2,,1.359697947507767e-09
440,simulation_0181,simulation,A2MC,24,DS,What is the height of the box in meters?,acceleration of the box after 0.75s = 2.338m/s^2,,9.095910407465751e-10
441,simulation_0183,simulation,A2MC,24,DD,What is the acceleration of the box from 0s to 0.3s in m/s^2?,acceleration of the tool box after 1.25s = 1.58m/s^2,,18.3
442,simulation_0183,simulation,A2MC,24,DD,What is the speed of the box at time 1s in m/s?,acceleration of the tool box after 1.25s = 1.58m/s^2,,3.7
443,simulation_0183,simulation,A2MC,24,DD,What is the speed of the box at time 1.5s in m/s?,acceleration of the tool box after 1.25s = 1.58m/s^2,,5.1
444,simulation_0183,simulation,A2MC,24,DS,What is the length of the box in meters?,acceleration of the tool box after 1.25s = 1.58m/s^2,,2.5e-09
445,simulation_0183,simulation,A2MC,24,DS,What is the height of the box in meters?,acceleration of the tool box after 1.25s = 1.58m/s^2,,1.4e-09
446,simulation_0185,simulation,A2MC,24,DD,What is the acceleration of the box from 0s to 0.3s in m/s^2?,acceleration of the gift box after 1s = 3.18m/s^2,,9.938105355175075
447,simulation_0185,simulation,A2MC,24,DD,What is the speed of the box at time 1s in m/s?,acceleration of the gift box after 1s = 3.18m/s^2,,3.3446625733554174
448,simulation_0185,simulation,A2MC,24,DD,What is the speed of the box at time 1.5s in m/s?,acceleration of the gift box after 1s = 3.18m/s^2,,4.6078872610389
449,simulation_0185,simulation,A2MC,24,DS,What is the length of the box in meters?,acceleration of the gift box after 1s = 3.18m/s^2,,4.755957227142563e-10
450,simulation_0185,simulation,A2MC,24,DS,What is the height of the box in meters?,acceleration of the gift box after 1s = 3.18m/s^2,,4.026290055895851e-10
451,simulation_0187,simulation,A2SS,30,DS,What is the length of the truck in meters?,acceleration of the truck = 10.757m/s^2,,8.067184325639952e-09
452,simulation_0187,simulation,A2SS,30,DS,What is the height of the truck in meters?,acceleration of the truck = 10.757m/s^2,,3.396709189743138e-09
453,simulation_0187,simulation,A2SS,30,DS,What is the diameter of the truck's tire in meters?,acceleration of the truck = 10.757m/s^2,,7.695669258011802e-10
454,simulation_0187,simulation,A2SS,30,DD,What is the speed of the truck at time 1s in m/s?,acceleration of the truck = 10.757m/s^2,,9.928516559347504
455,simulation_0187,simulation,A2SS,30,DD,What is the speed of the truck at time 1.5s in m/s?,acceleration of the truck = 10.757m/s^2,,16.29769195120868
456,simulation_0189,simulation,V2MS,120,DS,What is the length of the box in meters?,speed of the box = 0.094m/s,,1.979215905695711e-09
457,simulation_0189,simulation,V2MS,120,DS,What is the height of the box in meters?,speed of the box = 0.094m/s,,8.971720451642646e-10
458,simulation_0189,simulation,V2MS,120,DS,What is the length of the truck in meters?,speed of the box = 0.094m/s,,8.166984314161975e-09
459,simulation_0189,simulation,V2MS,120,DS,What is the height of the truck(at time 0s) in meters?,speed of the box = 0.094m/s,,3.458190428633166e-09
460,simulation_0189,simulation,V2MS,120,DS,What is the diameter of the truck's tire in meters?,speed of the box = 0.094m/s,,9.243590768359091e-10
461,simulation_0190,simulation,S2MS,120,DS,What is the height of the truck(at time 0s) in meters?,width of the box = 1.33m,,3.282777777777776e-09
462,simulation_0190,simulation,S2MS,120,DS,What is the width of the truck in meters?,width of the box = 1.33m,,2.6600000000000003e-09
463,simulation_0190,simulation,S2MS,120,DS,What is the height of the box in meters?,width of the box = 1.33m,,8.312499999999997e-10
464,simulation_0190,simulation,S2MS,120,DD,What is the speed of the box at time 1s in m/s?,width of the box = 1.33m,,0.0955566317040623
465,simulation_0190,simulation,S2MS,120,DD,What is the speed of the box at time 2s in m/s?,width of the box = 1.33m,,0.1322741263805905
466,simulation_0191,simulation,A2MS,120,DS,What is the width of the box in meters?,acceleration of the box before 0.6s = 9.8m/s,,2.323259311662563e-09
467,simulation_0191,simulation,A2MS,120,DS,What is the height of the box in meters?,acceleration of the box before 0.6s = 9.8m/s,,1.1295404388193675e-09
468,simulation_0191,simulation,A2MS,120,DS,What is the length of the truck in meters?,acceleration of the box before 0.6s = 9.8m/s,,9.626765103574157e-09
469,simulation_0191,simulation,A2MS,120,DS,What is the height of the truck in meters?,acceleration of the box before 0.6s = 9.8m/s,,4.056077030305911e-09
470,simulation_0191,simulation,A2MS,120,DS,What is the diameter of the truck's tire in meters?,acceleration of the box before 0.6s = 9.8m/s,,9.4984082355265e-10
471,simulation_0191,simulation,A2MS,120,DD,What is the speed of the box at time 0.2s in m/s?,acceleration of the box before 0.6s = 9.8m/s,,2.061954797731023
472,simulation_0191,simulation,A2MS,120,DD,What is the speed of the box at time 0.4s in m/s?,acceleration of the box before 0.6s = 9.8m/s,,4.021954797731029
473,simulation_0192,simulation,A2MS,120,DS,What is the height of the box in meters?,acceleration of the box before 0.6s = 9.8m/s,,1.21e-09
474,simulation_0192,simulation,A2MS,120,DS,What is the width of the truck in meters?,acceleration of the box before 0.6s = 9.8m/s,,3.29e-09
475,simulation_0192,simulation,A2MS,120,DS,What is the width of the box in meters?,acceleration of the box before 0.6s = 9.8m/s,,1.65e-09
476,simulation_0192,simulation,A2MS,120,DD,What is the speed of the box at time 0.2s in m/s?,acceleration of the box before 0.6s = 9.8m/s,,1.96
477,simulation_0192,simulation,A2MS,120,DD,What is the speed of the box at time 0.4s in m/s?,acceleration of the box before 0.6s = 9.8m/s,,3.92
478,simulation_0193,simulation,V2MC,30,DS,What is the diameter of the model of Callisto(the outermost planet) in meters?,Callisto's model speed(the outermost planet) = 0.627 m/s,,1.1694600197534658e-10
479,simulation_0193,simulation,V2MC,30,DS,What is the diameter of the model of Jupiter (the one at the center) in meters?,Callisto's model speed(the outermost planet) = 0.627 m/s,,1.707411628840069e-09
480,simulation_0193,simulation,V2MC,30,DD,What is the speed of the model of Io at 1s in m/s?,Callisto's model speed(the outermost planet) = 0.627 m/s,,1.949826379194867
481,simulation_0193,simulation,V2MC,30,DD,What is the speed of the model of Europa at 1s in m/s?,Callisto's model speed(the outermost planet) = 0.627 m/s,,1.2573118181170633
482,simulation_0193,simulation,V2MC,30,DD,What is the speed of the model of Ganymede at 1s in m/s?,Callisto's model speed(the outermost planet) = 0.627 m/s,,0.8427012911539034
483,simulation_0193,simulation,V2MC,30,DS,What is the diameter of the model of Io in meters?,Callisto's model speed(the outermost planet) = 0.627 m/s,,1.1694600197534658e-10
484,simulation_0193,simulation,V2MC,30,DS,What is the diameter of the model of Europa in meters?,Callisto's model speed(the outermost planet) = 0.627 m/s,,1.1694600197534658e-10
485,simulation_0193,simulation,V2MC,30,DS,What is the diameter of the model of Ganymede in meters?,Callisto's model speed(the outermost planet) = 0.627 m/s,,1.286406021728836e-10
486,simulation_0193,simulation,V2MC,30,DS,What is the orbital diameter of the Io model in meters?,Callisto's model speed(the outermost planet) = 0.627 m/s,,3.3680448568900007e-09
487,simulation_0193,simulation,V2MC,30,DS,What is the orbital diameter of the Europa model in meters?,Callisto's model speed(the outermost planet) = 0.627 m/s,,4.280223672297709e-09
488,simulation_0193,simulation,V2MC,30,DS,What is the orbital diameter of the Ganymede model in meters?,Callisto's model speed(the outermost planet) = 0.627 m/s,,5.6134080948166685e-09
489,simulation_0193,simulation,V2MC,30,DS,What is the orbital diameter of the Callisto model in meters?,Callisto's model speed(the outermost planet) = 0.627 m/s,,8.607225745385557e-09
490,simulation_0194,simulation,V2MS,30,DS,What is the orbital diameter of the Callisto model in meters?,Callisto's model speed(the outermost planet) = 0.627 m/s,,4.248317787412456e-09
491,simulation_0194,simulation,V2MS,30,DS,What is the diameter of the model of Callisto in meters?,Callisto's model speed(the outermost planet) = 0.627 m/s,,9.23626125368358e-11
492,simulation_0194,simulation,V2MS,30,DS,What is the diameter of the model of Jupiter (the one at the center) in meters?,Callisto's model speed(the outermost planet) = 0.627 m/s,,1.6740723522301587e-09
493,simulation_0196,simulation,V2MS,30,DS,What is the diameter of the plunge tube in meters?,speed of the bubble in the drop = 0.00144m/s,,2.9420724272553996e-12
494,simulation_0196,simulation,V2MS,30,DS,What is the horizontal length of the droplet in meters?,speed of the bubble in the drop = 0.00144m/s,,2.0950765920558007e-12
495,simulation_0196,simulation,V2MS,30,DS,What is the horizontal length of the “skynova” text on the bottle in meters?,speed of the bubble in the drop = 0.00144m/s,,1.5503566781212998e-12
496,simulation_0196,simulation,V2MS,30,DS,What is the vertical height of the “skynova” lettering on the bottle in meters?,speed of the bubble in the drop = 0.00144m/s,,1.7598643373269298e-11
497,simulation_0197,simulation,S2MS,30,SS,What is the diameter of the plunge tube in meters?,the horizontal width of the “skynova” text on the bottle = 0.00188m,,3.2568584726866002e-12
498,simulation_0197,simulation,S2MS,30,SS,What is the width of the droplet in meters?,the horizontal width of the “skynova” text on the bottle = 0.00188m,,1.88e-12
499,simulation_0197,simulation,S2MS,30,SS,What is the vertical height of the “skynova” lettering on the bottle in meters?,the horizontal width of the “skynova” text on the bottle = 0.00188m,,1.0904e-11
500,simulation_0197,simulation,S2MS,30,SS,What is the diameter of the bottle's neck in meters?,the horizontal width of the “skynova” text on the bottle = 0.00188m,,1.6168e-11
501,simulation_0197,simulation,S2MS,30,SS,What is the diameter of the bottle's body in meters?,the horizontal width of the “skynova” text on the bottle = 0.00188m,,2.4001333333333303e-11
502,simulation_0197,simulation,S2MS,30,SD,What is the speed of the bubble at time 0.5s in m/s?,the horizontal width of the “skynova” text on the bottle = 0.00188m,,6.923258581033499e-12
503,simulation_0197,simulation,S2MS,30,SD,What is the speed of the bubble at time 0.8s in m/s?,the horizontal width of the “skynova” text on the bottle = 0.00188m,,7.925498120457399e-12
504,simulation_0197,simulation,S2MS,30,SD,What is the speed of the bubble at time 1s in m/s?,the horizontal width of the “skynova” text on the bottle = 0.00188m,,7.683869826443099e-12
505,simulation_0198,simulation,A2MC,60,DS,What is the height of the droplet in meters?,acceleration of the droplet = 9.7m/s^2,,4.5617525228445994e-12
506,simulation_0198,simulation,A2MC,60,DS,What is the horizontal length of the droplet in meters?,acceleration of the droplet = 9.7m/s^2,,3.0411683485631003e-12
507,simulation_0198,simulation,A2MC,60,DS,What is the diameter of the bottle's neck in meters?,acceleration of the droplet = 9.7m/s^2,,2.38224853970778e-11
508,simulation_0198,simulation,A2MC,60,DS,What is the diameter of the bottle's body in meters?,acceleration of the droplet = 9.7m/s^2,,3.59871587913303e-11
509,simulation_0198,simulation,A2MC,60,DS,What is the horizontal length of the “skynova” text on the bottle in meters?,acceleration of the droplet = 9.7m/s^2,,3.801460435703899e-12
510,simulation_0198,simulation,A2MC,60,DS,What is the vertical height of the “skynova” lettering on the bottle in meters?,acceleration of the droplet = 9.7m/s^2,,2.8384237919922497e-11
511,simulation_0198,simulation,A2MC,60,DD,What is the speed of the droplet at time 0.2s in m/s?,acceleration of the droplet = 9.7m/s^2,,0.9609413879394072
512,simulation_0198,simulation,A2MC,60,DD,What is the speed of the droplet at time 0.05s in m/s?,acceleration of the droplet = 9.7m/s^2,,0.4851291045172709
513,simulation_0198,simulation,A2MC,60,DD,What is the speed of the droplet at time 0.1s in m/s?,acceleration of the droplet = 9.7m/s^2,,0.9609413879394072
514,simulation_0199,simulation,A2MS,60,DS,What is the height of the droplet in meters?,acceleration of the droplet = 9.7m/s^2,,6.071763556352901e-12
515,simulation_0199,simulation,A2MS,60,DS,What is the horizontal length of the droplet in meters?,acceleration of the droplet = 9.7m/s^2,,3.7948522227206e-12
516,simulation_0199,simulation,A2MS,60,DS,What is the diameter of the bottle's neck in meters?,acceleration of the droplet = 9.7m/s^2,,2.3275093632686398e-11
517,simulation_0199,simulation,A2MS,60,DS,What is the diameter of the bottle's body in meters?,acceleration of the droplet = 9.7m/s^2,,3.6430581338117794e-11
518,simulation_0199,simulation,A2MS,60,DS,What is the horizontal width of the “skynova” text on the bottle in meters?,acceleration of the droplet = 9.7m/s^2,,4.300832519083301e-12
519,simulation_0199,simulation,A2MS,60,DS,What is the vertical height of the “skynova” lettering on the bottle in meters?,acceleration of the droplet = 9.7m/s^2,,2.9599847337220697e-11
520,simulation_0199,simulation,A2MS,60,DD,What is the speed of the droplet at time 0.2s in m/s?,acceleration of the droplet = 9.7m/s^2,,1.6171575460810332
521,simulation_0199,simulation,A2MS,60,DD,What is the speed of the droplet at time 0.05s in m/s?,acceleration of the droplet = 9.7m/s^2,,0.480933108895191
522,simulation_0199,simulation,A2MS,60,DD,What is the speed of the droplet at time 0.1s in m/s?,acceleration of the droplet = 9.7m/s^2,,0.9627345408765674
523,simulation_0200,simulation,A2MS,60,DS,What is the height of the droplet in meters?,acceleration of the droplet = 9.7m/s^2,,4.812868977899801e-12
524,simulation_0200,simulation,A2MS,60,DS,What is the horizontal length of the droplet in meters?,acceleration of the droplet = 9.7m/s^2,,2.9411977087164996e-12
525,simulation_0200,simulation,A2MS,60,DS,What is the diameter of the bottle's neck in meters?,acceleration of the droplet = 9.7m/s^2,,1.7112423032532803e-11
526,simulation_0200,simulation,A2MS,60,DS,What is the diameter of the bottle's body in meters?,acceleration of the droplet = 9.7m/s^2,,3.2887938015648895e-11
527,simulation_0200,simulation,A2MS,60,DS,What is the vertical height of the “skynova” lettering on the bottle in meters?,acceleration of the droplet = 9.7m/s^2,,3.0748885136582305e-11
528,simulation_0200,simulation,A2MS,60,DD,What is the speed of the droplet at time 0.2s in m/s?,acceleration of the droplet = 9.7m/s^2,,1.5844204043215235
529,simulation_0200,simulation,A2MS,60,DD,What is the speed of the droplet at time 0.05s in m/s?,acceleration of the droplet = 9.7m/s^2,,0.4481652677251225
530,simulation_0200,simulation,A2MS,60,DD,What is the speed of the droplet at time 0.1s in m/s?,acceleration of the droplet = 9.7m/s^2,,0.927272868704782
531,simulation_0203,simulation,A2MC,24,DS,What is the length of the table in meters?,acceleration of the magnifying glass before 0.5s = 9.8m/s^2,,2.607303180247886e-09
532,simulation_0203,simulation,A2MC,24,DS,What is the length of the typewriter in meters?,acceleration of the magnifying glass before 0.5s = 9.8m/s^2,,4.0943831348113786e-10
533,simulation_0203,simulation,A2MC,24,DS,What is the height of the typewriter in meters?,acceleration of the magnifying glass before 0.5s = 9.8m/s^2,,2.325609620572864e-10
534,simulation_0203,simulation,A2MC,24,DS,What is the width of the paper next to the magnifying glass in meters?,acceleration of the magnifying glass before 0.5s = 9.8m/s^2,,2.489384945965319e-10
535,simulation_0203,simulation,A2MC,24,DS,What is the length of the letter placed under the gun in meters?,acceleration of the magnifying glass before 0.5s = 9.8m/s^2,,2.58765014120079e-10
536,simulation_0203,simulation,A2MC,24,DD,What is the speed of the magnifying glass at time 0.125s in m/s?,acceleration of the magnifying glass before 0.5s = 9.8m/s^2,,1.243253968819891
537,simulation_0203,simulation,A2MC,24,DD,What is the speed of the magnifying glass at time 0.25s in m/s?,acceleration of the magnifying glass before 0.5s = 9.8m/s^2,,2.4632996476135247
538,simulation_0203,simulation,A2MC,24,DD,What is the speed of the magnifying glass at time 0.333s in m/s?,acceleration of the magnifying glass before 0.5s = 9.8m/s^2,,3.283126307149036
539,simulation_0204,simulation,A2MS,24,DS,What is the length of the table in meters?,acceleration of the magnifying glass before 0.5s = 9.8m/s^2,,2.4020198652484963e-09
540,simulation_0204,simulation,A2MS,24,DS,What is the length of the typewriter in meters?,acceleration of the magnifying glass before 0.5s = 9.8m/s^2,,4.0523872556573255e-10
541,simulation_0204,simulation,A2MS,24,DS,What is the height of the typewriter in meters?,acceleration of the magnifying glass before 0.5s = 9.8m/s^2,,2.1895963397503302e-10
542,simulation_0204,simulation,A2MS,24,DS,What is the length of the letter placed under the gun in meters?,acceleration of the magnifying glass before 0.5s = 9.8m/s^2,,2.581762848362327e-10
543,simulation_0204,simulation,A2MS,24,DD,What is the speed of the magnifying glass at time 0.125s in m/s?,acceleration of the magnifying glass before 0.5s = 9.8m/s^2,,1.2485661048221035
544,simulation_0204,simulation,A2MS,24,DD,What is the speed of the magnifying glass at time 0.25s in m/s?,acceleration of the magnifying glass before 0.5s = 9.8m/s^2,,2.4731500324022133
545,simulation_0204,simulation,A2MS,24,DD,What is the speed of the magnifying glass at time 0.333s in m/s?,acceleration of the magnifying glass before 0.5s = 9.8m/s^2,,3.286901759436265
546,simulation_0207,simulation,A2MC,24,DS,What is the length of the table in meters?,acceleration of the typewriter before 0.45s = 9.8m/s^2,,2.713215765375352e-09
547,simulation_0207,simulation,A2MC,24,DS,What is the length of the typewriter in meters?,acceleration of the typewriter before 0.45s = 9.8m/s^2,,3.948971502930248e-10
548,simulation_0207,simulation,A2MC,24,DS,What is the height of the typewriter in meters?,acceleration of the typewriter before 0.45s = 9.8m/s^2,,1.66810003141019e-10
549,simulation_0207,simulation,A2MC,24,DS,What is the width of the paper next to the typewriter in meters?,acceleration of the typewriter before 0.45s = 9.8m/s^2,,2.076614324816768e-10
550,simulation_0207,simulation,A2MC,24,DS,What is the length of the letter placed under the gun in meters?,acceleration of the typewriter before 0.45s = 9.8m/s^2,,2.6893857649266325e-10
551,simulation_0207,simulation,A2MC,24,DD,What is the speed of the typewriter at time 0.125s in m/s?,acceleration of the typewriter before 0.45s = 9.8m/s^2,,1.299730915748221
552,simulation_0207,simulation,A2MC,24,DD,What is the speed of the typewriter at time 0.25s in m/s?,acceleration of the typewriter before 0.45s = 9.8m/s^2,,2.5192406722636504
553,simulation_0207,simulation,A2MC,24,DD,What is the speed of the typewriter at time 0.333s in m/s?,acceleration of the typewriter before 0.45s = 9.8m/s^2,,3.347210436903005
554,simulation_0208,simulation,A2MS,24,DS,What is the length of the table in meters?,acceleration of the typewriter before 0.45s = 9.8m/s^2,,2.372423104953027e-09
555,simulation_0208,simulation,A2MS,24,DS,What is the length of the typewriter in meters?,acceleration of the typewriter before 0.45s = 9.8m/s^2,,3.9035614209156175e-10
556,simulation_0208,simulation,A2MS,24,DS,What is the height of the typewriter in meters?,acceleration of the typewriter before 0.45s = 9.8m/s^2,,2.2882946260539828e-10
557,simulation_0208,simulation,A2MS,24,DS,What is the length of the letter placed under the gun in meters?,acceleration of the typewriter before 0.45s = 9.8m/s^2,,1.447009837063545e-10
558,simulation_0208,simulation,A2MS,24,DD,What is the speed of the typewriter at time 0.125s in m/s?,acceleration of the typewriter before 0.45s = 9.8m/s^2,,1.2940020959176244
559,simulation_0208,simulation,A2MS,24,DD,What is the speed of the typewriter at time 0.25s in m/s?,acceleration of the typewriter before 0.45s = 9.8m/s^2,,2.511463592812704
560,simulation_0208,simulation,A2MS,24,DD,What is the speed of the typewriter at time 0.333s in m/s?,acceleration of the typewriter before 0.45s = 9.8m/s^2,,3.3449124677959667
561,simulation_0210,simulation,V2MS,24,DS,What is the length of the black cat (including its tail) in meters?,speed of the black cat = 0.94m/s,,7.042776331410528e-10
562,simulation_0210,simulation,V2MS,24,DS,What is the height of the black cat (including its tail) in meters?,speed of the black cat = 0.94m/s,,4.868034990819607e-10
563,simulation_0210,simulation,V2MS,24,DS,What is the length of the wooden bench in meters?,speed of the black cat = 0.94m/s,,1.018313441957163e-09
564,simulation_0210,simulation,V2MS,24,DS,What is the height of the wooden bench in meters?,speed of the black cat = 0.94m/s,,4.66933968507187e-10
565,simulation_0210,simulation,V2MS,24,DS,What is the height of the lampshade of the table lamp in meters?,speed of the black cat = 0.94m/s,,2.3843436689728693e-10
566,simulation_0210,simulation,V2MS,24,DS,What is the diameter of the lampshade of the table lamp in meters?,speed of the black cat = 0.94m/s,,4.719013511508805e-10
567,simulation_0210,simulation,V2MS,24,DS,What is the height of the table lamp in meters?,speed of the black cat = 0.94m/s,,6.358249783927655e-10
568,simulation_0210,simulation,V2MS,24,DS,What is the height of the vase in meters?,speed of the black cat = 0.94m/s,,4.719013511508805e-10
569,simulation_0210,simulation,V2MS,24,DS,What is the height of the floor mirror in meters?,speed of the black cat = 0.94m/s,,1.2716499567855307e-09
570,simulation_0210,simulation,V2MS,24,DS,What is the width of the floor mirror in meters?,speed of the black cat = 0.94m/s,,5.662816213810564e-10
571,simulation_0213,simulation,V2MC,24,DS,What is the length of the black cat (including its tail) in meters?,speed of the black cat = 0.94m/s,,7.110300655070764e-10
572,simulation_0213,simulation,V2MC,24,DS,What is the height of the black cat (including its tail) in meters?,speed of the black cat = 0.94m/s,,4.807814526223862e-10
573,simulation_0213,simulation,V2MC,24,DS,What is the length of the wooden bench in meters?,speed of the black cat = 0.94m/s,,1.0160845132741154e-09
574,simulation_0213,simulation,V2MC,24,DS,What is the height of the wooden bench in meters?,speed of the black cat = 0.94m/s,,4.609554133389887e-10
575,simulation_0213,simulation,V2MC,24,DS,What is the height of the lampshade of the table lamp in meters?,speed of the black cat = 0.94m/s,,2.4286898122161793e-10
576,simulation_0213,simulation,V2MC,24,DS,What is the diameter of the lampshade of the table lamp in meters?,speed of the black cat = 0.94m/s,,4.659119231598384e-10
577,simulation_0213,simulation,V2MC,24,DS,What is the height of the table lamp in meters?,speed of the black cat = 0.94m/s,,6.34433257068716e-10
578,simulation_0213,simulation,V2MC,24,DS,What is the height of the vase in meters?,speed of the black cat = 0.94m/s,,4.75824942801537e-10
579,simulation_0213,simulation,V2MC,24,DS,What is the height of the floor mirror in meters?,speed of the black cat = 0.94m/s,,1.2639100043165823e-09
580,simulation_0213,simulation,V2MC,24,DS,What is the width of the floor mirror in meters?,speed of the black cat = 0.94m/s,,5.402595704725785e-10
581,simulation_0213,simulation,V2MC,24,DD,What is the speed of the dog at time 1s in m/s?,speed of the black cat = 0.94m/s,,1.2112439991894568
582,simulation_0213,simulation,V2MC,24,DD,What is the speed of the dog at time 1.5s in m/s?,speed of the black cat = 0.94m/s,,1.0191217578906362
583,simulation_0213,simulation,V2MC,24,DS,What is the length of the dog (including its tail) in meters?,speed of the black cat = 0.94m/s,,1.2959638283106098e-09
584,simulation_0213,simulation,V2MC,24,DS,What is the height of the dog (including its tail) in meters?,speed of the black cat = 0.94m/s,,6.790418454563601e-10
585,simulation_0214,simulation,V2MC,24,DS,What is the length of the black cat (including its tail) in meters?,speed of the black cat = 0.94m/s,,7.028322893848146e-10
586,simulation_0214,simulation,V2MC,24,DS,What is the length of the wooden bench in meters?,speed of the black cat = 0.94m/s,,1.041855376963207e-09
587,simulation_0214,simulation,V2MC,24,DS,What is the width of the wooden bench in meters?,speed of the black cat = 0.94m/s,,4.1997271009369575e-10
588,simulation_0214,simulation,V2MC,24,DS,What is the length of the TV stand in meters?,speed of the black cat = 0.94m/s,,1.6152796542065223e-09
589,simulation_0214,simulation,V2MC,24,DS,What is the width of the TV stand in meters?,speed of the black cat = 0.94m/s,,4.442019049067937e-10
590,simulation_0214,simulation,V2MC,24,DS,What is the diameter of the lampshade of the table lamp in meters?,speed of the black cat = 0.94m/s,,5.330422858881527e-10
591,simulation_0214,simulation,V2MC,24,DS,What is the width of the floor mirror in meters?,speed of the black cat = 0.94m/s,,7.834522621029987e-10
592,simulation_0214,simulation,V2MC,24,DD,What is the speed of the dog at time 1s in m/s?,speed of the black cat = 0.94m/s,,1.1255231880339354
593,simulation_0214,simulation,V2MC,24,DD,What is the speed of the dog at time 1.5s in m/s?,speed of the black cat = 0.94m/s,,0.9495757240380795
594,simulation_0214,simulation,V2MC,24,DS,What is the length of the dog (including its tail) in meters?,speed of the black cat = 0.94m/s,,1.0543953692743435e-09
595,simulation_0214,simulation,V2MC,24,DS,What is the diameter of the white fur carpet in meters?,speed of the black cat = 0.94m/s,,1.599126857664457e-09
596,simulation_0214,simulation,V2MC,24,DS,What is the length of the white sofa in meters?,speed of the black cat = 0.94m/s,,3.1740245205158166e-09
597,simulation_0214,simulation,V2MC,24,DS,What is the width of the white sofa in meters?,speed of the black cat = 0.94m/s,,1.7202728317299466e-09
598,simulation_0215,simulation,V2MC,24,DS,What is the length of the black cat (including its tail) in meters?,speed of the black cat = 0.94m/s,,6.913270269538404e-10
599,simulation_0215,simulation,V2MC,24,DS,What is the length of the wooden bench in meters?,speed of the black cat = 0.94m/s,,1.0447467482811922e-09
600,simulation_0215,simulation,V2MC,24,DS,What is the width of the wooden bench in meters?,speed of the black cat = 0.94m/s,,4.1789869931247707e-10
601,simulation_0215,simulation,V2MC,24,DS,What is the length of the TV stand in meters?,speed of the black cat = 0.94m/s,,1.5992661762150566e-09
602,simulation_0215,simulation,V2MC,24,DS,What is the width of the TV stand in meters?,speed of the black cat = 0.94m/s,,4.4200823965742757e-10
603,simulation_0215,simulation,V2MC,24,DS,What is the diameter of the lampshade of the table lamp in meters?,speed of the black cat = 0.94m/s,,5.304098875889135e-10
604,simulation_0215,simulation,V2MC,24,DS,What is the diameter of the vase in meters?,speed of the black cat = 0.94m/s,,2.6520494379445636e-10
605,simulation_0215,simulation,V2MC,24,DS,What is the width of the floor mirror in meters?,speed of the black cat = 0.94m/s,,8.599069389699041e-10
606,simulation_0215,simulation,V2MC,24,DS,What is the diameter of the white fur carpet in meters?,speed of the black cat = 0.94m/s,,1.583193149318423e-09
607,simulation_0215,simulation,V2MC,24,DS,What is the length of the white sofa in meters?,speed of the black cat = 0.94m/s,,3.158349785188529e-09
608,simulation_0215,simulation,V2MC,24,DS,What is the width of the white sofa in meters?,speed of the black cat = 0.94m/s,,1.3662072862138675e-09
609,simulation_0216,simulation,V2MC,24,DS,What is the length of the black cat (including its tail) in meters?,speed of the black cat = 0.94m/s,,6.763911729819686e-10
610,simulation_0216,simulation,V2MC,24,DS,What is the height of the black cat (including its tail) in meters?,speed of the black cat = 0.94m/s,,4.759789735799037e-10
611,simulation_0216,simulation,V2MC,24,DS,What is the length of the wooden bench in meters?,speed of the black cat = 0.94m/s,,1.0371331319056852e-09
612,simulation_0216,simulation,V2MC,24,DS,What is the height of the wooden bench in meters?,speed of the black cat = 0.94m/s,,4.659583636098002e-10
613,simulation_0216,simulation,V2MC,24,DS,What is the height of the lampshade of the table lamp in meters?,speed of the black cat = 0.94m/s,,2.455049442675294e-10
614,simulation_0216,simulation,V2MC,24,DS,What is the diameter of the lampshade of the table lamp in meters?,speed of the black cat = 0.94m/s,,4.659583636098005e-10
615,simulation_0216,simulation,V2MC,24,DS,What is the height of the table lamp in meters?,speed of the black cat = 0.94m/s,,6.463293430716587e-10
616,simulation_0216,simulation,V2MC,24,DS,What is the height of the vase in meters?,speed of the black cat = 0.94m/s,,4.809892785649554e-10
617,simulation_0216,simulation,V2MC,24,DS,What is the height of the floor mirror in meters?,speed of the black cat = 0.94m/s,,1.2878920499795722e-09
618,simulation_0216,simulation,V2MC,24,DS,What is the length of the floor mirror in meters?,speed of the black cat = 0.94m/s,,5.862056832510393e-10
619,simulation_0216,simulation,V2MC,24,DS,What is the length of the TV in meters?,speed of the black cat = 0.94m/s,,8.918342873391881e-10
620,simulation_0216,simulation,V2MC,24,DS,What is the height of the TV in meters?,speed of the black cat = 0.94m/s,,5.110511084752652e-10
621,simulation_0216,simulation,V2MC,24,DS,What is the length of the TV stand in meters?,speed of the black cat = 0.94m/s,,1.7235449148577563e-09
622,simulation_0216,simulation,V2MC,24,DS,What is the height of the TV stand in meters?,speed of the black cat = 0.94m/s,,4.709686685948521e-10
623,simulation_0217,simulation,V2MC,24,DS,What is the length of the black cat (including its tail) in meters?,speed of the black cat = 0.94m/s,,6.786263557994287e-10
624,simulation_0217,simulation,V2MC,24,DS,What is the length of the TV in meters?,speed of the black cat = 0.94m/s,,1.0416513401071362e-09
625,simulation_0217,simulation,V2MC,24,DS,What is the length of the wooden bench in meters?,speed of the black cat = 0.94m/s,,1.0336386374909272e-09
626,simulation_0217,simulation,V2MC,24,DS,What is the width of the wooden bench in meters?,speed of the black cat = 0.94m/s,,4.1666053604285445e-10
627,simulation_0217,simulation,V2MC,24,DS,What is the width of the TV stand in meters?,speed of the black cat = 0.94m/s,,1.5704897127769131e-09
628,simulation_0217,simulation,V2MC,24,DS,What is the diameter of the lampshade of the table lamp in meters?,speed of the black cat = 0.94m/s,,5.288383726697772e-10
629,simulation_0217,simulation,V2MC,24,DS,What is the diameter of the vase in meters?,speed of the black cat = 0.94m/s,,2.644191863348882e-10
630,simulation_0217,simulation,V2MC,24,DS,What is the width of the floor mirror in meters?,speed of the black cat = 0.94m/s,,7.218551243147202e-10
631,simulation_0217,simulation,V2MC,24,DD,What is the speed of the dog at time 1s in m/s?,speed of the black cat = 0.94m/s,,1.0448987662385556
632,simulation_0217,simulation,V2MC,24,DD,What is the speed of the dog at time 1.5s in m/s?,speed of the black cat = 0.94m/s,,0.8262941764692034
633,simulation_0217,simulation,V2MC,24,DS,What is the length of the dog (including its tail) in meters?,speed of the black cat = 0.94m/s,,1.0169491318325576e-09
634,simulation_0217,simulation,V2MC,24,DS,What is the diameter of the white fur carpet in meters?,speed of the black cat = 0.94m/s,,1.594527820625539e-09
635,simulation_0217,simulation,V2MC,24,DS,What is the length of the white sofa in meters?,speed of the black cat = 0.94m/s,,3.173030236018661e-09
636,simulation_0217,simulation,V2MC,24,DS,What is the width of the white sofa in meters?,speed of the black cat = 0.94m/s,,1.706705657252462e-09
637,simulation_0218,simulation,V2MC,24,DS,What is the length of the big robot in meters?,speed of the big robot = 5.924m/s,,3.3705895594942342e-09
638,simulation_0218,simulation,V2MC,24,DS,What is the height of the big robot in meters?,speed of the big robot = 5.924m/s,,3.0147719466410413e-09
639,simulation_0218,simulation,V2MC,24,DS,What is the length in meters of the long side of a marked parking space on the ground?,speed of the big robot = 5.924m/s,,5.667771259685158e-09
640,simulation_0218,simulation,V2MC,24,DS,What is the outer diameter of the robot's tires in meters?,speed of the big robot = 5.924m/s,,3.5080982651823004e-10
641,simulation_0219,simulation,V2MC,24,DS,What is the length of the big robot in meters?,speed of the big robot = 5.924m/s,,2.9140364016047003e-09
642,simulation_0219,simulation,V2MC,24,DS,What is the height of the big robot in meters?,speed of the big robot = 5.924m/s,,2.821363865864621e-09
643,simulation_0219,simulation,V2MC,24,DS,What is the length in meters of the long side of a marked parking space on the ground?,speed of the big robot = 5.924m/s,,5.241146743522232e-09
644,simulation_0219,simulation,V2MC,24,DS,What is the outer diameter of the robot's tires in meters?,speed of the big robot = 5.924m/s,,3.3979929771362237e-10
645,simulation_0219,simulation,V2MC,24,DD,What is the speed of the small robot at 1s in m/s?,speed of the big robot = 5.924m/s,,0.790329526000696
646,simulation_0219,simulation,V2MC,24,DS,What is the height of the small robot in meters?,speed of the big robot = 5.924m/s,,1.3489002424389247e-09
647,simulation_0220,simulation,V2MC,24,DS,What is the length in meters of the long side of a marked parking space on the ground?,speed of the small robot = 0.82m/s,,4.5954661822856464e-09
648,simulation_0220,simulation,V2MC,24,DS,What is the height of the small robot in meters?,speed of the small robot = 0.82m/s,,1.215921013211766e-09
649,simulation_0221,simulation,S2MC,24,SS,What is the length of the wooden bench in meters?,diameter of the vacuum cleaner = 0.438m,,1.018054054054054e-09
650,simulation_0221,simulation,S2MC,24,SS,What is the width of the wooden bench in meters?,diameter of the vacuum cleaner = 0.438m,,4.103783783783783e-10
651,simulation_0221,simulation,S2MC,24,SS,What is the length of the TV stand in meters?,diameter of the vacuum cleaner = 0.438m,,1.767783783783783e-09
652,simulation_0221,simulation,S2MC,24,SS,What is the width of the TV stand in meters?,diameter of the vacuum cleaner = 0.438m,,4.1827027027027005e-10
653,simulation_0221,simulation,S2MC,24,SS,What is the diameter of the lampshade of the table lamp in meters?,diameter of the vacuum cleaner = 0.438m,,5.129729729729734e-10
654,simulation_0221,simulation,S2MC,24,SS,What is the diameter of the vase in meters?,diameter of the vacuum cleaner = 0.438m,,2.604324324324322e-10
655,simulation_0221,simulation,S2MC,24,SS,What is the width of the floor mirror in meters?,diameter of the vacuum cleaner = 0.438m,,7.106647553161064e-10
656,simulation_0221,simulation,S2MC,24,SS,What is the diameter of the white fur carpet in meters?,diameter of the vacuum cleaner = 0.438m,,1.578378378378378e-09
657,simulation_0221,simulation,S2MC,24,SS,What is the length of the white sofa in meters?,diameter of the vacuum cleaner = 0.438m,,3.109405405405405e-09
658,simulation_0221,simulation,S2MC,24,SS,What is the width of the white sofa in meters?,diameter of the vacuum cleaner = 0.438m,,1.680972972972973e-09
659,simulation_0221,simulation,S2MC,24,SD,What is the speed of the vacuum cleaner at time 0.5s in m/s?,diameter of the vacuum cleaner = 0.438m,,1.0774876299325291e-09
660,simulation_0221,simulation,S2MC,24,SD,What is the acceleration of the vacuum cleaner at time 0.5s in m/s^2?,diameter of the vacuum cleaner = 0.438m,,2.038026491047794e-09
661,simulation_0221,simulation,S2MC,24,SD,What is the speed of the vacuum cleaner at time 1s in m/s?,diameter of the vacuum cleaner = 0.438m,,1.7078931887920435e-09
662,simulation_0221,simulation,S2MC,24,SD,What is the acceleration of the vacuum cleaner at time 1s in m/s^2?,diameter of the vacuum cleaner = 0.438m,,2.43283208561942e-10
663,simulation_0221,simulation,S2MC,24,SD,What is the speed of the vacuum cleaner at time 2s in m/s?,diameter of the vacuum cleaner = 0.438m,,1.863257534037576e-09
664,simulation_0221,simulation,S2MC,24,SD,What is the acceleration of the vacuum cleaner at time 2s in m/s^2?,diameter of the vacuum cleaner = 0.438m,,1.098890805668581e-09
665,simulation_0222,simulation,S2MS,24,SS,What is the length of the wooden bench in meters?,diameter of the vacuum cleaner = 0.438m,,1.0382222222222215e-09
666,simulation_0222,simulation,S2MS,24,SS,What is the width of the wooden bench in meters?,diameter of the vacuum cleaner = 0.438m,,4.217777777777777e-10
667,simulation_0222,simulation,S2MS,24,SS,What is the length of the TV stand in meters?,diameter of the vacuum cleaner = 0.438m,,1.695222222222222e-09
668,simulation_0222,simulation,S2MS,24,SS,What is the width of the TV stand in meters?,diameter of the vacuum cleaner = 0.438m,,4.379999999999998e-10
669,simulation_0222,simulation,S2MS,24,SS,What is the diameter of the lampshade of the table lamp in meters?,diameter of the vacuum cleaner = 0.438m,,5.191111111111116e-10
670,simulation_0222,simulation,S2MS,24,SS,What is the diameter of the vase in meters?,diameter of the vacuum cleaner = 0.438m,,2.6766666666666636e-10
671,simulation_0222,simulation,S2MS,24,SS,What is the width of the floor mirror in meters?,diameter of the vacuum cleaner = 0.438m,,6.407777777777774e-10
672,simulation_0222,simulation,S2MS,24,SS,What is the diameter of the white fur carpet in meters?,diameter of the vacuum cleaner = 0.438m,,1.7195555555555551e-09
673,simulation_0222,simulation,S2MS,24,SS,What is the length of the white sofa in meters?,diameter of the vacuum cleaner = 0.438m,,3.187666666666665e-09
674,simulation_0222,simulation,S2MS,24,SS,What is the width of the white sofa in meters?,diameter of the vacuum cleaner = 0.438m,,1.7276666666666664e-09
675,simulation_0222,simulation,S2MS,24,SD,What is the speed of the vacuum cleaner at time 0.5s in m/s?,diameter of the vacuum cleaner = 0.438m,,1.110739860704592e-09
676,simulation_0222,simulation,S2MS,24,SD,What is the acceleration of the vacuum cleaner at time 0.5s in m/s^2?,diameter of the vacuum cleaner = 0.438m,,2.087808810604042e-09
677,simulation_0222,simulation,S2MS,24,SD,What is the speed of the vacuum cleaner at time 1s in m/s?,diameter of the vacuum cleaner = 0.438m,,1.756032171036525e-09
678,simulation_0222,simulation,S2MS,24,SD,What is the acceleration of the vacuum cleaner at time 1s in m/s^2?,diameter of the vacuum cleaner = 0.438m,,2.524853809151652e-10
679,simulation_0222,simulation,S2MS,24,SD,What is the speed of the vacuum cleaner at time 2s in m/s?,diameter of the vacuum cleaner = 0.438m,,1.9219861856572e-09
680,simulation_0222,simulation,S2MS,24,SD,What is the acceleration of the vacuum cleaner at time 2s in m/s^2?,diameter of the vacuum cleaner = 0.438m,,1.1283692149181782e-09
681,simulation_0223,simulation,S2MC,24,SS,What is the length(horizontal) of the chinese chess board in meters?,diameter of one chinese chess = 0.097m,,1.1767631578947366e-09
682,simulation_0223,simulation,S2MC,24,SS,What is the width(vertical) of the chinese chess board in meters?,diameter of one chinese chess = 0.097m,,1.061894736842105e-09
683,simulation_0223,simulation,S2MC,24,SD,What is the speed of the moving red general chess at time 0.5s in m/s?,diameter of one chinese chess = 0.097m,,3.5623399823721887e-10
684,simulation_0223,simulation,S2MC,24,SD,What is the acceleration of the moving red general chess at time 0.5s in m/s^2?,diameter of one chinese chess = 0.097m,,7.247337735405457e-10
685,simulation_0223,simulation,S2MC,24,SD,What is the speed of the moving red general chess at time 1s in m/s?,diameter of one chinese chess = 0.097m,,7.052240951457595e-10
686,simulation_0223,simulation,S2MC,24,SD,What is the acceleration of the moving red general chess at time 1s in m/s^2?,diameter of one chinese chess = 0.097m,,7.253713771769505e-10
687,simulation_0223,simulation,S2MC,24,SD,What is the speed of the moving red general chess at time 1.5s in m/s?,diameter of one chinese chess = 0.097m,,1.034913255506236e-09
688,simulation_0223,simulation,S2MC,24,SD,What is the acceleration of the moving red general chess at time 1.5s in m/s^2?,diameter of one chinese chess = 0.097m,,4.670433312408801e-10
689,simulation_0224,simulation,S2MC,24,SS,What is the length of the chinese chess board in meters?,diameter of one chinese chess = 0.097m,,1.8257822262252443e-09
690,simulation_0224,simulation,S2MC,24,SD,What is the speed of the moving chess at time 0.5s in m/s?,diameter of one chinese chess = 0.097m,,3.553253273993817e-10
691,simulation_0224,simulation,S2MC,24,SD,What is the acceleration of the moving chess at time 0.5s in m/s^2?,diameter of one chinese chess = 0.097m,,1.023715936100514e-09
692,simulation_0224,simulation,S2MC,24,SD,What is the speed of the moving chess at time 1s in m/s?,diameter of one chinese chess = 0.097m,,9.88916737001492e-10
693,simulation_0224,simulation,S2MC,24,SD,What is the acceleration of the moving chess at time 1s in m/s^2?,diameter of one chinese chess = 0.097m,,1.0013016624935111e-09
694,simulation_0224,simulation,S2MC,24,SD,What is the speed of the moving chess at time 1.5s in m/s?,diameter of one chinese chess = 0.097m,,1.587777350373435e-09
695,simulation_0224,simulation,S2MC,24,SD,What is the acceleration of the moving chess at time 1.5s in m/s^2?,diameter of one chinese chess = 0.097m,,9.789447698876175e-10
696,simulation_0225,simulation,V2MC,24,DS,What is the length of the black cat (including its tail) in meters?,speed of the black cat = 1.041m/s,,1.0623245010196783e-09
697,simulation_0225,simulation,V2MC,24,DS,What is the height of the black cat (including its tail) in meters?,speed of the black cat = 1.041m/s,,6.956988352975964e-10
698,simulation_0225,simulation,V2MC,24,DS,What is the width of the beach chair in meters?,speed of the black cat = 1.041m/s,,1.7338955587417026e-09
699,simulation_0225,simulation,V2MC,24,DS,What is the width of the pool tiles (horizontal side) in meters?,speed of the black cat = 1.041m/s,,1.412803788604352e-09
700,simulation_0226,simulation,V2MC,24,DS,What is the length of the black cat (including its tail) in meters?,speed of the black cat = 1.041m/s,,8.436355209281904e-10
701,simulation_0226,simulation,V2MC,24,DS,What is the width of the beach chair in meters?,speed of the black cat = 1.041m/s,,1.615472274117811e-09
702,simulation_0226,simulation,V2MC,24,DS,What is the width of the pool tiles (horizontal side) in meters?,speed of the black cat = 1.041m/s,,1.1487802838171106e-09
703,simulation_0227,simulation,V2MC,24,DS,What is the length of the black cat (including its tail) in meters?,speed of the black cat = 1.041m/s,,1.065348959226496e-09
704,simulation_0227,simulation,V2MC,24,DS,What is the height of the black cat (including its tail) in meters?,speed of the black cat = 1.041m/s,,6.779028341347647e-10
705,simulation_0227,simulation,V2MC,24,DS,What is the width of the beach chair in meters?,speed of the black cat = 1.041m/s,,1.694757085336912e-09
706,simulation_0227,simulation,V2MC,24,DS,What is the width of the pool tiles (horizontal side) in meters?,speed of the black cat = 1.041m/s,,1.419359058969663e-09
707,simulation_0227,simulation,V2MC,24,DS,What is the length of the swimming ring in meters?,speed of the black cat = 1.041m/s,,1.4829124496697983e-09
708,simulation_0227,simulation,V2MC,24,DS,What is the height of the swimming ring in meters?,speed of the black cat = 1.041m/s,,1.2286988868692615e-09
709,simulation_0227,simulation,V2MC,24,DD,What is the speed of the swimming ring at time 0.5s in m/s?,speed of the black cat = 1.041m/s,,2.239570818005066
710,simulation_0228,simulation,V2MC,24,DS,What is the length of the black cat (including its tail) in meters?,speed of the black cat = 1.041m/s,,9.231830516381727e-10
711,simulation_0228,simulation,V2MC,24,DS,What is the width of the beach chair in meters?,speed of the black cat = 1.041m/s,,1.7665440107455712e-09
712,simulation_0228,simulation,V2MC,24,DS,What is the width of the paving stones in meters?,speed of the black cat = 1.041m/s,,1.270323783008053e-09
713,simulation_0228,simulation,V2MC,24,DS,What is the length of the swimming ring in meters?,speed of the black cat = 1.041m/s,,1.2504749738985514e-09
714,simulation_0228,simulation,V2MC,24,DD,What is the speed of the swimming ring at time 0.5s in m/s?,speed of the black cat = 1.041m/s,,1.872537546060526
715,simulation_0229,simulation,S2MC,24,SS,What is the diameter of the clock in meters?,length of the chalkboard = 5m,,4.194078947368424e-10
716,simulation_0229,simulation,S2MC,24,SS,What is the height of the chalkboard in meters?,length of the chalkboard = 5m,,1.595394736842105e-09
717,simulation_0229,simulation,S2MC,24,SS,What is the width of the orange chair next to the blackboard in meters?,length of the chalkboard = 5m,,5.59210526315789e-10
718,simulation_0229,simulation,S2MC,24,SS,What is the length of the teacher's table in meters?,length of the chalkboard = 5m,,2.5164473684210532e-09
719,simulation_0229,simulation,S2MC,24,SS,What is the ceiling height of the room in meters?,length of the chalkboard = 5m,,2.8125e-09
720,simulation_0229,simulation,S2MC,24,SD,What is the speed of the paper airplane at time 1s in m/s?,length of the chalkboard = 5m,,6.011862984825506e-09
721,simulation_0229,simulation,S2MC,24,SD,What is the acceleration of the paper airplane at time 1s in m/s^2?,length of the chalkboard = 5m,,8.799564886428421e-09
722,simulation_0229,simulation,S2MC,24,SD,What is the speed of the paper airplane at time 1.25s in m/s?,length of the chalkboard = 5m,,5.256444260815744e-09
723,simulation_0229,simulation,S2MC,24,SD,What is the acceleration of the paper airplane at time 1.25s in m/s^2?,length of the chalkboard = 5m,,5.738908629810958e-09
724,simulation_0230,simulation,S2MC,24,SS,What is the diameter of the clock in meters?,length of the chalkboard = 5m,,4.187192118226604e-10
725,simulation_0230,simulation,S2MC,24,SS,What is the height of the chalkboard in meters?,length of the chalkboard = 5m,,1.6009852216748764e-09
726,simulation_0230,simulation,S2MC,24,SS,What is the width of the orange chair next to the blackboard in meters?,length of the chalkboard = 5m,,5.582922824302131e-10
727,simulation_0230,simulation,S2MC,24,SS,What is the length of the teacher's table in meters?,length of the chalkboard = 5m,,2.504105090311987e-09
728,simulation_0230,simulation,S2MC,24,SS,What is the ceiling height of the room in meters?,length of the chalkboard = 5m,,2.848932676518884e-09
729,simulation_0230,simulation,S2MC,24,SD,What is the speed of the paper airplane at time 1s in m/s?,length of the chalkboard = 5m,,6.0025796100755115e-09
730,simulation_0230,simulation,S2MC,24,SD,What is the acceleration of the paper airplane at time 1s in m/s^2?,length of the chalkboard = 5m,,8.773332947081384e-09
731,simulation_0230,simulation,S2MC,24,SD,What is the speed of the paper airplane at time 1.25s in m/s?,length of the chalkboard = 5m,,5.2463858074822085e-09
732,simulation_0230,simulation,S2MC,24,SD,What is the acceleration of the paper airplane at time 1.25s in m/s^2?,length of the chalkboard = 5m,,5.698029466046506e-09
733,simulation_0230,simulation,S2MC,24,SS,What is the length of the black cat (including its tail) in meters?,length of the chalkboard = 5m,,6.36288998357964e-10
734,simulation_0230,simulation,S2MC,24,SS,What is the height of the black cat (including its tail) in meters?,length of the chalkboard = 5m,,4.926108374384234e-10
735,simulation_0230,simulation,S2MC,24,SD,What is the average speed of the black cat from the beginning to the end in m/s?,length of the chalkboard = 5m,,7.719735856009492e-10
736,simulation_0231,simulation,V2MC,24,DS,What is the height of the chalkboard in meters?,speed of the black cat = 0.714m/s,,1.5594178826270802e-09
737,simulation_0231,simulation,V2MC,24,DS,What is the width of the orange chair next to the blackboard in meters?,speed of the black cat = 0.714m/s,,6.993265762296696e-10
738,simulation_0231,simulation,V2MC,24,DS,What is the length of the teacher's table in meters?,speed of the black cat = 0.714m/s,,2.5400827366502957e-09
739,simulation_0231,simulation,V2MC,24,DS,What is the ceiling height of the room in meters?,speed of the black cat = 0.714m/s,,2.7651533588851324e-09
740,simulation_0231,simulation,V2MC,24,DD,What is the speed of the paper airplane at time 1s in m/s?,speed of the black cat = 0.714m/s,,5.916288808332323
741,simulation_0231,simulation,V2MC,24,DD,What is the acceleration of the paper airplane at time 1s in m/s^2?,speed of the black cat = 0.714m/s,,9.023687041491105
742,simulation_0231,simulation,V2MC,24,DD,What is the speed of the paper airplane at time 1.25s in m/s?,speed of the black cat = 0.714m/s,,5.223189130868284
743,simulation_0231,simulation,V2MC,24,DD,What is the acceleration of the paper airplane at time 1.25s in m/s^2?,speed of the black cat = 0.714m/s,,4.70874945488257
744,simulation_0231,simulation,V2MC,24,DS,What is the length of the black cat (including its tail) in meters?,speed of the black cat = 0.714m/s,,6.752118667045089e-10
745,simulation_0231,simulation,V2MC,24,DS,What is the height of the black cat (including its tail) in meters?,speed of the black cat = 0.714m/s,,5.144471365367689e-10
746,simulation_0231,simulation,V2MC,24,DS,What is the length of the chalkboard in meters?,speed of the black cat = 0.714m/s,,4.903324270116077e-09
747,simulation_0231,simulation,V2MC,24,DS,What is the diameter of the clock in meters?,speed of the black cat = 0.714m/s,,4.0191182541935087e-10
748,simulation_0232,simulation,V2MS,24,DS,What is the width of the chair next to the blackboard in meters?,speed of the black cat = 0.714m/s,,5.12085336022082e-10
749,simulation_0232,simulation,V2MS,24,DS,What is the length of the teacher's table in meters?,speed of the black cat = 0.714m/s,,2.3796906791614413e-09
750,simulation_0232,simulation,V2MS,24,DS,What is the ceiling height of the room in meters?,speed of the black cat = 0.714m/s,,2.59054934693524e-09
751,simulation_0232,simulation,V2MS,24,DD,What is the speed of the paper airplane at time 1s in m/s?,speed of the black cat = 0.714m/s,,5.429994410896921
752,simulation_0232,simulation,V2MS,24,DD,What is the acceleration of the paper airplane at time 1s in m/s^2?,speed of the black cat = 0.714m/s,,8.067712620872973
753,simulation_0232,simulation,V2MS,24,DD,What is the speed of the paper airplane at time 1.25s in m/s?,speed of the black cat = 0.714m/s,,4.821641914234799
754,simulation_0232,simulation,V2MS,24,DD,What is the acceleration of the paper airplane at time 1.25s in m/s^2?,speed of the black cat = 0.714m/s,,5.3357093949834615
755,simulation_0232,simulation,V2MS,24,DS,What is the length of the black cat (including its tail) in meters?,speed of the black cat = 0.714m/s,,6.702293368524314e-10
756,simulation_0232,simulation,V2MS,24,DS,What is the height of the black cat (including its tail) in meters?,speed of the black cat = 0.714m/s,,4.819626691972542e-10
757,simulation_0232,simulation,V2MS,24,DS,What is the diameter of the clock in meters?,speed of the black cat = 0.714m/s,,3.7653333531035487e-10
758,simulation_0233,simulation,V2MC,24,DS,What is the length of the black cat (including its tail) in meters?,speed of the black cat = 0.714m/s,,7.308238538340214e-10
759,simulation_0233,simulation,V2MC,24,DS,What is the width of the chair in meters?,speed of the black cat = 0.714m/s,,6.506952537437577e-10
760,simulation_0233,simulation,V2MC,24,DS,What is the length of the chair in meters?,speed of the black cat = 0.714m/s,,4.805134181492366e-10
761,simulation_0234,simulation,S2MC,24,SS,What is the length of the white basketball backboard in meters?,diameter of the basketball = 0.282m,,1.3426567164179114e-09
762,simulation_0234,simulation,S2MC,24,SS,What is the height of the white basketball backboard in meters?,diameter of the basketball = 0.282m,,7.87074626865672e-10
763,simulation_0234,simulation,S2MC,24,SS,What is the height of the green section on the wall in meters?,diameter of the basketball = 0.282m,,1.144835820895523e-09
764,simulation_0234,simulation,S2MC,24,SD,What is the speed of the basketball at time 0.5s in m/s?,diameter of the basketball = 0.282m,,1.0155603585313484e-09
765,simulation_0234,simulation,S2MC,24,SD,What is the acceleration of the basketball at time 0.5s in m/s^2?,diameter of the basketball = 0.282m,,2.801884927958792e-09
766,simulation_0234,simulation,S2MC,24,SD,What is the speed of the basketball at time 1.5s in m/s?,diameter of the basketball = 0.282m,,1.0186500644049823e-09
767,simulation_0234,simulation,S2MC,24,SD,What is the acceleration of the basketball at time 1.5s in m/s^2?,diameter of the basketball = 0.282m,,2.7332567224242406e-09
768,simulation_0235,simulation,S2MS,24,SS,What is the height of the trophy next to the basketball in meters?,diameter of the basketball = 0.282m,,1.128e-09
769,simulation_0235,simulation,S2MS,24,SS,What is the length of each small pane of the window in meters?,diameter of the basketball = 0.282m,,5.170000000000002e-10
770,simulation_0235,simulation,S2MS,24,SS,What is the height of each small pane of the window in meters?,diameter of the basketball = 0.282m,,3.9950000000000007e-10
771,simulation_0235,simulation,S2MS,24,SS,What is the height of the green section on the wall in meters?,diameter of the basketball = 0.282m,,1.216125e-09
772,simulation_0235,simulation,S2MS,24,SD,What is the speed of the basketball at time 0.5s in m/s?,diameter of the basketball = 0.282m,,9.889026220986712e-10
773,simulation_0235,simulation,S2MS,24,SD,What is the acceleration of the basketball at time 0.5s in m/s^2?,diameter of the basketball = 0.282m,,2.8086558705174512e-09
774,simulation_0235,simulation,S2MS,24,SD,What is the speed of the basketball at time 1.5s in m/s?,diameter of the basketball = 0.282m,,9.642168383877722e-10
775,simulation_0235,simulation,S2MS,24,SD,What is the acceleration of the basketball at time 1.5s in m/s^2?,diameter of the basketball = 0.282m,,3.064787065176528e-09
776,simulation_0236,simulation,V2MC,24,DS,What is the height of the brown horse in meters?,speed of the horse at the back = 0.874m/s,,2.9844088504959693e-09
777,simulation_0236,simulation,V2MC,24,DS,What is the length of the brown horse in meters?,speed of the horse at the back = 0.874m/s,,3.503106724038349e-09
778,simulation_0236,simulation,V2MC,24,DS,What is the height of the house in meters?,speed of the horse at the back = 0.874m/s,,1.53674784092703e-08
779,simulation_0236,simulation,V2MC,24,DS,What is the width of the house in meters?,speed of the horse at the back = 0.874m/s,,1.4253893017294196e-08
780,simulation_0236,simulation,V2MC,24,DS,What is the height of each glass window in meters?,speed of the horse at the back = 0.874m/s,,2.138083952594129e-09
781,simulation_0236,simulation,V2MC,24,DS,What is the width of each glass window in meters?,speed of the horse at the back = 0.874m/s,,1.2472156390132422e-09
782,simulation_0237,simulation,V2MC,24,DS,What is the length of the brown horse in meters?,speed of the horse at the back = 0.874m/s,,3.007537905641562e-09
783,simulation_0237,simulation,V2MC,24,DS,What is the width of the house in meters?,speed of the horse at the back = 0.874m/s,,1.7623776291612633e-08
784,simulation_0237,simulation,V2MC,24,DS,What is the length of the house in meters?,speed of the horse at the back = 0.874m/s,,1.582442570519624e-08
785,simulation_0238,simulation,V2MC,24,DS,What is the height of the brown horse in meters?,speed of the horse at the back = 0.874m/s,,2.5581040907885342e-09
786,simulation_0238,simulation,V2MC,24,DS,What is the length of the brown horse in meters?,speed of the horse at the back = 0.874m/s,,2.9710856394887523e-09
787,simulation_0238,simulation,V2MC,24,DS,What is the height of the house in meters?,speed of the horse at the back = 0.874m/s,,1.3333148594412976e-08
788,simulation_0238,simulation,V2MC,24,DS,What is the width of the house in meters?,speed of the horse at the back = 0.874m/s,,1.178278247878356e-08
789,simulation_0238,simulation,V2MC,24,DS,What is the height of each glass window in meters?,speed of the horse at the back = 0.874m/s,,1.860439338755299e-09
790,simulation_0238,simulation,V2MC,24,DS,What is the width of each glass window in meters?,speed of the horse at the back = 0.874m/s,,1.085256280940591e-09
791,simulation_0238,simulation,V2MC,24,DD,What is the speed of the horse in the front in m/s?,speed of the horse at the back = 0.874m/s,,2.5174028473596066
792,simulation_0238,simulation,V2MC,24,DS,What is the height of the horse in the front in meters?,speed of the horse at the back = 0.874m/s,,2.9069364668051572e-09
793,simulation_0238,simulation,V2MC,24,DS,What is the length of the horse in the front in meters?,speed of the horse at the back = 0.874m/s,,3.876690394628548e-09
794,simulation_0239,simulation,V2MC,24,DS,What is the length of the horse at the back in meters?,speed of the horse at the back = 0.874m/s,,3.281866469435896e-09
795,simulation_0239,simulation,V2MC,24,DS,What is the width of the house in meters?,speed of the horse at the back = 0.874m/s,,1.5853939560044174e-08
796,simulation_0239,simulation,V2MC,24,DS,What is the length of the house in meters?,speed of the horse at the back = 0.874m/s,,1.6207371333675732e-08
797,simulation_0239,simulation,V2MC,24,DD,What is the speed of the horse in the front at 1s in m/s?,speed of the horse at the back = 0.874m/s,,2.7840700992697505
798,simulation_0239,simulation,V2MC,24,DS,What is the length of the horse in the front in meters?,speed of the horse at the back = 0.874m/s,,3.5595628630035503e-09
799,simulation_0240,simulation,V2MC,24,DS,What is the height of the horse at the back in meters?,speed of the horse at the back = 0.874m/s,,2.688852813285488e-09
800,simulation_0240,simulation,V2MC,24,DS,What is the length of the horse at the back in meters?,speed of the horse at the back = 0.874m/s,,3.124270901332085e-09
801,simulation_0240,simulation,V2MC,24,DS,What is the height of the house in meters?,speed of the horse at the back = 0.874m/s,,1.4055366978537792e-08
802,simulation_0240,simulation,V2MC,24,DS,What is the width of the house in meters?,speed of the horse at the back = 0.874m/s,,1.2385019018769533e-08
803,simulation_0240,simulation,V2MC,24,DS,What is the height of each glass window in meters?,speed of the horse at the back = 0.874m/s,,1.874048930471705e-09
804,simulation_0240,simulation,V2MC,24,DS,What is the width of each glass window in meters?,speed of the horse at the back = 0.874m/s,,1.140725435939299e-09
805,simulation_0240,simulation,V2MC,24,DD,What is the speed of the horse in the front at 1s in m/s?,speed of the horse at the back = 0.874m/s,,2.4393661785816483
806,simulation_0240,simulation,V2MC,24,DS,What is the height of the horse in the front in meters?,speed of the horse at the back = 0.874m/s,,3.055514560551696e-09
807,simulation_0240,simulation,V2MC,24,DS,What is the length of the horse in the front in meters?,speed of the horse at the back = 0.874m/s,,3.9987699077335285e-09
808,simulation_0240,simulation,V2MC,24,DD,What is the speed of the rabbit at 1s in m/s?,speed of the horse at the back = 0.874m/s,,2.6987873571583743
809,simulation_0240,simulation,V2MC,24,DS,What is the length of the rabbit in meters?,speed of the horse at the back = 0.874m/s,,7.333234945324067e-10
810,simulation_0241,simulation,V2MC,24,DS,What is the length of the brown horse in meters?,speed of the horse at the back = 0.874m/s,,2.359033274966174e-09
811,simulation_0241,simulation,V2MC,24,DS,What is the width of the house in meters?,speed of the horse at the back = 0.874m/s,,1.3195842381842036e-08
812,simulation_0241,simulation,V2MC,24,DS,What is the length of the house in meters?,speed of the horse at the back = 0.874m/s,,1.1832026269752218e-08
813,simulation_0241,simulation,V2MC,24,DD,What is the speed of the white horse at 1s in m/s?,speed of the horse at the back = 0.874m/s,,2.476976269522726
814,simulation_0241,simulation,V2MC,24,DS,What is the length of the white horse in meters?,speed of the horse at the back = 0.874m/s,,2.72788126615452e-09
815,simulation_0241,simulation,V2MC,24,DS,What is the length of the rabbit in meters?,speed of the horse at the back = 0.874m/s,,5.528984238201977e-10
816,simulation_0241,simulation,V2MC,24,DD,What is the speed of the rabbit at 1s in m/s?,speed of the horse at the back = 0.874m/s,,1.9201327162324613
817,simulation_0243,simulation,V2MC,30,DS,What is the height of the antelope in meters?,speed of the antelope = 1.277m/s,,2.5933263873878964e-09
818,simulation_0243,simulation,V2MC,30,DS,What is the length of the antelope in meters?,speed of the antelope = 1.277m/s,,2.270074737259925e-09
819,simulation_0243,simulation,V2MC,30,DS,What is the height of the tree on the left in meters?,speed of the antelope = 1.277m/s,,7.412188874659492e-09
820,simulation_0244,simulation,V2MC,30,DS,What is the height of the antelope in meters?,speed of the antelope = 1.277m/s,,2.684656542549046e-09
821,simulation_0244,simulation,V2MC,30,DS,What is the length of the antelope in meters?,speed of the antelope = 1.277m/s,,2.6076083054852507e-09
822,simulation_0244,simulation,V2MC,30,DS,What is the height of the tree on the left in meters?,speed of the antelope = 1.277m/s,,6.567860846482469e-09
823,simulation_0244,simulation,V2MC,30,DD,What is the speed of the rabbit in m/s?,speed of the antelope = 1.277m/s,,1.2897688073858469
824,simulation_0244,simulation,V2MC,30,DS,What is the height of the rabbit in meters?,speed of the antelope = 1.277m/s,,3.5402064297350026e-10
825,simulation_0244,simulation,V2MC,30,DS,What is the length of the rabbit in meters?,speed of the antelope = 1.277m/s,,4.5941292772722365e-10
826,simulation_0245,simulation,V2MS,30,DS,What is the height of the antelope in meters?,speed of the antelope = 1.277m/s,,2.717779925223129e-09
827,simulation_0245,simulation,V2MS,30,DS,What is the length of the antelope in meters?,speed of the antelope = 1.277m/s,,3.523879167771922e-09
828,simulation_0245,simulation,V2MS,30,DD,What is the speed of the rabbit at 1s in m/s?,speed of the antelope = 1.277m/s,,1.2583242870284503
829,simulation_0245,simulation,V2MS,30,DS,What is the height of the rabbit in meters?,speed of the antelope = 1.277m/s,,4.23739880814358e-10
830,simulation_0245,simulation,V2MS,30,DS,What is the length of the rabbit in meters?,speed of the antelope = 1.277m/s,,4.2373988081435875e-10
831,simulation_0246,simulation,V2MS,30,DS,What is the length of the antelope in meters?,speed of the antelope = 1.277m/s,,3.1012972039311092e-09
832,simulation_0246,simulation,V2MS,30,DD,What is the speed of the rabbit at 1s in m/s?,speed of the antelope = 1.277m/s,,1.2015516278633864
833,simulation_0246,simulation,V2MS,30,DS,What is the length of the rabbit in meters?,speed of the antelope = 1.277m/s,,4.1461725593507095e-10
834,simulation_0248,simulation,V2MS,24,DS,What is the height of the horse at the back in meters?,speed of the horse at the back = 0.874m/s,,1.876138776371909e-09
835,simulation_0248,simulation,V2MS,24,DS,What is the length of the horse at the back in meters?,speed of the horse at the back = 0.874m/s,,2.13114530268488e-09
836,simulation_0248,simulation,V2MS,24,DD,What is the speed of the horse in the front at 1s in m/s?,speed of the horse at the back = 0.874m/s,,1.7598166433411586
837,simulation_0248,simulation,V2MS,24,DS,What is the height of the horse in the front in meters?,speed of the horse at the back = 0.874m/s,,2.0324836744029013e-09
838,simulation_0248,simulation,V2MS,24,DS,What is the length of horse in the front in meters?,speed of the horse at the back = 0.874m/s,,2.5844241991385284e-09
839,simulation_0248,simulation,V2MS,24,DD,What is the speed of the rabbit at 1s in m/s?,speed of the horse at the back = 0.874m/s,,1.6988824966698246
840,simulation_0248,simulation,V2MS,24,DS,What is the length of the rabbit in meters?,speed of the horse at the back = 0.874m/s,,5.211496601033079e-10
841,simulation_0248,simulation,V2MS,24,DS,What is the height of the rabbit in meters?,speed of the horse at the back = 0.874m/s,,4.1691972808264676e-10
842,simulation_0249,simulation,V2MS,24,DS,What is the length of the horse at the back in meters?,speed of the horse at the back = 0.874m/s,,2.068288165945714e-09
843,simulation_0249,simulation,V2MS,24,DD,What is the speed of the horse in the front at 1s in m/s?,speed of the horse at the back = 0.874m/s,,1.6051526254300104
844,simulation_0249,simulation,V2MS,24,DS,What is the length of horse in the front in meters?,speed of the horse at the back = 0.874m/s,,2.465317935093444e-09
845,simulation_0249,simulation,V2MS,24,DS,What is the length of the rabbit in meters?,speed of the horse at the back = 0.874m/s,,4.511883021534403e-10
846,simulation_0249,simulation,V2MS,24,DD,What is the speed of the rabbit at 1s in m/s?,speed of the horse at the back = 0.874m/s,,1.70293078254879
847,simulation_0251,simulation,S2SS,24,SD,What is the speed of the soccer ball at time 0.5s in m/s?,diameter of the soccer ball = 0.344m,,5.391472442465051e-09
848,simulation_0251,simulation,S2SS,24,SD,What is the speed of the soccer ball at time 2s in m/s?,diameter of the soccer ball = 0.344m,,4.363976634894926e-09
849,simulation_0251,simulation,S2SS,24,SD,What is the speed of the soccer ball at time 1s in m/s?,diameter of the soccer ball = 0.344m,,5.042555367118273e-09
850,simulation_0251,simulation,S2SS,24,SD,What is the speed of the soccer ball at time 1.5s in m/s?,diameter of the soccer ball = 0.344m,,4.701981312301407e-09
851,simulation_0252,simulation,S2SS,24,SD,What is the speed of the soccer ball at time 0.5s in m/s?,diameter of the soccer ball = 0.344m,,6.244069513928537e-09
852,simulation_0252,simulation,S2SS,24,SD,What is the speed of the soccer ball at time 1s in m/s?,diameter of the soccer ball = 0.344m,,5.740320781448777e-09
853,simulation_0252,simulation,S2SS,24,SD,What is the speed of the soccer ball at time 1.5s in m/s?,diameter of the soccer ball = 0.344m,,5.242154589964465e-09
854,simulation_0252,simulation,S2SS,24,SD,What is the speed of the soccer ball at time 2s in m/s?,diameter of the soccer ball = 0.344m,,5.077952170729288e-09
855,simulation_0253,simulation,S2SS,24,SD,What is the speed of the box at time 0.5s in m/s?,width of the box (side parallel to the slope) = 0.611m,,1.898237818004446e-09
856,simulation_0253,simulation,S2SS,24,SD,What is the speed of the box at time 1s in m/s?,width of the box (side parallel to the slope) = 0.611m,,6.2458034714499864e-09
857,simulation_0253,simulation,S2SS,24,SD,What is the speed of the box at time 1.5s in m/s?,width of the box (side parallel to the slope) = 0.611m,,8.801239483014831e-09
858,simulation_0253,simulation,S2SS,24,SD,What is the speed of the box at time 1.75s in m/s?,width of the box (side parallel to the slope) = 0.611m,,9.945590838719905e-09
859,simulation_0253,simulation,S2SS,24,SD,What is the acceleration of the box at time 0.5s in m/s^2?,width of the box (side parallel to the slope) = 0.611m,,1.5065888885841798e-08
860,simulation_0253,simulation,S2SS,24,SD,What is the acceleration of the box at time 1s in m/s^2?,width of the box (side parallel to the slope) = 0.611m,,5.640395048676163e-09
861,simulation_0253,simulation,S2SS,24,SD,What is the acceleration of the box at time 1.5s in m/s^2?,width of the box (side parallel to the slope) = 0.611m,,4.749685301868974e-09
862,simulation_0253,simulation,S2SS,24,SD,What is the acceleration of the box at time 1.75s in m/s^2?,width of the box (side parallel to the slope) = 0.611m,,4.3000021614378915e-09
863,simulation_0254,simulation,S2SS,24,SD,What is the speed of the tennis ball at time 0.5s in m/s?,diameter of the tennis ball = 0.17m,,6.193337576499242e-09
864,simulation_0254,simulation,S2SS,24,SD,What is the speed of the tennis ball at time 1s in m/s?,diameter of the tennis ball = 0.17m,,7.198775279435606e-09
865,simulation_0254,simulation,S2SS,24,SD,What is the speed of the tennis ball at time 1.5s in m/s?,diameter of the tennis ball = 0.17m,,1.0058429901618645e-08
866,simulation_0254,simulation,S2SS,24,SD,What is the speed of the tennis ball at time 1.75s in m/s?,diameter of the tennis ball = 0.17m,,1.123478650362404e-08
867,simulation_0254,simulation,S2SS,24,SD,What is the acceleration of the tennis ball at time 0.5s in m/s^2?,diameter of the tennis ball = 0.17m,,6.732169941802771e-09
868,simulation_0254,simulation,S2SS,24,SD,What is the acceleration of the tennis ball at time 1s in m/s^2?,diameter of the tennis ball = 0.17m,,6.317653501634708e-09
869,simulation_0254,simulation,S2SS,24,SD,What is the acceleration of the tennis ball at time 1.5s in m/s^2?,diameter of the tennis ball = 0.17m,,5.076322752698605e-09
870,simulation_0254,simulation,S2SS,24,SD,What is the acceleration of the tennis ball at time 1.75s in m/s^2?,diameter of the tennis ball = 0.17m,,4.457542431118438e-09
871,simulation_0255,simulation,S2SS,24,SD,What is the speed of the tennis ball at time 0.5s in m/s?,diameter of the tennis ball = 0.17m,,6.754886349426885e-09
872,simulation_0255,simulation,S2SS,24,SD,What is the speed of the tennis ball at time 1s in m/s?,diameter of the tennis ball = 0.17m,,6.229534850093291e-09
873,simulation_0255,simulation,S2SS,24,SD,What is the speed of the tennis ball at time 1.5s in m/s?,diameter of the tennis ball = 0.17m,,5.704374770267047e-09
874,simulation_0255,simulation,S2SS,24,SD,What is the acceleration of the tennis ball at time 0.5s in m/s^2?,diameter of the tennis ball = 0.17m,,1.0698656286659991e-09
875,simulation_0255,simulation,S2SS,24,SD,What is the acceleration of the tennis ball at time 1s in m/s^2?,diameter of the tennis ball = 0.17m,,1.051985029093328e-09
876,simulation_0255,simulation,S2SS,24,SD,What is the acceleration of the tennis ball at time 1.5s in m/s^2?,diameter of the tennis ball = 0.17m,,1.0341529255099764e-09
877,simulation_0256,simulation,S2SS,24,SD,What is the speed of the tennis ball at time 0.5s in m/s?,diameter of the tennis ball = 0.17m,,7.680497653432835e-09
878,simulation_0256,simulation,S2SS,24,SD,What is the speed of the tennis ball at time 1s in m/s?,diameter of the tennis ball = 0.17m,,7.0656039826331186e-09
879,simulation_0256,simulation,S2SS,24,SD,What is the speed of the tennis ball at time 1.5s in m/s?,diameter of the tennis ball = 0.17m,,6.471529744899336e-09
880,simulation_0256,simulation,S2SS,24,SD,What is the acceleration of the tennis ball at time 0.5s in m/s^2?,diameter of the tennis ball = 0.17m,,1.2325876013872235e-09
881,simulation_0256,simulation,S2SS,24,SD,What is the acceleration of the tennis ball at time 1s in m/s^2?,diameter of the tennis ball = 0.17m,,1.191577615422158e-09
882,simulation_0256,simulation,S2SS,24,SD,What is the acceleration of the tennis ball at time 1.5s in m/s^2?,diameter of the tennis ball = 0.17m,,1.234068592307502e-09
883,simulation_0257,simulation,A2MC,30,DS,What is the height of the plant in meters?,acceleration of the plant before 0.5s = 9.8m/s^2,,9.880827420637392e-11
884,simulation_0257,simulation,A2MC,30,DS,What is the diameter (width) of the plant in meters?,acceleration of the plant before 0.5s = 9.8m/s^2,,6.70484717828966e-11
885,simulation_0257,simulation,A2MC,30,DS,What is the width (longer side) of the table in meters?,acceleration of the plant before 0.5s = 9.8m/s^2,,1.602105588917635e-09
886,simulation_0257,simulation,A2MC,30,DS,What is the width (longer side) of the AC in meters?,acceleration of the plant before 0.5s = 9.8m/s^2,,7.939950605869335e-10
887,simulation_0257,simulation,A2MC,30,DS,"What is the width of the phone placed to the right of the plant, in meters?",acceleration of the plant before 0.5s = 9.8m/s^2,,7.057733871883849e-11
888,simulation_0257,simulation,A2MC,30,DD,What is the speed of the plant at time 0.2s in m/s?,acceleration of the plant before 0.5s = 9.8m/s^2,,1.963795287716156
889,simulation_0257,simulation,A2MC,30,DD,What is the speed of the plant at time 0.4s in m/s?,acceleration of the plant before 0.5s = 9.8m/s^2,,3.911115292626583
890,simulation_0258,simulation,A2MC,30,DS,What is the height of the plant in meters?,acceleration of the pen before 0.5s = 9.8m/s^2,,1.03393134480006e-10
891,simulation_0258,simulation,A2MC,30,DS,What is the diameter (width) of the plant in meters?,acceleration of the pen before 0.5s = 9.8m/s^2,,6.77403294869005e-11
892,simulation_0258,simulation,A2MC,30,DS,What is the width (longer side) of the table in meters?,acceleration of the pen before 0.5s = 9.8m/s^2,,1.6186373466869906e-09
893,simulation_0258,simulation,A2MC,30,DS,What is the width (longer side) of the AC in meters?,acceleration of the pen before 0.5s = 9.8m/s^2,,8.021881123448743e-10
894,simulation_0258,simulation,A2MC,30,DS,"What is the width of the phone placed to the right of the plant, in meters?",acceleration of the pen before 0.5s = 9.8m/s^2,,7.48708904855215e-11
895,simulation_0258,simulation,A2MC,30,DD,What is the speed of the pen at time 0.2s in m/s?,acceleration of the pen before 0.5s = 9.8m/s^2,,1.9975842621661328
896,simulation_0258,simulation,A2MC,30,DD,What is the speed of the pen at time 0.4s in m/s?,acceleration of the pen before 0.5s = 9.8m/s^2,,3.957584262166137
897,simulation_0259,simulation,A2MC,30,DS,What is the height of the red cup in meters?,acceleration of the red cup before 0.5s = 9.8m/s^2,,1.0869473591493202e-10
898,simulation_0259,simulation,A2MC,30,DS,What is the height of the plant in meters?,acceleration of the red cup before 0.5s = 9.8m/s^2,,9.81758905038095e-11
899,simulation_0259,simulation,A2MC,30,DS,What is the diameter（width) of the plant in meters?,acceleration of the red cup before 0.5s = 9.8m/s^2,,7.363191787785751e-11
900,simulation_0259,simulation,A2MC,30,DS,What is the width(long side) of the table in meters?,acceleration of the red cup before 0.5s = 9.8m/s^2,,1.5918519388831982e-09
901,simulation_0259,simulation,A2MC,30,DS,What is the width(long side) of the AC in meters?,acceleration of the red cup before 0.5s = 9.8m/s^2,,7.889134058341841e-10
902,simulation_0259,simulation,A2MC,30,DS,"What is the width of the iPhone placed to the right of the plant, in meters?",acceleration of the red cup before 0.5s = 9.8m/s^2,,8.41507632889795e-11
903,simulation_0259,simulation,A2MC,30,DD,What is the speed of the red cup at time 0.2s in m/s?,acceleration of the red cup before 0.5s = 9.8m/s^2,,1.9739336247644463
904,simulation_0259,simulation,A2MC,30,DD,What is the speed of the red cup at time 0.4s in m/s?,acceleration of the red cup before 0.5s = 9.8m/s^2,,3.930857703134312
905,simulation_0259,simulation,A2MC,30,DS,What is the height of the mug in meters?,acceleration of the red cup before 0.5s = 9.8m/s^2,,8.415076328897969e-11
906,simulation_0259,simulation,A2MC,30,DS,What is the long side of the bag in meters?,acceleration of the red cup before 0.5s = 9.8m/s^2,,3.4712189856704093e-10
907,simulation_0260,simulation,A2MC,30,DS,What is the height of the red cup in meters?,acceleration of the mug cup before 0.5s = 9.8m/s^2,,1.046618717435184e-10
908,simulation_0260,simulation,A2MC,30,DS,What is the height of the plant in meters?,acceleration of the mug cup before 0.5s = 9.8m/s^2,,9.76844136272838e-11
909,simulation_0260,simulation,A2MC,30,DS,What is the diameter (width) of the plant in meters?,acceleration of the mug cup before 0.5s = 9.8m/s^2,,6.628585210422829e-11
910,simulation_0260,simulation,A2MC,30,DS,What is the width (longer side) of the table in meters?,acceleration of the mug cup before 0.5s = 9.8m/s^2,,1.5803942633271284e-09
911,simulation_0260,simulation,A2MC,30,DS,What is the width (longer side) of the AC in meters?,acceleration of the mug cup before 0.5s = 9.8m/s^2,,7.849640380763883e-10
912,simulation_0260,simulation,A2MC,30,DS,"What is the width of the iphone placed to the right of the plant, in meters?",acceleration of the mug cup before 0.5s = 9.8m/s^2,,8.02407683366974e-11
913,simulation_0260,simulation,A2MC,30,DD,What is the speed of the mug at time 0.2s in m/s?,acceleration of the mug cup before 0.5s = 9.8m/s^2,,1.9504014450960936
914,simulation_0260,simulation,A2MC,30,DD,What is the speed of the mug at time 0.4s in m/s?,acceleration of the mug cup before 0.5s = 9.8m/s^2,,3.904800841366197
915,simulation_0260,simulation,A2MC,30,DS,What is the height of the mug in meters?,acceleration of the mug cup before 0.5s = 9.8m/s^2,,8.024076833669749e-11
916,simulation_0260,simulation,A2MC,30,DS,What is the long side of the bag in meters?,acceleration of the mug cup before 0.5s = 9.8m/s^2,,3.4887290581172797e-10
917,simulation_0261,simulation,A2SS,24,DS,What is the height of the mug in meters?,acceleration of the mug cup before 1s = 9.8m/s^2,,1.970113740050077e-10
918,simulation_0261,simulation,A2SS,24,DD,What is the speed of the mug at time 0.2s in m/s?,acceleration of the mug cup before 1s = 9.8m/s^2,,2.0048586687102
919,simulation_0261,simulation,A2SS,24,DD,What is the speed of the mug at time 0.4s in m/s?,acceleration of the mug cup before 1s = 9.8m/s^2,,3.9747591527334887
920,simulation_0261,simulation,A2SS,24,DD,What is the speed of the mug at time 0.625s in m/s?,acceleration of the mug cup before 1s = 9.8m/s^2,,6.143836205983667
921,simulation_0262,simulation,A2SS,24,DS,What is the height of the red cup in meters?,acceleration of the red cup before 0.75s = 9.8m/s^2,,2.373159792503061e-10
922,simulation_0262,simulation,A2SS,24,DD,What is the speed of the red cup at time 0.25s in m/s?,acceleration of the red cup before 0.75s = 9.8m/s^2,,2.406959551084168
923,simulation_0262,simulation,A2SS,24,DD,What is the speed of the red cup at time 0.5s in m/s?,acceleration of the red cup before 0.75s = 9.8m/s^2,,4.888708754917751
924,simulation_0262,simulation,A2SS,24,DD,What is the speed of the red cup at time 0.625s in m/s?,acceleration of the red cup before 0.75s = 9.8m/s^2,,6.084274896201922
925,simulation_0263,simulation,A2SS,24,DS,What is the length of the spacecraft in meters?,acceleration of the spacecraft at 1.0s = 4m/s^2,,5.971211581421442e-09
926,simulation_0263,simulation,A2SS,24,DS,What is the width of the spacecraft in meters?,acceleration of the spacecraft at 1.0s = 4m/s^2,,3.0407555524441793e-09
927,simulation_0263,simulation,A2SS,24,DD,What is the speed of the spacecraft at 0.5s in m/s?,acceleration of the spacecraft at 1.0s = 4m/s^2,,1.9099984946008388
928,simulation_0263,simulation,A2SS,24,DD,What is the speed of the spacecraft at 1.0s in m/s?,acceleration of the spacecraft at 1.0s = 4m/s^2,,3.97274626840208
929,simulation_0264,simulation,A2SS,24,DS,What is the length of the spacecraft in meters?,acceleration of the spacecraft at 1.0s = 4m/s^2,,6.1006434108662325e-09
930,simulation_0264,simulation,A2SS,24,DS,What is the height of the spacecraft in meters?,acceleration of the spacecraft at 1.0s = 4m/s^2,,1.8755190750848363e-09
931,simulation_0264,simulation,A2SS,24,DD,What is the speed of the spacecraft at 0.5s in m/s?,acceleration of the spacecraft at 1.0s = 4m/s^2,,1.974734387150493
932,simulation_0264,simulation,A2SS,24,DD,What is the speed of the spacecraft at 1.0s in m/s?,acceleration of the spacecraft at 1.0s = 4m/s^2,,3.948876887483962
933,simulation_0265,simulation,A2SS,24,DS,What is the length of the spacecraft in meters?,acceleration of the spacecraft at 1.0s = 4m/s^2,,5.884206209641966e-09
934,simulation_0265,simulation,A2SS,24,DS,What is the width of the spacecraft in meters?,acceleration of the spacecraft at 1.0s = 4m/s^2,,2.929403379188661e-09
935,simulation_0265,simulation,A2SS,24,DD,What is the speed of the spacecraft at 0.5s in m/s?,acceleration of the spacecraft at 1.0s = 4m/s^2,,1.9985693981803647
936,simulation_0265,simulation,A2SS,24,DD,What is the speed of the spacecraft at 1.0s in m/s?,acceleration of the spacecraft at 1.0s = 4m/s^2,,3.9944776281555976
937,simulation_0266,simulation,A2SC,24,DS,What is the length of the spacecraft in meters?,acceleration of the spacecraft at 1.0s = 4m/s^2,,6.230926451865311e-09
938,simulation_0266,simulation,A2SC,24,DS,What is the width of the spacecraft in meters?,acceleration of the spacecraft at 1.0s = 4m/s^2,,2.7060023448100772e-09
939,simulation_0266,simulation,A2SC,24,DD,What is the speed of the spacecraft at 0.5s in m/s?,acceleration of the spacecraft at 1.0s = 4m/s^2,,1.9861482417586005
940,simulation_0266,simulation,A2SC,24,DD,What is the speed of the spacecraft at 1.0s in m/s?,acceleration of the spacecraft at 1.0s = 4m/s^2,,4.047488722116084
941,simulation_0267,simulation,A2SC,24,DS,What is the length of the spacecraft in meters?,acceleration of the spacecraft at 1.0s = 4m/s^2,,5.903576373950557e-09
942,simulation_0267,simulation,A2SC,24,DS,What is the height of the spacecraft in meters?,acceleration of the spacecraft at 1.0s = 4m/s^2,,1.73706774152337e-09
943,simulation_0267,simulation,A2SC,24,DD,What is the speed of the spacecraft at 0.5s in m/s?,acceleration of the spacecraft at 1.0s = 4m/s^2,,2.006832974561928
944,simulation_0267,simulation,A2SC,24,DD,What is the speed of the spacecraft at 1.0s in m/s?,acceleration of the spacecraft at 1.0s = 4m/s^2,,4.038516623363289
945,simulation_0268,simulation,A2SC,24,DS,What is the length of the spacecraft in meters?,acceleration of the spacecraft at 1.0s = 4m/s^2,,6.029708109863042e-09
946,simulation_0268,simulation,A2SC,24,DS,What is the width of the spacecraft in meters?,acceleration of the spacecraft at 1.0s = 4m/s^2,,2.9404672349985227e-09
947,simulation_0268,simulation,A2SC,24,DD,What is the speed of the spacecraft at 0.5s in m/s?,acceleration of the spacecraft at 1.0s = 4m/s^2,,1.981576030298064
948,simulation_0268,simulation,A2SC,24,DD,What is the speed of the spacecraft at 1.0s in m/s?,acceleration of the spacecraft at 1.0s = 4m/s^2,,3.958228058817275
949,simulation_0269,simulation,A2SS,24,DS,What is the body length of the phoenix in meters?,acceleration of the phoenix at 2.0s = 2m/s^2,,3.783034745250186e-09
950,simulation_0269,simulation,A2SS,24,DS,What is the width (wing span) of the phoenix in meters?,acceleration of the phoenix at 2.0s = 2m/s^2,,4.822708148548427e-09
951,simulation_0269,simulation,A2SS,24,DD,What is the speed of the phoenix at 0.5s in m/s?,acceleration of the phoenix at 2.0s = 2m/s^2,,1.1598382021172344
952,simulation_0269,simulation,A2SS,24,DD,What is the speed of the phoenix at 1.0s in m/s?,acceleration of the phoenix at 2.0s = 2m/s^2,,1.7206846000790057
953,simulation_0270,simulation,A2SS,24,DS,What is the length of the phoenix in meters?,acceleration of the phoenix at 2.0s = 2m/s^2,,3.928489837530561e-09
954,simulation_0270,simulation,A2SS,24,DS,What is the height of the phoenix in meters?,acceleration of the phoenix at 2.0s = 2m/s^2,,2.977688383439702e-09
955,simulation_0270,simulation,A2SS,24,DD,What is the speed of the phoenix at 0.5s in m/s?,acceleration of the phoenix at 2.0s = 2m/s^2,,1.0384374491635957
956,simulation_0270,simulation,A2SS,24,DD,What is the speed of the phoenix at 1.0s in m/s?,acceleration of the phoenix at 2.0s = 2m/s^2,,1.3620896739367905
957,simulation_0271,simulation,A2SS,24,DS,What is the body length of the phoenix in meters?,acceleration of the phoenix at 2.0s = 2m/s^2,,2.99087455877457e-09
958,simulation_0271,simulation,A2SS,24,DS,What is the width (wing span) of the phoenix in meters?,acceleration of the phoenix at 2.0s = 2m/s^2,,4.272493600174643e-09
959,simulation_0271,simulation,A2SS,24,DD,What is the speed of the phoenix at 0.5s in m/s?,acceleration of the phoenix at 2.0s = 2m/s^2,,0.8272381743917938
960,simulation_0271,simulation,A2SS,24,DD,What is the speed of the phoenix at 1.0s in m/s?,acceleration of the phoenix at 2.0s = 2m/s^2,,1.308338014012131
961,simulation_0272,simulation,A2SC,24,DS,What is the body length of the phoenix in meters?,acceleration of the phoenix at 2.0s = 2m/s^2,,3.518707222887641e-09
962,simulation_0272,simulation,A2SC,24,DS,What is the width (wing span) of the phoenix in meters?,acceleration of the phoenix at 2.0s = 2m/s^2,,5.039706528581579e-09
963,simulation_0272,simulation,A2SC,24,DD,What is the speed of the phoenix at 0.5s in m/s?,acceleration of the phoenix at 2.0s = 2m/s^2,,2.0761534900931795
964,simulation_0272,simulation,A2SC,24,DD,What is the speed of the phoenix at 1.0s in m/s?,acceleration of the phoenix at 2.0s = 2m/s^2,,1.545547829062377
965,simulation_0273,simulation,A2SC,24,DS,What is the body length of the phoenix in meters?,acceleration of the phoenix at 2.0s = 2m/s^2,,3.806938945848843e-09
966,simulation_0273,simulation,A2SC,24,DD,What is the speed of the phoenix at 0.5s in m/s?,acceleration of the phoenix at 2.0s = 2m/s^2,,1.0702827571666464
967,simulation_0273,simulation,A2SC,24,DD,What is the speed of the phoenix at 1.0s in m/s?,acceleration of the phoenix at 2.0s = 2m/s^2,,1.3371531822121765
968,simulation_0274,simulation,S2SS,24,SS,What is the width of the raccoon in meters?,length of the raccoon = 1.51m,,4.0406239586614166e-10
969,simulation_0274,simulation,S2SS,24,SD,What is the speed of the raccoon at 1.0s in m/s?,length of the raccoon (tail included) = 1.51m,,2.2773261666836283e-09
970,simulation_0274,simulation,S2SS,24,SS,"What is the displacement of the raccoon from 0.5 s to 1.0 s, in meters?",length of the raccoon (tail included) = 1.51m,,1.1515050660528015e-09
971,simulation_0275,simulation,S2SS,24,SS,What is the height of the raccoon in meters?,length of the raccoon (tail included) = 1.51m,,5.736841691192496e-10
972,simulation_0275,simulation,S2SS,24,SD,What is the speed of the raccoon at 1.0s in m/s?,length of the raccoon (tail included) = 1.51m,,2.5353065158917304e-09
973,simulation_0275,simulation,S2SS,24,SS,"What is the displacement of the raccoon from 0.5 s to 1.0 s, in meters?",length of the raccoon (tail included) = 1.51m,,1.253353797730574e-09
974,simulation_0276,simulation,S2SC,24,SS,What is the width of the raccoon in meters?,length of the raccoon (tail included) = 1.51m,,2.9170454545454564e-10
975,simulation_0276,simulation,S2SC,24,SD,What is the speed of the raccoon at 1.0s in m/s?,length of the raccoon (tail included) = 1.51m,,2.808057146094591e-09
976,simulation_0276,simulation,S2SC,24,SS,"What is the displacement of the raccoon from 0.5 s to 1.0 s, in meters?",length of the raccoon (tail included) = 1.51m,,1.3937865527464764e-09
977,simulation_0277,simulation,S2SC,24,SS,What is the height of the raccoon in meters?,length of the raccoon (tail included) = 1.51m,,6.143111241486415e-10
978,simulation_0277,simulation,S2SC,24,SD,What is the speed of the raccoon at 1.0s in m/s?,length of the raccoon (tail included) = 1.51m,,2.8014671349173953e-09
979,simulation_0277,simulation,S2SC,24,SS,"What is the displacement of the raccoon from 0.5 s to 1.0 s, in meters?",length of the raccoon (tail included) = 1.51m,,1.30202485776818e-09
980,simulation_0278,simulation,V2SS,24,DS,What is the length of the whale in meters?,speed of the whale = 1.67m/s,,1.9082473226645903e-08
981,simulation_0278,simulation,V2SS,24,DS,What is the width of the whale in meters?,speed of the whale = 1.67m/s,,3.809102273937125e-09
982,simulation_0278,simulation,V2SS,24,DS,"What is the displacement of the whale from 0.5 s to 1.0 s, in meters?",speed of the whale = 1.67m/s,,0.8573781575909675
983,simulation_0279,simulation,V2SS,24,DS,What is the length of the whale in meters?,speed of the whale = 1.67m/s,,2.0224448717980844e-08
984,simulation_0279,simulation,V2SS,24,DS,What is the height of the whale in meters?,speed of the whale = 1.67m/s,,2.9474605003402556e-09
985,simulation_0279,simulation,V2SS,24,DS,"What is the displacement of the whale from 0.5 s to 1.0 s, in meters?",speed of the whale = 1.67m/s,,0.8454099878340013
986,simulation_0280,simulation,S2SC,24,DS,What is the speed of the whale at 1.0s in m/s?,length of the whale = 19.17m,,1.5025076454400126
987,simulation_0280,simulation,S2SC,24,DS,What is the height of the whale in meters?,length of the whale = 19.17m,,2.838882535958222e-09
988,simulation_0280,simulation,S2SC,24,DS,"What is the displacement of the whale from 0.5 s to 1.0 s, in meters?",length of the whale = 19.17m,,0.7846227291785323
989,simulation_0281,simulation,S2SC,24,DS,What is the speed of the whale at 1.0s in m/s?,length of the whale = 19.17m,,1.7003360163789234
990,simulation_0281,simulation,S2SC,24,DS,What is the width of the whale in meters?,length of the whale = 19.17m,,3.815205882352942e-09
991,simulation_0281,simulation,S2SC,24,DS,"What is the displacement of the whale from 0.5 s to 1.0 s, in meters?",length of the whale = 19.17m,,0.861634132178601
992,simulation_0282,simulation,V2SS,24,DS,What is the body length of the dragon in meters?,speed of the dragon = 1.29m/s,,8.404360206839071e-10
993,simulation_0282,simulation,V2SS,24,DS,What is the width (wing span) of the dragon in meters?,speed of the dragon = 1.29m/s,,1.648410384456427e-09
994,simulation_0282,simulation,V2SS,24,DS,"What is the displacement of the dragon from 0.5 s to 1.0 s, in meters?",speed of the dragon = 1.29m/s,,0.6359098359779446
995,simulation_0283,simulation,S2SC,24,SD,What is the speed of the dragon at 1.0s in m/s?,length of the dragon = 0.75m,,1.8355654337085077e-09
996,simulation_0283,simulation,S2SC,24,SS,"What is the displacement of the dragon from 0.5s to 1.0s, in meters?",length of the dragon = 0.75m,,5.648767856839786e-10
997,simulation_0284,simulation,V2SS,25,DS,What is the length of the plane in meters?,speed of the plane = 22.16 m/s,,1.4442483793637932e-08
998,simulation_0284,simulation,V2SS,25,DS,What is the width of the plane in meters?,speed of the plane = 22.16 m/s,,1.8158454424892252e-08
999,simulation_0284,simulation,V2SS,25,DS,"What is the displacement of the plane from 0.5s to 1.0s, in meters?",speed of the plane = 22.16 m/s,,11.140951434960543
1000,simulation_0285,simulation,V2SS,25,DS,What is the length of the plane in meters?,speed of the plane = 22.16 m/s,,1.4445315068257808e-08
1001,simulation_0285,simulation,V2SS,25,DS,What is the height of the plane in meters?,speed of the plane = 22.16 m/s,,4.267215610973311e-09
1002,simulation_0285,simulation,V2SS,25,DS,"What is the displacement of the plane from 0.5 s to 1.0 s, in meters?",speed of the plane = 22.16 m/s,,11.109079328583874
1003,simulation_0286,simulation,V2SC,25,DS,What is the length of the plane in meters?,speed of the plane = 22.16 m/s,,1.3925233348850234e-08
1004,simulation_0286,simulation,V2SC,25,DS,What is the width of the plane in meters?,speed of the plane = 22.16 m/s,,1.833294026319217e-08
1005,simulation_0286,simulation,V2SC,25,DS,"What is the displacement of the plane from 0.5 s to 1.0 s, in meters?",speed of the plane = 22.16 m/s,,11.256258168085118
1006,simulation_0287,simulation,V2SC,25,DS,What is the length of the plane in meters?,speed of the plane = 22.16 m/s,,1.4452757143063985e-08
1007,simulation_0287,simulation,V2SC,25,DS,What is the height of the plane in meters?,speed of the plane = 22.16 m/s,,4.480392649076511e-09
1008,simulation_0287,simulation,V2SC,25,DS,"What is the displacement of the plane from 0.5 s to 1.0 s, in meters?",speed of the plane = 22.16 m/s,,10.4017683478185
1009,simulation_0288,simulation,V2SS,24,DS,What is the length of the fish in meters?,speed of the fish = 0.67m/s,,8.059993450446308e-10
1010,simulation_0288,simulation,V2SS,24,DS,What is the width of the fish in meters?,speed of the fish = 0.67m/s,,1.5730240583723667e-10
1011,simulation_0288,simulation,V2SS,24,DS,"What is the displacement of the fish from 0.5 s to 1.0 s, in meters?",speed of the fish = 0.67m/s,,0.3401534248778039
1012,simulation_0289,simulation,V2SS,24,DS,What is the length of the fish in meters?,speed of the fish = 0.67m/s,,7.777372375937447e-10
1013,simulation_0289,simulation,V2SS,24,DS,"What is the displacement of the fish from 0.5 s to 1.0 s, in meters?",speed of the fish = 0.67m/s,,0.3493287604574394
1014,simulation_0290,simulation,V2SC,24,DS,What is the length of the fish in meters?,speed of the fish = 0.67m/s,,8.158548968140291e-10
1015,simulation_0290,simulation,V2SC,24,DS,What is the width of the fish in meters?,speed of the fish = 0.67m/s,,1.5709763228161843e-10
1016,simulation_0290,simulation,V2SC,24,DS,"What is the displacement of the fish from 0.5 s to 1.0 s, in meters?",speed of the fish = 0.67m/s,,0.3629691678118312
1017,simulation_0291,simulation,V2SC,24,DS,What is the length of the fish in meters?,speed of the fish = 0.67m/s,,7.825601573829482e-10
1018,simulation_0291,simulation,V2SC,24,DS,What is the height of the fish in meters?,speed of the fish = 0.67m/s,,3.7431520764515713e-10
1019,simulation_0291,simulation,V2SC,24,DS,"What is the displacement of the fish from 0.5 s to 1.0 s, in meters?",speed of the fish = 0.67m/s,,0.3456272929480655
1020,simulation_0292,simulation,V2SS,24,DS,What is the length of the column below the drone in meters?,speed of the column below the drone =  0.96m/s,,8.712062345843556e-10
1021,simulation_0292,simulation,V2SS,24,DS,What is the height of the column below the drone in meters?,speed of the column below the drone =  0.96m/s,,8.800000000000001e-10
1022,simulation_0292,simulation,V2SS,24,DS,"What is the displacement of the column below the drone from 0.5 s to 1.0 s, in meters?",speed of the column below the drone =  0.96m/s,,0.4802122825197747
1023,simulation_0293,simulation,V2SC,24,DS,What is the length of the column below the drone in meters?,speed of the column below the drone =  0.96m/s,,5.081240138314814e-10
1024,simulation_0293,simulation,V2SC,24,DS,What is the height of the column below the drone in meters?,speed of the column below the drone =  0.96m/s,,9.63683474507983e-10
1025,simulation_0293,simulation,V2SC,24,DS,"What is the displacement of the column below the drone from 0.5 s to 1.0 s, in meters?",speed of the column below the drone =  0.96m/s,,0.4382947670491794
1026,simulation_0294,simulation,V2SS,24,DS,What is the length of the butterfly's wings in meters?,speed of the butterfly = 0.32m/s,,1.8817984834896111e-10
1027,simulation_0294,simulation,V2SS,24,DS,"What is the displacement of the butterfly from 0.5 s to 1.0 s, in meters?",speed of the butterfly = 0.32m/s,,0.1615478026331517
1028,simulation_0295,simulation,V2SC,24,DS,What is the length of the butterfly's wings in meters?,speed of the butterfly = 0.32m/s,,1.8567953294418879e-10
1029,simulation_0295,simulation,V2SC,24,DS,"What is the displacement of the butterfly from 0.5 s to 1.0 s, in meters?",speed of the butterfly = 0.32m/s,,0.1664356558134088
1030,simulation_0296,simulation,V2SC,24,DS,What is the width (wing span) of the butterfly in meters?,speed of the butterfly = 0.32m/s,,2.2133911561771943e-10
1031,simulation_0296,simulation,V2SC,24,DS,What is the length of the butterfly's wings in meters?,speed of the butterfly = 0.32m/s,,1.6697512230810411e-10
1032,simulation_0296,simulation,V2SC,24,DS,"What is the displacement of the butterfly from 0.5 s to 1.0 s, in meters?",speed of the butterfly = 0.32m/s,,0.172189822874165
1033,simulation_0297,simulation,V2SC,24,DS,"What is the displacement of the jellyfish from 0.5 s to 1.0 s, in meters?",speed of the jellyfish = 1.75m/s,,0.8786042539505355
1034,simulation_0298,simulation,V2SX,24,DS,What is the length of the fire truck in meters?,speed of the fire truck = 11.18m/s,,9.45743733215506e-09
1035,simulation_0298,simulation,V2SX,24,DS,What is the width of the fire truck in meters?,speed of the fire truck = 11.18m/s,,2.713526323149976e-09
1036,simulation_0298,simulation,V2SX,24,DS,"What is the displacement of the fire truck from 0.5 s to 1.0 s, in meters?",speed of the fire truck = 11.18m/s,,5.699908953858019
1037,simulation_0008,simulation,S3MC,24,SS,What is the width of the wooden pier in meters?,height of boat = 0.75m,"t=0s, distance_boat_camera = 7.452 m
t=1s, distance_boat_camera = 6.655m
distance_pier_camera = 11.579m
distance_stairs_camera = 17.623m",2.09
1038,simulation_0008,simulation,S3MC,24,SS,What is the length of the pier from the shore-side edge to the water-side edge in meters?,height of boat = 0.75m,"t=0s, distance_boat_camera = 7.452 m
t=1s, distance_boat_camera = 6.655m
distance_pier_camera = 11.579m
distance_stairs_camera = 17.623m",3.0
1039,simulation_0008,simulation,S3MC,24,SS,"When t=3s, what is the minimum distance from the outer end of the pier to the boat in meters?",height of boat = 0.75m,"t=0s, distance_boat_camera = 7.452 m
t=1s, distance_boat_camera = 6.655m
distance_pier_camera = 11.579m
distance_stairs_camera = 17.623m",4.0
1040,simulation_0008,simulation,S3MC,24,SS,What is the width of the wooden stairs in meters?,height of boat = 0.75m,"t=0s, distance_boat_camera = 7.452 m
t=1s, distance_boat_camera = 6.655m
distance_pier_camera = 11.579m
distance_stairs_camera = 17.623m",1.75
1041,simulation_0008,simulation,S3MC,24,SS,What is the height of the pier deck above the water surface in meters?,height of boat = 0.75m,"t=0s, distance_boat_camera = 7.452 m
t=1s, distance_boat_camera = 6.655m
distance_pier_camera = 11.579m
distance_stairs_camera = 17.623m",0.48
1042,simulation_0008,simulation,S3MC,24,SS,What is the height of the cabin floor above the ground in meters?,height of boat = 0.75m,"t=0s, distance_boat_camera = 7.452 m
t=1s, distance_boat_camera = 6.655m
distance_pier_camera = 11.579m
distance_stairs_camera = 17.623m",0.9
1043,simulation_0008,simulation,S3MC,24,SD,What is the average speed of the boat from 1.0s to 2.0s in m/s?,height of boat = 0.75m,"t=0s, distance_boat_camera = 7.452 m
t=1s, distance_boat_camera = 6.655m
distance_pier_camera = 11.579m
distance_stairs_camera = 17.623m",1.7914240176958405
1044,simulation_0009,simulation,V3MC,24,DS,What is the length of the boat in meters?,speed of the boat = 1.5 m/s,"t=0s, distance_boat_camera =11.827 m
t=1s, distance_boat_camera = 13.154m
distance_pier_camera = 18.920m
distance_stairs_camera = 23.125m",2.0
1045,simulation_0009,simulation,V3MC,24,DS,What is the width of the boat in meters?,speed of the boat = 1.5 m/s,"t=0s, distance_boat_camera =11.827 m
t=1s, distance_boat_camera = 13.154m
distance_pier_camera = 18.920m
distance_stairs_camera = 23.125m",0.65
1046,simulation_0009,simulation,V3MC,24,DS,What is the height of the boat in meters?,speed of the boat = 1.5 m/s,"t=0s, distance_boat_camera =11.827 m
t=1s, distance_boat_camera = 13.154m
distance_pier_camera = 18.920m
distance_stairs_camera = 23.125m",0.45
1047,simulation_0009,simulation,V3MC,24,DS,What is the width (shorter side) of the wooden pier in meters?,speed of the boat = 1.5 m/s,"t=0s, distance_boat_camera =11.827 m
t=1s, distance_boat_camera = 13.154m
distance_pier_camera = 18.920m
distance_stairs_camera = 23.125m",1.2
1048,simulation_0009,simulation,V3MC,24,DS,What is the length of the pier from the shore-side edge to the water-side edge in meters?,speed of the boat = 1.5 m/s,"t=0s, distance_boat_camera =11.827 m
t=1s, distance_boat_camera = 13.154m
distance_pier_camera = 18.920m
distance_stairs_camera = 23.125m",5.3
1049,simulation_0009,simulation,V3MC,24,DS,"When t=3s, what is the minimum distance from the outer end of the pier to the boat in meters?",speed of the boat = 1.5 m/s,"t=0s, distance_boat_camera =11.827 m
t=1s, distance_boat_camera = 13.154m
distance_pier_camera = 18.920m
distance_stairs_camera = 23.125m",2.8
1050,simulation_0009,simulation,V3MC,24,DS,What is the width of the wooden steps in meters?,speed of the boat = 1.5 m/s,"t=0s, distance_boat_camera =11.827 m
t=1s, distance_boat_camera = 13.154m
distance_pier_camera = 18.920m
distance_stairs_camera = 23.125m",1.3
1051,simulation_0009,simulation,V3MC,24,DS,What is the height of the pier deck above the water surface in meters?,speed of the boat = 1.5 m/s,"t=0s, distance_boat_camera =11.827 m
t=1s, distance_boat_camera = 13.154m
distance_pier_camera = 18.920m
distance_stairs_camera = 23.125m",0.5
1052,simulation_0009,simulation,V3MC,24,DS,What is the height of the cabin floor above the ground in meters?,speed of the boat = 1.5 m/s,"t=0s, distance_boat_camera =11.827 m
t=1s, distance_boat_camera = 13.154m
distance_pier_camera = 18.920m
distance_stairs_camera = 23.125m",1.0
1053,simulation_0010,simulation,V3MC,24,SS,What is the width between the two widest eaves of the small house in meters?,length of the bird = 1.19m,"t=0s, distance_bird_camera = 34.584m
t=1s, distance_bird_camera = 33.999m
distance_cart_camera = 30.374m
distance_house_camera = 55.083m",17.3
1054,simulation_0010,simulation,V3MC,24,SS,What is the height of the house’s door in meters?,length of the bird = 1.19m,"t=0s, distance_bird_camera = 34.584m
t=1s, distance_bird_camera = 33.999m
distance_cart_camera = 30.374m
distance_house_camera = 55.083m",5.05
1055,simulation_0010,simulation,V3MC,24,SS,What is the maximum height of the cart from the ground in meters?,length of the bird = 1.19m,"t=0s, distance_bird_camera = 34.584m
t=1s, distance_bird_camera = 33.999m
distance_cart_camera = 30.374m
distance_house_camera = 55.083m",2.58
1056,simulation_0010,simulation,V3MC,24,SS,What is the diameter of the cart’s wheels in meters?,length of the bird = 1.19m,"t=0s, distance_bird_camera = 34.584m
t=1s, distance_bird_camera = 33.999m
distance_cart_camera = 30.374m
distance_house_camera = 55.083m",2.04
1057,simulation_0010,simulation,V3MC,24,SD,What is the average speed of the bird from 0.5s to 1.0s in m/s?,length of the bird = 1.19m,"t=0s, distance_bird_camera = 34.584m
t=1s, distance_bird_camera = 33.999m
distance_cart_camera = 30.374m
distance_house_camera = 55.083m",6.248773233685586
1058,simulation_0011,simulation,A3MC,24,DD,What is the average speed of the bird from 0.5s to 1.0s in m/s?,gravity acc = 9.8m/s^2,"t=0s, distance_bird_camera = 46.654m
t=1s, distance_bird_camera = 43.970m
t=0s, distance_nest_camera = 17.268m
t=1s, distance_nest_camera = 17.248m
distance_cart_camera = 33.235m
distance_house_camera = 63.603m",3.1958767160327923
1059,simulation_0011,simulation,A3MC,24,DS,What is the height of the house’s door in meters?,gravity acc = 9.8m/s^2,"t=0s, distance_bird_camera = 46.654m
t=1s, distance_bird_camera = 43.970m
t=0s, distance_nest_camera = 17.268m
t=1s, distance_nest_camera = 17.248m
distance_cart_camera = 33.235m
distance_house_camera = 63.603m",6.3
1060,simulation_0011,simulation,A3MC,24,DS,What is the diameter of the cart’s wheels in meters?,gravity acc = 9.8m/s^2,"t=0s, distance_bird_camera = 46.654m
t=1s, distance_bird_camera = 43.970m
t=0s, distance_nest_camera = 17.268m
t=1s, distance_nest_camera = 17.248m
distance_cart_camera = 33.235m
distance_house_camera = 63.603m",2.68
1061,simulation_0011,simulation,A3MC,24,DS,What is the width between the two widest eaves of the house in meters?,gravity acc = 9.8m/s^2,"t=0s, distance_bird_camera = 46.654m
t=1s, distance_bird_camera = 43.970m
t=0s, distance_nest_camera = 17.268m
t=1s, distance_nest_camera = 17.248m
distance_cart_camera = 33.235m
distance_house_camera = 63.603m",26.3
1062,simulation_0011,simulation,A3MC,24,DS,What is the body length of the bird in meters?,gravity acc = 9.8m/s^2,"t=0s, distance_bird_camera = 46.654m
t=1s, distance_bird_camera = 43.970m
t=0s, distance_nest_camera = 17.268m
t=1s, distance_nest_camera = 17.248m
distance_cart_camera = 33.235m
distance_house_camera = 63.603m",0.75
1063,simulation_0011,simulation,A3MC,24,DS,How wide is the bird's wingspan when it spreads its wings in meters?,gravity acc = 9.8m/s^2,"t=0s, distance_bird_camera = 46.654m
t=1s, distance_bird_camera = 43.970m
t=0s, distance_nest_camera = 17.268m
t=1s, distance_nest_camera = 17.248m
distance_cart_camera = 33.235m
distance_house_camera = 63.603m",1.5
1064,simulation_0013,simulation,A3MC,24,DD,What is the flight speed of the bird at 1.0s in m/s?,gravity acc = 9.8m/s^2,"t=0s, distance_nest_camera = 4.932m
t=1s, distance_nest_camera = 4.895m
t=0s, distance_bird_camera = 35.960m
t=1s, distance_bird_camera = 34.077m
distance_cart_camera = 26.342m",9.524955753184123
1065,simulation_0013,simulation,A3MC,24,DS,What is the body length of the bird in meters?,gravity acc = 9.8m/s^2,"t=0s, distance_nest_camera = 4.932m
t=1s, distance_nest_camera = 4.895m
t=0s, distance_bird_camera = 35.960m
t=1s, distance_bird_camera = 34.077m
distance_cart_camera = 26.342m",1.35
1066,simulation_0013,simulation,A3MC,24,DS,What is the diameter of the cart’s wheels in meters?,gravity acc = 9.8m/s^2,"t=0s, distance_nest_camera = 4.932m
t=1s, distance_nest_camera = 4.895m
t=0s, distance_bird_camera = 35.960m
t=1s, distance_bird_camera = 34.077m
distance_cart_camera = 26.342m",2.13
1067,simulation_0014,simulation,A3MC,24,DS,What is the height of the house’s door in meters?,gravity acc = 9.8m/s^2,"t=0s, distance_nest_camera = 5.661m
t=1s, distance_nest_camera = 5.630m
distance_cart_camera = 27.562m
distance_house_camera = 55.767m",6.9
1068,simulation_0014,simulation,A3MC,24,DS,What is the diameter of the cart’s wheels in meters?,gravity acc = 9.8m/s^2,"t=0s, distance_nest_camera = 5.661m
t=1s, distance_nest_camera = 5.630m
distance_cart_camera = 27.562m
distance_house_camera = 55.767m",2.88
1069,simulation_0014,simulation,A3MC,24,DS,What is the width between the two widest eaves of the house in meters?,gravity acc = 9.8m/s^2,"t=0s, distance_nest_camera = 5.661m
t=1s, distance_nest_camera = 5.630m
distance_cart_camera = 27.562m
distance_house_camera = 55.767m",23.8
1070,simulation_0014,simulation,A3MC,24,DS,What is the maximum height of the cart from the ground in meters?,gravity acc = 9.8m/s^2,"t=0s, distance_nest_camera = 5.661m
t=1s, distance_nest_camera = 5.630m
distance_cart_camera = 27.562m
distance_house_camera = 55.767m",3.39
1071,simulation_0014,simulation,A3MC,24,DS,What is the height of the rectangular cargo box on the cart in meters?,gravity acc = 9.8m/s^2,"t=0s, distance_nest_camera = 5.661m
t=1s, distance_nest_camera = 5.630m
distance_cart_camera = 27.562m
distance_house_camera = 55.767m",1.61
1072,simulation_0014,simulation,A3MC,24,DS,What is the length of rectangular cargo box on the cart in meters?,gravity acc = 9.8m/s^2,"t=0s, distance_nest_camera = 5.661m
t=1s, distance_nest_camera = 5.630m
distance_cart_camera = 27.562m
distance_house_camera = 55.767m",5.2
1073,simulation_0015,simulation,S3MC,33,SS,What is the height of the central sculpture itself (excluding the pedestal) in meters?,height of the person = 1.87m,"t=0s, distance_human_camera = 12.26m
t=1s, distance_human_camera = 10.97m
distance_the_pedestal_of_the_central _sculpture_and_camera = 9.460m
distance_the central_sculpture_camera = 9.460m
distance_the_nearest_freestanding_art_display_panel = 11.874m",1.67
1074,simulation_0015,simulation,S3MC,33,SS,What is the width of the pedestal (square base) of the central sculpture in meters?,height of the person = 1.87m,"t=0s, distance_human_camera = 12.26m
t=1s, distance_human_camera = 10.97m
distance_the_pedestal_of_the_central _sculpture_and_camera = 9.460m
distance_the central_sculpture_camera = 9.460m
distance_the_nearest_freestanding_art_display_panel = 11.874m",1.57
1075,simulation_0015,simulation,S3MC,33,SS,What is the height of the pedestal (square base) of the central sculpture in meters?,height of the person = 1.87m,"t=0s, distance_human_camera = 12.26m
t=1s, distance_human_camera = 10.97m
distance_the_pedestal_of_the_central _sculpture_and_camera = 9.460m
distance_the central_sculpture_camera = 9.460m
distance_the_nearest_freestanding_art_display_panel = 11.874m",1.01
1076,simulation_0015,simulation,S3MC,33,SS,What is the height of the freestanding art display panel in meters?,height of the person = 1.87m,"t=0s, distance_human_camera = 12.26m
t=1s, distance_human_camera = 10.97m
distance_the_pedestal_of_the_central _sculpture_and_camera = 9.460m
distance_the central_sculpture_camera = 9.460m
distance_the_nearest_freestanding_art_display_panel = 11.874m",2.01
1077,simulation_0015,simulation,S3MC,33,SS,What is the height of the bench seat in the atrium in meters?,height of the person = 1.87m,"t=0s, distance_human_camera = 12.26m
t=1s, distance_human_camera = 10.97m
distance_the_pedestal_of_the_central _sculpture_and_camera = 9.460m
distance_the central_sculpture_camera = 9.460m
distance_the_nearest_freestanding_art_display_panel = 11.874m",0.7
1078,simulation_0015,simulation,S3MC,33,SS,What is the width of the bench seat in the atrium in meters?,height of the person = 1.87m,"t=0s, distance_human_camera = 12.26m
t=1s, distance_human_camera = 10.97m
distance_the_pedestal_of_the_central _sculpture_and_camera = 9.460m
distance_the central_sculpture_camera = 9.460m
distance_the_nearest_freestanding_art_display_panel = 11.874m",0.6
1079,simulation_0015,simulation,S3MC,33,SS,What is the length of the bench seat in the atrium in meters?,height of the person = 1.87m,"t=0s, distance_human_camera = 12.26m
t=1s, distance_human_camera = 10.97m
distance_the_pedestal_of_the_central _sculpture_and_camera = 9.460m
distance_the central_sculpture_camera = 9.460m
distance_the_nearest_freestanding_art_display_panel = 11.874m",1.5
1080,simulation_0015,simulation,S3MC,33,SS,What is the clear height from the floor to the underside of the open roof frame (lattice) in meters?,height of the person = 1.87m,"t=0s, distance_human_camera = 12.26m
t=1s, distance_human_camera = 10.97m
distance_the_pedestal_of_the_central _sculpture_and_camera = 9.460m
distance_the central_sculpture_camera = 9.460m
distance_the_nearest_freestanding_art_display_panel = 11.874m",10.8
1081,simulation_0015,simulation,S3MC,33,SS,What is the vertical depth (thickness) of the open roof frame (top edge to bottom edge) in meters?,height of the person = 1.87m,"t=0s, distance_human_camera = 12.26m
t=1s, distance_human_camera = 10.97m
distance_the_pedestal_of_the_central _sculpture_and_camera = 9.460m
distance_the central_sculpture_camera = 9.460m
distance_the_nearest_freestanding_art_display_panel = 11.874m",0.45
1082,simulation_0015,simulation,S3MC,33,SD,What is the speed of the human at 1.0s in m/s?,height of the person = 1.87m,"t=0s, distance_human_camera = 12.26m
t=1s, distance_human_camera = 10.97m
distance_the_pedestal_of_the_central _sculpture_and_camera = 9.460m
distance_the central_sculpture_camera = 9.460m
distance_the_nearest_freestanding_art_display_panel = 11.874m",1.3279007104965717
1083,simulation_0017,simulation,V3MC,33,DS,What is the height of the person in meters?,speed of the person = 1.3m/s,"t=0s, distance_human_camera = 5.424m
t=1s, distance_human_camera = 4.886m
distance_bench_camera = 2.267m
distance_the_pedestal_of_the_central _sculpture_and_camera = 5.963m
distance_the central_sculpture_camera = 5.962m
distance_the_freestanding_art_display_panel = 4.223m",1.6
1084,simulation_0017,simulation,V3MC,33,DS,What is the width of the pedestal (square base) of the central sculpture in meters?,speed of the person = 1.3m/s,"t=0s, distance_human_camera = 5.424m
t=1s, distance_human_camera = 4.886m
distance_bench_camera = 2.267m
distance_the_pedestal_of_the_central _sculpture_and_camera = 5.963m
distance_the central_sculpture_camera = 5.962m
distance_the_freestanding_art_display_panel = 4.223m",1.49
1085,simulation_0017,simulation,V3MC,33,DS,What is the height of the pedestal (square base) of the central sculpture in meters?,speed of the person = 1.3m/s,"t=0s, distance_human_camera = 5.424m
t=1s, distance_human_camera = 4.886m
distance_bench_camera = 2.267m
distance_the_pedestal_of_the_central _sculpture_and_camera = 5.963m
distance_the central_sculpture_camera = 5.962m
distance_the_freestanding_art_display_panel = 4.223m",0.92
1086,simulation_0017,simulation,V3MC,33,DS,What is the height of the bench seat in the atrium in meters?,speed of the person = 1.3m/s,"t=0s, distance_human_camera = 5.424m
t=1s, distance_human_camera = 4.886m
distance_bench_camera = 2.267m
distance_the_pedestal_of_the_central _sculpture_and_camera = 5.963m
distance_the central_sculpture_camera = 5.962m
distance_the_freestanding_art_display_panel = 4.223m",0.31
1087,simulation_0017,simulation,V3MC,33,DS,What is the length of the bench seat in the atrium in meters?,speed of the person = 1.3m/s,"t=0s, distance_human_camera = 5.424m
t=1s, distance_human_camera = 4.886m
distance_bench_camera = 2.267m
distance_the_pedestal_of_the_central _sculpture_and_camera = 5.963m
distance_the central_sculpture_camera = 5.962m
distance_the_freestanding_art_display_panel = 4.223m",2.4
1088,simulation_0017,simulation,V3MC,33,DS,What is the height of the central sculpture itself (excluding the pedestal) in meters?,speed of the person = 1.3m/s,"t=0s, distance_human_camera = 5.424m
t=1s, distance_human_camera = 4.886m
distance_bench_camera = 2.267m
distance_the_pedestal_of_the_central _sculpture_and_camera = 5.963m
distance_the central_sculpture_camera = 5.962m
distance_the_freestanding_art_display_panel = 4.223m",1.53
1089,simulation_0017,simulation,V3MC,33,DS,What is the height of the freestanding art display panel in meters?,speed of the person = 1.3m/s,"t=0s, distance_human_camera = 5.424m
t=1s, distance_human_camera = 4.886m
distance_bench_camera = 2.267m
distance_the_pedestal_of_the_central _sculpture_and_camera = 5.963m
distance_the central_sculpture_camera = 5.962m
distance_the_freestanding_art_display_panel = 4.223m",0.62
1090,simulation_0019,simulation,S3MC,33,SD,What is the walking speed of the person at 0.5s in m/s?,height of the person = 1.87m,"t=0s, distance_human_camera = 6.84m
t=1s, distance_human_camera = 6.49m
distance_the_nearest_freestanding_art_display_panel = 11.042m
distance_the_pedestal_of_the_central_sculpture_and_camera = 5.085m
distance_the_central_sculpture_camera = 5.085m",1.4972827915663005
1091,simulation_0019,simulation,S3MC,33,SS,What is the width of the pedestal (square base) of the central sculpture in meters?,height of the person = 1.87m,"t=0s, distance_human_camera = 6.84m
t=1s, distance_human_camera = 6.49m
distance_the_nearest_freestanding_art_display_panel = 11.042m
distance_the_pedestal_of_the_central_sculpture_and_camera = 5.085m
distance_the_central_sculpture_camera = 5.085m",1.62
1092,simulation_0019,simulation,S3MC,33,SS,What is the height of the pedestal (square base) of the central sculpture in meters?,height of the person = 1.87m,"t=0s, distance_human_camera = 6.84m
t=1s, distance_human_camera = 6.49m
distance_the_nearest_freestanding_art_display_panel = 11.042m
distance_the_pedestal_of_the_central_sculpture_and_camera = 5.085m
distance_the_central_sculpture_camera = 5.085m",0.99
1093,simulation_0019,simulation,S3MC,33,SS,What is the height of the central sculpture itself (excluding the pedestal) in meters?,height of the person = 1.87m,"t=0s, distance_human_camera = 6.84m
t=1s, distance_human_camera = 6.49m
distance_the_nearest_freestanding_art_display_panel = 11.042m
distance_the_pedestal_of_the_central_sculpture_and_camera = 5.085m
distance_the_central_sculpture_camera = 5.085m",1.64
1094,simulation_0019,simulation,S3MC,33,SS,What is the width of the freestanding art display panel in meters?,height of the person = 1.87m,"t=0s, distance_human_camera = 6.84m
t=1s, distance_human_camera = 6.49m
distance_the_nearest_freestanding_art_display_panel = 11.042m
distance_the_pedestal_of_the_central_sculpture_and_camera = 5.085m
distance_the_central_sculpture_camera = 5.085m",1.17
1095,simulation_0019,simulation,S3MC,33,SS,What is the height of the freestanding art display panel in meters?,height of the person = 1.87m,"t=0s, distance_human_camera = 6.84m
t=1s, distance_human_camera = 6.49m
distance_the_nearest_freestanding_art_display_panel = 11.042m
distance_the_pedestal_of_the_central_sculpture_and_camera = 5.085m
distance_the_central_sculpture_camera = 5.085m",1.96
1096,simulation_0021,simulation,S3MC,30,SD,What is the walking speed of the person at 1.0s in m/s?,height of the person = 1.87m,"t=0s, distance_human_camera = 13.882m
t=1s, distance_human_camera = 13.768m
distance_fire_hydrant_camera = 12.565m
distance_streetlight_camera = 12.325m",0.3802922505048314
1097,simulation_0021,simulation,S3MC,30,SS,What is the height of the fire hydrant in meters?,height of the person = 1.87m,"t=0s, distance_human_camera = 13.882m
t=1s, distance_human_camera = 13.768m
distance_fire_hydrant_camera = 12.565m
distance_streetlight_camera = 12.325m",1.07
1098,simulation_0021,simulation,S3MC,30,SS,What is the height of the streetlight in meters?,height of the person = 1.87m,"t=0s, distance_human_camera = 13.882m
t=1s, distance_human_camera = 13.768m
distance_fire_hydrant_camera = 12.565m
distance_streetlight_camera = 12.325m",4.38
1099,simulation_0022,simulation,S2SS,24,SD,What is the speed of the boat at 1.0s in m/s?,length of the boat = 10m,,4.296873330898276
1100,simulation_0022,simulation,S2SS,24,SS,What is the height of the boat in meters?,length of the boat = 10m,,10.1
1101,simulation_0023,simulation,V3MC,24,DD,What is the speed of the boat at 1.0s in m/s?,speed of the eagle = 11.84m/s,"t=1s, distance_eagle_camera = 116.0475m
t=2s, distance_eagle_camera = 108.2756m
t=1s, distance_boat_camera = 103.1570 m
t=2s, distance_boat_camera = 106.0906 m",4.238371266214561
1102,simulation_0023,simulation,V3MC,24,DS,What is the height of the boat in meters?,speed of the eagle = 11.84m/s,"t=1s, distance_eagle_camera = 116.0475m
t=2s, distance_eagle_camera = 108.2756m
t=1s, distance_boat_camera = 103.1570 m
t=2s, distance_boat_camera = 106.0906 m",11.1
1103,simulation_0023,simulation,V3MC,24,DS,What is the length of the boat in meters?,speed of the eagle = 11.84m/s,"t=1s, distance_eagle_camera = 116.0475m
t=2s, distance_eagle_camera = 108.2756m
t=1s, distance_boat_camera = 103.1570 m
t=2s, distance_boat_camera = 106.0906 m",8.8
1104,simulation_0023,simulation,V3MC,24,DS,What is the length of the eagle in meters?,speed of the eagle = 11.84m/s,"t=1s, distance_eagle_camera = 116.0475m
t=2s, distance_eagle_camera = 108.2756m
t=1s, distance_boat_camera = 103.1570 m
t=2s, distance_boat_camera = 106.0906 m",0.65
1105,simulation_0023,simulation,V3MC,24,DS,What is the eagle’s wingspan (the distance from the tip of one wing to the tip of the other when fully spread) in meters?,speed of the eagle = 11.84m/s,"t=1s, distance_eagle_camera = 116.0475m
t=2s, distance_eagle_camera = 108.2756m
t=1s, distance_boat_camera = 103.1570 m
t=2s, distance_boat_camera = 106.0906 m",1.6
1106,simulation_0024,simulation,V3MS,24,DS,What is the height of the boat in meters?,speed of the boat = 4m/s,"t=1s, distance_boat_camera = 90.1103 m
t=2s, distance_boat_camera = 90.4360 m",9.2
1107,simulation_0024,simulation,V3MS,24,DS,What is the length of the boat in meters?,speed of the boat = 4m/s,"t=1s, distance_boat_camera = 90.1103 m
t=2s, distance_boat_camera = 90.4360 m",10.0
1108,simulation_0024,simulation,V3MS,24,DS,What is the width of the boat in meters?,speed of the boat = 4m/s,"t=1s, distance_boat_camera = 90.1103 m
t=2s, distance_boat_camera = 90.4360 m",3.5
1109,simulation_0025,simulation,V3MC,24,DD,What is the speed of the eagle at 1.0s in m/s?,speed of the person = 1.3m/s,"t=1s, distance_eagle_camera = 116.0475m
t=2s, distance_eagle_camera = 108.2756m
t=1s, distance_human_camera = 114.8319m
t=2s, distance_human_camera = 114.8356 m",28.143860861275897
1110,simulation_0025,simulation,V3MC,24,DS,What is the length of the eagle in meters?,speed of the person = 1.3m/s,"t=1s, distance_eagle_camera = 116.0475m
t=2s, distance_eagle_camera = 108.2756m
t=1s, distance_human_camera = 114.8319m
t=2s, distance_human_camera = 114.8356 m",1.5
1111,simulation_0025,simulation,V3MC,24,DS,What is the eagle’s wingspan (the distance from the tip of one wing to the tip of the other when fully spread) in meters?,speed of the person = 1.3m/s,"t=1s, distance_eagle_camera = 116.0475m
t=2s, distance_eagle_camera = 108.2756m
t=1s, distance_human_camera = 114.8319m
t=2s, distance_human_camera = 114.8356 m",3.7
1112,simulation_0025,simulation,V3MC,24,DS,What is the height of the person in meters?,speed of the person = 1.3m/s,"t=1s, distance_eagle_camera = 116.0475m
t=2s, distance_eagle_camera = 108.2756m
t=1s, distance_human_camera = 114.8319m
t=2s, distance_human_camera = 114.8356 m",5.3
1113,simulation_0026,simulation,S3MC,24,SS,What is the height of the boat in meters?,height of the person = 1.75m,"t=1s, distance_boat_camera = 103.1570 m
t=2s, distance_boat_camera = 106.0906 m
t=1s, distance_human_camera = 114.8319m
t=2s, distance_human_camera = 114.8356 m",9.7
1114,simulation_0026,simulation,S3MC,24,SS,What is the length of the boat in meters?,height of the person = 1.75m,"t=1s, distance_boat_camera = 103.1570 m
t=2s, distance_boat_camera = 106.0906 m
t=1s, distance_human_camera = 114.8319m
t=2s, distance_human_camera = 114.8356 m",7.5
1115,simulation_0026,simulation,S3MC,24,SD,What is the speed of the person at 1.0s in m/s?,height of the person = 1.75m,"t=1s, distance_boat_camera = 103.1570 m
t=2s, distance_boat_camera = 106.0906 m
t=1s, distance_human_camera = 114.8319m
t=2s, distance_human_camera = 114.8356 m",0.3262764871988979
1116,simulation_0027,simulation,S3MS,24,SD,What is the speed of the person from 1.0s to 2.0s in m/s?,height of the person = 1.75m,"t=1s, distance_human_camera = 100.5638m
t=2s, distance_human_camera = 100.5996m",0.6045402065484063
1117,simulation_0028,simulation,S3MC,24,SS,What is the eagle’s wingspan (the distance from the tip of one wing to the tip of the other when fully spread) in meters?,length of the eagle = 0.8m,"t=1s, distance_eagle_camera = 100.1405m
t=2s, distance_eagle_camera = 99.5206m",1.8
1118,simulation_0028,simulation,S3MC,24,SD,What is the speed of the eagle at 1.0s in m/s?,length of the eagle = 0.8m,"t=1s, distance_eagle_camera = 100.1405m
t=2s, distance_eagle_camera = 99.5206m",9.397501574239882
1119,simulation_0029,simulation,V3MC,24,DS,What is the length of the eagle in meters?,speed of the eagle = 12m/s,"t=1s, distance_boat_camera = 133.9572 m
t=2s, distance_boat_camera = 131.2557 m
t=1s, distance_eagle_camera = 139.7035m
t=2s, distance_eagle_camera = 147.1583m",0.75
1120,simulation_0029,simulation,V3MC,24,DS,What is the height of the boat in meters?,speed of the eagle = 12m/s,"t=1s, distance_boat_camera = 133.9572 m
t=2s, distance_boat_camera = 131.2557 m
t=1s, distance_eagle_camera = 139.7035m
t=2s, distance_eagle_camera = 147.1583m",9.4
1121,simulation_0029,simulation,V3MC,24,DS,What is the length of the boat in meters?,speed of the eagle = 12m/s,"t=1s, distance_boat_camera = 133.9572 m
t=2s, distance_boat_camera = 131.2557 m
t=1s, distance_eagle_camera = 139.7035m
t=2s, distance_eagle_camera = 147.1583m",8.2
1122,simulation_0029,simulation,V3MC,24,DD,What is the speed of the boat at 1.0s in m/s?,speed of the eagle = 12m/s,"t=1s, distance_boat_camera = 133.9572 m
t=2s, distance_boat_camera = 131.2557 m
t=1s, distance_eagle_camera = 139.7035m
t=2s, distance_eagle_camera = 147.1583m",3.9435817552819072
1123,simulation_0031,simulation,V3MC,24,DS,What is the height of the person in meters?,speed of the person = 1.3m/s,"t=1s, distance_boat_camera = 130.3493 m
t=2s, distance_boat_camera = 133.7433 m
t=1s, distance_human_camera = 139.9543 m
t=2s, distance_human_camera = 139.9833 m
t=1s, distance_eagle_camera = 139.7566 m
t=2s, distance_eagle_camera = 130.2468m",2.98
1124,simulation_0031,simulation,V3MC,24,DS,What is the height of the boat in meters?,speed of the person = 1.3m/s,"t=1s, distance_boat_camera = 130.3493 m
t=2s, distance_boat_camera = 133.7433 m
t=1s, distance_human_camera = 139.9543 m
t=2s, distance_human_camera = 139.9833 m
t=1s, distance_eagle_camera = 139.7566 m
t=2s, distance_eagle_camera = 130.2468m",16.6
1125,simulation_0031,simulation,V3MC,24,DS,What is the length of the boat in meters?,speed of the person = 1.3m/s,"t=1s, distance_boat_camera = 130.3493 m
t=2s, distance_boat_camera = 133.7433 m
t=1s, distance_human_camera = 139.9543 m
t=2s, distance_human_camera = 139.9833 m
t=1s, distance_eagle_camera = 139.7566 m
t=2s, distance_eagle_camera = 130.2468m",12.0
1126,simulation_0031,simulation,V3MC,24,DS,What is the width of the boat in meters?,speed of the person = 1.3m/s,"t=1s, distance_boat_camera = 130.3493 m
t=2s, distance_boat_camera = 133.7433 m
t=1s, distance_human_camera = 139.9543 m
t=2s, distance_human_camera = 139.9833 m
t=1s, distance_eagle_camera = 139.7566 m
t=2s, distance_eagle_camera = 130.2468m",4.2
1127,simulation_0031,simulation,V3MC,24,DD,What is the speed of the boat at 1.0s in m/s?,speed of the person = 1.3m/s,"t=1s, distance_boat_camera = 130.3493 m
t=2s, distance_boat_camera = 133.7433 m
t=1s, distance_human_camera = 139.9543 m
t=2s, distance_human_camera = 139.9833 m
t=1s, distance_eagle_camera = 139.7566 m
t=2s, distance_eagle_camera = 130.2468m",5.009745201692112
1128,simulation_0031,simulation,V3MC,24,DS,What is the length of the eagle in meters?,speed of the person = 1.3m/s,"t=1s, distance_boat_camera = 130.3493 m
t=2s, distance_boat_camera = 133.7433 m
t=1s, distance_human_camera = 139.9543 m
t=2s, distance_human_camera = 139.9833 m
t=1s, distance_eagle_camera = 139.7566 m
t=2s, distance_eagle_camera = 130.2468m",1.0
1129,simulation_0031,simulation,V3MC,24,DD,What is the speed of the eagle at 1.0s in m/s?,speed of the person = 1.3m/s,"t=1s, distance_boat_camera = 130.3493 m
t=2s, distance_boat_camera = 133.7433 m
t=1s, distance_human_camera = 139.9543 m
t=2s, distance_human_camera = 139.9833 m
t=1s, distance_eagle_camera = 139.7566 m
t=2s, distance_eagle_camera = 130.2468m",15.145980876754688
1130,simulation_0031,simulation,V3MC,24,DS,What is the eagle’s wingspan (the distance from the tip of one wing to the tip of the other when fully spread) in meters?,speed of the person = 1.3m/s,"t=1s, distance_boat_camera = 130.3493 m
t=2s, distance_boat_camera = 133.7433 m
t=1s, distance_human_camera = 139.9543 m
t=2s, distance_human_camera = 139.9833 m
t=1s, distance_eagle_camera = 139.7566 m
t=2s, distance_eagle_camera = 130.2468m",2.45
1131,simulation_0033,simulation,A3MC,30,DD,What is the walking speed of the person at 1.0s in m/s?,acceleration of the orange car = -2.86m/s^2,"t=0s, distance_human_camera = 13.780m
t=1s, distance_human_camera = 13.651m
t=0s, distance_orange_car_camera = 12.048m
t=1s, distance_orange_car_camera = 10.432m
t=0s, distance_green_car_camera = 13.077m
t=1s, distance_green_car_camera = 4.630m
distance_fire_hydrant_camera = 12.565m
distance_streetlight_camera = 12.325m",0.1574889480981582
1132,simulation_0033,simulation,A3MC,30,DS,What is the height of the fire hydrant in meters?,acceleration of the orange car = -2.86m/s^2,"t=0s, distance_human_camera = 13.780m
t=1s, distance_human_camera = 13.651m
t=0s, distance_orange_car_camera = 12.048m
t=1s, distance_orange_car_camera = 10.432m
t=0s, distance_green_car_camera = 13.077m
t=1s, distance_green_car_camera = 4.630m
distance_fire_hydrant_camera = 12.565m
distance_streetlight_camera = 12.325m",1.16
1133,simulation_0033,simulation,A3MC,30,DS,What is the height of the streetlight in meters?,acceleration of the orange car = -2.86m/s^2,"t=0s, distance_human_camera = 13.780m
t=1s, distance_human_camera = 13.651m
t=0s, distance_orange_car_camera = 12.048m
t=1s, distance_orange_car_camera = 10.432m
t=0s, distance_green_car_camera = 13.077m
t=1s, distance_green_car_camera = 4.630m
distance_fire_hydrant_camera = 12.565m
distance_streetlight_camera = 12.325m",4.74
1134,simulation_0033,simulation,A3MC,30,DS,What is the height of the person in meters?,acceleration of the orange car = -2.86m/s^2,"t=0s, distance_human_camera = 13.780m
t=1s, distance_human_camera = 13.651m
t=0s, distance_orange_car_camera = 12.048m
t=1s, distance_orange_car_camera = 10.432m
t=0s, distance_green_car_camera = 13.077m
t=1s, distance_green_car_camera = 4.630m
distance_fire_hydrant_camera = 12.565m
distance_streetlight_camera = 12.325m",2.02
1135,simulation_0033,simulation,A3MC,30,DD,What is the speed of the green car at 1.0s in m/s?,acceleration of the orange car = -2.86m/s^2,"t=0s, distance_human_camera = 13.780m
t=1s, distance_human_camera = 13.651m
t=0s, distance_orange_car_camera = 12.048m
t=1s, distance_orange_car_camera = 10.432m
t=0s, distance_green_car_camera = 13.077m
t=1s, distance_green_car_camera = 4.630m
distance_fire_hydrant_camera = 12.565m
distance_streetlight_camera = 12.325m",10.882629011607992
1136,simulation_0033,simulation,A3MC,30,DS,What is the length of the orange car in meters?,acceleration of the orange car = -2.86m/s^2,"t=0s, distance_human_camera = 13.780m
t=1s, distance_human_camera = 13.651m
t=0s, distance_orange_car_camera = 12.048m
t=1s, distance_orange_car_camera = 10.432m
t=0s, distance_green_car_camera = 13.077m
t=1s, distance_green_car_camera = 4.630m
distance_fire_hydrant_camera = 12.565m
distance_streetlight_camera = 12.325m",5.53
1137,simulation_0033,simulation,A3MC,30,DS,What is the height of the orange car in meters?,acceleration of the orange car = -2.86m/s^2,"t=0s, distance_human_camera = 13.780m
t=1s, distance_human_camera = 13.651m
t=0s, distance_orange_car_camera = 12.048m
t=1s, distance_orange_car_camera = 10.432m
t=0s, distance_green_car_camera = 13.077m
t=1s, distance_green_car_camera = 4.630m
distance_fire_hydrant_camera = 12.565m
distance_streetlight_camera = 12.325m",1.68
1138,simulation_0033,simulation,A3MC,30,DS,What is the height of the curb along the road in meters?,acceleration of the orange car = -2.86m/s^2,"t=0s, distance_human_camera = 13.780m
t=1s, distance_human_camera = 13.651m
t=0s, distance_orange_car_camera = 12.048m
t=1s, distance_orange_car_camera = 10.432m
t=0s, distance_green_car_camera = 13.077m
t=1s, distance_green_car_camera = 4.630m
distance_fire_hydrant_camera = 12.565m
distance_streetlight_camera = 12.325m",0.33
1139,simulation_0034,simulation,S3MC,24,SD,What is the average speed of the boat from the beginning to the end in m/s?,height of the person = 1.75m,"t=1s, distance_boat_camera = 96.8995 m
t=2s, distance_boat_camera = 92.8490 m
t=1s, distance_human_camera = 92.1861m
t=2s, distance_human_camera = 92.1960 m
t=1s, distance_eagle_camera = 91.6867m
t=2s, distance_eagle_camera = 103.4262m",4.050754652308836
1140,simulation_0034,simulation,S3MC,24,SS,What is the height of the boat in meters?,height of the person = 1.75m,"t=1s, distance_boat_camera = 96.8995 m
t=2s, distance_boat_camera = 92.8490 m
t=1s, distance_human_camera = 92.1861m
t=2s, distance_human_camera = 92.1960 m
t=1s, distance_eagle_camera = 91.6867m
t=2s, distance_eagle_camera = 103.4262m",9.95
1141,simulation_0034,simulation,S3MC,24,SS,What is the width of the boat in meters?,height of the person = 1.75m,"t=1s, distance_boat_camera = 96.8995 m
t=2s, distance_boat_camera = 92.8490 m
t=1s, distance_human_camera = 92.1861m
t=2s, distance_human_camera = 92.1960 m
t=1s, distance_eagle_camera = 91.6867m
t=2s, distance_eagle_camera = 103.4262m",3.35
1142,simulation_0034,simulation,S3MC,24,SD,What is the average speed of the person from the beginning to the end in m/s?,height of the person = 1.75m,"t=1s, distance_boat_camera = 96.8995 m
t=2s, distance_boat_camera = 92.8490 m
t=1s, distance_human_camera = 92.1861m
t=2s, distance_human_camera = 92.1960 m
t=1s, distance_eagle_camera = 91.6867m
t=2s, distance_eagle_camera = 103.4262m",1.366884788532423
1143,simulation_0034,simulation,S3MC,24,SS,What is the eagle’s wingspan (the distance from the tip of one wing to the tip of the other when fully spread) in meters?,height of the person = 1.75m,"t=1s, distance_boat_camera = 96.8995 m
t=2s, distance_boat_camera = 92.8490 m
t=1s, distance_human_camera = 92.1861m
t=2s, distance_human_camera = 92.1960 m
t=1s, distance_eagle_camera = 91.6867m
t=2s, distance_eagle_camera = 103.4262m",1.6
1144,simulation_0034,simulation,S3MC,24,SD,What is the average speed of the eagle from the beginning to the end in m/s?,height of the person = 1.75m,"t=1s, distance_boat_camera = 96.8995 m
t=2s, distance_boat_camera = 92.8490 m
t=1s, distance_human_camera = 92.1861m
t=2s, distance_human_camera = 92.1960 m
t=1s, distance_eagle_camera = 91.6867m
t=2s, distance_eagle_camera = 103.4262m",11.84286688106736
1145,simulation_0035,simulation,S3MC,24,SD,What is the average speed of the person from the beginning to the end in m/s?,height of the person = 1.75m,"t=1s, distance_human_camera = 139.1030m
t=2s, distance_human_camera = 139.1044 m
t=1s, distance_eagle_camera = 139.7035m
t=2s, distance_eagle_camera = 147.1583m",1.2243412359871757
1146,simulation_0035,simulation,S3MC,24,SS,What is the eagle’s wingspan (the distance from the tip of one wing to the tip of the other when fully spread) in meters?,height of the person = 1.75m,"t=1s, distance_human_camera = 139.1030m
t=2s, distance_human_camera = 139.1044 m
t=1s, distance_eagle_camera = 139.7035m
t=2s, distance_eagle_camera = 147.1583m",1.25
1147,simulation_0035,simulation,S3MC,24,SD,What is the speed of the eagle from the beginning to the end in m/s?,height of the person = 1.75m,"t=1s, distance_human_camera = 139.1030m
t=2s, distance_human_camera = 139.1044 m
t=1s, distance_eagle_camera = 139.7035m
t=2s, distance_eagle_camera = 147.1583m",12.683397545878028
1148,simulation_0035,simulation,S3MC,24,SS,What is the body length of the eagle in meters?,height of the person = 1.75m,"t=1s, distance_human_camera = 139.1030m
t=2s, distance_human_camera = 139.1044 m
t=1s, distance_eagle_camera = 139.7035m
t=2s, distance_eagle_camera = 147.1583m",0.5
1149,simulation_0036,simulation,S3MC,24,SS,What is the height of the boat in meters?,length of the boat = 10m,"t=1s, distance_boat_camera = 133.9572 m
t=2s, distance_boat_camera = 131.2557 m
t=1s, distance_human_camera = 139.1030m
t=2s, distance_human_camera = 139.1044 m",12.0
1150,simulation_0036,simulation,S3MC,24,SS,What is the height of the person in meters?,length of the boat = 10m,"t=1s, distance_boat_camera = 133.9572 m
t=2s, distance_boat_camera = 131.2557 m
t=1s, distance_human_camera = 139.1030m
t=2s, distance_human_camera = 139.1044 m",1.8
1151,simulation_0036,simulation,S3MC,24,SD,What is the speed of the boat from the beginning to the end in m/s?,length of the boat = 10m,"t=1s, distance_boat_camera = 133.9572 m
t=2s, distance_boat_camera = 131.2557 m
t=1s, distance_human_camera = 139.1030m
t=2s, distance_human_camera = 139.1044 m",4.74400694825382
1152,simulation_0036,simulation,S3MC,24,SD,What is the average speed of the person from the beginning to the end in m/s?,length of the boat = 10m,"t=1s, distance_boat_camera = 133.9572 m
t=2s, distance_boat_camera = 131.2557 m
t=1s, distance_human_camera = 139.1030m
t=2s, distance_human_camera = 139.1044 m",1.3549690916713548
1153,simulation_0037,simulation,V3MS,24,DS,What is the height of the person in meters?,speed of the person = 1.3m/s,"t=1s, distance_human_camera = 122.8569 m
t=2s, distance_human_camera = 122.8588 m",1.75
1154,simulation_0039,simulation,V3MC,24,DD,What is the speed of the person at 1.0s in m/s?,speed of the boat = 4m/s,"t=1s, distance_boat_camera = 177.2077 m
t=2s, distance_boat_camera = 177.9993 m
t=1s, distance_human_camera = 182.9249 m
t=2s, distance_human_camera = 183.0167 m
t=1s, distance_eagle_camera = 179.2691 m
t=2s, distance_eagle_camera = 177.1009 m",1.0420786716681625
1155,simulation_0039,simulation,V3MC,24,DS,What is the length of the boat in meters?,speed of the boat = 4m/s,"t=1s, distance_boat_camera = 177.2077 m
t=2s, distance_boat_camera = 177.9993 m
t=1s, distance_human_camera = 182.9249 m
t=2s, distance_human_camera = 183.0167 m
t=1s, distance_eagle_camera = 179.2691 m
t=2s, distance_eagle_camera = 177.1009 m",10.6
1156,simulation_0039,simulation,V3MC,24,DS,What is the width of the boat in meters?,speed of the boat = 4m/s,"t=1s, distance_boat_camera = 177.2077 m
t=2s, distance_boat_camera = 177.9993 m
t=1s, distance_human_camera = 182.9249 m
t=2s, distance_human_camera = 183.0167 m
t=1s, distance_eagle_camera = 179.2691 m
t=2s, distance_eagle_camera = 177.1009 m",2.7
1157,simulation_0039,simulation,V3MC,24,DS,What is the length of the eagle in meters?,speed of the boat = 4m/s,"t=1s, distance_boat_camera = 177.2077 m
t=2s, distance_boat_camera = 177.9993 m
t=1s, distance_human_camera = 182.9249 m
t=2s, distance_human_camera = 183.0167 m
t=1s, distance_eagle_camera = 179.2691 m
t=2s, distance_eagle_camera = 177.1009 m",1.25
1158,simulation_0039,simulation,V3MC,24,DS,What is the eagle’s wingspan (the distance from the tip of one wing to the tip of the other when fully spread) in meters?,speed of the boat = 4m/s,"t=1s, distance_boat_camera = 177.2077 m
t=2s, distance_boat_camera = 177.9993 m
t=1s, distance_human_camera = 182.9249 m
t=2s, distance_human_camera = 183.0167 m
t=1s, distance_eagle_camera = 179.2691 m
t=2s, distance_eagle_camera = 177.1009 m",1.1
1159,simulation_0039,simulation,V3MC,24,DD,What is the speed of the eagle at 1.0s in m/s?,speed of the boat = 4m/s,"t=1s, distance_boat_camera = 177.2077 m
t=2s, distance_boat_camera = 177.9993 m
t=1s, distance_human_camera = 182.9249 m
t=2s, distance_human_camera = 183.0167 m
t=1s, distance_eagle_camera = 179.2691 m
t=2s, distance_eagle_camera = 177.1009 m",9.308790770265755
1160,simulation_0040,simulation,S3MC,24,SS,What is the eagle’s wingspan (the distance from the tip of one wing to the tip of the other when fully spread) in meters?,length of the eagle = 0.8m,"t=1s, distance_human_camera = 182.9249 m
t=2s, distance_human_camera = 183.0167 m
t=1s, distance_eagle_camera = 179.2691 m
t=2s, distance_eagle_camera = 177.1009 m",1.2
1161,simulation_0040,simulation,S3MC,24,SD,What is the speed of the eagle at 1.0s in m/s?,length of the eagle = 0.8m,"t=1s, distance_human_camera = 182.9249 m
t=2s, distance_human_camera = 183.0167 m
t=1s, distance_eagle_camera = 179.2691 m
t=2s, distance_eagle_camera = 177.1009 m",9.897618803043777
1162,simulation_0040,simulation,S3MC,24,SD,What is the average of the person at 1.0s in m/s?,length of the eagle = 0.8m,"t=1s, distance_human_camera = 182.9249 m
t=2s, distance_human_camera = 183.0167 m
t=1s, distance_eagle_camera = 179.2691 m
t=2s, distance_eagle_camera = 177.1009 m",1.0
1163,simulation_0042,simulation,V3MC,24,DS,What is the length of the boat in meters?,speed of the eagle = 11.84m/s,"t=1s, distance_eagle_camera = 179.2691 m
t=2s, distance_eagle_camera = 177.1009 m
t=1s, distance_boat_camera = 177.2077 m
t=2s, distance_boat_camera = 177.9993 m",9.8
1164,simulation_0042,simulation,V3MC,24,DS,What is the width of the boat in meters?,speed of the eagle = 11.84m/s,"t=1s, distance_eagle_camera = 179.2691 m
t=2s, distance_eagle_camera = 177.1009 m
t=1s, distance_boat_camera = 177.2077 m
t=2s, distance_boat_camera = 177.9993 m",2.65
1165,simulation_0042,simulation,V3MC,24,DD,What is the speed of the boat at 1.0s in m/s?,speed of the eagle = 11.84m/s,"t=1s, distance_eagle_camera = 179.2691 m
t=2s, distance_eagle_camera = 177.1009 m
t=1s, distance_boat_camera = 177.2077 m
t=2s, distance_boat_camera = 177.9993 m",4.095793398501447
1166,simulation_0042,simulation,V3MC,24,DS,What is the length of the eagle in meters?,speed of the eagle = 11.84m/s,"t=1s, distance_eagle_camera = 179.2691 m
t=2s, distance_eagle_camera = 177.1009 m
t=1s, distance_boat_camera = 177.2077 m
t=2s, distance_boat_camera = 177.9993 m",0.89
1167,simulation_0042,simulation,V3MC,24,DS,What is the eagle’s wingspan (the distance from the tip of one wing to the tip of the other when fully spread) in meters?,speed of the eagle = 11.84m/s,"t=1s, distance_eagle_camera = 179.2691 m
t=2s, distance_eagle_camera = 177.1009 m
t=1s, distance_boat_camera = 177.2077 m
t=2s, distance_boat_camera = 177.9993 m",1.2
1168,simulation_0043,simulation,S3MC,24,SS,What is the width of the boat in meters?,length of the boat = 10m,"t=1s, distance_boat_camera = 173.7093 m
t=2s, distance_boat_camera = 174.5515 m",2.4
1169,simulation_0043,simulation,S3MC,24,SD,What is the speed of the boat at 1.0s in m/s?,length of the boat = 10m,"t=1s, distance_boat_camera = 173.7093 m
t=2s, distance_boat_camera = 174.5515 m",4.236970931983397
1170,simulation_0043,simulation,S3MC,24,SS,What is the width of the rock in meters?,length of the boat = 10m,"t=1s, distance_boat_camera = 173.7093 m
t=2s, distance_boat_camera = 174.5515 m",24.0
1171,simulation_0044,simulation,S3MC,24,SS,What is the width of the rock in meters?,length of the eagle = 0.8m,"t=1s, distance_eagle_camera = 175.3081m
t=2s, distance_eagle_camera = 172.9881m",22.4
1172,simulation_0044,simulation,S3MC,24,SD,What is the speed of the eagle at 1.0s in m/s?,length of the eagle = 0.8m,"t=1s, distance_eagle_camera = 175.3081m
t=2s, distance_eagle_camera = 172.9881m",11.730361398943415
1173,simulation_0044,simulation,S3MC,24,SS,What is the eagle’s wingspan (the distance from the tip of one wing to the tip of the other when fully spread) in meters?,length of the eagle = 0.8m,"t=1s, distance_eagle_camera = 175.3081m
t=2s, distance_eagle_camera = 172.9881m",1.03
1174,simulation_0045,simulation,V3MC,33,DD,What is the speed of the walking person from the beginning to the end in m/s?,speed of the bike = 4.87m/s,"t=1s, distance_bike_camera = 12.1238m
t=2s, distance_bike_camera = 16.9027m
t=1s, distance_human_camera = 17.1691m
t=2s, distance_human_camera = 18.3768m",1.35032793475843
1175,simulation_0045,simulation,V3MC,33,DS,What is the height of the walking person in meters?,speed of the bike = 4.87m/s,"t=1s, distance_bike_camera = 12.1238m
t=2s, distance_bike_camera = 16.9027m
t=1s, distance_human_camera = 17.1691m
t=2s, distance_human_camera = 18.3768m",2.6
1176,simulation_0045,simulation,V3MC,33,DS,What is the height of the telephone booth in meters?,speed of the bike = 4.87m/s,"t=1s, distance_bike_camera = 12.1238m
t=2s, distance_bike_camera = 16.9027m
t=1s, distance_human_camera = 17.1691m
t=2s, distance_human_camera = 18.3768m",3.15
1177,simulation_0045,simulation,V3MC,33,DS,What is the distance between the left pillar of the near door and the right pillar of the far door in meters?,speed of the bike = 4.87m/s,"t=1s, distance_bike_camera = 12.1238m
t=2s, distance_bike_camera = 16.9027m
t=1s, distance_human_camera = 17.1691m
t=2s, distance_human_camera = 18.3768m",12.0
1178,simulation_0045,simulation,V3MC,33,DS,"What is the height of the moving bicycle (from the handlebar to the ground, including below the wheel) in meters?",speed of the bike = 4.87m/s,"t=1s, distance_bike_camera = 12.1238m
t=2s, distance_bike_camera = 16.9027m
t=1s, distance_human_camera = 17.1691m
t=2s, distance_human_camera = 18.3768m",0.92
1179,simulation_0045,simulation,V3MC,33,DS,What is the length of the moving bicycle in meters?,speed of the bike = 4.87m/s,"t=1s, distance_bike_camera = 12.1238m
t=2s, distance_bike_camera = 16.9027m
t=1s, distance_human_camera = 17.1691m
t=2s, distance_human_camera = 18.3768m",1.4
1180,simulation_0045,simulation,V3MC,33,DS,What is the diameter of the wheel of the moving bicycle in meters?,speed of the bike = 4.87m/s,"t=1s, distance_bike_camera = 12.1238m
t=2s, distance_bike_camera = 16.9027m
t=1s, distance_human_camera = 17.1691m
t=2s, distance_human_camera = 18.3768m",0.55
1181,simulation_0045,simulation,V3MC,33,DS,What is the height of the first step in front of the door of the nearer house in meters?,speed of the bike = 4.87m/s,"t=1s, distance_bike_camera = 12.1238m
t=2s, distance_bike_camera = 16.9027m
t=1s, distance_human_camera = 17.1691m
t=2s, distance_human_camera = 18.3768m",0.27
1182,simulation_0046,simulation,S3MC,33,SD,What is the speed of the walking person at 1.0s in m/s?,diameter of the moving bicycle wheel = 0.65m,"t=1s, distance_bike_camera = 12.6215m
t=2s, distance_bike_camera = 13.2055m
t=1s, distance_human_camera = 14.7728m
t=2s, distance_human_camera = 15.1766m",1.2379424011658915
1183,simulation_0046,simulation,S3MC,33,SS,What is the height of the walking person in meters?,diameter of the moving bicycle wheel = 0.65m,"t=1s, distance_bike_camera = 12.6215m
t=2s, distance_bike_camera = 13.2055m
t=1s, distance_human_camera = 14.7728m
t=2s, distance_human_camera = 15.1766m",1.87
1184,simulation_0046,simulation,S3MC,33,SS,What is the height of the telephone booth in meters?,diameter of the moving bicycle wheel = 0.65m,"t=1s, distance_bike_camera = 12.6215m
t=2s, distance_bike_camera = 13.2055m
t=1s, distance_human_camera = 14.7728m
t=2s, distance_human_camera = 15.1766m",3.1
1185,simulation_0046,simulation,S3MC,33,SS,What is the width of the telephone booth in meters?,diameter of the moving bicycle wheel = 0.65m,"t=1s, distance_bike_camera = 12.6215m
t=2s, distance_bike_camera = 13.2055m
t=1s, distance_human_camera = 14.7728m
t=2s, distance_human_camera = 15.1766m",1.8
1186,simulation_0046,simulation,S3MC,33,SS,What is the distance between the left pillar of the near door and the right pillar of the far door in meters?,diameter of the moving bicycle wheel = 0.65m,"t=1s, distance_bike_camera = 12.6215m
t=2s, distance_bike_camera = 13.2055m
t=1s, distance_human_camera = 14.7728m
t=2s, distance_human_camera = 15.1766m",7.2
1187,simulation_0046,simulation,S3MC,33,SS,"What is the height of the moving bicycle (from the handlebar to the ground, including below the wheel) in meters?",diameter of the moving bicycle wheel = 0.65m,"t=1s, distance_bike_camera = 12.6215m
t=2s, distance_bike_camera = 13.2055m
t=1s, distance_human_camera = 14.7728m
t=2s, distance_human_camera = 15.1766m",0.94
1188,simulation_0046,simulation,S3MC,33,SS,What is the length of the moving bicycle in meters?,diameter of the moving bicycle wheel = 0.65m,"t=1s, distance_bike_camera = 12.6215m
t=2s, distance_bike_camera = 13.2055m
t=1s, distance_human_camera = 14.7728m
t=2s, distance_human_camera = 15.1766m",1.72
1189,simulation_0046,simulation,S3MC,33,SS,What is the height of the first step in front of the door of the nearer house in meters?,diameter of the moving bicycle wheel = 0.65m,"t=1s, distance_bike_camera = 12.6215m
t=2s, distance_bike_camera = 13.2055m
t=1s, distance_human_camera = 14.7728m
t=2s, distance_human_camera = 15.1766m",0.18
1190,simulation_0046,simulation,S3MC,33,SD,What is the speed of the moving bicycle from 1.0s to 2.0s in m/s?,diameter of the moving bicycle wheel = 0.65m,"t=1s, distance_bike_camera = 12.6215m
t=2s, distance_bike_camera = 13.2055m
t=1s, distance_human_camera = 14.7728m
t=2s, distance_human_camera = 15.1766m",4.66609617869752
1191,simulation_0048,simulation,S3MC,33,SD,What is the speed of the walking person at 1.0s in m/s?,height of the walking person = 1.8m,"t=1s, distance_bike_camera = 16.4919m
t=2s, distance_bike_camera = 11.9277m
t=1s, distance_human_camera = 11.9259m
t=2s, distance_human_camera = 10.8165m",1.1484139573470211
1192,simulation_0048,simulation,S3MC,33,SS,What is the width of the telephone booth in meters?,height of the walking person = 1.8m,"t=1s, distance_bike_camera = 16.4919m
t=2s, distance_bike_camera = 11.9277m
t=1s, distance_human_camera = 11.9259m
t=2s, distance_human_camera = 10.8165m",1.3
1193,simulation_0048,simulation,S3MC,33,SS,What is the distance between the left pillar of the near door and the right pillar of the far door in meters?,height of the walking person = 1.8m,"t=1s, distance_bike_camera = 16.4919m
t=2s, distance_bike_camera = 11.9277m
t=1s, distance_human_camera = 11.9259m
t=2s, distance_human_camera = 10.8165m",4.0
1194,simulation_0048,simulation,S3MC,33,SS,"What is the height of the moving bicycle (from the handlebar to the ground, including below the wheel) in meters?",height of the walking person = 1.8m,"t=1s, distance_bike_camera = 16.4919m
t=2s, distance_bike_camera = 11.9277m
t=1s, distance_human_camera = 11.9259m
t=2s, distance_human_camera = 10.8165m",1.6
1195,simulation_0048,simulation,S3MC,33,SD,What is the speed of the moving bicycle at 1.0s in m/s?,height of the walking person = 1.8m,"t=1s, distance_bike_camera = 16.4919m
t=2s, distance_bike_camera = 11.9277m
t=1s, distance_human_camera = 11.9259m
t=2s, distance_human_camera = 10.8165m",4.806342195753747
1196,simulation_0048,simulation,S3MC,33,SS,What is the diameter of the wheel of the moving bicycle in meters?,height of the walking person = 1.8m,"t=1s, distance_bike_camera = 16.4919m
t=2s, distance_bike_camera = 11.9277m
t=1s, distance_human_camera = 11.9259m
t=2s, distance_human_camera = 10.8165m",0.95
1197,simulation_0049,simulation,V3MC,33,DD,What is the speed of the walking person from 1.0s to 2.0s in m/s?,speed of the bike = 4.87m/s,"t=1s, distance_bike_camera = 14.1134 m
t=2s, distance_bike_camera = 18.9543 m
t=1s, distance_human_camera = 19.0411 m
t=2s, distance_human_camera = 20.2710 m",1.2418617720995078
1198,simulation_0049,simulation,V3MC,33,DS,What is the height of the walking person in meters?,speed of the bike = 4.87m/s,"t=1s, distance_bike_camera = 14.1134 m
t=2s, distance_bike_camera = 18.9543 m
t=1s, distance_human_camera = 19.0411 m
t=2s, distance_human_camera = 20.2710 m",3.3
1199,simulation_0049,simulation,V3MC,33,DS,What is the height of the telephone booth in meters?,speed of the bike = 4.87m/s,"t=1s, distance_bike_camera = 14.1134 m
t=2s, distance_bike_camera = 18.9543 m
t=1s, distance_human_camera = 19.0411 m
t=2s, distance_human_camera = 20.2710 m",4.1
1200,simulation_0049,simulation,V3MC,33,DS,What is the distance between the left pillar of the near door and the right pillar of the far door in meters?,speed of the bike = 4.87m/s,"t=1s, distance_bike_camera = 14.1134 m
t=2s, distance_bike_camera = 18.9543 m
t=1s, distance_human_camera = 19.0411 m
t=2s, distance_human_camera = 20.2710 m",1.55
1201,simulation_0049,simulation,V3MC,33,DS,What is the diameter of the wheel of the moving bicycle in meters?,speed of the bike = 4.87m/s,"t=1s, distance_bike_camera = 14.1134 m
t=2s, distance_bike_camera = 18.9543 m
t=1s, distance_human_camera = 19.0411 m
t=2s, distance_human_camera = 20.2710 m",0.48
1202,simulation_0050,simulation,V3MC,33,DS,What is the height of the walking person in meters?,speed of the walking person = 1.236m/s,"t=1s, distance_bike_camera = 11.8960 m
t=2s, distance_bike_camera = 14.6419 m
t=1s, distance_human_camera = 15.8652 m
t=2s, distance_human_camera = 16.6708 m",1.82
1203,simulation_0050,simulation,V3MC,33,DS,What is the height of the telephone booth in meters?,speed of the walking person = 1.236m/s,"t=1s, distance_bike_camera = 11.8960 m
t=2s, distance_bike_camera = 14.6419 m
t=1s, distance_human_camera = 15.8652 m
t=2s, distance_human_camera = 16.6708 m",2.38
1204,simulation_0050,simulation,V3MC,33,DS,What is the width of the telephone booth in meters?,speed of the walking person = 1.236m/s,"t=1s, distance_bike_camera = 11.8960 m
t=2s, distance_bike_camera = 14.6419 m
t=1s, distance_human_camera = 15.8652 m
t=2s, distance_human_camera = 16.6708 m",1.3
1205,simulation_0050,simulation,V3MC,33,DS,What is the distance between the left pillar of the near door and the right pillar of the far door in meters?,speed of the walking person = 1.236m/s,"t=1s, distance_bike_camera = 11.8960 m
t=2s, distance_bike_camera = 14.6419 m
t=1s, distance_human_camera = 15.8652 m
t=2s, distance_human_camera = 16.6708 m",6.1
1206,simulation_0050,simulation,V3MC,33,DS,What is the length of the moving bicycle in meters?,speed of the walking person = 1.236m/s,"t=1s, distance_bike_camera = 11.8960 m
t=2s, distance_bike_camera = 14.6419 m
t=1s, distance_human_camera = 15.8652 m
t=2s, distance_human_camera = 16.6708 m",1.2
1207,simulation_0050,simulation,V3MC,33,DD,What is the average speed of the moving bicycle from 1.0s to 2.0s in m/s?,speed of the walking person = 1.236m/s,"t=1s, distance_bike_camera = 11.8960 m
t=2s, distance_bike_camera = 14.6419 m
t=1s, distance_human_camera = 15.8652 m
t=2s, distance_human_camera = 16.6708 m",3.862559700645909
1208,simulation_0050,simulation,V3MC,33,DS,"What is the height of the moving bicycle (from the handlebar to the ground, including below the wheel) in meters?",speed of the walking person = 1.236m/s,"t=1s, distance_bike_camera = 11.8960 m
t=2s, distance_bike_camera = 14.6419 m
t=1s, distance_human_camera = 15.8652 m
t=2s, distance_human_camera = 16.6708 m",0.85
1209,simulation_0050,simulation,V3MC,33,DS,What is the diameter of the wheel of the moving bicycle in meters?,speed of the walking person = 1.236m/s,"t=1s, distance_bike_camera = 11.8960 m
t=2s, distance_bike_camera = 14.6419 m
t=1s, distance_human_camera = 15.8652 m
t=2s, distance_human_camera = 16.6708 m",0.5
1210,simulation_0050,simulation,V3MC,33,DS,What is the height of the first step in front of the door of the nearer house in meters?,speed of the walking person = 1.236m/s,"t=1s, distance_bike_camera = 11.8960 m
t=2s, distance_bike_camera = 14.6419 m
t=1s, distance_human_camera = 15.8652 m
t=2s, distance_human_camera = 16.6708 m",0.18
1211,simulation_0052,simulation,A3MC,30,DS,What is the height of the fire hydrant in meters?,acceleration of the orange car = -2.86m/s^2,"t=0s, distance_orange_car_camera = 17.260m
t=1s, distance_orange_car_camera = 15.436m
t=1s, distance_green_car_camera = 10.250m
t=2s, distance_green_car_camera = 12.768m
distance_fire_hydrant_camera = 17.737m
distance_right_streetlight_camera = 17.594m
distance_left_streetlight_camera = 17.706m",0.98
1212,simulation_0052,simulation,A3MC,30,DS,What is the height of the streetlight in meters?,acceleration of the orange car = -2.86m/s^2,"t=0s, distance_orange_car_camera = 17.260m
t=1s, distance_orange_car_camera = 15.436m
t=1s, distance_green_car_camera = 10.250m
t=2s, distance_green_car_camera = 12.768m
distance_fire_hydrant_camera = 17.737m
distance_right_streetlight_camera = 17.594m
distance_left_streetlight_camera = 17.706m",4.12
1213,simulation_0052,simulation,A3MC,30,DD,What is the speed of the green car at 1.0s in m/s?,acceleration of the orange car = -2.86m/s^2,"t=0s, distance_orange_car_camera = 17.260m
t=1s, distance_orange_car_camera = 15.436m
t=1s, distance_green_car_camera = 10.250m
t=2s, distance_green_car_camera = 12.768m
distance_fire_hydrant_camera = 17.737m
distance_right_streetlight_camera = 17.594m
distance_left_streetlight_camera = 17.706m",9.265710308668156
1214,simulation_0052,simulation,A3MC,30,DS,What is the length of the orange car in meters?,acceleration of the orange car = -2.86m/s^2,"t=0s, distance_orange_car_camera = 17.260m
t=1s, distance_orange_car_camera = 15.436m
t=1s, distance_green_car_camera = 10.250m
t=2s, distance_green_car_camera = 12.768m
distance_fire_hydrant_camera = 17.737m
distance_right_streetlight_camera = 17.594m
distance_left_streetlight_camera = 17.706m",4.75
1215,simulation_0052,simulation,A3MC,30,DS,What is the height of the orange car in meters?,acceleration of the orange car = -2.86m/s^2,"t=0s, distance_orange_car_camera = 17.260m
t=1s, distance_orange_car_camera = 15.436m
t=1s, distance_green_car_camera = 10.250m
t=2s, distance_green_car_camera = 12.768m
distance_fire_hydrant_camera = 17.737m
distance_right_streetlight_camera = 17.594m
distance_left_streetlight_camera = 17.706m",1.38
1216,simulation_0052,simulation,A3MC,30,DS,What is the height of the curb along the road in meters?,acceleration of the orange car = -2.86m/s^2,"t=0s, distance_orange_car_camera = 17.260m
t=1s, distance_orange_car_camera = 15.436m
t=1s, distance_green_car_camera = 10.250m
t=2s, distance_green_car_camera = 12.768m
distance_fire_hydrant_camera = 17.737m
distance_right_streetlight_camera = 17.594m
distance_left_streetlight_camera = 17.706m",0.23
1217,simulation_0052,simulation,A3MC,30,DS,What is the height of the green car in meters?,acceleration of the orange car = -2.86m/s^2,"t=0s, distance_orange_car_camera = 17.260m
t=1s, distance_orange_car_camera = 15.436m
t=1s, distance_green_car_camera = 10.250m
t=2s, distance_green_car_camera = 12.768m
distance_fire_hydrant_camera = 17.737m
distance_right_streetlight_camera = 17.594m
distance_left_streetlight_camera = 17.706m",1.66
1218,simulation_0052,simulation,A3MC,30,DS,What is the length of the green car in meters?,acceleration of the orange car = -2.86m/s^2,"t=0s, distance_orange_car_camera = 17.260m
t=1s, distance_orange_car_camera = 15.436m
t=1s, distance_green_car_camera = 10.250m
t=2s, distance_green_car_camera = 12.768m
distance_fire_hydrant_camera = 17.737m
distance_right_streetlight_camera = 17.594m
distance_left_streetlight_camera = 17.706m",5.6
1219,simulation_0052,simulation,A3MC,30,DS,What is the distance between the right streetlight and the left streetlight in meters?,acceleration of the orange car = -2.86m/s^2,"t=0s, distance_orange_car_camera = 17.260m
t=1s, distance_orange_car_camera = 15.436m
t=1s, distance_green_car_camera = 10.250m
t=2s, distance_green_car_camera = 12.768m
distance_fire_hydrant_camera = 17.737m
distance_right_streetlight_camera = 17.594m
distance_left_streetlight_camera = 17.706m",7.36
1220,simulation_0055,simulation,A3MC,30,DS,What is the height of the fire hydrant in meters?,acceleration of the orange car = -2.86m/s^2,"t=0s, distance_orange_car_camera = 16.059m
t=1s, distance_orange_car_camera = 11.671m
t=0s, distance_human_camera = 8.313m
t=1s, distance_human_camera = 8.189m
distance_fire_hydrant_camera = 9.207m
distance_streetlight_camera = 8.901m",1.17
1221,simulation_0055,simulation,A3MC,30,DS,What is the height of the streetlight in meters?,acceleration of the orange car = -2.86m/s^2,"t=0s, distance_orange_car_camera = 16.059m
t=1s, distance_orange_car_camera = 11.671m
t=0s, distance_human_camera = 8.313m
t=1s, distance_human_camera = 8.189m
distance_fire_hydrant_camera = 9.207m
distance_streetlight_camera = 8.901m",4.85
1222,simulation_0055,simulation,A3MC,30,DS,What is the length of the orange car in meters?,acceleration of the orange car = -2.86m/s^2,"t=0s, distance_orange_car_camera = 16.059m
t=1s, distance_orange_car_camera = 11.671m
t=0s, distance_human_camera = 8.313m
t=1s, distance_human_camera = 8.189m
distance_fire_hydrant_camera = 9.207m
distance_streetlight_camera = 8.901m",5.6
1223,simulation_0055,simulation,A3MC,30,DS,What is the height of the orange car in meters?,acceleration of the orange car = -2.86m/s^2,"t=0s, distance_orange_car_camera = 16.059m
t=1s, distance_orange_car_camera = 11.671m
t=0s, distance_human_camera = 8.313m
t=1s, distance_human_camera = 8.189m
distance_fire_hydrant_camera = 9.207m
distance_streetlight_camera = 8.901m",1.6
1224,simulation_0055,simulation,A3MC,30,DS,What is the height of the curb along the road in meters?,acceleration of the orange car = -2.86m/s^2,"t=0s, distance_orange_car_camera = 16.059m
t=1s, distance_orange_car_camera = 11.671m
t=0s, distance_human_camera = 8.313m
t=1s, distance_human_camera = 8.189m
distance_fire_hydrant_camera = 9.207m
distance_streetlight_camera = 8.901m",0.09
1225,simulation_0055,simulation,A3MC,30,DD,What is the average walking speed of the person from 1.0s to 2.0s in m/s?,acceleration of the orange car = -2.86m/s^2,"t=0s, distance_orange_car_camera = 16.059m
t=1s, distance_orange_car_camera = 11.671m
t=0s, distance_human_camera = 8.313m
t=1s, distance_human_camera = 8.189m
distance_fire_hydrant_camera = 9.207m
distance_streetlight_camera = 8.901m",0.2874049315008135
1226,simulation_0055,simulation,A3MC,30,DS,What is the height of the person in meters?,acceleration of the orange car = -2.86m/s^2,"t=0s, distance_orange_car_camera = 16.059m
t=1s, distance_orange_car_camera = 11.671m
t=0s, distance_human_camera = 8.313m
t=1s, distance_human_camera = 8.189m
distance_fire_hydrant_camera = 9.207m
distance_streetlight_camera = 8.901m",2.03
1227,simulation_0056,simulation,A3MC,30,DS,What is the height of the fire hydrant in meters?,acceleration of the orange car = -2.86m/s^2,"t=0s, distance_orange_car_camera = 19.377m
t=1s, distance_orange_car_camera = 11.858m
t=0s, distance_green_car_camera = 28.684m
t=1s, distance_green_car_camera = 17.388m
t=0s, distance_human_camera = 4.786m
t=1s, distance_human_camera = 5.159m
distance_fire_hydrant_camera = 4.721m
distance_near_streetlight_camera = 5.201m
distance_far_streetlight_camera =13.174m",0.88
1228,simulation_0056,simulation,A3MC,30,DS,What is the height of the streetlight in meters?,acceleration of the orange car = -2.86m/s^2,"t=0s, distance_orange_car_camera = 19.377m
t=1s, distance_orange_car_camera = 11.858m
t=0s, distance_green_car_camera = 28.684m
t=1s, distance_green_car_camera = 17.388m
t=0s, distance_human_camera = 4.786m
t=1s, distance_human_camera = 5.159m
distance_fire_hydrant_camera = 4.721m
distance_near_streetlight_camera = 5.201m
distance_far_streetlight_camera =13.174m",3.2
1229,simulation_0056,simulation,A3MC,30,DD,What is the average speed of the green car from 0.0s to 1.0s in m/s?,acceleration of the orange car = -2.86m/s^2,"t=0s, distance_orange_car_camera = 19.377m
t=1s, distance_orange_car_camera = 11.858m
t=0s, distance_green_car_camera = 28.684m
t=1s, distance_green_car_camera = 17.388m
t=0s, distance_human_camera = 4.786m
t=1s, distance_human_camera = 5.159m
distance_fire_hydrant_camera = 4.721m
distance_near_streetlight_camera = 5.201m
distance_far_streetlight_camera =13.174m",12.126294788794842
1230,simulation_0056,simulation,A3MC,30,DS,What is the width of the orange car in meters?,acceleration of the orange car = -2.86m/s^2,"t=0s, distance_orange_car_camera = 19.377m
t=1s, distance_orange_car_camera = 11.858m
t=0s, distance_green_car_camera = 28.684m
t=1s, distance_green_car_camera = 17.388m
t=0s, distance_human_camera = 4.786m
t=1s, distance_human_camera = 5.159m
distance_fire_hydrant_camera = 4.721m
distance_near_streetlight_camera = 5.201m
distance_far_streetlight_camera =13.174m",1.89
1231,simulation_0056,simulation,A3MC,30,DS,What is the width of the green car in meters?,acceleration of the orange car = -2.86m/s^2,"t=0s, distance_orange_car_camera = 19.377m
t=1s, distance_orange_car_camera = 11.858m
t=0s, distance_green_car_camera = 28.684m
t=1s, distance_green_car_camera = 17.388m
t=0s, distance_human_camera = 4.786m
t=1s, distance_human_camera = 5.159m
distance_fire_hydrant_camera = 4.721m
distance_near_streetlight_camera = 5.201m
distance_far_streetlight_camera =13.174m",1.8
1232,simulation_0056,simulation,A3MC,30,DS,What is the distance between the right streetlight and the left streetlight in meters?,acceleration of the orange car = -2.86m/s^2,"t=0s, distance_orange_car_camera = 19.377m
t=1s, distance_orange_car_camera = 11.858m
t=0s, distance_green_car_camera = 28.684m
t=1s, distance_green_car_camera = 17.388m
t=0s, distance_human_camera = 4.786m
t=1s, distance_human_camera = 5.159m
distance_fire_hydrant_camera = 4.721m
distance_near_streetlight_camera = 5.201m
distance_far_streetlight_camera =13.174m",8.1
1233,simulation_0058,simulation,A3MC,24,DD,What is the speed of the yellow car at 2.5s in m/s?,acceleration of the white car = 4m/s^2,"t=0.58s, distance_human_camera = 18.7297m
t=1.58s, distance_human_camera = 17.6974m
t=0.58s, distance_yellow_car_camera = 25.7041m
t=1.58s, distance_yellow_car_camera = 22.2916m
t=0.58s, distance_white_car_camera = 31.0700m
t=1.58s, distance_white_car_camera = 29.9182m
t=0.58s, distance_bike_camera = 27.8122m
t=1.58s, distance_bike_camera = 27.1221m",3.661214668921148
1234,simulation_0058,simulation,A3MC,24,DS,What is the width of the lane in meters?,acceleration of the white car = 4m/s^2,"t=0.58s, distance_human_camera = 18.7297m
t=1.58s, distance_human_camera = 17.6974m
t=0.58s, distance_yellow_car_camera = 25.7041m
t=1.58s, distance_yellow_car_camera = 22.2916m
t=0.58s, distance_white_car_camera = 31.0700m
t=1.58s, distance_white_car_camera = 29.9182m
t=0.58s, distance_bike_camera = 27.8122m
t=1.58s, distance_bike_camera = 27.1221m",6.0
1235,simulation_0058,simulation,A3MC,24,DS,What is the length of the white car in meters?,acceleration of the white car = 4m/s^2,"t=0.58s, distance_human_camera = 18.7297m
t=1.58s, distance_human_camera = 17.6974m
t=0.58s, distance_yellow_car_camera = 25.7041m
t=1.58s, distance_yellow_car_camera = 22.2916m
t=0.58s, distance_white_car_camera = 31.0700m
t=1.58s, distance_white_car_camera = 29.9182m
t=0.58s, distance_bike_camera = 27.8122m
t=1.58s, distance_bike_camera = 27.1221m",5.4
1236,simulation_0058,simulation,A3MC,24,DS,What is the length of the turning yellow car in meters?,acceleration of the white car = 4m/s^2,"t=0.58s, distance_human_camera = 18.7297m
t=1.58s, distance_human_camera = 17.6974m
t=0.58s, distance_yellow_car_camera = 25.7041m
t=1.58s, distance_yellow_car_camera = 22.2916m
t=0.58s, distance_white_car_camera = 31.0700m
t=1.58s, distance_white_car_camera = 29.9182m
t=0.58s, distance_bike_camera = 27.8122m
t=1.58s, distance_bike_camera = 27.1221m",4.8
1237,simulation_0058,simulation,A3MC,24,DS,What is the height of the turning yellow car in meters?,acceleration of the white car = 4m/s^2,"t=0.58s, distance_human_camera = 18.7297m
t=1.58s, distance_human_camera = 17.6974m
t=0.58s, distance_yellow_car_camera = 25.7041m
t=1.58s, distance_yellow_car_camera = 22.2916m
t=0.58s, distance_white_car_camera = 31.0700m
t=1.58s, distance_white_car_camera = 29.9182m
t=0.58s, distance_bike_camera = 27.8122m
t=1.58s, distance_bike_camera = 27.1221m",1.43
1238,simulation_0058,simulation,A3MC,24,DS,What is the diameter of the bicycle wheel in meters?,acceleration of the white car = 4m/s^2,"t=0.58s, distance_human_camera = 18.7297m
t=1.58s, distance_human_camera = 17.6974m
t=0.58s, distance_yellow_car_camera = 25.7041m
t=1.58s, distance_yellow_car_camera = 22.2916m
t=0.58s, distance_white_car_camera = 31.0700m
t=1.58s, distance_white_car_camera = 29.9182m
t=0.58s, distance_bike_camera = 27.8122m
t=1.58s, distance_bike_camera = 27.1221m",0.61
1239,simulation_0058,simulation,A3MC,24,DS,What is the height of the streetlight in meters?,acceleration of the white car = 4m/s^2,"t=0.58s, distance_human_camera = 18.7297m
t=1.58s, distance_human_camera = 17.6974m
t=0.58s, distance_yellow_car_camera = 25.7041m
t=1.58s, distance_yellow_car_camera = 22.2916m
t=0.58s, distance_white_car_camera = 31.0700m
t=1.58s, distance_white_car_camera = 29.9182m
t=0.58s, distance_bike_camera = 27.8122m
t=1.58s, distance_bike_camera = 27.1221m",3.25
1240,simulation_0058,simulation,A3MC,24,DD,What is the speed of the walking pedestrian from 0.0s to 1.0s in m/s?,acceleration of the white car = 4m/s^2,"t=0.58s, distance_human_camera = 18.7297m
t=1.58s, distance_human_camera = 17.6974m
t=0.58s, distance_yellow_car_camera = 25.7041m
t=1.58s, distance_yellow_car_camera = 22.2916m
t=0.58s, distance_white_car_camera = 31.0700m
t=1.58s, distance_white_car_camera = 29.9182m
t=0.58s, distance_bike_camera = 27.8122m
t=1.58s, distance_bike_camera = 27.1221m",1.116302902541162
1241,simulation_0058,simulation,A3MC,24,DS,What is the height of the walking pedestrian in meters?,acceleration of the white car = 4m/s^2,"t=0.58s, distance_human_camera = 18.7297m
t=1.58s, distance_human_camera = 17.6974m
t=0.58s, distance_yellow_car_camera = 25.7041m
t=1.58s, distance_yellow_car_camera = 22.2916m
t=0.58s, distance_white_car_camera = 31.0700m
t=1.58s, distance_white_car_camera = 29.9182m
t=0.58s, distance_bike_camera = 27.8122m
t=1.58s, distance_bike_camera = 27.1221m",1.72
1242,simulation_0058,simulation,A3MC,24,DD,What is the speed of the bicycle from the beginning to the end in m/s?,acceleration of the white car = 4m/s^2,"t=0.58s, distance_human_camera = 18.7297m
t=1.58s, distance_human_camera = 17.6974m
t=0.58s, distance_yellow_car_camera = 25.7041m
t=1.58s, distance_yellow_car_camera = 22.2916m
t=0.58s, distance_white_car_camera = 31.0700m
t=1.58s, distance_white_car_camera = 29.9182m
t=0.58s, distance_bike_camera = 27.8122m
t=1.58s, distance_bike_camera = 27.1221m",5.005558016233761
1243,simulation_0058,simulation,A3MC,24,DS,What is the width of the green car in meters?,acceleration of the white car = 4m/s^2,"t=0.58s, distance_human_camera = 18.7297m
t=1.58s, distance_human_camera = 17.6974m
t=0.58s, distance_yellow_car_camera = 25.7041m
t=1.58s, distance_yellow_car_camera = 22.2916m
t=0.58s, distance_white_car_camera = 31.0700m
t=1.58s, distance_white_car_camera = 29.9182m
t=0.58s, distance_bike_camera = 27.8122m
t=1.58s, distance_bike_camera = 27.1221m",1.95
1244,simulation_0058,simulation,A3MC,24,DS,What is the width of the purple car in meters?,acceleration of the white car = 4m/s^2,"t=0.58s, distance_human_camera = 18.7297m
t=1.58s, distance_human_camera = 17.6974m
t=0.58s, distance_yellow_car_camera = 25.7041m
t=1.58s, distance_yellow_car_camera = 22.2916m
t=0.58s, distance_white_car_camera = 31.0700m
t=1.58s, distance_white_car_camera = 29.9182m
t=0.58s, distance_bike_camera = 27.8122m
t=1.58s, distance_bike_camera = 27.1221m",1.75
1245,simulation_0059,simulation,A3MC,24,DD,What is the speed of the yellow car at 2.5s in m/s?,acceleration of the white car = 4m/s^2,"t=0.58s, distance_human_camera = 30.9678m
t=1.58s, distance_human_camera = 29.8174m
t=0.58s, distance_yellow_car_camera = 38.5961m
t=1.58s, distance_yellow_car_camera = 35.3917m
t=0.58s, distance_white_car_camera = 43.8120m
t=1.58s, distance_white_car_camera = 43.0028m
t=0.58s, distance_bike_camera = 40.8706m
t=1.58s, distance_bike_camera = 40.4042m",3.26696272232289
1246,simulation_0059,simulation,A3MC,24,DS,What is the width of the lane in meters?,acceleration of the white car = 4m/s^2,"t=0.58s, distance_human_camera = 30.9678m
t=1.58s, distance_human_camera = 29.8174m
t=0.58s, distance_yellow_car_camera = 38.5961m
t=1.58s, distance_yellow_car_camera = 35.3917m
t=0.58s, distance_white_car_camera = 43.8120m
t=1.58s, distance_white_car_camera = 43.0028m
t=0.58s, distance_bike_camera = 40.8706m
t=1.58s, distance_bike_camera = 40.4042m",6.2
1247,simulation_0059,simulation,A3MC,24,DS,What is the length of the white car in meters?,acceleration of the white car = 4m/s^2,"t=0.58s, distance_human_camera = 30.9678m
t=1.58s, distance_human_camera = 29.8174m
t=0.58s, distance_yellow_car_camera = 38.5961m
t=1.58s, distance_yellow_car_camera = 35.3917m
t=0.58s, distance_white_car_camera = 43.8120m
t=1.58s, distance_white_car_camera = 43.0028m
t=0.58s, distance_bike_camera = 40.8706m
t=1.58s, distance_bike_camera = 40.4042m",5.7
1248,simulation_0059,simulation,A3MC,24,DS,What is the length of the turning yellow car in meters?,acceleration of the white car = 4m/s^2,"t=0.58s, distance_human_camera = 30.9678m
t=1.58s, distance_human_camera = 29.8174m
t=0.58s, distance_yellow_car_camera = 38.5961m
t=1.58s, distance_yellow_car_camera = 35.3917m
t=0.58s, distance_white_car_camera = 43.8120m
t=1.58s, distance_white_car_camera = 43.0028m
t=0.58s, distance_bike_camera = 40.8706m
t=1.58s, distance_bike_camera = 40.4042m",5.15
1249,simulation_0059,simulation,A3MC,24,DS,What is the height of the turning yellow car in meters?,acceleration of the white car = 4m/s^2,"t=0.58s, distance_human_camera = 30.9678m
t=1.58s, distance_human_camera = 29.8174m
t=0.58s, distance_yellow_car_camera = 38.5961m
t=1.58s, distance_yellow_car_camera = 35.3917m
t=0.58s, distance_white_car_camera = 43.8120m
t=1.58s, distance_white_car_camera = 43.0028m
t=0.58s, distance_bike_camera = 40.8706m
t=1.58s, distance_bike_camera = 40.4042m",1.4
1250,simulation_0059,simulation,A3MC,24,DS,What is the diameter of the bicycle wheel in meters?,acceleration of the white car = 4m/s^2,"t=0.58s, distance_human_camera = 30.9678m
t=1.58s, distance_human_camera = 29.8174m
t=0.58s, distance_yellow_car_camera = 38.5961m
t=1.58s, distance_yellow_car_camera = 35.3917m
t=0.58s, distance_white_car_camera = 43.8120m
t=1.58s, distance_white_car_camera = 43.0028m
t=0.58s, distance_bike_camera = 40.8706m
t=1.58s, distance_bike_camera = 40.4042m",0.6
1251,simulation_0059,simulation,A3MC,24,DS,What is the height of the traffic light in meters?,acceleration of the white car = 4m/s^2,"t=0.58s, distance_human_camera = 30.9678m
t=1.58s, distance_human_camera = 29.8174m
t=0.58s, distance_yellow_car_camera = 38.5961m
t=1.58s, distance_yellow_car_camera = 35.3917m
t=0.58s, distance_white_car_camera = 43.8120m
t=1.58s, distance_white_car_camera = 43.0028m
t=0.58s, distance_bike_camera = 40.8706m
t=1.58s, distance_bike_camera = 40.4042m",3.8
1252,simulation_0059,simulation,A3MC,24,DS,What is the height of the streetlight in meters?,acceleration of the white car = 4m/s^2,"t=0.58s, distance_human_camera = 30.9678m
t=1.58s, distance_human_camera = 29.8174m
t=0.58s, distance_yellow_car_camera = 38.5961m
t=1.58s, distance_yellow_car_camera = 35.3917m
t=0.58s, distance_white_car_camera = 43.8120m
t=1.58s, distance_white_car_camera = 43.0028m
t=0.58s, distance_bike_camera = 40.8706m
t=1.58s, distance_bike_camera = 40.4042m",3.0
1253,simulation_0059,simulation,A3MC,24,DD,What is the speed of the walking pedestrian from the beginning to the end in m/s?,acceleration of the white car = 4m/s^2,"t=0.58s, distance_human_camera = 30.9678m
t=1.58s, distance_human_camera = 29.8174m
t=0.58s, distance_yellow_car_camera = 38.5961m
t=1.58s, distance_yellow_car_camera = 35.3917m
t=0.58s, distance_white_car_camera = 43.8120m
t=1.58s, distance_white_car_camera = 43.0028m
t=0.58s, distance_bike_camera = 40.8706m
t=1.58s, distance_bike_camera = 40.4042m",1.2092244138433637
1254,simulation_0059,simulation,A3MC,24,DS,What is the height of the walking pedestrian in meters?,acceleration of the white car = 4m/s^2,"t=0.58s, distance_human_camera = 30.9678m
t=1.58s, distance_human_camera = 29.8174m
t=0.58s, distance_yellow_car_camera = 38.5961m
t=1.58s, distance_yellow_car_camera = 35.3917m
t=0.58s, distance_white_car_camera = 43.8120m
t=1.58s, distance_white_car_camera = 43.0028m
t=0.58s, distance_bike_camera = 40.8706m
t=1.58s, distance_bike_camera = 40.4042m",1.45
1255,simulation_0059,simulation,A3MC,24,DD,What is the speed of the bicycle from the beginning to the end in m/s?,acceleration of the white car = 4m/s^2,"t=0.58s, distance_human_camera = 30.9678m
t=1.58s, distance_human_camera = 29.8174m
t=0.58s, distance_yellow_car_camera = 38.5961m
t=1.58s, distance_yellow_car_camera = 35.3917m
t=0.58s, distance_white_car_camera = 43.8120m
t=1.58s, distance_white_car_camera = 43.0028m
t=0.58s, distance_bike_camera = 40.8706m
t=1.58s, distance_bike_camera = 40.4042m",5.40541490699019
1256,simulation_0059,simulation,A3MC,24,DS,What is the width of the green car in meters?,acceleration of the white car = 4m/s^2,"t=0.58s, distance_human_camera = 30.9678m
t=1.58s, distance_human_camera = 29.8174m
t=0.58s, distance_yellow_car_camera = 38.5961m
t=1.58s, distance_yellow_car_camera = 35.3917m
t=0.58s, distance_white_car_camera = 43.8120m
t=1.58s, distance_white_car_camera = 43.0028m
t=0.58s, distance_bike_camera = 40.8706m
t=1.58s, distance_bike_camera = 40.4042m",1.9
1257,simulation_0059,simulation,A3MC,24,DS,What is the width of the purple car in meters?,acceleration of the white car = 4m/s^2,"t=0.58s, distance_human_camera = 30.9678m
t=1.58s, distance_human_camera = 29.8174m
t=0.58s, distance_yellow_car_camera = 38.5961m
t=1.58s, distance_yellow_car_camera = 35.3917m
t=0.58s, distance_white_car_camera = 43.8120m
t=1.58s, distance_white_car_camera = 43.0028m
t=0.58s, distance_bike_camera = 40.8706m
t=1.58s, distance_bike_camera = 40.4042m",1.7
1258,simulation_0060,simulation,A3MC,24,DD,What is the speed of the yellow car at 2.5s in m/s?,acceleration of the white car = 4m/s^2,"t=0.58s, distance_human_camera = 34.4785m
t=1.58s, distance_human_camera = 35.6486m
t=0.58s, distance_yellow_car_camera = 26.2275m
t=1.58s, distance_yellow_car_camera = 28.4240m
t=0.58s, distance_white_car_camera = 22.7254m
t=1.58s, distance_white_car_camera = 21.5370m
t=0.58s, distance_bike_camera = 23.5534m
t=1.58s, distance_bike_camera = 23.2262m",2.2828441689174026
1259,simulation_0060,simulation,A3MC,24,DS,What is the width of the lane in meters?,acceleration of the white car = 4m/s^2,"t=0.58s, distance_human_camera = 34.4785m
t=1.58s, distance_human_camera = 35.6486m
t=0.58s, distance_yellow_car_camera = 26.2275m
t=1.58s, distance_yellow_car_camera = 28.4240m
t=0.58s, distance_white_car_camera = 22.7254m
t=1.58s, distance_white_car_camera = 21.5370m
t=0.58s, distance_bike_camera = 23.5534m
t=1.58s, distance_bike_camera = 23.2262m",6.0
1260,simulation_0060,simulation,A3MC,24,DS,What is the length of the white car in meters?,acceleration of the white car = 4m/s^2,"t=0.58s, distance_human_camera = 34.4785m
t=1.58s, distance_human_camera = 35.6486m
t=0.58s, distance_yellow_car_camera = 26.2275m
t=1.58s, distance_yellow_car_camera = 28.4240m
t=0.58s, distance_white_car_camera = 22.7254m
t=1.58s, distance_white_car_camera = 21.5370m
t=0.58s, distance_bike_camera = 23.5534m
t=1.58s, distance_bike_camera = 23.2262m",6.5
1261,simulation_0060,simulation,A3MC,24,DS,What is the length of the turning yellow car in meters?,acceleration of the white car = 4m/s^2,"t=0.58s, distance_human_camera = 34.4785m
t=1.58s, distance_human_camera = 35.6486m
t=0.58s, distance_yellow_car_camera = 26.2275m
t=1.58s, distance_yellow_car_camera = 28.4240m
t=0.58s, distance_white_car_camera = 22.7254m
t=1.58s, distance_white_car_camera = 21.5370m
t=0.58s, distance_bike_camera = 23.5534m
t=1.58s, distance_bike_camera = 23.2262m",5.4
1262,simulation_0060,simulation,A3MC,24,DS,What is the height of the turning yellow car in meters?,acceleration of the white car = 4m/s^2,"t=0.58s, distance_human_camera = 34.4785m
t=1.58s, distance_human_camera = 35.6486m
t=0.58s, distance_yellow_car_camera = 26.2275m
t=1.58s, distance_yellow_car_camera = 28.4240m
t=0.58s, distance_white_car_camera = 22.7254m
t=1.58s, distance_white_car_camera = 21.5370m
t=0.58s, distance_bike_camera = 23.5534m
t=1.58s, distance_bike_camera = 23.2262m",1.4
1263,simulation_0060,simulation,A3MC,24,DS,What is the diameter of the bicycle wheel in meters?,acceleration of the white car = 4m/s^2,"t=0.58s, distance_human_camera = 34.4785m
t=1.58s, distance_human_camera = 35.6486m
t=0.58s, distance_yellow_car_camera = 26.2275m
t=1.58s, distance_yellow_car_camera = 28.4240m
t=0.58s, distance_white_car_camera = 22.7254m
t=1.58s, distance_white_car_camera = 21.5370m
t=0.58s, distance_bike_camera = 23.5534m
t=1.58s, distance_bike_camera = 23.2262m",0.67
1264,simulation_0060,simulation,A3MC,24,DD,What is the speed of the walking pedestrian from the beginning to the end in m/s?,acceleration of the white car = 4m/s^2,"t=0.58s, distance_human_camera = 34.4785m
t=1.58s, distance_human_camera = 35.6486m
t=0.58s, distance_yellow_car_camera = 26.2275m
t=1.58s, distance_yellow_car_camera = 28.4240m
t=0.58s, distance_white_car_camera = 22.7254m
t=1.58s, distance_white_car_camera = 21.5370m
t=0.58s, distance_bike_camera = 23.5534m
t=1.58s, distance_bike_camera = 23.2262m",1.197470072842858
1265,simulation_0060,simulation,A3MC,24,DS,What is the height of the walking pedestrian in meters?,acceleration of the white car = 4m/s^2,"t=0.58s, distance_human_camera = 34.4785m
t=1.58s, distance_human_camera = 35.6486m
t=0.58s, distance_yellow_car_camera = 26.2275m
t=1.58s, distance_yellow_car_camera = 28.4240m
t=0.58s, distance_white_car_camera = 22.7254m
t=1.58s, distance_white_car_camera = 21.5370m
t=0.58s, distance_bike_camera = 23.5534m
t=1.58s, distance_bike_camera = 23.2262m",1.65
1266,simulation_0060,simulation,A3MC,24,DD,What is the average speed of the bicycle from the beginning to the end in m/s?,acceleration of the white car = 4m/s^2,"t=0.58s, distance_human_camera = 34.4785m
t=1.58s, distance_human_camera = 35.6486m
t=0.58s, distance_yellow_car_camera = 26.2275m
t=1.58s, distance_yellow_car_camera = 28.4240m
t=0.58s, distance_white_car_camera = 22.7254m
t=1.58s, distance_white_car_camera = 21.5370m
t=0.58s, distance_bike_camera = 23.5534m
t=1.58s, distance_bike_camera = 23.2262m",5.169342336572602
1267,simulation_0060,simulation,A3MC,24,DS,What is the width of the green car in meters?,acceleration of the white car = 4m/s^2,"t=0.58s, distance_human_camera = 34.4785m
t=1.58s, distance_human_camera = 35.6486m
t=0.58s, distance_yellow_car_camera = 26.2275m
t=1.58s, distance_yellow_car_camera = 28.4240m
t=0.58s, distance_white_car_camera = 22.7254m
t=1.58s, distance_white_car_camera = 21.5370m
t=0.58s, distance_bike_camera = 23.5534m
t=1.58s, distance_bike_camera = 23.2262m",2.0
1268,simulation_0060,simulation,A3MC,24,DS,What is the width of the purple car in meters?,acceleration of the white car = 4m/s^2,"t=0.58s, distance_human_camera = 34.4785m
t=1.58s, distance_human_camera = 35.6486m
t=0.58s, distance_yellow_car_camera = 26.2275m
t=1.58s, distance_yellow_car_camera = 28.4240m
t=0.58s, distance_white_car_camera = 22.7254m
t=1.58s, distance_white_car_camera = 21.5370m
t=0.58s, distance_bike_camera = 23.5534m
t=1.58s, distance_bike_camera = 23.2262m",1.9
1269,simulation_0061,simulation,A3MC,24,DD,What is the speed of the yellow car at 2.5s in m/s?,acceleration of the white car = 4m/s^2,"t=0.58s, distance_human_camera = 33.4337m
t=1.58s, distance_human_camera = 32.4161m
t=0.58s, distance_yellow_car_camera = 40.1000m
t=1.58s, distance_yellow_car_camera = 36.4347m
t=0.58s, distance_white_car_camera = 45.5234m
t=1.58s, distance_white_car_camera = 43.9499m
t=0.58s, distance_bike_camera = 41.9010m
t=1.58s, distance_bike_camera = 40.3415m",4.1017781176797055
1270,simulation_0061,simulation,A3MC,24,DS,What is the width of the lane in meters?,acceleration of the white car = 4m/s^2,"t=0.58s, distance_human_camera = 33.4337m
t=1.58s, distance_human_camera = 32.4161m
t=0.58s, distance_yellow_car_camera = 40.1000m
t=1.58s, distance_yellow_car_camera = 36.4347m
t=0.58s, distance_white_car_camera = 45.5234m
t=1.58s, distance_white_car_camera = 43.9499m
t=0.58s, distance_bike_camera = 41.9010m
t=1.58s, distance_bike_camera = 40.3415m",4.9
1271,simulation_0061,simulation,A3MC,24,DS,What is the length of the white car in meters?,acceleration of the white car = 4m/s^2,"t=0.58s, distance_human_camera = 33.4337m
t=1.58s, distance_human_camera = 32.4161m
t=0.58s, distance_yellow_car_camera = 40.1000m
t=1.58s, distance_yellow_car_camera = 36.4347m
t=0.58s, distance_white_car_camera = 45.5234m
t=1.58s, distance_white_car_camera = 43.9499m
t=0.58s, distance_bike_camera = 41.9010m
t=1.58s, distance_bike_camera = 40.3415m",5.7
1272,simulation_0061,simulation,A3MC,24,DS,What is the length of the turning yellow car in meters?,acceleration of the white car = 4m/s^2,"t=0.58s, distance_human_camera = 33.4337m
t=1.58s, distance_human_camera = 32.4161m
t=0.58s, distance_yellow_car_camera = 40.1000m
t=1.58s, distance_yellow_car_camera = 36.4347m
t=0.58s, distance_white_car_camera = 45.5234m
t=1.58s, distance_white_car_camera = 43.9499m
t=0.58s, distance_bike_camera = 41.9010m
t=1.58s, distance_bike_camera = 40.3415m",5.0
1273,simulation_0061,simulation,A3MC,24,DS,What is the height of the turning yellow car in meters?,acceleration of the white car = 4m/s^2,"t=0.58s, distance_human_camera = 33.4337m
t=1.58s, distance_human_camera = 32.4161m
t=0.58s, distance_yellow_car_camera = 40.1000m
t=1.58s, distance_yellow_car_camera = 36.4347m
t=0.58s, distance_white_car_camera = 45.5234m
t=1.58s, distance_white_car_camera = 43.9499m
t=0.58s, distance_bike_camera = 41.9010m
t=1.58s, distance_bike_camera = 40.3415m",1.5
1274,simulation_0061,simulation,A3MC,24,DS,What is the diameter of the bicycle wheel in meters?,acceleration of the white car = 4m/s^2,"t=0.58s, distance_human_camera = 33.4337m
t=1.58s, distance_human_camera = 32.4161m
t=0.58s, distance_yellow_car_camera = 40.1000m
t=1.58s, distance_yellow_car_camera = 36.4347m
t=0.58s, distance_white_car_camera = 45.5234m
t=1.58s, distance_white_car_camera = 43.9499m
t=0.58s, distance_bike_camera = 41.9010m
t=1.58s, distance_bike_camera = 40.3415m",0.64
1275,simulation_0061,simulation,A3MC,24,DS,What is the height of the traffic light in meters?,acceleration of the white car = 4m/s^2,"t=0.58s, distance_human_camera = 33.4337m
t=1.58s, distance_human_camera = 32.4161m
t=0.58s, distance_yellow_car_camera = 40.1000m
t=1.58s, distance_yellow_car_camera = 36.4347m
t=0.58s, distance_white_car_camera = 45.5234m
t=1.58s, distance_white_car_camera = 43.9499m
t=0.58s, distance_bike_camera = 41.9010m
t=1.58s, distance_bike_camera = 40.3415m",5.1
1276,simulation_0061,simulation,A3MC,24,DS,What is the height of the streetlight in meters?,acceleration of the white car = 4m/s^2,"t=0.58s, distance_human_camera = 33.4337m
t=1.58s, distance_human_camera = 32.4161m
t=0.58s, distance_yellow_car_camera = 40.1000m
t=1.58s, distance_yellow_car_camera = 36.4347m
t=0.58s, distance_white_car_camera = 45.5234m
t=1.58s, distance_white_car_camera = 43.9499m
t=0.58s, distance_bike_camera = 41.9010m
t=1.58s, distance_bike_camera = 40.3415m",3.35
1277,simulation_0061,simulation,A3MC,24,DD,What is the average speed of the walking pedestrian from the beginning to the end in m/s?,acceleration of the white car = 4m/s^2,"t=0.58s, distance_human_camera = 33.4337m
t=1.58s, distance_human_camera = 32.4161m
t=0.58s, distance_yellow_car_camera = 40.1000m
t=1.58s, distance_yellow_car_camera = 36.4347m
t=0.58s, distance_white_car_camera = 45.5234m
t=1.58s, distance_white_car_camera = 43.9499m
t=0.58s, distance_bike_camera = 41.9010m
t=1.58s, distance_bike_camera = 40.3415m",1.1894080164045635
1278,simulation_0061,simulation,A3MC,24,DS,What is the height of the walking pedestrian in meters?,acceleration of the white car = 4m/s^2,"t=0.58s, distance_human_camera = 33.4337m
t=1.58s, distance_human_camera = 32.4161m
t=0.58s, distance_yellow_car_camera = 40.1000m
t=1.58s, distance_yellow_car_camera = 36.4347m
t=0.58s, distance_white_car_camera = 45.5234m
t=1.58s, distance_white_car_camera = 43.9499m
t=0.58s, distance_bike_camera = 41.9010m
t=1.58s, distance_bike_camera = 40.3415m",1.85
1279,simulation_0061,simulation,A3MC,24,DD,What is the average speed of the bicycle from the beginning to the end in m/s?,acceleration of the white car = 4m/s^2,"t=0.58s, distance_human_camera = 33.4337m
t=1.58s, distance_human_camera = 32.4161m
t=0.58s, distance_yellow_car_camera = 40.1000m
t=1.58s, distance_yellow_car_camera = 36.4347m
t=0.58s, distance_white_car_camera = 45.5234m
t=1.58s, distance_white_car_camera = 43.9499m
t=0.58s, distance_bike_camera = 41.9010m
t=1.58s, distance_bike_camera = 40.3415m",5.517221426437783
1280,simulation_0062,simulation,A3MC,24,DD,What is the average speed of the yellow car at 2.5s in m/s?,acceleration of the white car = 4m/s^2,"t=0.58s, distance_human_camera = 17.2804m
t=1.58s, distance_human_camera = 16.1558m
t=0.58s, distance_yellow_car_camera = 24.8550m
t=1.58s, distance_yellow_car_camera = 21.7231m
t=0.58s, distance_white_car_camera = 30.0650m
t=1.58s, distance_white_car_camera = 29.3069m
t=0.58s, distance_bike_camera = 27.1687m
t=1.58s, distance_bike_camera = 27.0656m",3.173373430879648
1281,simulation_0062,simulation,A3MC,24,DS,What is the width of the lane in meters?,acceleration of the white car = 4m/s^2,"t=0.58s, distance_human_camera = 17.2804m
t=1.58s, distance_human_camera = 16.1558m
t=0.58s, distance_yellow_car_camera = 24.8550m
t=1.58s, distance_yellow_car_camera = 21.7231m
t=0.58s, distance_white_car_camera = 30.0650m
t=1.58s, distance_white_car_camera = 29.3069m
t=0.58s, distance_bike_camera = 27.1687m
t=1.58s, distance_bike_camera = 27.0656m",8.0
1282,simulation_0062,simulation,A3MC,24,DS,What is the height of the white car in meters?,acceleration of the white car = 4m/s^2,"t=0.58s, distance_human_camera = 17.2804m
t=1.58s, distance_human_camera = 16.1558m
t=0.58s, distance_yellow_car_camera = 24.8550m
t=1.58s, distance_yellow_car_camera = 21.7231m
t=0.58s, distance_white_car_camera = 30.0650m
t=1.58s, distance_white_car_camera = 29.3069m
t=0.58s, distance_bike_camera = 27.1687m
t=1.58s, distance_bike_camera = 27.0656m",2.2
1283,simulation_0062,simulation,A3MC,24,DS,What is the length of the white car in meters?,acceleration of the white car = 4m/s^2,"t=0.58s, distance_human_camera = 17.2804m
t=1.58s, distance_human_camera = 16.1558m
t=0.58s, distance_yellow_car_camera = 24.8550m
t=1.58s, distance_yellow_car_camera = 21.7231m
t=0.58s, distance_white_car_camera = 30.0650m
t=1.58s, distance_white_car_camera = 29.3069m
t=0.58s, distance_bike_camera = 27.1687m
t=1.58s, distance_bike_camera = 27.0656m",6.2
1284,simulation_0062,simulation,A3MC,24,DS,What is the length of the turning yellow car in meters?,acceleration of the white car = 4m/s^2,"t=0.58s, distance_human_camera = 17.2804m
t=1.58s, distance_human_camera = 16.1558m
t=0.58s, distance_yellow_car_camera = 24.8550m
t=1.58s, distance_yellow_car_camera = 21.7231m
t=0.58s, distance_white_car_camera = 30.0650m
t=1.58s, distance_white_car_camera = 29.3069m
t=0.58s, distance_bike_camera = 27.1687m
t=1.58s, distance_bike_camera = 27.0656m",5.3
1285,simulation_0062,simulation,A3MC,24,DS,What is the height of the turning yellow car in meters?,acceleration of the white car = 4m/s^2,"t=0.58s, distance_human_camera = 17.2804m
t=1.58s, distance_human_camera = 16.1558m
t=0.58s, distance_yellow_car_camera = 24.8550m
t=1.58s, distance_yellow_car_camera = 21.7231m
t=0.58s, distance_white_car_camera = 30.0650m
t=1.58s, distance_white_car_camera = 29.3069m
t=0.58s, distance_bike_camera = 27.1687m
t=1.58s, distance_bike_camera = 27.0656m",1.45
1286,simulation_0062,simulation,A3MC,24,DS,What is the width of the turning yellow car in meters?,acceleration of the white car = 4m/s^2,"t=0.58s, distance_human_camera = 17.2804m
t=1.58s, distance_human_camera = 16.1558m
t=0.58s, distance_yellow_car_camera = 24.8550m
t=1.58s, distance_yellow_car_camera = 21.7231m
t=0.58s, distance_white_car_camera = 30.0650m
t=1.58s, distance_white_car_camera = 29.3069m
t=0.58s, distance_bike_camera = 27.1687m
t=1.58s, distance_bike_camera = 27.0656m",1.9
1287,simulation_0062,simulation,A3MC,24,DS,What is the diameter of the bicycle wheel in meters?,acceleration of the white car = 4m/s^2,"t=0.58s, distance_human_camera = 17.2804m
t=1.58s, distance_human_camera = 16.1558m
t=0.58s, distance_yellow_car_camera = 24.8550m
t=1.58s, distance_yellow_car_camera = 21.7231m
t=0.58s, distance_white_car_camera = 30.0650m
t=1.58s, distance_white_car_camera = 29.3069m
t=0.58s, distance_bike_camera = 27.1687m
t=1.58s, distance_bike_camera = 27.0656m",0.65
1288,simulation_0062,simulation,A3MC,24,DS,What is the height of the traffic light in meters?,acceleration of the white car = 4m/s^2,"t=0.58s, distance_human_camera = 17.2804m
t=1.58s, distance_human_camera = 16.1558m
t=0.58s, distance_yellow_car_camera = 24.8550m
t=1.58s, distance_yellow_car_camera = 21.7231m
t=0.58s, distance_white_car_camera = 30.0650m
t=1.58s, distance_white_car_camera = 29.3069m
t=0.58s, distance_bike_camera = 27.1687m
t=1.58s, distance_bike_camera = 27.0656m",5.2
1289,simulation_0062,simulation,A3MC,24,DS,What is the height of the streetlight in meters?,acceleration of the white car = 4m/s^2,"t=0.58s, distance_human_camera = 17.2804m
t=1.58s, distance_human_camera = 16.1558m
t=0.58s, distance_yellow_car_camera = 24.8550m
t=1.58s, distance_yellow_car_camera = 21.7231m
t=0.58s, distance_white_car_camera = 30.0650m
t=1.58s, distance_white_car_camera = 29.3069m
t=0.58s, distance_bike_camera = 27.1687m
t=1.58s, distance_bike_camera = 27.0656m",3.5
1290,simulation_0062,simulation,A3MC,24,DD,What is the average speed of the walking pedestrian from the beginning to the end in m/s?,acceleration of the white car = 4m/s^2,"t=0.58s, distance_human_camera = 17.2804m
t=1.58s, distance_human_camera = 16.1558m
t=0.58s, distance_yellow_car_camera = 24.8550m
t=1.58s, distance_yellow_car_camera = 21.7231m
t=0.58s, distance_white_car_camera = 30.0650m
t=1.58s, distance_white_car_camera = 29.3069m
t=0.58s, distance_bike_camera = 27.1687m
t=1.58s, distance_bike_camera = 27.0656m",1.2028522160262292
1291,simulation_0062,simulation,A3MC,24,DS,What is the height of the walking pedestrian in meters?,acceleration of the white car = 4m/s^2,"t=0.58s, distance_human_camera = 17.2804m
t=1.58s, distance_human_camera = 16.1558m
t=0.58s, distance_yellow_car_camera = 24.8550m
t=1.58s, distance_yellow_car_camera = 21.7231m
t=0.58s, distance_white_car_camera = 30.0650m
t=1.58s, distance_white_car_camera = 29.3069m
t=0.58s, distance_bike_camera = 27.1687m
t=1.58s, distance_bike_camera = 27.0656m",1.88
1292,simulation_0062,simulation,A3MC,24,DD,What is the average speed of the bicycle from the beginning to the end in m/s?,acceleration of the white car = 4m/s^2,"t=0.58s, distance_human_camera = 17.2804m
t=1.58s, distance_human_camera = 16.1558m
t=0.58s, distance_yellow_car_camera = 24.8550m
t=1.58s, distance_yellow_car_camera = 21.7231m
t=0.58s, distance_white_car_camera = 30.0650m
t=1.58s, distance_white_car_camera = 29.3069m
t=0.58s, distance_bike_camera = 27.1687m
t=1.58s, distance_bike_camera = 27.0656m",4.903395720225236
1293,simulation_0063,simulation,A3MC,24,DD,What is the speed of the yellow car at 2.5s in m/s?,acceleration of the white car = 4m/s^2,"t=0.58s, distance_human_camera = 16.6692m
t=1.58s, distance_human_camera = 15.5003m
t=0.58s, distance_yellow_car_camera = 24.8414m
t=1.58s, distance_yellow_car_camera = 22.9530m
t=0.58s, distance_white_car_camera = 29.2444m
t=1.58s, distance_white_car_camera = 29.8093m
t=0.58s, distance_bike_camera = 27.7544m
t=1.58s, distance_bike_camera = 29.4124m",2.852007644955287
1294,simulation_0063,simulation,A3MC,24,DS,What is the width of the lane in meters?,acceleration of the white car = 4m/s^2,"t=0.58s, distance_human_camera = 16.6692m
t=1.58s, distance_human_camera = 15.5003m
t=0.58s, distance_yellow_car_camera = 24.8414m
t=1.58s, distance_yellow_car_camera = 22.9530m
t=0.58s, distance_white_car_camera = 29.2444m
t=1.58s, distance_white_car_camera = 29.8093m
t=0.58s, distance_bike_camera = 27.7544m
t=1.58s, distance_bike_camera = 29.4124m",4.0
1295,simulation_0063,simulation,A3MC,24,DS,What is the height of the white car in meters?,acceleration of the white car = 4m/s^2,"t=0.58s, distance_human_camera = 16.6692m
t=1.58s, distance_human_camera = 15.5003m
t=0.58s, distance_yellow_car_camera = 24.8414m
t=1.58s, distance_yellow_car_camera = 22.9530m
t=0.58s, distance_white_car_camera = 29.2444m
t=1.58s, distance_white_car_camera = 29.8093m
t=0.58s, distance_bike_camera = 27.7544m
t=1.58s, distance_bike_camera = 29.4124m",2.25
1296,simulation_0063,simulation,A3MC,24,DS,What is the length of the white car in meters?,acceleration of the white car = 4m/s^2,"t=0.58s, distance_human_camera = 16.6692m
t=1.58s, distance_human_camera = 15.5003m
t=0.58s, distance_yellow_car_camera = 24.8414m
t=1.58s, distance_yellow_car_camera = 22.9530m
t=0.58s, distance_white_car_camera = 29.2444m
t=1.58s, distance_white_car_camera = 29.8093m
t=0.58s, distance_bike_camera = 27.7544m
t=1.58s, distance_bike_camera = 29.4124m",5.8
1297,simulation_0063,simulation,A3MC,24,DS,What is the length of the turning yellow car in meters?,acceleration of the white car = 4m/s^2,"t=0.58s, distance_human_camera = 16.6692m
t=1.58s, distance_human_camera = 15.5003m
t=0.58s, distance_yellow_car_camera = 24.8414m
t=1.58s, distance_yellow_car_camera = 22.9530m
t=0.58s, distance_white_car_camera = 29.2444m
t=1.58s, distance_white_car_camera = 29.8093m
t=0.58s, distance_bike_camera = 27.7544m
t=1.58s, distance_bike_camera = 29.4124m",5.5
1298,simulation_0063,simulation,A3MC,24,DS,What is the height of the turning yellow car in meters?,acceleration of the white car = 4m/s^2,"t=0.58s, distance_human_camera = 16.6692m
t=1.58s, distance_human_camera = 15.5003m
t=0.58s, distance_yellow_car_camera = 24.8414m
t=1.58s, distance_yellow_car_camera = 22.9530m
t=0.58s, distance_white_car_camera = 29.2444m
t=1.58s, distance_white_car_camera = 29.8093m
t=0.58s, distance_bike_camera = 27.7544m
t=1.58s, distance_bike_camera = 29.4124m",1.6
1299,simulation_0063,simulation,A3MC,24,DS,What is the width of the turning yellow car in meters?,acceleration of the white car = 4m/s^2,"t=0.58s, distance_human_camera = 16.6692m
t=1.58s, distance_human_camera = 15.5003m
t=0.58s, distance_yellow_car_camera = 24.8414m
t=1.58s, distance_yellow_car_camera = 22.9530m
t=0.58s, distance_white_car_camera = 29.2444m
t=1.58s, distance_white_car_camera = 29.8093m
t=0.58s, distance_bike_camera = 27.7544m
t=1.58s, distance_bike_camera = 29.4124m",1.95
1300,simulation_0063,simulation,A3MC,24,DS,What is the diameter of the bicycle wheel in meters?,acceleration of the white car = 4m/s^2,"t=0.58s, distance_human_camera = 16.6692m
t=1.58s, distance_human_camera = 15.5003m
t=0.58s, distance_yellow_car_camera = 24.8414m
t=1.58s, distance_yellow_car_camera = 22.9530m
t=0.58s, distance_white_car_camera = 29.2444m
t=1.58s, distance_white_car_camera = 29.8093m
t=0.58s, distance_bike_camera = 27.7544m
t=1.58s, distance_bike_camera = 29.4124m",0.63
1301,simulation_0063,simulation,A3MC,24,DS,What is the height of the traffic light in meters?,acceleration of the white car = 4m/s^2,"t=0.58s, distance_human_camera = 16.6692m
t=1.58s, distance_human_camera = 15.5003m
t=0.58s, distance_yellow_car_camera = 24.8414m
t=1.58s, distance_yellow_car_camera = 22.9530m
t=0.58s, distance_white_car_camera = 29.2444m
t=1.58s, distance_white_car_camera = 29.8093m
t=0.58s, distance_bike_camera = 27.7544m
t=1.58s, distance_bike_camera = 29.4124m",5.4
1302,simulation_0063,simulation,A3MC,24,DS,What is the height of the streetlight in meters?,acceleration of the white car = 4m/s^2,"t=0.58s, distance_human_camera = 16.6692m
t=1.58s, distance_human_camera = 15.5003m
t=0.58s, distance_yellow_car_camera = 24.8414m
t=1.58s, distance_yellow_car_camera = 22.9530m
t=0.58s, distance_white_car_camera = 29.2444m
t=1.58s, distance_white_car_camera = 29.8093m
t=0.58s, distance_bike_camera = 27.7544m
t=1.58s, distance_bike_camera = 29.4124m",3.6
1303,simulation_0063,simulation,A3MC,24,DD,What is the average speed of the walking pedestrian from the beginning to the end in m/s?,acceleration of the white car = 4m/s^2,"t=0.58s, distance_human_camera = 16.6692m
t=1.58s, distance_human_camera = 15.5003m
t=0.58s, distance_yellow_car_camera = 24.8414m
t=1.58s, distance_yellow_car_camera = 22.9530m
t=0.58s, distance_white_car_camera = 29.2444m
t=1.58s, distance_white_car_camera = 29.8093m
t=0.58s, distance_bike_camera = 27.7544m
t=1.58s, distance_bike_camera = 29.4124m",1.2200494500197503
1304,simulation_0063,simulation,A3MC,24,DS,What is the height of the walking pedestrian in meters?,acceleration of the white car = 4m/s^2,"t=0.58s, distance_human_camera = 16.6692m
t=1.58s, distance_human_camera = 15.5003m
t=0.58s, distance_yellow_car_camera = 24.8414m
t=1.58s, distance_yellow_car_camera = 22.9530m
t=0.58s, distance_white_car_camera = 29.2444m
t=1.58s, distance_white_car_camera = 29.8093m
t=0.58s, distance_bike_camera = 27.7544m
t=1.58s, distance_bike_camera = 29.4124m",1.85
1305,simulation_0063,simulation,A3MC,24,DD,What is the average speed of the bicycle from the beginning to the end in m/s?,acceleration of the white car = 4m/s^2,"t=0.58s, distance_human_camera = 16.6692m
t=1.58s, distance_human_camera = 15.5003m
t=0.58s, distance_yellow_car_camera = 24.8414m
t=1.58s, distance_yellow_car_camera = 22.9530m
t=0.58s, distance_white_car_camera = 29.2444m
t=1.58s, distance_white_car_camera = 29.8093m
t=0.58s, distance_bike_camera = 27.7544m
t=1.58s, distance_bike_camera = 29.4124m",5.4813329336311725
1306,simulation_0064,simulation,A3MC,24,DD,What is the speed of the yellow car at 2.5s in m/s?,acceleration of the white car = 4m/s^2,"t=0.58s, distance_human_camera = 38.3473m
t=1.58s, distance_human_camera = 38.7220m
t=0.58s, distance_yellow_car_camera = 35.5258m
t=1.58s, distance_yellow_car_camera = 33.0077m
t=0.58s, distance_white_car_camera = 38.1362m
t=1.58s, distance_white_car_camera = 34.0492m
t=0.58s, distance_bike_camera = 33.9976m
t=1.58s, distance_bike_camera = 28.6807m",4.448213152454466
1307,simulation_0064,simulation,A3MC,24,DS,What is the width of the lane in meters?,acceleration of the white car = 4m/s^2,"t=0.58s, distance_human_camera = 38.3473m
t=1.58s, distance_human_camera = 38.7220m
t=0.58s, distance_yellow_car_camera = 35.5258m
t=1.58s, distance_yellow_car_camera = 33.0077m
t=0.58s, distance_white_car_camera = 38.1362m
t=1.58s, distance_white_car_camera = 34.0492m
t=0.58s, distance_bike_camera = 33.9976m
t=1.58s, distance_bike_camera = 28.6807m",11.9
1308,simulation_0064,simulation,A3MC,24,DS,What is the height of the white car in meters?,acceleration of the white car = 4m/s^2,"t=0.58s, distance_human_camera = 38.3473m
t=1.58s, distance_human_camera = 38.7220m
t=0.58s, distance_yellow_car_camera = 35.5258m
t=1.58s, distance_yellow_car_camera = 33.0077m
t=0.58s, distance_white_car_camera = 38.1362m
t=1.58s, distance_white_car_camera = 34.0492m
t=0.58s, distance_bike_camera = 33.9976m
t=1.58s, distance_bike_camera = 28.6807m",2.3
1309,simulation_0064,simulation,A3MC,24,DS,What is the width of the white car in meters?,acceleration of the white car = 4m/s^2,"t=0.58s, distance_human_camera = 38.3473m
t=1.58s, distance_human_camera = 38.7220m
t=0.58s, distance_yellow_car_camera = 35.5258m
t=1.58s, distance_yellow_car_camera = 33.0077m
t=0.58s, distance_white_car_camera = 38.1362m
t=1.58s, distance_white_car_camera = 34.0492m
t=0.58s, distance_bike_camera = 33.9976m
t=1.58s, distance_bike_camera = 28.6807m",2.05
1310,simulation_0064,simulation,A3MC,24,DS,What is the length of the turning yellow car in meters?,acceleration of the white car = 4m/s^2,"t=0.58s, distance_human_camera = 38.3473m
t=1.58s, distance_human_camera = 38.7220m
t=0.58s, distance_yellow_car_camera = 35.5258m
t=1.58s, distance_yellow_car_camera = 33.0077m
t=0.58s, distance_white_car_camera = 38.1362m
t=1.58s, distance_white_car_camera = 34.0492m
t=0.58s, distance_bike_camera = 33.9976m
t=1.58s, distance_bike_camera = 28.6807m",5.4
1311,simulation_0064,simulation,A3MC,24,DS,What is the height of the turning yellow car in meters?,acceleration of the white car = 4m/s^2,"t=0.58s, distance_human_camera = 38.3473m
t=1.58s, distance_human_camera = 38.7220m
t=0.58s, distance_yellow_car_camera = 35.5258m
t=1.58s, distance_yellow_car_camera = 33.0077m
t=0.58s, distance_white_car_camera = 38.1362m
t=1.58s, distance_white_car_camera = 34.0492m
t=0.58s, distance_bike_camera = 33.9976m
t=1.58s, distance_bike_camera = 28.6807m",1.6
1312,simulation_0064,simulation,A3MC,24,DS,What is the width of the turning yellow car in meters?,acceleration of the white car = 4m/s^2,"t=0.58s, distance_human_camera = 38.3473m
t=1.58s, distance_human_camera = 38.7220m
t=0.58s, distance_yellow_car_camera = 35.5258m
t=1.58s, distance_yellow_car_camera = 33.0077m
t=0.58s, distance_white_car_camera = 38.1362m
t=1.58s, distance_white_car_camera = 34.0492m
t=0.58s, distance_bike_camera = 33.9976m
t=1.58s, distance_bike_camera = 28.6807m",1.9
1313,simulation_0064,simulation,A3MC,24,DS,What is the diameter of the bicycle wheel in meters?,acceleration of the white car = 4m/s^2,"t=0.58s, distance_human_camera = 38.3473m
t=1.58s, distance_human_camera = 38.7220m
t=0.58s, distance_yellow_car_camera = 35.5258m
t=1.58s, distance_yellow_car_camera = 33.0077m
t=0.58s, distance_white_car_camera = 38.1362m
t=1.58s, distance_white_car_camera = 34.0492m
t=0.58s, distance_bike_camera = 33.9976m
t=1.58s, distance_bike_camera = 28.6807m",0.7
1314,simulation_0064,simulation,A3MC,24,DS,What is the height of the traffic light in meters?,acceleration of the white car = 4m/s^2,"t=0.58s, distance_human_camera = 38.3473m
t=1.58s, distance_human_camera = 38.7220m
t=0.58s, distance_yellow_car_camera = 35.5258m
t=1.58s, distance_yellow_car_camera = 33.0077m
t=0.58s, distance_white_car_camera = 38.1362m
t=1.58s, distance_white_car_camera = 34.0492m
t=0.58s, distance_bike_camera = 33.9976m
t=1.58s, distance_bike_camera = 28.6807m",4.5
1315,simulation_0064,simulation,A3MC,24,DD,What is the average speed of the walking pedestrian from 1.0s to the end in m/s?,acceleration of the white car = 4m/s^2,"t=0.58s, distance_human_camera = 38.3473m
t=1.58s, distance_human_camera = 38.7220m
t=0.58s, distance_yellow_car_camera = 35.5258m
t=1.58s, distance_yellow_car_camera = 33.0077m
t=0.58s, distance_white_car_camera = 38.1362m
t=1.58s, distance_white_car_camera = 34.0492m
t=0.58s, distance_bike_camera = 33.9976m
t=1.58s, distance_bike_camera = 28.6807m",1.3037523058844027
1316,simulation_0064,simulation,A3MC,24,DS,What is the height of the walking pedestrian in meters?,acceleration of the white car = 4m/s^2,"t=0.58s, distance_human_camera = 38.3473m
t=1.58s, distance_human_camera = 38.7220m
t=0.58s, distance_yellow_car_camera = 35.5258m
t=1.58s, distance_yellow_car_camera = 33.0077m
t=0.58s, distance_white_car_camera = 38.1362m
t=1.58s, distance_white_car_camera = 34.0492m
t=0.58s, distance_bike_camera = 33.9976m
t=1.58s, distance_bike_camera = 28.6807m",1.7
1317,simulation_0064,simulation,A3MC,24,DD,What is the average speed of the bicycle from the beginning to the end in m/s?,acceleration of the white car = 4m/s^2,"t=0.58s, distance_human_camera = 38.3473m
t=1.58s, distance_human_camera = 38.7220m
t=0.58s, distance_yellow_car_camera = 35.5258m
t=1.58s, distance_yellow_car_camera = 33.0077m
t=0.58s, distance_white_car_camera = 38.1362m
t=1.58s, distance_white_car_camera = 34.0492m
t=0.58s, distance_bike_camera = 33.9976m
t=1.58s, distance_bike_camera = 28.6807m",5.510265552785984
1318,simulation_0065,simulation,A3MC,24,DD,What is the average speed of the yellow car from the beginning to the end in m/s?,acceleration of the white car = 4m/s^2,"t=0.58s, distance_human_camera = 25.3568m
t=1.58s, distance_human_camera = 25.9200m
t=0.58s, distance_yellow_car_camera = 23.7441m
t=1.58s, distance_yellow_car_camera = 27.0055m
t=0.58s, distance_white_car_camera = 21.3649m
t=1.58s, distance_white_car_camera = 25.2551m
t=0.58s, distance_bike_camera = 25.3360m
t=1.58s, distance_bike_camera = 30.4344m",6.76361601768789
1319,simulation_0065,simulation,A3MC,24,DS,What is the width of the lane in meters?,acceleration of the white car = 4m/s^2,"t=0.58s, distance_human_camera = 25.3568m
t=1.58s, distance_human_camera = 25.9200m
t=0.58s, distance_yellow_car_camera = 23.7441m
t=1.58s, distance_yellow_car_camera = 27.0055m
t=0.58s, distance_white_car_camera = 21.3649m
t=1.58s, distance_white_car_camera = 25.2551m
t=0.58s, distance_bike_camera = 25.3360m
t=1.58s, distance_bike_camera = 30.4344m",3.5
1320,simulation_0065,simulation,A3MC,24,DS,What is the height of the white car in meters?,acceleration of the white car = 4m/s^2,"t=0.58s, distance_human_camera = 25.3568m
t=1.58s, distance_human_camera = 25.9200m
t=0.58s, distance_yellow_car_camera = 23.7441m
t=1.58s, distance_yellow_car_camera = 27.0055m
t=0.58s, distance_white_car_camera = 21.3649m
t=1.58s, distance_white_car_camera = 25.2551m
t=0.58s, distance_bike_camera = 25.3360m
t=1.58s, distance_bike_camera = 30.4344m",2.1
1321,simulation_0065,simulation,A3MC,24,DS,What is the width of the white car in meters?,acceleration of the white car = 4m/s^2,"t=0.58s, distance_human_camera = 25.3568m
t=1.58s, distance_human_camera = 25.9200m
t=0.58s, distance_yellow_car_camera = 23.7441m
t=1.58s, distance_yellow_car_camera = 27.0055m
t=0.58s, distance_white_car_camera = 21.3649m
t=1.58s, distance_white_car_camera = 25.2551m
t=0.58s, distance_bike_camera = 25.3360m
t=1.58s, distance_bike_camera = 30.4344m",2.1
1322,simulation_0065,simulation,A3MC,24,DS,What is the length of the turning yellow car in meters?,acceleration of the white car = 4m/s^2,"t=0.58s, distance_human_camera = 25.3568m
t=1.58s, distance_human_camera = 25.9200m
t=0.58s, distance_yellow_car_camera = 23.7441m
t=1.58s, distance_yellow_car_camera = 27.0055m
t=0.58s, distance_white_car_camera = 21.3649m
t=1.58s, distance_white_car_camera = 25.2551m
t=0.58s, distance_bike_camera = 25.3360m
t=1.58s, distance_bike_camera = 30.4344m",5.3
1323,simulation_0065,simulation,A3MC,24,DS,What is the height of the turning yellow car in meters?,acceleration of the white car = 4m/s^2,"t=0.58s, distance_human_camera = 25.3568m
t=1.58s, distance_human_camera = 25.9200m
t=0.58s, distance_yellow_car_camera = 23.7441m
t=1.58s, distance_yellow_car_camera = 27.0055m
t=0.58s, distance_white_car_camera = 21.3649m
t=1.58s, distance_white_car_camera = 25.2551m
t=0.58s, distance_bike_camera = 25.3360m
t=1.58s, distance_bike_camera = 30.4344m",1.55
1324,simulation_0065,simulation,A3MC,24,DS,What is the width of the turning yellow car in meters?,acceleration of the white car = 4m/s^2,"t=0.58s, distance_human_camera = 25.3568m
t=1.58s, distance_human_camera = 25.9200m
t=0.58s, distance_yellow_car_camera = 23.7441m
t=1.58s, distance_yellow_car_camera = 27.0055m
t=0.58s, distance_white_car_camera = 21.3649m
t=1.58s, distance_white_car_camera = 25.2551m
t=0.58s, distance_bike_camera = 25.3360m
t=1.58s, distance_bike_camera = 30.4344m",2.0
1325,simulation_0065,simulation,A3MC,24,DS,What is the diameter of the bicycle wheel in meters?,acceleration of the white car = 4m/s^2,"t=0.58s, distance_human_camera = 25.3568m
t=1.58s, distance_human_camera = 25.9200m
t=0.58s, distance_yellow_car_camera = 23.7441m
t=1.58s, distance_yellow_car_camera = 27.0055m
t=0.58s, distance_white_car_camera = 21.3649m
t=1.58s, distance_white_car_camera = 25.2551m
t=0.58s, distance_bike_camera = 25.3360m
t=1.58s, distance_bike_camera = 30.4344m",0.68
1326,simulation_0065,simulation,A3MC,24,DS,What is the height of the traffic light in meters?,acceleration of the white car = 4m/s^2,"t=0.58s, distance_human_camera = 25.3568m
t=1.58s, distance_human_camera = 25.9200m
t=0.58s, distance_yellow_car_camera = 23.7441m
t=1.58s, distance_yellow_car_camera = 27.0055m
t=0.58s, distance_white_car_camera = 21.3649m
t=1.58s, distance_white_car_camera = 25.2551m
t=0.58s, distance_bike_camera = 25.3360m
t=1.58s, distance_bike_camera = 30.4344m",4.5
1327,simulation_0065,simulation,A3MC,24,DD,What is the average speed of the walking pedestrian from 1.0s to 2.0s in m/s?,acceleration of the white car = 4m/s^2,"t=0.58s, distance_human_camera = 25.3568m
t=1.58s, distance_human_camera = 25.9200m
t=0.58s, distance_yellow_car_camera = 23.7441m
t=1.58s, distance_yellow_car_camera = 27.0055m
t=0.58s, distance_white_car_camera = 21.3649m
t=1.58s, distance_white_car_camera = 25.2551m
t=0.58s, distance_bike_camera = 25.3360m
t=1.58s, distance_bike_camera = 30.4344m",1.5158290169043025
1328,simulation_0065,simulation,A3MC,24,DS,What is the height of the walking pedestrian in meters?,acceleration of the white car = 4m/s^2,"t=0.58s, distance_human_camera = 25.3568m
t=1.58s, distance_human_camera = 25.9200m
t=0.58s, distance_yellow_car_camera = 23.7441m
t=1.58s, distance_yellow_car_camera = 27.0055m
t=0.58s, distance_white_car_camera = 21.3649m
t=1.58s, distance_white_car_camera = 25.2551m
t=0.58s, distance_bike_camera = 25.3360m
t=1.58s, distance_bike_camera = 30.4344m",1.78
1329,simulation_0065,simulation,A3MC,24,DD,What is the average speed of the bicycle from the beginning to the end in m/s?,acceleration of the white car = 4m/s^2,"t=0.58s, distance_human_camera = 25.3568m
t=1.58s, distance_human_camera = 25.9200m
t=0.58s, distance_yellow_car_camera = 23.7441m
t=1.58s, distance_yellow_car_camera = 27.0055m
t=0.58s, distance_white_car_camera = 21.3649m
t=1.58s, distance_white_car_camera = 25.2551m
t=0.58s, distance_bike_camera = 25.3360m
t=1.58s, distance_bike_camera = 30.4344m",6.025531967196226
1330,simulation_0066,simulation,A3MC,24,DD,What is the speed of the yellow car at 2.5s in m/s?,acceleration of the white car = 4m/s^2,"t=0.58s, distance_human_camera = 21.0610m
t=1.58s, distance_human_camera = 21.3488m
t=0.58s, distance_yellow_car_camera = 19.6514m
t=1.58s, distance_yellow_car_camera = 16.5490m
t=0.58s, distance_white_car_camera = 23.5892m
t=1.58s, distance_white_car_camera = 19.9903m
t=0.58s, distance_bike_camera = 19.0650m
t=1.58s, distance_bike_camera = 14.6515m",3.72186492315824
1331,simulation_0066,simulation,A3MC,24,DS,What is the width of the lane in meters?,acceleration of the white car = 4m/s^2,"t=0.58s, distance_human_camera = 21.0610m
t=1.58s, distance_human_camera = 21.3488m
t=0.58s, distance_yellow_car_camera = 19.6514m
t=1.58s, distance_yellow_car_camera = 16.5490m
t=0.58s, distance_white_car_camera = 23.5892m
t=1.58s, distance_white_car_camera = 19.9903m
t=0.58s, distance_bike_camera = 19.0650m
t=1.58s, distance_bike_camera = 14.6515m",4.5
1332,simulation_0066,simulation,A3MC,24,DS,What is the width of the white car in meters?,acceleration of the white car = 4m/s^2,"t=0.58s, distance_human_camera = 21.0610m
t=1.58s, distance_human_camera = 21.3488m
t=0.58s, distance_yellow_car_camera = 19.6514m
t=1.58s, distance_yellow_car_camera = 16.5490m
t=0.58s, distance_white_car_camera = 23.5892m
t=1.58s, distance_white_car_camera = 19.9903m
t=0.58s, distance_bike_camera = 19.0650m
t=1.58s, distance_bike_camera = 14.6515m",2.1
1333,simulation_0066,simulation,A3MC,24,DS,What is the length of the white car in meters?,acceleration of the white car = 4m/s^2,"t=0.58s, distance_human_camera = 21.0610m
t=1.58s, distance_human_camera = 21.3488m
t=0.58s, distance_yellow_car_camera = 19.6514m
t=1.58s, distance_yellow_car_camera = 16.5490m
t=0.58s, distance_white_car_camera = 23.5892m
t=1.58s, distance_white_car_camera = 19.9903m
t=0.58s, distance_bike_camera = 19.0650m
t=1.58s, distance_bike_camera = 14.6515m",5.7
1334,simulation_0066,simulation,A3MC,24,DS,What is the height of the white car in meters?,acceleration of the white car = 4m/s^2,"t=0.58s, distance_human_camera = 21.0610m
t=1.58s, distance_human_camera = 21.3488m
t=0.58s, distance_yellow_car_camera = 19.6514m
t=1.58s, distance_yellow_car_camera = 16.5490m
t=0.58s, distance_white_car_camera = 23.5892m
t=1.58s, distance_white_car_camera = 19.9903m
t=0.58s, distance_bike_camera = 19.0650m
t=1.58s, distance_bike_camera = 14.6515m",2.2
1335,simulation_0066,simulation,A3MC,24,DS,What is the length of the turning yellow car in meters?,acceleration of the white car = 4m/s^2,"t=0.58s, distance_human_camera = 21.0610m
t=1.58s, distance_human_camera = 21.3488m
t=0.58s, distance_yellow_car_camera = 19.6514m
t=1.58s, distance_yellow_car_camera = 16.5490m
t=0.58s, distance_white_car_camera = 23.5892m
t=1.58s, distance_white_car_camera = 19.9903m
t=0.58s, distance_bike_camera = 19.0650m
t=1.58s, distance_bike_camera = 14.6515m",5.3
1336,simulation_0066,simulation,A3MC,24,DS,What is the height of the turning yellow car in meters?,acceleration of the white car = 4m/s^2,"t=0.58s, distance_human_camera = 21.0610m
t=1.58s, distance_human_camera = 21.3488m
t=0.58s, distance_yellow_car_camera = 19.6514m
t=1.58s, distance_yellow_car_camera = 16.5490m
t=0.58s, distance_white_car_camera = 23.5892m
t=1.58s, distance_white_car_camera = 19.9903m
t=0.58s, distance_bike_camera = 19.0650m
t=1.58s, distance_bike_camera = 14.6515m",1.5
1337,simulation_0066,simulation,A3MC,24,DS,What is the width of the turning yellow car in meters?,acceleration of the white car = 4m/s^2,"t=0.58s, distance_human_camera = 21.0610m
t=1.58s, distance_human_camera = 21.3488m
t=0.58s, distance_yellow_car_camera = 19.6514m
t=1.58s, distance_yellow_car_camera = 16.5490m
t=0.58s, distance_white_car_camera = 23.5892m
t=1.58s, distance_white_car_camera = 19.9903m
t=0.58s, distance_bike_camera = 19.0650m
t=1.58s, distance_bike_camera = 14.6515m",1.95
1338,simulation_0066,simulation,A3MC,24,DS,What is the diameter of the bicycle wheel in meters?,acceleration of the white car = 4m/s^2,"t=0.58s, distance_human_camera = 21.0610m
t=1.58s, distance_human_camera = 21.3488m
t=0.58s, distance_yellow_car_camera = 19.6514m
t=1.58s, distance_yellow_car_camera = 16.5490m
t=0.58s, distance_white_car_camera = 23.5892m
t=1.58s, distance_white_car_camera = 19.9903m
t=0.58s, distance_bike_camera = 19.0650m
t=1.58s, distance_bike_camera = 14.6515m",0.62
1339,simulation_0066,simulation,A3MC,24,DD,What is the average speed of the walking pedestrian from the beginning to the end in m/s?,acceleration of the white car = 4m/s^2,"t=0.58s, distance_human_camera = 21.0610m
t=1.58s, distance_human_camera = 21.3488m
t=0.58s, distance_yellow_car_camera = 19.6514m
t=1.58s, distance_yellow_car_camera = 16.5490m
t=0.58s, distance_white_car_camera = 23.5892m
t=1.58s, distance_white_car_camera = 19.9903m
t=0.58s, distance_bike_camera = 19.0650m
t=1.58s, distance_bike_camera = 14.6515m",0.8003219638994575
1340,simulation_0066,simulation,A3MC,24,DS,What is the height of the walking pedestrian in meters?,acceleration of the white car = 4m/s^2,"t=0.58s, distance_human_camera = 21.0610m
t=1.58s, distance_human_camera = 21.3488m
t=0.58s, distance_yellow_car_camera = 19.6514m
t=1.58s, distance_yellow_car_camera = 16.5490m
t=0.58s, distance_white_car_camera = 23.5892m
t=1.58s, distance_white_car_camera = 19.9903m
t=0.58s, distance_bike_camera = 19.0650m
t=1.58s, distance_bike_camera = 14.6515m",1.75
1341,simulation_0066,simulation,A3MC,24,DD,What is the average speed of the bicycle from the beginning to the end in m/s?,acceleration of the white car = 4m/s^2,"t=0.58s, distance_human_camera = 21.0610m
t=1.58s, distance_human_camera = 21.3488m
t=0.58s, distance_yellow_car_camera = 19.6514m
t=1.58s, distance_yellow_car_camera = 16.5490m
t=0.58s, distance_white_car_camera = 23.5892m
t=1.58s, distance_white_car_camera = 19.9903m
t=0.58s, distance_bike_camera = 19.0650m
t=1.58s, distance_bike_camera = 14.6515m",4.7320433561474085
1342,simulation_0066,simulation,A3MC,24,DS,What is the width of the green car in meters?,acceleration of the white car = 4m/s^2,"t=0.58s, distance_human_camera = 21.0610m
t=1.58s, distance_human_camera = 21.3488m
t=0.58s, distance_yellow_car_camera = 19.6514m
t=1.58s, distance_yellow_car_camera = 16.5490m
t=0.58s, distance_white_car_camera = 23.5892m
t=1.58s, distance_white_car_camera = 19.9903m
t=0.58s, distance_bike_camera = 19.0650m
t=1.58s, distance_bike_camera = 14.6515m",1.8
1343,simulation_0066,simulation,A3MC,24,DS,What is the length of the green car in meters?,acceleration of the white car = 4m/s^2,"t=0.58s, distance_human_camera = 21.0610m
t=1.58s, distance_human_camera = 21.3488m
t=0.58s, distance_yellow_car_camera = 19.6514m
t=1.58s, distance_yellow_car_camera = 16.5490m
t=0.58s, distance_white_car_camera = 23.5892m
t=1.58s, distance_white_car_camera = 19.9903m
t=0.58s, distance_bike_camera = 19.0650m
t=1.58s, distance_bike_camera = 14.6515m",4.6
1344,simulation_0066,simulation,A3MC,24,DS,What is the height of the green car in meters?,acceleration of the white car = 4m/s^2,"t=0.58s, distance_human_camera = 21.0610m
t=1.58s, distance_human_camera = 21.3488m
t=0.58s, distance_yellow_car_camera = 19.6514m
t=1.58s, distance_yellow_car_camera = 16.5490m
t=0.58s, distance_white_car_camera = 23.5892m
t=1.58s, distance_white_car_camera = 19.9903m
t=0.58s, distance_bike_camera = 19.0650m
t=1.58s, distance_bike_camera = 14.6515m",1.4
1345,simulation_0066,simulation,A3MC,24,DS,What is the width of the purple car in meters?,acceleration of the white car = 4m/s^2,"t=0.58s, distance_human_camera = 21.0610m
t=1.58s, distance_human_camera = 21.3488m
t=0.58s, distance_yellow_car_camera = 19.6514m
t=1.58s, distance_yellow_car_camera = 16.5490m
t=0.58s, distance_white_car_camera = 23.5892m
t=1.58s, distance_white_car_camera = 19.9903m
t=0.58s, distance_bike_camera = 19.0650m
t=1.58s, distance_bike_camera = 14.6515m",1.9
1346,simulation_0066,simulation,A3MC,24,DS,What is the height of the purple car in meters?,acceleration of the white car = 4m/s^2,"t=0.58s, distance_human_camera = 21.0610m
t=1.58s, distance_human_camera = 21.3488m
t=0.58s, distance_yellow_car_camera = 19.6514m
t=1.58s, distance_yellow_car_camera = 16.5490m
t=0.58s, distance_white_car_camera = 23.5892m
t=1.58s, distance_white_car_camera = 19.9903m
t=0.58s, distance_bike_camera = 19.0650m
t=1.58s, distance_bike_camera = 14.6515m",1.45
1347,simulation_0067,simulation,A3MC,24,DD,What is the speed of the yellow car at 2.5s in m/s?,acceleration of the white car = 4m/s^2,"t=0.58s, distance_human_camera = 21.6770m
t=1.58s, distance_human_camera = 22.7825m
t=0.58s, distance_yellow_car_camera = 14.7874m
t=1.58s, distance_yellow_car_camera = 18.3786m
t=0.58s, distance_white_car_camera = 10.6240m
t=1.58s, distance_white_car_camera = 12.8097m
t=0.58s, distance_bike_camera = 14.1413m
t=1.58s, distance_bike_camera = 17.8223m",3.8536719689574097
1348,simulation_0067,simulation,A3MC,24,DS,What is the width of the lane in meters?,acceleration of the white car = 4m/s^2,"t=0.58s, distance_human_camera = 21.6770m
t=1.58s, distance_human_camera = 22.7825m
t=0.58s, distance_yellow_car_camera = 14.7874m
t=1.58s, distance_yellow_car_camera = 18.3786m
t=0.58s, distance_white_car_camera = 10.6240m
t=1.58s, distance_white_car_camera = 12.8097m
t=0.58s, distance_bike_camera = 14.1413m
t=1.58s, distance_bike_camera = 17.8223m",3.5
1349,simulation_0067,simulation,A3MC,24,DS,What is the width of the white car in meters?,acceleration of the white car = 4m/s^2,"t=0.58s, distance_human_camera = 21.6770m
t=1.58s, distance_human_camera = 22.7825m
t=0.58s, distance_yellow_car_camera = 14.7874m
t=1.58s, distance_yellow_car_camera = 18.3786m
t=0.58s, distance_white_car_camera = 10.6240m
t=1.58s, distance_white_car_camera = 12.8097m
t=0.58s, distance_bike_camera = 14.1413m
t=1.58s, distance_bike_camera = 17.8223m",1.9
1350,simulation_0067,simulation,A3MC,24,DS,What is the length of the white car in meters?,acceleration of the white car = 4m/s^2,"t=0.58s, distance_human_camera = 21.6770m
t=1.58s, distance_human_camera = 22.7825m
t=0.58s, distance_yellow_car_camera = 14.7874m
t=1.58s, distance_yellow_car_camera = 18.3786m
t=0.58s, distance_white_car_camera = 10.6240m
t=1.58s, distance_white_car_camera = 12.8097m
t=0.58s, distance_bike_camera = 14.1413m
t=1.58s, distance_bike_camera = 17.8223m",5.3
1351,simulation_0067,simulation,A3MC,24,DS,What is the height of the white car in meters?,acceleration of the white car = 4m/s^2,"t=0.58s, distance_human_camera = 21.6770m
t=1.58s, distance_human_camera = 22.7825m
t=0.58s, distance_yellow_car_camera = 14.7874m
t=1.58s, distance_yellow_car_camera = 18.3786m
t=0.58s, distance_white_car_camera = 10.6240m
t=1.58s, distance_white_car_camera = 12.8097m
t=0.58s, distance_bike_camera = 14.1413m
t=1.58s, distance_bike_camera = 17.8223m",2.1
1352,simulation_0067,simulation,A3MC,24,DS,What is the length of the turning yellow car in meters?,acceleration of the white car = 4m/s^2,"t=0.58s, distance_human_camera = 21.6770m
t=1.58s, distance_human_camera = 22.7825m
t=0.58s, distance_yellow_car_camera = 14.7874m
t=1.58s, distance_yellow_car_camera = 18.3786m
t=0.58s, distance_white_car_camera = 10.6240m
t=1.58s, distance_white_car_camera = 12.8097m
t=0.58s, distance_bike_camera = 14.1413m
t=1.58s, distance_bike_camera = 17.8223m",5.4
1353,simulation_0067,simulation,A3MC,24,DS,What is the height of the turning yellow car in meters?,acceleration of the white car = 4m/s^2,"t=0.58s, distance_human_camera = 21.6770m
t=1.58s, distance_human_camera = 22.7825m
t=0.58s, distance_yellow_car_camera = 14.7874m
t=1.58s, distance_yellow_car_camera = 18.3786m
t=0.58s, distance_white_car_camera = 10.6240m
t=1.58s, distance_white_car_camera = 12.8097m
t=0.58s, distance_bike_camera = 14.1413m
t=1.58s, distance_bike_camera = 17.8223m",1.5
1354,simulation_0067,simulation,A3MC,24,DS,What is the width of the turning yellow car in meters?,acceleration of the white car = 4m/s^2,"t=0.58s, distance_human_camera = 21.6770m
t=1.58s, distance_human_camera = 22.7825m
t=0.58s, distance_yellow_car_camera = 14.7874m
t=1.58s, distance_yellow_car_camera = 18.3786m
t=0.58s, distance_white_car_camera = 10.6240m
t=1.58s, distance_white_car_camera = 12.8097m
t=0.58s, distance_bike_camera = 14.1413m
t=1.58s, distance_bike_camera = 17.8223m",2.0
1355,simulation_0067,simulation,A3MC,24,DS,What is the diameter of the bicycle wheel in meters?,acceleration of the white car = 4m/s^2,"t=0.58s, distance_human_camera = 21.6770m
t=1.58s, distance_human_camera = 22.7825m
t=0.58s, distance_yellow_car_camera = 14.7874m
t=1.58s, distance_yellow_car_camera = 18.3786m
t=0.58s, distance_white_car_camera = 10.6240m
t=1.58s, distance_white_car_camera = 12.8097m
t=0.58s, distance_bike_camera = 14.1413m
t=1.58s, distance_bike_camera = 17.8223m",0.6
1356,simulation_0067,simulation,A3MC,24,DD,What is the average speed of the walking pedestrian from the beginning to the end in m/s?,acceleration of the white car = 4m/s^2,"t=0.58s, distance_human_camera = 21.6770m
t=1.58s, distance_human_camera = 22.7825m
t=0.58s, distance_yellow_car_camera = 14.7874m
t=1.58s, distance_yellow_car_camera = 18.3786m
t=0.58s, distance_white_car_camera = 10.6240m
t=1.58s, distance_white_car_camera = 12.8097m
t=0.58s, distance_bike_camera = 14.1413m
t=1.58s, distance_bike_camera = 17.8223m",1.1512988027362707
1357,simulation_0067,simulation,A3MC,24,DS,What is the height of the walking pedestrian in meters?,acceleration of the white car = 4m/s^2,"t=0.58s, distance_human_camera = 21.6770m
t=1.58s, distance_human_camera = 22.7825m
t=0.58s, distance_yellow_car_camera = 14.7874m
t=1.58s, distance_yellow_car_camera = 18.3786m
t=0.58s, distance_white_car_camera = 10.6240m
t=1.58s, distance_white_car_camera = 12.8097m
t=0.58s, distance_bike_camera = 14.1413m
t=1.58s, distance_bike_camera = 17.8223m",1.8
1358,simulation_0067,simulation,A3MC,24,DD,What is the average speed of the bicycle from the beginning to the end in m/s?,acceleration of the white car = 4m/s^2,"t=0.58s, distance_human_camera = 21.6770m
t=1.58s, distance_human_camera = 22.7825m
t=0.58s, distance_yellow_car_camera = 14.7874m
t=1.58s, distance_yellow_car_camera = 18.3786m
t=0.58s, distance_white_car_camera = 10.6240m
t=1.58s, distance_white_car_camera = 12.8097m
t=0.58s, distance_bike_camera = 14.1413m
t=1.58s, distance_bike_camera = 17.8223m",4.209878703559324
1359,simulation_0067,simulation,A3MC,24,DS,What is the width of the purple car in meters?,acceleration of the white car = 4m/s^2,"t=0.58s, distance_human_camera = 21.6770m
t=1.58s, distance_human_camera = 22.7825m
t=0.58s, distance_yellow_car_camera = 14.7874m
t=1.58s, distance_yellow_car_camera = 18.3786m
t=0.58s, distance_white_car_camera = 10.6240m
t=1.58s, distance_white_car_camera = 12.8097m
t=0.58s, distance_bike_camera = 14.1413m
t=1.58s, distance_bike_camera = 17.8223m",1.9
1360,simulation_0067,simulation,A3MC,24,DS,What is the height of the purple car in meters?,acceleration of the white car = 4m/s^2,"t=0.58s, distance_human_camera = 21.6770m
t=1.58s, distance_human_camera = 22.7825m
t=0.58s, distance_yellow_car_camera = 14.7874m
t=1.58s, distance_yellow_car_camera = 18.3786m
t=0.58s, distance_white_car_camera = 10.6240m
t=1.58s, distance_white_car_camera = 12.8097m
t=0.58s, distance_bike_camera = 14.1413m
t=1.58s, distance_bike_camera = 17.8223m",1.4
1361,simulation_0067,simulation,A3MC,24,DS,What is the length of the purple car in meters?,acceleration of the white car = 4m/s^2,"t=0.58s, distance_human_camera = 21.6770m
t=1.58s, distance_human_camera = 22.7825m
t=0.58s, distance_yellow_car_camera = 14.7874m
t=1.58s, distance_yellow_car_camera = 18.3786m
t=0.58s, distance_white_car_camera = 10.6240m
t=1.58s, distance_white_car_camera = 12.8097m
t=0.58s, distance_bike_camera = 14.1413m
t=1.58s, distance_bike_camera = 17.8223m",5.0
1362,simulation_0074,simulation,S3MS,24,SS,What is the length of the turning yellow car in meters?,length of the white car = 6m,"t=0.58s, distance_human_camera = 37.0747m
t=1.58s, distance_human_camera = 37.8958m
t=0.58s, distance_yellow_car_camera = 31.0495m
t=1.58s, distance_yellow_car_camera = 30.4267m
t=0.58s, distance_white_car_camera = 31.2826m
t=1.58s, distance_white_car_camera = 27.7202m
t=0.58s, distance_bike_camera = 28.6001m
t=1.58s, distance_bike_camera = 24.5118m",6.5
1363,simulation_0074,simulation,S3MS,24,SD,What is the average speed of the walking pedestrian from the beginning to the end in m/s?,length of the white car = 6m,"t=0.58s, distance_human_camera = 37.0747m
t=1.58s, distance_human_camera = 37.8958m
t=0.58s, distance_yellow_car_camera = 31.0495m
t=1.58s, distance_yellow_car_camera = 30.4267m
t=0.58s, distance_white_car_camera = 31.2826m
t=1.58s, distance_white_car_camera = 27.7202m
t=0.58s, distance_bike_camera = 28.6001m
t=1.58s, distance_bike_camera = 24.5118m",1.329543550859915
1364,simulation_0074,simulation,S3MS,24,SS,What is the height of the walking pedestrian in meters?,length of the white car = 6m,"t=0.58s, distance_human_camera = 37.0747m
t=1.58s, distance_human_camera = 37.8958m
t=0.58s, distance_yellow_car_camera = 31.0495m
t=1.58s, distance_yellow_car_camera = 30.4267m
t=0.58s, distance_white_car_camera = 31.2826m
t=1.58s, distance_white_car_camera = 27.7202m
t=0.58s, distance_bike_camera = 28.6001m
t=1.58s, distance_bike_camera = 24.5118m",2.3
1365,simulation_0074,simulation,S3MS,24,SD,What is the average speed of the turing yellow car from the beginning to the end in m/s?,length of the white car = 6m,"t=0.58s, distance_human_camera = 37.0747m
t=1.58s, distance_human_camera = 37.8958m
t=0.58s, distance_yellow_car_camera = 31.0495m
t=1.58s, distance_yellow_car_camera = 30.4267m
t=0.58s, distance_white_car_camera = 31.2826m
t=1.58s, distance_white_car_camera = 27.7202m
t=0.58s, distance_bike_camera = 28.6001m
t=1.58s, distance_bike_camera = 24.5118m",4.280833010748121
1366,simulation_0074,simulation,S3MS,24,SS,What is the width of the turning yellow car in meters?,length of the white car = 6m,"t=0.58s, distance_human_camera = 37.0747m
t=1.58s, distance_human_camera = 37.8958m
t=0.58s, distance_yellow_car_camera = 31.0495m
t=1.58s, distance_yellow_car_camera = 30.4267m
t=0.58s, distance_white_car_camera = 31.2826m
t=1.58s, distance_white_car_camera = 27.7202m
t=0.58s, distance_bike_camera = 28.6001m
t=1.58s, distance_bike_camera = 24.5118m",2.4
1367,simulation_0074,simulation,S3MS,24,SS,What is the height of the turning yellow car in meters?,length of the white car = 6m,"t=0.58s, distance_human_camera = 37.0747m
t=1.58s, distance_human_camera = 37.8958m
t=0.58s, distance_yellow_car_camera = 31.0495m
t=1.58s, distance_yellow_car_camera = 30.4267m
t=0.58s, distance_white_car_camera = 31.2826m
t=1.58s, distance_white_car_camera = 27.7202m
t=0.58s, distance_bike_camera = 28.6001m
t=1.58s, distance_bike_camera = 24.5118m",1.9
1368,simulation_0074,simulation,S3MS,24,SS,What is the width of the purple car in meters?,length of the white car = 6m,"t=0.58s, distance_human_camera = 37.0747m
t=1.58s, distance_human_camera = 37.8958m
t=0.58s, distance_yellow_car_camera = 31.0495m
t=1.58s, distance_yellow_car_camera = 30.4267m
t=0.58s, distance_white_car_camera = 31.2826m
t=1.58s, distance_white_car_camera = 27.7202m
t=0.58s, distance_bike_camera = 28.6001m
t=1.58s, distance_bike_camera = 24.5118m",2.3
1369,simulation_0074,simulation,S3MS,24,SS,What is the height of the purple car in meters?,length of the white car = 6m,"t=0.58s, distance_human_camera = 37.0747m
t=1.58s, distance_human_camera = 37.8958m
t=0.58s, distance_yellow_car_camera = 31.0495m
t=1.58s, distance_yellow_car_camera = 30.4267m
t=0.58s, distance_white_car_camera = 31.2826m
t=1.58s, distance_white_car_camera = 27.7202m
t=0.58s, distance_bike_camera = 28.6001m
t=1.58s, distance_bike_camera = 24.5118m",1.9
1370,simulation_0074,simulation,S3MS,24,SS,What is the length of the purple car in meters?,length of the white car = 6m,"t=0.58s, distance_human_camera = 37.0747m
t=1.58s, distance_human_camera = 37.8958m
t=0.58s, distance_yellow_car_camera = 31.0495m
t=1.58s, distance_yellow_car_camera = 30.4267m
t=0.58s, distance_white_car_camera = 31.2826m
t=1.58s, distance_white_car_camera = 27.7202m
t=0.58s, distance_bike_camera = 28.6001m
t=1.58s, distance_bike_camera = 24.5118m",5.8
1371,simulation_0074,simulation,S3MS,24,SD,What is the average speed of the bicycle from the beginning to the end in m/s?,length of the white car = 6m,"t=0.58s, distance_human_camera = 37.0747m
t=1.58s, distance_human_camera = 37.8958m
t=0.58s, distance_yellow_car_camera = 31.0495m
t=1.58s, distance_yellow_car_camera = 30.4267m
t=0.58s, distance_white_car_camera = 31.2826m
t=1.58s, distance_white_car_camera = 27.7202m
t=0.58s, distance_bike_camera = 28.6001m
t=1.58s, distance_bike_camera = 24.5118m",6.185970043928669
1372,simulation_0074,simulation,S3MS,24,SS,What is the side length of the square earthen platform in meters?,length of the white car = 6m,"t=0.58s, distance_human_camera = 37.0747m
t=1.58s, distance_human_camera = 37.8958m
t=0.58s, distance_yellow_car_camera = 31.0495m
t=1.58s, distance_yellow_car_camera = 30.4267m
t=0.58s, distance_white_car_camera = 31.2826m
t=1.58s, distance_white_car_camera = 27.7202m
t=0.58s, distance_bike_camera = 28.6001m
t=1.58s, distance_bike_camera = 24.5118m",2.3
1373,simulation_0074,simulation,S3MS,24,SS,What is the diameter of the bicycle wheel in meters?,length of the white car = 6m,"t=0.58s, distance_human_camera = 37.0747m
t=1.58s, distance_human_camera = 37.8958m
t=0.58s, distance_yellow_car_camera = 31.0495m
t=1.58s, distance_yellow_car_camera = 30.4267m
t=0.58s, distance_white_car_camera = 31.2826m
t=1.58s, distance_white_car_camera = 27.7202m
t=0.58s, distance_bike_camera = 28.6001m
t=1.58s, distance_bike_camera = 24.5118m",0.55
1374,simulation_0074,simulation,S3MS,24,SS,What is the width of the white car in meters?,length of the white car = 6m,"t=0.58s, distance_human_camera = 37.0747m
t=1.58s, distance_human_camera = 37.8958m
t=0.58s, distance_yellow_car_camera = 31.0495m
t=1.58s, distance_yellow_car_camera = 30.4267m
t=0.58s, distance_white_car_camera = 31.2826m
t=1.58s, distance_white_car_camera = 27.7202m
t=0.58s, distance_bike_camera = 28.6001m
t=1.58s, distance_bike_camera = 24.5118m",2.7
1375,simulation_0074,simulation,S3MS,24,SD,What is the acceleration of the white car at 2.0s in m/s^2?,length of the white car = 6m,"t=0.58s, distance_human_camera = 37.0747m
t=1.58s, distance_human_camera = 37.8958m
t=0.58s, distance_yellow_car_camera = 31.0495m
t=1.58s, distance_yellow_car_camera = 30.4267m
t=0.58s, distance_white_car_camera = 31.2826m
t=1.58s, distance_white_car_camera = 27.7202m
t=0.58s, distance_bike_camera = 28.6001m
t=1.58s, distance_bike_camera = 24.5118m",7.125797073066422
1376,simulation_0074,simulation,S3MS,24,SD,What is the height of the white car in meters?,length of the white car = 6m,"t=0.58s, distance_human_camera = 37.0747m
t=1.58s, distance_human_camera = 37.8958m
t=0.58s, distance_yellow_car_camera = 31.0495m
t=1.58s, distance_yellow_car_camera = 30.4267m
t=0.58s, distance_white_car_camera = 31.2826m
t=1.58s, distance_white_car_camera = 27.7202m
t=0.58s, distance_bike_camera = 28.6001m
t=1.58s, distance_bike_camera = 24.5118m",2.6
1377,simulation_0109,simulation,V3MX,24,DS,What is the distance between two cells at 1s in meters?,speed of the red blood cell = 4.7833 m/s,"t=1.0s, distance_left_red_blood_cell_camera = 22.0155 m
t=2.0s, distance_left_red_blood_cell_camera = 24.0333 m",2.79
1378,simulation_0109,simulation,V3MX,24,DS,What is the diameter of the red blood cell in meters?,speed of the red blood cell = 4.7833 m/s,"t=1.0s, distance_left_red_blood_cell_camera = 22.0155 m
t=2.0s, distance_left_red_blood_cell_camera = 24.0333 m",1.52
1379,simulation_0110,simulation,V3MX,24,DS,What is the distance between two cells at 1s in meters?,speed of the red blood cell = 4.7833 m/s,"t=1.0s, distance_left_red_blood_cell_camera = 17.9557 m
t=2.0s, distance_left_red_blood_cell_camera = 22.7150 m",3.05
1380,simulation_0110,simulation,V3MX,24,DS,What is the thickness of the red blood cell in meters?,speed of the red blood cell = 4.7833 m/s,"t=1.0s, distance_left_red_blood_cell_and_camera = 17.9557 m
t=2.0s, distance_left_red_blood_cell_and_camera = 22.7150 m",0.45
1381,simulation_0110,simulation,V3MX,24,DS,What is the diameter of the red blood cell in meters?,speed of the red blood cell = 4.7833 m/s,"t=1.0s, distance_left_red_blood_cell_and_camera = 17.9557 m
t=2.0s, distance_left_red_blood_cell_and_camera = 22.7150 m",1.66
1382,simulation_0143,simulation,S3MC,24,SS,What is the side length of the floor tile in meters?,height of the man = 1.8m,"t=0s, distance_man_camera = 7.21m   
t=0.5s, distance_man_camera = 7.91m",0.6
1383,simulation_0143,simulation,S3MC,24,SD,What is the speed of the man at time 1s in m/s?,height of the man = 1.8m,"t=0s, distance_man_camera = 7.21m   
t=0.5s, distance_man_camera = 7.91m",1.5355935316287508
1384,simulation_0143,simulation,S3MC,24,SD,What is the speed of the man at time 2s in m/s?,height of the man = 1.8m,"t=0s, distance_man_camera = 7.21m   
t=0.5s, distance_man_camera = 7.91m",1.5230892763794628
1385,simulation_0143,simulation,S3MC,24,SD,What is the acceleration of the man at time 2.5s in m/s^2?,height of the man = 1.8m,"t=0s, distance_man_camera = 7.21m   
t=0.5s, distance_man_camera = 7.91m",0.814900492702987
1386,simulation_0164,simulation,S3MC,24,SD,What is the speed of the ball at time 0.5s in m/s?,diameter of the ball = 0.21m,t=0.5s distance_bowling_ball_camera = 9.391m,4.350153921790444
1387,simulation_0164,simulation,S3MC,24,SD,What is the acceleration of the ball at time 0.5s in m/s^2?,diameter of the ball = 0.21m,t=0.5s distance_bowling_ball_camera = 9.391m,1.1201986765273069
1388,simulation_0164,simulation,S3MC,24,SD,What is the speed of the ball at time 1s in m/s?,diameter of the ball = 0.21m,t=0.5s distance_bowling_ball_camera = 9.391m,6.5270717930877895
1389,simulation_0164,simulation,S3MC,24,SD,What is the acceleration of the ball at time 1s in m/s^2?,diameter of the ball = 0.21m,t=0.5s distance_bowling_ball_camera = 9.391m,4.547322301940575
1390,simulation_0164,simulation,S3MC,24,SS,What is the height of the bowling pin in meters?,diameter of the ball = 0.21m,t=0.5s distance_bowling_ball_camera = 9.391m,0.39
1391,simulation_0168,simulation,V3MC,24,DS,What is the width of the road that the bike crossed through in meters?,speed of the bike = 5.52m/s,"t=0s, distance_bike_camera = 28.219m
t=0.5s, distance_bike_camera = 25.554m",10.0
1392,simulation_0168,simulation,V3MC,24,DS,What is the length of the bike in meters?,speed of the bike = 5.52m/s,"t=0s, distance_bike_camera = 28.219m
t=0.5s, distance_bike_camera = 25.554m",1.7
1393,simulation_0168,simulation,V3MC,24,DS,What is the length of the police car in meters?,speed of the bike = 5.52m/s,"t=0s, distance_bike_camera = 28.219m
t=0.5s, distance_bike_camera = 25.554m",4.9
1394,simulation_0168,simulation,V3MC,24,DS,What is the width of the police car in meters?,speed of the bike = 5.52m/s,"t=0s, distance_bike_camera = 28.219m
t=0.5s, distance_bike_camera = 25.554m",1.8
1395,simulation_0168,simulation,V3MC,24,DD,What is the average speed of the police car in m/s?,speed of the bike = 5.52m/s,"t=0s, distance_bike_camera = 28.219m
t=0.5s, distance_bike_camera = 25.554m",1.5734582181331962
1396,simulation_0168,simulation,V3MC,24,DS,What is the width of the road that the bike and the car are on in meters?,speed of the bike = 5.52m/s,"t=0s, distance_bike_camera = 28.219m
t=0.5s, distance_bike_camera = 25.554m",6.7
1397,simulation_0168,simulation,V3MC,24,DS,What is the diameter of the police car's tire in meters?,speed of the bike = 5.52m/s,"t=0s, distance_bike_camera = 28.219m
t=0.5s, distance_bike_camera = 25.554m",0.68
1398,simulation_0168,simulation,V3MC,24,DS,What is the diameter of the bike's wheel in meters?,speed of the bike = 5.52m/s,"t=0s, distance_bike_camera = 28.219m
t=0.5s, distance_bike_camera = 25.554m",0.64
1399,simulation_0170,simulation,S3SS,24,SD,What is the speed of the astronaut at time 0.5s in m/s?,height of the astronaut = 2.2m,"t=1s, distance_astronaut_camera = 23.137m",3.931673281419039
1400,simulation_0170,simulation,S3SS,24,SD,What is the acceleration of the astronaut at time 0.5s in m/s^2?,height of the astronaut = 2.2m,"t=1s, distance_astronaut_camera = 23.137m",22.042416084152222
1401,simulation_0170,simulation,S3SS,24,SD,What is the speed of the astronaut at time 1s in m/s?,height of the astronaut = 2.2m,"t=1s, distance_astronaut_camera = 23.137m",7.37830372240305
1402,simulation_0170,simulation,S3SS,24,SD,What is the acceleration of the astronaut at time 1s in m/s^2?,height of the astronaut = 2.2m,"t=1s, distance_astronaut_camera = 23.137m",2.897453001915143
1403,simulation_0170,simulation,S3SS,24,SD,What is the speed of the astronaut at time 2s in m/s?,height of the astronaut = 2.2m,"t=1s, distance_astronaut_camera = 23.137m",6.409026374092268
1404,simulation_0170,simulation,S3SS,24,SD,What is the acceleration of the astronaut at time 2s in m/s^2?,height of the astronaut = 2.2m,"t=1s, distance_astronaut_camera = 23.137m",1.2317615223135394
1405,simulation_0170,simulation,S3SS,24,SD,What is the speed of the astronaut at time 3s in m/s?,height of the astronaut = 2.2m,"t=1s, distance_astronaut_camera = 23.137m",2.47964782173928
1406,simulation_0170,simulation,S3SS,24,SD,What is the acceleration of the astronaut at time 3s in m/s^2?,height of the astronaut = 2.2m,"t=1s, distance_astronaut_camera = 23.137m",9.311869270757631
1407,simulation_0172,simulation,S3SS,24,SD,What is the speed of the astronaut at time 0.5s in m/s?,height of the astronaut = 2.2m,"t=1s, distance_astronaut_camera = 18.147m",1.770121720869865
1408,simulation_0172,simulation,S3SS,24,SD,What is the acceleration of the astronaut at time 0.5s in m/s^2?,height of the astronaut = 2.2m,"t=1s, distance_astronaut_camera = 18.147m",8.36862556777242
1409,simulation_0172,simulation,S3SS,24,SD,What is the speed of the astronaut at time 1s in m/s?,height of the astronaut = 2.2m,"t=1s, distance_astronaut_camera = 18.147m",4.922453237962325
1410,simulation_0172,simulation,S3SS,24,SD,What is the acceleration of the astronaut at time 1s in m/s^2?,height of the astronaut = 2.2m,"t=1s, distance_astronaut_camera = 18.147m",1.6881465505200788
1411,simulation_0172,simulation,S3SS,24,SD,What is the speed of the astronaut at time 2s in m/s?,height of the astronaut = 2.2m,"t=1s, distance_astronaut_camera = 18.147m",2.288908716931624
1412,simulation_0172,simulation,S3SS,24,SD,What is the acceleration of the astronaut at time 2s in m/s^2?,height of the astronaut = 2.2m,"t=1s, distance_astronaut_camera = 18.147m",1.0603098972525506
1413,simulation_0172,simulation,S3SS,24,SD,What is the speed of the astronaut at time 3s in m/s?,height of the astronaut = 2.2m,"t=1s, distance_astronaut_camera = 18.147m",1.2665940613338726
1414,simulation_0172,simulation,S3SS,24,SD,What is the acceleration of the astronaut at time 3s in m/s^2?,height of the astronaut = 2.2m,"t=1s, distance_astronaut_camera = 18.147m",2.1327652411305538
1415,simulation_0176,simulation,V3MC,24,DS,What is the length of the airplane in meters?,speed of the airplane = 153.582m/s,"t = 0.5s, distance_aircraft_nose_camera = 284.98m   
t =1s, distance_aircraft_nose_camera = 305.627m   
distance_big_rock_camera = 296.350m",48.0
1416,simulation_0176,simulation,V3MC,24,DS,What is the height of the stone cliff on the beach in meters?,speed of the airplane = 153.582m/s,"t = 0.5s, distance_aircraft_nose_camera = 284.98m   
t =1s, distance_aircraft_nose_camera = 305.627m   
distance_big_rock_camera = 296.350m",54.0
1417,simulation_0176,simulation,V3MC,24,DS,What is the diameter of the rear wheels on an aircraft landing gear in meters?,speed of the airplane = 153.582m/s,"t = 0.5s, distance_aircraft_nose_camera = 284.98m   
t =1s, distance_aircraft_nose_camera = 305.627m   
distance_big_rock_camera = 296.350m",1.3
1418,simulation_0180,simulation,A3MC,24,DS,What is the length of the trolley in meters?,acceleration of the trolley = 1.507m/s,"t=0s, distance_trolley_camera = 12.589m   
t=0.5s, distance_trolley_camera = 12.513m",0.92
1419,simulation_0180,simulation,A3MC,24,DS,What is the height of the trolley in meters?,acceleration of the trolley = 1.507m/s,"t=0s, distance_trolley_camera = 12.589m   
t=0.5s, distance_trolley_camera = 12.513m",1.08
1420,simulation_0180,simulation,A3MC,24,DS,What is the height of the entrance gate (including the frame) in meters?,acceleration of the trolley = 1.507m/s,"t=0s, distance_trolley_camera = 12.589m   
t=0.5s, distance_trolley_camera = 12.513m",3.2
1421,simulation_0180,simulation,A3MC,24,DS,What is the length of the side of the orange tiles on the floor in meters?,acceleration of the trolley = 1.507m/s,"t=0s, distance_trolley_camera = 12.589m   
t=0.5s, distance_trolley_camera = 12.513m",0.44
1422,simulation_0180,simulation,A3MC,24,DD,What is the speed of the trolley at time 1s in m/s?,acceleration of the trolley = 1.507m/s,"t=0s, distance_trolley_camera = 12.589m   
t=0.5s, distance_trolley_camera = 12.513m",1.3819041982616092
1423,simulation_0180,simulation,A3MC,24,DD,What is the speed of the trolley at time 2s in m/s?,acceleration of the trolley = 1.507m/s,"t=0s, distance_trolley_camera = 12.589m   
t=0.5s, distance_trolley_camera = 12.513m",2.9955856274423844
1424,simulation_0182,simulation,A3SC,24,DD,What is the acceleration of the box at 0.2s in m/s^2?,acceleration of the box after 0.75s = 2.338m/s^2,"t = 0s, distance_box_camera = 9.522m   
t = 0.5s, distance_box_camera = 9.384m",5.615964761505967
1425,simulation_0182,simulation,A3SC,24,DD,What is the speed of the box at time 1s in m/s?,acceleration of the box after 0.75s = 2.338m/s^2,"t = 0s, distance_box_camera = 9.522m   
t = 0.5s, distance_box_camera = 9.384m",2.1386022575785057
1426,simulation_0182,simulation,A3SC,24,DD,What is the speed of the box at time 1.5s in m/s?,acceleration of the box after 0.75s = 2.338m/s^2,"t = 0s, distance_box_camera = 9.522m   
t = 0.5s, distance_box_camera = 9.384m",3.3131748397863867
1427,simulation_0182,simulation,A3SC,24,DS,What is the length of the box in meters?,acceleration of the box after 0.75s = 2.338m/s^2,"t = 0s, distance_box_camera = 9.522m   
t = 0.5s, distance_box_camera = 9.384m",1.5
1428,simulation_0182,simulation,A3SC,24,DS,What is the height of the box in meters?,acceleration of the box after 0.75s = 2.338m/s^2,"t = 0s, distance_box_camera = 9.522m   
t = 0.5s, distance_box_camera = 9.384m",0.7
1429,simulation_0184,simulation,A3SC,24,DD,What is the acceleration of the box at 0.2s in m/s^2?,acceleration of the tool box after 1.25s = 1.58m/s^2,"t = 0s, distance_box_camera = 9.194m      
t = 0.5s, distance_box_camera = 9.096m",6.990214494946398
1430,simulation_0184,simulation,A3SC,24,DD,What is the speed of the box at time 1s in m/s?,acceleration of the tool box after 1.25s = 1.58m/s^2,"t = 0s, distance_box_camera = 9.194m      
t = 0.5s, distance_box_camera = 9.096m",1.3265566840627052
1431,simulation_0184,simulation,A3SC,24,DD,What is the speed of the box at time 1.5s in m/s?,acceleration of the tool box after 1.25s = 1.58m/s^2,"t = 0s, distance_box_camera = 9.194m      
t = 0.5s, distance_box_camera = 9.096m",2.047497631670556
1432,simulation_0184,simulation,A3SC,24,DS,What is the length of the box in meters?,acceleration of the tool box after 1.25s = 1.58m/s^2,"t = 0s, distance_box_camera = 9.194m      
t = 0.5s, distance_box_camera = 9.096m",1.03
1433,simulation_0184,simulation,A3SC,24,DS,What is the height of the box in meters?,acceleration of the tool box after 1.25s = 1.58m/s^2,"t = 0s, distance_box_camera = 9.194m      
t = 0.5s, distance_box_camera = 9.096m",0.57
1434,simulation_0186,simulation,A3SC,24,DD,What is the acceleration of the box at 0.2s in m/s^2?,acceleration of the gift box after 1s = 3.18m/s^2,"t = 0s, distance_gift_box_camera = 9.859m   
t = 0.5s, distance_gift_box_camera = 9.741m",6.7756589190137975
1435,simulation_0186,simulation,A3SC,24,DD,What is the speed of the box at time 1s in m/s?,acceleration of the gift box after 1s = 3.18m/s^2,"t = 0s, distance_gift_box_camera = 9.859m   
t = 0.5s, distance_gift_box_camera = 9.741m",2.312642028766895
1436,simulation_0186,simulation,A3SC,24,DD,What is the speed of the box at time 1.5s in m/s?,acceleration of the gift box after 1s = 3.18m/s^2,"t = 0s, distance_gift_box_camera = 9.859m   
t = 0.5s, distance_gift_box_camera = 9.741m",3.813519636081815
1437,simulation_0186,simulation,A3SC,24,DS,What is the length of the box in meters?,acceleration of the gift box after 1s = 3.18m/s^2,"t = 0s, distance_gift_box_camera = 9.859m   
t = 0.5s, distance_gift_box_camera = 9.741m",0.5
1438,simulation_0186,simulation,A3SC,24,DS,What is the height of the box in meters?,acceleration of the gift box after 1s = 3.18m/s^2,"t = 0s, distance_gift_box_camera = 9.859m   
t = 0.5s, distance_gift_box_camera = 9.741m",0.45
1439,simulation_0188,simulation,A3SS,30,DS,What is the length of the truck in meters?,acceleration of the truck = 10.757m/s^2,"t=0.5s, distance_center_of _the_truck_camera = 22.532m   
t =1s, distance_center_of _the_truck_camera = 19.525m",7.6
1440,simulation_0188,simulation,A3SS,30,DS,What is the height of the truck in meters?,acceleration of the truck = 10.757m/s^2,"t=0.5s, distance_center_of _the_truck_camera = 22.532m   
t =1s, distance_center_of _the_truck_camera = 19.525m",3.2
1441,simulation_0188,simulation,A3SS,30,DS,What is the diameter of the truck's tire in meters?,acceleration of the truck = 10.757m/s^2,"t=0.5s, distance_center_of _the_truck_camera = 22.532m   
t =1s, distance_center_of _the_truck_camera = 19.525m",0.75
1442,simulation_0188,simulation,A3SS,30,DD,What is the speed of the truck at time 1s in m/s?,acceleration of the truck = 10.757m/s^2,"t=0.5s, distance_center_of _the_truck_camera = 22.532m   
t =1s, distance_center_of _the_truck_camera = 19.525m",11.832300079064956
1443,simulation_0188,simulation,A3SS,30,DD,What is the speed of the truck at time 1.5s in m/s?,acceleration of the truck = 10.757m/s^2,"t=0.5s, distance_center_of _the_truck_camera = 22.532m   
t =1s, distance_center_of _the_truck_camera = 19.525m",21.23421216506573
1444,simulation_0188,simulation,A3SS,30,DS,What is the width of the truck in meters?,acceleration of the truck = 10.757m/s^2,"t=0.5s, distance_center_of _the_truck_camera = 22.532m   
t =1s, distance_center_of _the_truck_camera = 19.525m",2.3
1445,simulation_0201,simulation,A3SS,60,DD,What is the speed of the droplet at time 0.2s in m/s?,acceleration of the droplet = 9.7m/s^2,"t=0s, distance_droplet_camera = 0.156m   
t=0.1s, distance_droplet_camera = 0.186m",1.30399646785685
1446,simulation_0201,simulation,A3SS,60,DD,What is the speed of the droplet at time 0.05s in m/s?,acceleration of the droplet = 9.7m/s^2,"t=0s, distance_droplet_camera = 0.156m   
t=0.1s, distance_droplet_camera = 0.186m",0.9293414796833716
1447,simulation_0201,simulation,A3SS,60,DD,What is the speed of the droplet at time 0.1s in m/s?,acceleration of the droplet = 9.7m/s^2,"t=0s, distance_droplet_camera = 0.156m   
t=0.1s, distance_droplet_camera = 0.186m",1.3459091573168651
1448,simulation_0299,simulation,A3SX,24,DD,"What is the speed of the forklift at 1.0s, in m/s?",acceleration of the forklift = 2m/s^2,"t = 1.0s, distance_forklift_camera = 16.7953 m
t = 2.0s, distance_forklift_camera = 19.0980 m",3.1511365487570777
1449,simulation_0299,simulation,A3SX,24,DD,"What is the speed of the forklift at 2.0s, in m/s?",acceleration of the forklift = 2m/s^2,"t = 1.0s, distance_forklift_camera = 16.7953 m
t = 2.0s, distance_forklift_camera = 19.0980 m",4.810297497677947
1450,simulation_0299,simulation,A3SX,24,DS,What is the length(from the fork tips to the rear bumper) of the forklift in meters?,acceleration of the forklift = 2m/s^2,"t = 1.0s, distance_forklift_camera = 16.7953 m
t = 2.0s, distance_forklift_camera = 19.0980 m",3.7
1451,simulation_0299,simulation,A3SX,24,DS,What is the width(from the left wheel to the right wheel) of the forklift in meters?,acceleration of the forklift = 2m/s^2,"t = 1.0s, distance_forklift_camera = 16.7953 m
t = 2.0s, distance_forklift_camera = 19.0980 m",1.5
1452,simulation_0299,simulation,A3SX,24,DS,What is the height of the forklift in meters?,acceleration of the forklift = 2m/s^2,"t = 1.0s, distance_forklift_camera = 16.7953 m
t = 2.0s, distance_forklift_camera = 19.0980 m",2.3
1453,simulation_0300,simulation,A3SX,24,DD,"What is the speed of the car at 1.0s, in m/s?",acceleration of the car = 5m/s^2,"t = 1.0s, distance_car_camera = 17.8278 m
t = 2.0s, distance_car_camera = 23.1989 m",6.936898111901176
1454,simulation_0300,simulation,A3SX,24,DD,"What is the speed of the car at 2.0s, in m/s?",acceleration of the car = 5m/s^2,"t = 1.0s, distance_car_camera = 17.8278 m
t = 2.0s, distance_car_camera = 23.1989 m",8.540162993624103
1455,simulation_0300,simulation,A3SX,24,DS,What is the length ((from the front to the back) of the car in meters?,acceleration of the car = 5m/s^2,"t = 1.0s, distance_car_camera = 17.8278 m
t = 2.0s, distance_car_camera = 23.1989 m",4.8
1456,simulation_0300,simulation,A3SX,24,DS,What is the width (from the left wheel to the right wheel) of the car in meters?,acceleration of the car = 5m/s^2,"t = 1.0s, distance_car_camera = 17.8278 m
t = 2.0s, distance_car_camera = 23.1989 m",1.98
1457,simulation_0300,simulation,A3SX,24,DS,What is the height of the car in meters?,acceleration of the car = 5m/s^2,"t = 1.0s, distance_car_camera = 17.8278 m
t = 2.0s, distance_car_camera = 23.1989 m",1.15
1458,simulation_0301,simulation,A3MX,24,DD,"What is the speed of the forklift at 1.0s, in m/s?",acceleration of the forklift = 2m/s^2,"t = 1.0s, distance_forklift_camera = 16.7953 m
t = 2.0s, distance_forklift_camera = 19.0980 m
t = 1.0s, distance_car_camera = 17.8278 m
t = 2.0s, distance_car_camera = 23.1989 m",4.240084066777064
1459,simulation_0301,simulation,A3MX,24,DD,"What is the speed of the forklift at 2.0s, in m/s?",acceleration of the forklift = 2m/s^2,"t = 1.0s, distance_forklift_camera = 16.7953 m
t = 2.0s, distance_forklift_camera = 19.0980 m
t = 1.0s, distance_car_camera = 17.8278 m
t = 2.0s, distance_car_camera = 23.1989 m",5.467457879058406
1460,simulation_0301,simulation,A3MX,24,DS,What is the length(from the fork tips to the rear bumper) of the forklift in meters?,acceleration of the forklift = 2m/s^2,"t = 1.0s, distance_forklift_camera = 16.7953 m
t = 2.0s, distance_forklift_camera = 19.0980 m
t = 1.0s, distance_car_camera = 17.8278 m
t = 2.0s, distance_car_camera = 23.1989 m",3.2
1461,simulation_0301,simulation,A3MX,24,DS,What is the width(from the left wheel to the right wheel) of the forklift in meters?,acceleration of the forklift = 2m/s^2,"t = 1.0s, distance_forklift_camera = 16.7953 m
t = 2.0s, distance_forklift_camera = 19.0980 m
t = 1.0s, distance_car_camera = 17.8278 m
t = 2.0s, distance_car_camera = 23.1989 m",1.25
1462,simulation_0301,simulation,A3MX,24,DS,What is the height of the forklift in meters?,acceleration of the forklift = 2m/s^2,"t = 1.0s, distance_forklift_camera = 16.7953 m
t = 2.0s, distance_forklift_camera = 19.0980 m
t = 1.0s, distance_car_camera = 17.8278 m
t = 2.0s, distance_car_camera = 23.1989 m",2.4
1463,simulation_0301,simulation,A3MX,24,DD,"What is the speed of the car at 1.0s, in m/s?",acceleration of the forklift = 2m/s^2,"t = 1.0s, distance_forklift_camera = 16.7953 m
t = 2.0s, distance_forklift_camera = 19.0980 m
t = 1.0s, distance_car_camera = 17.8278 m
t = 2.0s, distance_car_camera = 23.1989 m",9.382823380436417
1464,simulation_0301,simulation,A3MX,24,DD,"What is the speed of the car at 2.0s, in m/s?",acceleration of the forklift = 2m/s^2,"t = 1.0s, distance_forklift_camera = 16.7953 m
t = 2.0s, distance_forklift_camera = 19.0980 m
t = 1.0s, distance_car_camera = 17.8278 m
t = 2.0s, distance_car_camera = 23.1989 m",14.652927227689752
1465,simulation_0301,simulation,A3MX,24,DS,What is the length ((from the front to the back) of the car in meters?,acceleration of the forklift = 2m/s^2,"t = 1.0s, distance_forklift_camera = 16.7953 m
t = 2.0s, distance_forklift_camera = 19.0980 m
t = 1.0s, distance_car_camera = 17.8278 m
t = 2.0s, distance_car_camera = 23.1989 m",4.2
1466,simulation_0301,simulation,A3MX,24,DS,What is the width (from the left wheel to the right wheel) of the car in meters?,acceleration of the forklift = 2m/s^2,"t = 1.0s, distance_forklift_camera = 16.7953 m
t = 2.0s, distance_forklift_camera = 19.0980 m
t = 1.0s, distance_car_camera = 17.8278 m
t = 2.0s, distance_car_camera = 23.1989 m",1.75
1467,simulation_0301,simulation,A3MX,24,DS,What is the height of the car in meters?,acceleration of the forklift = 2m/s^2,"t = 1.0s, distance_forklift_camera = 16.7953 m
t = 2.0s, distance_forklift_camera = 19.0980 m
t = 1.0s, distance_car_camera = 17.8278 m
t = 2.0s, distance_car_camera = 23.1989 m",1.2
1468,simulation_0301,simulation,A3MX,24,DD,What is the acceleration of the car at 2.0s in m/s^2?,acceleration of the forklift = 2m/s^2,"t = 1.0s, distance_forklift_camera = 16.7953 m
t = 2.0s, distance_forklift_camera = 19.0980 m
t = 1.0s, distance_car_camera = 17.8278 m
t = 2.0s, distance_car_camera = 23.1989 m",10.24592556633431
1469,simulation_0302,simulation,V3SX,24,DS,What is the body length of the dragon in meters?,speed of the dragon = 1.29m/s,"t = 1.0s, distance_dragon_camera = 5.1661 m
t = 2.0s, distance_dragon_camera = 6.2783 m",0.55
1470,simulation_0302,simulation,V3SX,24,DS,"What is the displacement of the dragon from 0.5 s to 1.0 s, in meters?",speed of the dragon = 1.29m/s,"t = 1.0s, distance_dragon_camera = 5.1661 m
t = 2.0s, distance_dragon_camera = 6.2783 m",0.688597130255333
1471,simulation_0303,simulation,V3SX,25,DS,What is the length of the plane in meters?,speed of the plane = 22.16 m/s,"t = 1.0s, distance_plane_camera = 102.6664 m
t = 2.0s, distance_plane_camera = 121.8263 m",16.7
1472,simulation_0303,simulation,V3SX,25,DS,What is the width of the plane in meters?,speed of the plane = 22.16 m/s,"t = 1.0s, distance_plane_camera = 102.6664 m
t = 2.0s, distance_plane_camera = 121.8263 m",5.9
1473,simulation_0303,simulation,V3SX,25,DS,"What is the displacement of the plane from 0.5 s to 1.0 s, in meters?",speed of the plane = 22.16 m/s,"t = 1.0s, distance_plane_camera = 102.6664 m
t = 2.0s, distance_plane_camera = 121.8263 m",11.43895811186894
1474,simulation_0304,simulation,V3SX,24,DS,What is the length of the whale in meters?,speed of the whale = 1.67m/s,"t = 1.0s, distance_whale_camera = 33.7307 m
t = 2.0s, distance_whale_camera = 35.1624 m",18.0
1475,simulation_0304,simulation,V3SX,24,DS,"What is the displacement of the whale from 0.5 s to 1.0 s, in meters?",speed of the whale = 1.67m/s,"t = 1.0s, distance_whale_camera = 33.7307 m
t = 2.0s, distance_whale_camera = 35.1624 m",0.8423703680905434
1476,simulation_0305,simulation,V3SS,24,DS,What is the length of the plane in meters?,speed of the plane = 22.16 m/s,"t = 1.0s, distance_plane_camera = 102.6664 m
t = 2.0s, distance_plane_camera = 121.8263 m",13.0
1477,simulation_0305,simulation,V3SS,24,DS,What is the width of the plane in meters?,speed of the plane = 22.16 m/s,"t = 1.0s, distance_plane_camera = 102.6664 m
t = 2.0s, distance_plane_camera = 121.8263 m",17.2
1478,simulation_0305,simulation,V3SS,24,DS,"What is the displacement of the plane from 0.5 s to 1.0 s, in meters?",speed of the plane = 22.16 m/s,"t = 1.0s, distance_plane_camera = 102.6664 m
t = 2.0s, distance_plane_camera = 121.8263 m",11.465509401094645
1479,simulation_0306,simulation,V3SS,24,DS,What is the length of the whale in meters?,speed of the whale = 1.67m/s,"t = 1.0s, distance_whale_camera = 33.7307 m
t = 2.0s, distance_whale_camera = 35.1624 m",15.0
1480,simulation_0306,simulation,V3SS,24,DS,"What is the displacement of the whale from 0.5 s to 1.0 s, in meters?",speed of the whale = 1.67m/s,"t = 1.0s, distance_whale_camera = 33.7307 m
t = 2.0s, distance_whale_camera = 35.1624 m",0.8796557527228541
1481,simulation_0307,simulation,V3SC,24,DS,What is the length of the plane in meters?,speed of the plane = 22.16 m/s,"t = 1.0s, distance_plane_camera = 102.6664 m
t = 2.0s, distance_plane_camera = 121.8263 m",14.0
1482,simulation_0307,simulation,V3SC,24,DS,What is the width of the plane in meters?,speed of the plane = 22.16 m/s,"t = 1.0s, distance_plane_camera = 102.6664 m
t = 2.0s, distance_plane_camera = 121.8263 m",16.0
1483,simulation_0307,simulation,V3SC,24,DS,"What is the displacement of the plane from 0.5 s to 1.0 s, in meters?",speed of the plane = 22.16 m/s,"t = 1.0s, distance_plane_camera = 102.6664 m
t = 2.0s, distance_plane_camera = 121.8263 m",11.41662955949941
1484,simulation_0308,simulation,V3SC,24,DS,What is the length of the whale in meters?,speed of the whale = 1.67m/s,"t = 1.0s, distance_whale_camera = 33.7307 m
t = 2.0s, distance_whale_camera = 35.1624 m",14.5
1485,simulation_0308,simulation,V3SC,24,DS,"What is the displacement of the whale from 0.5 s to 1.0 s, in meters?",speed of the whale = 1.67m/s,"t = 1.0s, distance_whale_camera = 33.7307 m
t = 2.0s, distance_whale_camera = 35.1624 m",0.9275543004238788
1486,simulation_0309,simulation,V3SC,24,DS,What is the body length of the dragon in meters?,speed of the dragon = 1.29m/s,"t = 1.0s, distance_dragon_camera = 5.2108 m
t = 2.0s, distance_dragon_camera = 6.3261 m",0.62
1487,simulation_0309,simulation,V3SC,24,DS,"What is the displacement of the dragon from 0.5 s to 1.0 s, in meters?",speed of the dragon = 1.29m/s,"t = 1.0s, distance_dragon_camera = 5.2108 m
t = 2.0s, distance_dragon_camera = 6.3261 m",0.6961778947029049
1488,simulation_0310,simulation,S3SC,24,SD,"What is the speed of the forklift at 1.0s, in m/s?",height of the forklift = 2.47m,"t = 1.0s, distance_forklift_camera = 16.7953 m
t = 2.0s, distance_forklift_camera = 19.0980 m",2.8423295811454405
1489,simulation_0310,simulation,S3SC,24,SD,"What is the speed of the forklift at 2.0s, in m/s?",height of the forklift = 2.47m,"t = 1.0s, distance_forklift_camera = 16.7953 m
t = 2.0s, distance_forklift_camera = 19.0980 m",3.888814857133041
1490,simulation_0310,simulation,S3SC,24,SS,What is the length(from the fork tips to the rear bumper) of the forklift in meters?,height of the forklift = 2.47m,"t = 1.0s, distance_forklift_camera = 16.7953 m
t = 2.0s, distance_forklift_camera = 19.0980 m",4.0
1491,simulation_0310,simulation,S3SC,24,SS,What is the width(from the left wheel to the right wheel) of the forklift in meters?,height of the forklift = 2.47m,"t = 1.0s, distance_forklift_camera = 16.7953 m
t = 2.0s, distance_forklift_camera = 19.0980 m",1.3
1492,simulation_0310,simulation,S3SC,24,SD,What is the acceleration of the forklift at 1.0s in m/s^2?,height of the forklift = 2.47m,"t = 1.0s, distance_forklift_camera = 16.7953 m
t = 2.0s, distance_forklift_camera = 19.0980 m",1.7502181558553478
1493,simulation_0311,simulation,S3SC,24,SD,"What is the speed of the car at 1.0s, in m/s?",height of the car = 1.15m,"t = 1.0s, distance_car_camera = 17.8278 m
t = 2.0s, distance_car_camera = 23.1989 m",6.286828798004494
1494,simulation_0311,simulation,S3SC,24,SD,"What is the speed of the car at 2.0s, in m/s?",height of the car = 1.15m,"t = 1.0s, distance_car_camera = 17.8278 m
t = 2.0s, distance_car_camera = 23.1989 m",6.153583031520523
1495,simulation_0311,simulation,S3SC,24,SS,What is the length ((from the front to the back) of the car in meters?,height of the car = 1.15m,"t = 1.0s, distance_car_camera = 17.8278 m
t = 2.0s, distance_car_camera = 23.1989 m",4.8
1496,simulation_0311,simulation,S3SC,24,SS,What is the width (from the left wheel to the right wheel) of the car in meters?,height of the car = 1.15m,"t = 1.0s, distance_car_camera = 17.8278 m
t = 2.0s, distance_car_camera = 23.1989 m",2.0
1497,simulation_0311,simulation,S3SC,24,SD,What is the acceleration of the car at 1.0s in m/s^2?,height of the car = 1.15m,"t = 1.0s, distance_car_camera = 17.8278 m
t = 2.0s, distance_car_camera = 23.1989 m",1.2360459205417085
1498,simulation_0016,simulation,V3MC,33,DS,What is the width of the pedestal (square base) of the central sculpture in meters?,speed of the person = 1.3m/s,"t=1s, distance_human_camera = 9.24m
t=2s, distance_human_camera = 9.14m
distance_pedestal_square_base_of_the_central_sculpture_camera = 9.967m
distance_left_bench_seat_camera = 10.63m
distance_right_bench_seat_camera = 10.59m",1.57
1499,simulation_0016,simulation,V3MC,33,DS,What is the width of the bench seat in the atrium in meters?,speed of the person = 1.3m/s,"t=1s, distance_human_camera = 9.24m
t=2s, distance_human_camera = 9.14m
distance_pedestal_square_base_of_the_central_sculpture_camera = 9.967m
distance_left_bench_seat_camera = 10.63m
distance_right_bench_seat_camera = 10.59m",0.81
1500,simulation_0016,simulation,V3MC,33,DS,What is the length of the bench seat in the atrium in meters?,speed of the person = 1.3m/s,"t=1s, distance_human_camera = 9.24m
t=2s, distance_human_camera = 9.14m
distance_pedestal_square_base_of_the_central_sculpture_camera = 9.967m
distance_left_bench_seat_camera = 10.63m
distance_right_bench_seat_camera = 10.59m",2.52
1501,simulation_0030,simulation,V3MC,24,DS,What is the length of the eagle in meters?,speed of the eagle = 12m/s,"t=0s, distance_bird_camera = 25.328m
t=0.5s, distance_bird_camera = 24.899m
distance_neonsign_camera = 34.5m",0.7
1502,simulation_0140,simulation,S3MC,24,SS,What is the height of each window frame in meters?,width of each window frame = 1.48m,"t=0s, distance_bird_camera = 25.328m
t=0.5s, distance_bird_camera = 24.899m
distance_neonsign_camera = 34.5m",2.08
1503,simulation_0140,simulation,S3MC,24,SS,What is the width of the letter neon sign in meters?,width of each window frame = 1.48m,"t=0s, distance_bird_camera = 25.328m
t=0.5s, distance_bird_camera = 24.899m
distance_neonsign_camera = 34.5m",9.33
1504,simulation_0140,simulation,S3MC,24,SS,What is the height of the letter neon sign in meters?,width of each window frame = 1.48m,"t=0s, distance_bird_camera = 25.328m
t=0.5s, distance_bird_camera = 24.899m
distance_neonsign_camera = 34.5m",1.18
1505,simulation_0140,simulation,S3MC,24,SS,What is the distance between the bird’s flight path and the wall with the neon sign in meters?,width of each window frame = 1.48m,"t=0s, distance_bird_camera = 25.328m
t=0.5s, distance_bird_camera = 24.899m
distance_neonsign_camera = 34.5m",9.4
1506,simulation_0140,simulation,S3MC,24,SS,What is the total length of the bird’s flight path in meters?,width of each window frame = 1.48m,"t=0s, distance_bird_camera = 25.328m
t=0.5s, distance_bird_camera = 24.899m
distance_neonsign_camera = 34.5m",17.301474995195104
1507,simulation_0140,simulation,S3MC,24,SD,What is the velocity of the bird at 1.0s in m/s?,width of each window frame = 1.48m,"t=0s, distance_bird_camera = 25.328m
t=0.5s, distance_bird_camera = 24.899m
distance_neonsign_camera = 34.5m",4.9667030423197325
1508,simulation_0141,simulation,V3MC,24,DS,What is the height of the man in meters?,walking speed = 1.693m/s,"t=0s, distance_man_camera = 4.15m   
t=0.5s, distance_man_camera = 5.03m",1.8
1509,simulation_0141,simulation,V3MC,24,DS,What is the total distance the man walked in meters?,walking speed = 1.693m/s,"t=0s, distance_man_camera = 4.15m   
t=0.5s, distance_man_camera = 5.03m",4.2
1510,simulation_0141,simulation,V3MC,24,DS,What is the side length of the floor tile in meters?,walking speed = 1.693m/s,"t=0s, distance_man_camera = 4.15m   
t=0.5s, distance_man_camera = 5.03m",1.0
1511,simulation_0141,simulation,V3MC,24,DS,What is the distance from the man’s foot to the left wall in meters?,walking speed = 1.693m/s,"t=0s, distance_man_camera = 4.15m   
t=0.5s, distance_man_camera = 5.03m",3.8
1512,simulation_0141,simulation,V3MC,24,DS,What is the distance from the man’s foot to the right wall in meters?,walking speed = 1.693m/s,"t=0s, distance_man_camera = 4.15m   
t=0.5s, distance_man_camera = 5.03m",3.8
1513,simulation_0144,simulation,S3MC,24,SS,What is the diameter of the tire in meters?,length of the rocket = 2.9m,"t=0s, distance_rocket_camera = 43.064m   
t=0.5s, distance_rocket_camera = 41.127m",1.5
1514,simulation_0144,simulation,S3MC,24,SS,What is the width of the vehicle in meters?,length of the rocket = 2.9m,"t=0s, distance_rocket_camera = 43.064m   
t=0.5s, distance_rocket_camera = 41.127m",2.1
1515,simulation_0144,simulation,S3MC,24,SD,What is the average speed of the rocket in m/s?,length of the rocket = 2.9m,"t=0s, distance_rocket_camera = 43.064m   
t=0.5s, distance_rocket_camera = 41.127m",17.181078168072684
1516,simulation_0144,simulation,S3MC,24,SD,What is the speed of the rocket at time 1s in m/s?,length of the rocket = 2.9m,"t=0s, distance_rocket_camera = 43.064m   
t=0.5s, distance_rocket_camera = 41.127m",20.38581537958388
1517,simulation_0144,simulation,S3MC,24,SD,What is the acceleration of the rocket at time 1s in m/s^2?,length of the rocket = 2.9m,"t=0s, distance_rocket_camera = 43.064m   
t=0.5s, distance_rocket_camera = 41.127m",17.284528517999725
1518,simulation_0144,simulation,S3MC,24,SD,"What is the width of the road the vehicle is on, in meters?",length of the rocket = 2.9m,"t=0s, distance_rocket_camera = 43.064m   
t=0.5s, distance_rocket_camera = 41.127m",4.5
1519,simulation_0149,simulation,S3MC,24,SS,What is the width of the car in meters?,diameter of the tire = 0.764m,"t=0s, distance_yellowCarRightFrontTire_camera = 14.244m",2.6
1520,simulation_0149,simulation,S3MC,24,SS,"What is the height, in meters, of the black-and-white collision warning markings on the pillar?",diameter of the tire = 0.764m,"t=0s, distance_yellowCarRightFrontTire_camera = 14.244m",0.85
1521,simulation_0149,simulation,S3MC,24,SS,"What is the width of the pillar, in meters, with the collision warning markings on it?",diameter of the tire = 0.764m,"t=0s, distance_yellowCarRightFrontTire_camera = 14.244m",1.45
1522,simulation_0149,simulation,S3MC,24,SD,What is the speed of the car at time 0.5s in m/s?,diameter of the tire = 0.764m,"t=0s, distance_yellowCarRightFrontTire_camera = 14.244m",3.943035865794968
1523,simulation_0149,simulation,S3MC,24,SD,What is the acceleration of the car at time 0.5s in m/s^2?,diameter of the tire = 0.764m,"t=0s, distance_yellowCarRightFrontTire_camera = 14.244m",9.90812387418956
1524,simulation_0149,simulation,S3MC,24,SD,What is the speed of the car at time 1s in m/s?,diameter of the tire = 0.764m,"t=0s, distance_yellowCarRightFrontTire_camera = 14.244m",11.829739241690437
1525,simulation_0149,simulation,S3MC,24,SD,What is the acceleration of the car at time 1s in m/s^2?,diameter of the tire = 0.764m,"t=0s, distance_yellowCarRightFrontTire_camera = 14.244m",26.7572056693665
1526,simulation_0150,simulation,S3MC,24,SS,What is the width of the car in meters?,diameter of the tire = 0.764m,"t=0.5s, distance_yellowCarLeftFrontTire_camera = 11.38m,
distance_camera_B1sign = 23.44m",4.9
1527,simulation_0150,simulation,S3MC,24,SS,"What is the height, in meters, of the black-and-white collision warning markings on the pillar?",diameter of the tire = 0.764m,"t=0.5s, distance_yellowCarLeftFrontTire_camera = 11.38m,
distance_camera_B1sign = 23.44m",0.72
1528,simulation_0150,simulation,S3MC,24,SS,"What is the width of the pillar, in meters, with the collision warning markings on it?",diameter of the tire = 0.764m,"t=0.5s, distance_yellowCarLeftFrontTire_camera = 11.38m,
distance_camera_B1sign = 23.44m",1.15
1529,simulation_0150,simulation,S3MC,24,SD,What is the speed of the car at time 0.5s in m/s?,diameter of the tire = 0.764m,"t=0.5s, distance_yellowCarLeftFrontTire_camera = 11.38m,
distance_camera_B1sign = 23.44m",6.48441285806985
1530,simulation_0150,simulation,S3MC,24,SD,What is the acceleration of the car at time 0.5s in m/s^2?,diameter of the tire = 0.764m,"t=0.5s, distance_yellowCarLeftFrontTire_camera = 11.38m,
distance_camera_B1sign = 23.44m",13.227340778636458
1531,simulation_0150,simulation,S3MC,24,SD,What is the speed of the car at time 1s in m/s?,diameter of the tire = 0.764m,"t=0.5s, distance_yellowCarLeftFrontTire_camera = 11.38m,
distance_camera_B1sign = 23.44m",9.964404038849429
1532,simulation_0150,simulation,S3MC,24,SD,What is the acceleration of the car at time 1s in m/s^2?,diameter of the tire = 0.764m,"t=0.5s, distance_yellowCarLeftFrontTire_camera = 11.38m,
distance_camera_B1sign = 23.44m",6.348611092467721
1533,simulation_0150,simulation,S3MC,24,SS,"What is the width, in meters, of the 'B1' lettering on the wall behind the car?",diameter of the tire = 0.764m,"t=0.5s, distance_yellowCarLeftFrontTire_camera = 11.38m,
distance_camera_B1sign = 23.44m",1.61
1534,simulation_0150,simulation,S3MC,24,SS,"What is the height, in meters, of the 'B1' lettering on the wall behind the car?",diameter of the tire = 0.764m,"t=0.5s, distance_yellowCarLeftFrontTire_camera = 11.38m,
distance_camera_B1sign = 23.44m",1.47
1535,simulation_0150,simulation,S3MC,24,SS,"What is the distance, in meters, between the pillars on one side?",diameter of the tire = 0.764m,"t=0.5s, distance_yellowCarLeftFrontTire_camera = 11.38m,
distance_camera_B1sign = 23.44m",5.6
1536,simulation_0151,simulation,S3MC,24,SS,"What is the width, in meters, of the blue car?","diameter of the tire of the yellow car = 0.764m
diameter of the tire of the blue car = 0.369m","t=0.5s, distance_yellowCarLeftFrontTire_camera = 11.38m",1.55
1537,simulation_0151,simulation,S3MC,24,SD,What is the speed of the yellow car at time 1s in m/s?,"diameter of the tire of the yellow car = 0.764m
diameter of the tire of the blue car = 0.369m","t=0.5s, distance_yellowCarLeftFrontTire_camera = 11.38m",4.782027870041739
1538,simulation_0151,simulation,S3MC,24,SD,What is the acceleration of the yellow car at time 1s in m/s^2?,"diameter of the tire of the yellow car = 0.764m
diameter of the tire of the blue car = 0.369m","t=0.5s, distance_yellowCarLeftFrontTire_camera = 11.38m",2.295690415359399
1539,simulation_0151,simulation,S3MC,24,SD,What is the speed of the blue car at time 1s in m/s?,"diameter of the tire of the yellow car = 0.764m
diameter of the tire of the blue car = 0.369m","t=0.5s, distance_yellowCarLeftFrontTire_camera = 11.38m",3.541629990615747
1540,simulation_0151,simulation,S3MC,24,SD,What is the acceleration of the blue car at time 1s in m/s^2?,"diameter of the tire of the yellow car = 0.764m
diameter of the tire of the blue car = 0.369m","t=0.5s, distance_yellowCarLeftFrontTire_camera = 11.38m",2.2633496973898373
1541,simulation_0152,simulation,S3MC,24,SS,"What is the width, in meters, of the blue car?","diameter of the tire of the yellow car = 0.764m
diameter of the tire of the blue car = 0.369m","t=1s, distance_blueCarRightFrontTire_camera = 9.312m",1.85
1542,simulation_0152,simulation,S3MC,24,SD,What is the speed of the yellow car at time 1s in m/s?,"diameter of the tire of the yellow car = 0.764m
diameter of the tire of the blue car = 0.369m","t=1s, distance_blueCarRightFrontTire_camera = 9.312m",5.017790024704865
1543,simulation_0152,simulation,S3MC,24,SD,What is the acceleration of the yellow car at time 1s in m/s^2?,"diameter of the tire of the yellow car = 0.764m
diameter of the tire of the blue car = 0.369m","t=1s, distance_blueCarRightFrontTire_camera = 9.312m",3.324594244017524
1544,simulation_0152,simulation,S3MC,24,SD,What is the speed of the blue car at time 1s in m/s?,"diameter of the tire of the yellow car = 0.764m
diameter of the tire of the blue car = 0.369m","t=1s, distance_blueCarRightFrontTire_camera = 9.312m",3.885435486156049
1545,simulation_0152,simulation,S3MC,24,SD,What is the acceleration of the blue car at time 1s in m/s^2?,"diameter of the tire of the yellow car = 0.764m
diameter of the tire of the blue car = 0.369m","t=1s, distance_blueCarRightFrontTire_camera = 9.312m",2.3243543711200942
1546,simulation_0159,simulation,A3MS,24,DS,How long is the turtle in meters?,acceleration of the turtle = 2.639 m/s^2,"t=0s, distance_turtle_camera = 15.232m   
t=0.5s, distance_turtle_camera = 14.968m
t=0s, distance_shark_camera = 16.474m
t=0.5s, distance_shark_camera = 15.744m",1.82
1547,simulation_0159,simulation,A3MS,24,DD,What is the speed of the turtle at time 1s in m/s?,acceleration of the turtle = 2.639 m/s^2,"t=0s, distance_turtle_camera = 15.232m   
t=0.5s, distance_turtle_camera = 14.968m
t=0s, distance_shark_camera = 16.474m
t=0.5s, distance_shark_camera = 15.744m",2.5742793749795254
1548,simulation_0159,simulation,A3MS,24,DD,What is the speed of the turtle at time 1.5s in m/s?,acceleration of the turtle = 2.639 m/s^2,"t=0s, distance_turtle_camera = 15.232m   
t=0.5s, distance_turtle_camera = 14.968m
t=0s, distance_shark_camera = 16.474m
t=0.5s, distance_shark_camera = 15.744m",4.153253488831034
1549,simulation_0159,simulation,A3MS,24,DS,How long is the shark in meters?,acceleration of the turtle = 2.639 m/s^2,"t=0s, distance_turtle_camera = 15.232m   
t=0.5s, distance_turtle_camera = 14.968m
t=0s, distance_shark_camera = 16.474m
t=0.5s, distance_shark_camera = 15.744m",5.2
1550,simulation_0159,simulation,A3MS,24,DS,What is the difference in water depth between the centers of the shark’s body and the turtle’s body in meters?,acceleration of the turtle = 2.639 m/s^2,"t=0s, distance_turtle_camera = 15.232m   
t=0.5s, distance_turtle_camera = 14.968m
t=0s, distance_shark_camera = 16.474m
t=0.5s, distance_shark_camera = 15.744m",2.85
1551,simulation_0159,simulation,A3MS,24,DD,What is the acceleration of the shark at 0.5s in m/s^2?,acceleration of the turtle = 2.639 m/s^2,"t=0s, distance_turtle_camera = 15.232m   
t=0.5s, distance_turtle_camera = 14.968m
t=0s, distance_shark_camera = 16.474m
t=0.5s, distance_shark_camera = 15.744m",8.506932558778479
1552,simulation_0159,simulation,A3MS,24,DD,What is the speed of the shark at time 1s in m/s?,acceleration of the turtle = 2.639 m/s^2,"t=0s, distance_turtle_camera = 15.232m   
t=0.5s, distance_turtle_camera = 14.968m
t=0s, distance_shark_camera = 16.474m
t=0.5s, distance_shark_camera = 15.744m",9.961019350420036
1553,simulation_0159,simulation,A3MS,24,DD,What is the speed of the shark at time 1.5s in m/s?,acceleration of the turtle = 2.639 m/s^2,"t=0s, distance_turtle_camera = 15.232m   
t=0.5s, distance_turtle_camera = 14.968m
t=0s, distance_shark_camera = 16.474m
t=0.5s, distance_shark_camera = 15.744m",20.18256446976324
1554,simulation_0195,simulation,V3MS,30,DS,What is the orbital diameter of the Callisto model in meters?,Callisto's model speed = 0.627 m/s,"t=0s, distance_small_Callisto_camera = 13.004m   
t =3s, distance_small_Callisto_camera = 13.856m
distance_big_europa_camera = 16.549m",8.2
1555,simulation_0195,simulation,V3MS,30,DS,What is the diameter of the model of Callisto (orbiting model) in meters?,Callisto's model speed = 0.627 m/s,"t=0s, distance_small_Callisto_camera = 13.004m   
t =3s, distance_small_Callisto_camera = 13.856m
distance_big_europa_camera = 16.549m",0.11
1556,simulation_0195,simulation,V3MS,30,DS,What is the diameter of the model of Jupiter (the one at the center) in meters?,Callisto's model speed = 0.627 m/s,"t=0s, distance_small_Callisto_camera = 13.004m   
t =3s, distance_small_Callisto_camera = 13.856m
distance_big_europa_camera = 16.549m",1.72
1557,simulation_0202,simulation,A3MC,24,DS,What is the length of the table in meters?,acceleration of the magnifying glass before 0.5s = 9.8m/s^2,"t=0s, distance_magnifying_glass_camera = 4.2401m  
t=0.5s, distance_magnifying_glass_camera = 4.4097m  
distance_gun_camera = 4.704m  
distance_desktop_corner_far_right_camera = 5.009m  
distance_desktop_corner_near_camera = 3.593m",2.0
1558,simulation_0202,simulation,A3MC,24,DS,What is the width of the table in meters?,acceleration of the magnifying glass before 0.5s = 9.8m/s^2,"t=0s, distance_magnifying_glass_camera = 4.2401m  
t=0.5s, distance_magnifying_glass_camera = 4.4097m  
distance_gun_camera = 4.704m  
distance_desktop_corner_far_right_camera = 5.009m  
distance_desktop_corner_near_camera = 3.593m",1.2
1559,simulation_0202,simulation,A3MC,24,DS,What is the length of the typewriter in meters?,acceleration of the magnifying glass before 0.5s = 9.8m/s^2,"t=0s, distance_magnifying_glass_camera = 4.2401m  
t=0.5s, distance_magnifying_glass_camera = 4.4097m  
distance_gun_camera = 4.704m  
distance_desktop_corner_far_right_camera = 5.009m  
distance_desktop_corner_near_camera = 3.593m",0.43
1560,simulation_0202,simulation,A3MC,24,DS,What is the width of the typewriter in meters?,acceleration of the magnifying glass before 0.5s = 9.8m/s^2,"t=0s, distance_magnifying_glass_camera = 4.2401m  
t=0.5s, distance_magnifying_glass_camera = 4.4097m  
distance_gun_camera = 4.704m  
distance_desktop_corner_far_right_camera = 5.009m  
distance_desktop_corner_near_camera = 3.593m",0.36
1561,simulation_0202,simulation,A3MC,24,DS,What is the height of the typewriter in meters?,acceleration of the magnifying glass before 0.5s = 9.8m/s^2,"t=0s, distance_magnifying_glass_camera = 4.2401m  
t=0.5s, distance_magnifying_glass_camera = 4.4097m  
distance_gun_camera = 4.704m  
distance_desktop_corner_far_right_camera = 5.009m  
distance_desktop_corner_near_camera = 3.593m",0.19
1562,simulation_0202,simulation,A3MC,24,DS,What is the width of the paper next to the magnifying glass in meters?,acceleration of the magnifying glass before 0.5s = 9.8m/s^2,"t=0s, distance_magnifying_glass_camera = 4.2401m  
t=0.5s, distance_magnifying_glass_camera = 4.4097m  
distance_gun_camera = 4.704m  
distance_desktop_corner_far_right_camera = 5.009m  
distance_desktop_corner_near_camera = 3.593m",0.19
1563,simulation_0202,simulation,A3MC,24,DD,What is the speed of the magnifying glass at time 0.125s in m/s?,acceleration of the magnifying glass before 0.5s = 9.8m/s^2,"t=0s, distance_magnifying_glass_camera = 4.2401m  
t=0.5s, distance_magnifying_glass_camera = 4.4097m  
distance_gun_camera = 4.704m  
distance_desktop_corner_far_right_camera = 5.009m  
distance_desktop_corner_near_camera = 3.593m",1.2885326965306632
1564,simulation_0202,simulation,A3MC,24,DD,What is the speed of the magnifying glass at time 0.25s in m/s?,acceleration of the magnifying glass before 0.5s = 9.8m/s^2,"t=0s, distance_magnifying_glass_camera = 4.2401m  
t=0.5s, distance_magnifying_glass_camera = 4.4097m  
distance_gun_camera = 4.704m  
distance_desktop_corner_far_right_camera = 5.009m  
distance_desktop_corner_near_camera = 3.593m",2.4674202160089007
1565,simulation_0202,simulation,A3MC,24,DD,What is the speed of the magnifying glass at time 0.333s in m/s?,acceleration of the magnifying glass before 0.5s = 9.8m/s^2,"t=0s, distance_magnifying_glass_camera = 4.2401m  
t=0.5s, distance_magnifying_glass_camera = 4.4097m  
distance_gun_camera = 4.704m  
distance_desktop_corner_far_right_camera = 5.009m  
distance_desktop_corner_near_camera = 3.593m",3.2409025540378
1566,simulation_0205,simulation,A3MS,24,DS,What is the length of the table in meters?,acceleration of the magnifying glass before 0.5s = 9.8m/s^2,"t=0s, distance_magnifying_glass_camera = 4.2401m  
t=0.5s, distance_magnifying_glass_camera = 4.4097m  
distance_gun_camera = 4.704m  
distance_desktop_corner_far_right_camera = 5.009m  
distance_desktop_corner_near_camera = 3.593m",2.0
1567,simulation_0205,simulation,A3MS,24,DS,What is the width of the table in meters?,acceleration of the magnifying glass before 0.5s = 9.8m/s^2,"t=0s, distance_magnifying_glass_camera = 4.2401m  
t=0.5s, distance_magnifying_glass_camera = 4.4097m  
distance_gun_camera = 4.704m  
distance_desktop_corner_far_right_camera = 5.009m  
distance_desktop_corner_near_camera = 3.593m",0.85
1568,simulation_0205,simulation,A3MS,24,DS,What is the length of the typewriter in meters?,acceleration of the magnifying glass before 0.5s = 9.8m/s^2,"t=0s, distance_magnifying_glass_camera = 4.2401m  
t=0.5s, distance_magnifying_glass_camera = 4.4097m  
distance_gun_camera = 4.704m  
distance_desktop_corner_far_right_camera = 5.009m  
distance_desktop_corner_near_camera = 3.593m",0.43
1569,simulation_0205,simulation,A3MS,24,DS,What is the width of the typewriter in meters?,acceleration of the magnifying glass before 0.5s = 9.8m/s^2,"t=0s, distance_magnifying_glass_camera = 4.2401m  
t=0.5s, distance_magnifying_glass_camera = 4.4097m  
distance_gun_camera = 4.704m  
distance_desktop_corner_far_right_camera = 5.009m  
distance_desktop_corner_near_camera = 3.593m",0.33
1570,simulation_0205,simulation,A3MS,24,DS,What is the height of the typewriter in meters?,acceleration of the magnifying glass before 0.5s = 9.8m/s^2,"t=0s, distance_magnifying_glass_camera = 4.2401m  
t=0.5s, distance_magnifying_glass_camera = 4.4097m  
distance_gun_camera = 4.704m  
distance_desktop_corner_far_right_camera = 5.009m  
distance_desktop_corner_near_camera = 3.593m",0.21
1571,simulation_0205,simulation,A3MS,24,DD,What is the speed of the magnifying glass at time 0.125s in m/s?,acceleration of the magnifying glass before 0.5s = 9.8m/s^2,"t=0s, distance_magnifying_glass_camera = 4.2401m  
t=0.5s, distance_magnifying_glass_camera = 4.4097m  
distance_gun_camera = 4.704m  
distance_desktop_corner_far_right_camera = 5.009m  
distance_desktop_corner_near_camera = 3.593m",1.305925313003096
1572,simulation_0205,simulation,A3MS,24,DD,What is the speed of the magnifying glass at time 0.25s in m/s?,acceleration of the magnifying glass before 0.5s = 9.8m/s^2,"t=0s, distance_magnifying_glass_camera = 4.2401m  
t=0.5s, distance_magnifying_glass_camera = 4.4097m  
distance_gun_camera = 4.704m  
distance_desktop_corner_far_right_camera = 5.009m  
distance_desktop_corner_near_camera = 3.593m",2.4863945645600927
1573,simulation_0205,simulation,A3MS,24,DD,What is the speed of the magnifying glass at time 0.333s in m/s?,acceleration of the magnifying glass before 0.5s = 9.8m/s^2,"t=0s, distance_magnifying_glass_camera = 4.2401m  
t=0.5s, distance_magnifying_glass_camera = 4.4097m  
distance_gun_camera = 4.704m  
distance_desktop_corner_far_right_camera = 5.009m  
distance_desktop_corner_near_camera = 3.593m",3.256670334963266
1574,simulation_0206,simulation,A3MC,24,DS,What is the length of the table in meters?,acceleration of the typewriter before 0.45s = 9.8m/s^2,"t=0s, distance_typewriter_camera = 4.32m  
t=0.5s, distance_typewriter_camera = 4.501m  
distance_gun_camera = 4.704m  
distance_desktop_corner_far_right_camera = 5.009m  
distance_desktop_corner_closest_to_camera = 3.593m",1.9
1575,simulation_0206,simulation,A3MC,24,DS,What is the width of the table in meters?,acceleration of the typewriter before 0.45s = 9.8m/s^2,"t=0s, distance_typewriter_camera = 4.32m  
t=0.5s, distance_typewriter_camera = 4.501m  
distance_gun_camera = 4.704m  
distance_desktop_corner_far_right_camera = 5.009m  
distance_desktop_corner_closest_to_camera = 3.593m",0.9
1576,simulation_0206,simulation,A3MC,24,DS,What is the length of the typewriter in meters?,acceleration of the typewriter before 0.45s = 9.8m/s^2,"t=0s, distance_typewriter_camera = 4.32m  
t=0.5s, distance_typewriter_camera = 4.501m  
distance_gun_camera = 4.704m  
distance_desktop_corner_far_right_camera = 5.009m  
distance_desktop_corner_closest_to_camera = 3.593m",0.43
1577,simulation_0206,simulation,A3MC,24,DS,What is the width of the typewriter in meters?,acceleration of the typewriter before 0.45s = 9.8m/s^2,"t=0s, distance_typewriter_camera = 4.32m  
t=0.5s, distance_typewriter_camera = 4.501m  
distance_gun_camera = 4.704m  
distance_desktop_corner_far_right_camera = 5.009m  
distance_desktop_corner_closest_to_camera = 3.593m",0.33
1578,simulation_0206,simulation,A3MC,24,DS,What is the height of the typewriter in meters?,acceleration of the typewriter before 0.45s = 9.8m/s^2,"t=0s, distance_typewriter_camera = 4.32m  
t=0.5s, distance_typewriter_camera = 4.501m  
distance_gun_camera = 4.704m  
distance_desktop_corner_far_right_camera = 5.009m  
distance_desktop_corner_closest_to_camera = 3.593m",0.14
1579,simulation_0206,simulation,A3MC,24,DD,What is the speed of the typewriter at time 0.125s in m/s?,acceleration of the typewriter before 0.45s = 9.8m/s^2,"t=0s, distance_typewriter_camera = 4.32m  
t=0.5s, distance_typewriter_camera = 4.501m  
distance_gun_camera = 4.704m  
distance_desktop_corner_far_right_camera = 5.009m  
distance_desktop_corner_closest_to_camera = 3.593m",1.3163278988037128
1580,simulation_0206,simulation,A3MC,24,DD,What is the speed of the typewriter at time 0.25s in m/s?,acceleration of the typewriter before 0.45s = 9.8m/s^2,"t=0s, distance_typewriter_camera = 4.32m  
t=0.5s, distance_typewriter_camera = 4.501m  
distance_gun_camera = 4.704m  
distance_desktop_corner_far_right_camera = 5.009m  
distance_desktop_corner_closest_to_camera = 3.593m",2.457434487434252
1581,simulation_0206,simulation,A3MC,24,DD,What is the speed of the typewriter at time 0.333s in m/s?,acceleration of the typewriter before 0.45s = 9.8m/s^2,"t=0s, distance_typewriter_camera = 4.32m  
t=0.5s, distance_typewriter_camera = 4.501m  
distance_gun_camera = 4.704m  
distance_desktop_corner_far_right_camera = 5.009m  
distance_desktop_corner_closest_to_camera = 3.593m",3.2070816795271733
1582,simulation_0206,simulation,A3MC,24,DS,What is the width of the paper next to the typewriter in meters?,acceleration of the typewriter before 0.45s = 9.8m/s^2,"t=0s, distance_typewriter_camera = 4.32m  
t=0.5s, distance_typewriter_camera = 4.501m  
distance_gun_camera = 4.704m  
distance_desktop_corner_far_right_camera = 5.009m  
distance_desktop_corner_closest_to_camera = 3.593m",0.25
1583,simulation_0206,simulation,A3MC,24,DS,What is the length of the letter placed under the gun in meters?,acceleration of the typewriter before 0.45s = 9.8m/s^2,"t=0s, distance_typewriter_camera = 4.32m  
t=0.5s, distance_typewriter_camera = 4.501m  
distance_gun_camera = 4.704m  
distance_desktop_corner_far_right_camera = 5.009m  
distance_desktop_corner_closest_to_camera = 3.593m",0.17
1584,simulation_0209,simulation,A3MS,24,DS,What is the length of the table in meters?,acceleration of the typewriter before 0.45s = 9.8m/s^2,"t=0s, distance_typewriter_camera = 4.32m  
t=0.5s, distance_typewriter_camera = 4.501m  
distance_gun_camera = 4.704m",2.0
1585,simulation_0209,simulation,A3MS,24,DS,What is the length of the typewriter in meters?,acceleration of the typewriter before 0.45s = 9.8m/s^2,"t=0s, distance_typewriter_camera = 4.32m  
t=0.5s, distance_typewriter_camera = 4.501m  
distance_gun_camera = 4.704m",0.44
1586,simulation_0209,simulation,A3MS,24,DS,What is the height of the typewriter in meters?,acceleration of the typewriter before 0.45s = 9.8m/s^2,"t=0s, distance_typewriter_camera = 4.32m  
t=0.5s, distance_typewriter_camera = 4.501m  
distance_gun_camera = 4.704m",0.18
1587,simulation_0209,simulation,A3MS,24,DS,What is the length of the letter placed under the gun in meters?,acceleration of the typewriter before 0.45s = 9.8m/s^2,"t=0s, distance_typewriter_camera = 4.32m  
t=0.5s, distance_typewriter_camera = 4.501m  
distance_gun_camera = 4.704m",0.15
1588,simulation_0209,simulation,A3MS,24,DD,What is the speed of the typewriter at time 0.125s in m/s?,acceleration of the typewriter before 0.45s = 9.8m/s^2,"t=0s, distance_typewriter_camera = 4.32m  
t=0.5s, distance_typewriter_camera = 4.501m  
distance_gun_camera = 4.704m",1.314956576879231
1589,simulation_0209,simulation,A3MS,24,DD,What is the speed of the typewriter at time 0.25s in m/s?,acceleration of the typewriter before 0.45s = 9.8m/s^2,"t=0s, distance_typewriter_camera = 4.32m  
t=0.5s, distance_typewriter_camera = 4.501m  
distance_gun_camera = 4.704m",2.482703052224952
1590,simulation_0209,simulation,A3MS,24,DD,What is the speed of the typewriter at time 0.333s in m/s?,acceleration of the typewriter before 0.45s = 9.8m/s^2,"t=0s, distance_typewriter_camera = 4.32m  
t=0.5s, distance_typewriter_camera = 4.501m  
distance_gun_camera = 4.704m",3.273155068420513
1591,simulation_0209,simulation,A3MS,24,DS,What is the width of the table in meters?,acceleration of the typewriter before 0.45s = 9.8m/s^2,"t=0s, distance_typewriter_camera = 4.32m  
t=0.5s, distance_typewriter_camera = 4.501m  
distance_gun_camera = 4.704m",1.0
1592,simulation_0209,simulation,A3MS,24,DS,What is the width of the typewriter in meters?,acceleration of the typewriter before 0.45s = 9.8m/s^2,"t=0s, distance_typewriter_camera = 4.32m  
t=0.5s, distance_typewriter_camera = 4.501m  
distance_gun_camera = 4.704m",0.35
1593,simulation_0211,simulation,V3MS,24,DS,What is the length of the black cat (including its tail) in meters?,speed of the black cat = 0.94m/s,"t=0s, distance_black_cat_camera = 4.199m  
t=1.0s, distance_black_cat_camera = 4.481m  
distance_floor_mirror_bottom_center_camera = 6.407m  
distance_closest_wooden_bench_leg_camera = 5.69m",0.72
1594,simulation_0211,simulation,V3MS,24,DS,What is the height of the black cat (including its tail) in meters?,speed of the black cat = 0.94m/s,"t=0s, distance_black_cat_camera = 4.199m  
t=1.0s, distance_black_cat_camera = 4.481m  
distance_floor_mirror_bottom_center_camera = 6.407m  
distance_closest_wooden_bench_leg_camera = 5.69m",0.54
1595,simulation_0211,simulation,V3MS,24,DS,What is the length of the wooden bench in meters?,speed of the black cat = 0.94m/s,"t=0s, distance_black_cat_camera = 4.199m  
t=1.0s, distance_black_cat_camera = 4.481m  
distance_floor_mirror_bottom_center_camera = 6.407m  
distance_closest_wooden_bench_leg_camera = 5.69m",1.04
1596,simulation_0211,simulation,V3MS,24,DS,What is the height of the wooden bench in meters?,speed of the black cat = 0.94m/s,"t=0s, distance_black_cat_camera = 4.199m  
t=1.0s, distance_black_cat_camera = 4.481m  
distance_floor_mirror_bottom_center_camera = 6.407m  
distance_closest_wooden_bench_leg_camera = 5.69m",0.51
1597,simulation_0211,simulation,V3MS,24,DS,What is the height of the lampshade of the table lamp in meters?,speed of the black cat = 0.94m/s,"t=0s, distance_black_cat_camera = 4.199m  
t=1.0s, distance_black_cat_camera = 4.481m  
distance_floor_mirror_bottom_center_camera = 6.407m  
distance_closest_wooden_bench_leg_camera = 5.69m",0.28
1598,simulation_0211,simulation,V3MS,24,DS,What is the diameter of the lampshade of the table lamp in meters?,speed of the black cat = 0.94m/s,"t=0s, distance_black_cat_camera = 4.199m  
t=1.0s, distance_black_cat_camera = 4.481m  
distance_floor_mirror_bottom_center_camera = 6.407m  
distance_closest_wooden_bench_leg_camera = 5.69m",0.52
1599,simulation_0211,simulation,V3MS,24,DS,What is the height of the table lamp in meters?,speed of the black cat = 0.94m/s,"t=0s, distance_black_cat_camera = 4.199m  
t=1.0s, distance_black_cat_camera = 4.481m  
distance_floor_mirror_bottom_center_camera = 6.407m  
distance_closest_wooden_bench_leg_camera = 5.69m",0.72
1600,simulation_0211,simulation,V3MS,24,DS,What is the height of the vase in meters?,speed of the black cat = 0.94m/s,"t=0s, distance_black_cat_camera = 4.199m  
t=1.0s, distance_black_cat_camera = 4.481m  
distance_floor_mirror_bottom_center_camera = 6.407m  
distance_closest_wooden_bench_leg_camera = 5.69m",0.53
1601,simulation_0211,simulation,V3MS,24,DS,What is the height of the floor mirror in meters?,speed of the black cat = 0.94m/s,"t=0s, distance_black_cat_camera = 4.199m  
t=1.0s, distance_black_cat_camera = 4.481m  
distance_floor_mirror_bottom_center_camera = 6.407m  
distance_closest_wooden_bench_leg_camera = 5.69m",1.53
1602,simulation_0211,simulation,V3MS,24,DS,What is the length of the floor mirror in meters?,speed of the black cat = 0.94m/s,"t=0s, distance_black_cat_camera = 4.199m  
t=1.0s, distance_black_cat_camera = 4.481m  
distance_floor_mirror_bottom_center_camera = 6.407m  
distance_closest_wooden_bench_leg_camera = 5.69m",0.58
1603,simulation_0211,simulation,V3MS,24,DS,What is the distance in meters between the black cat and the camera at 0.5 s?,speed of the black cat = 0.94m/s,"t=0s, distance_black_cat_camera = 4.199m  
t=1.0s, distance_black_cat_camera = 4.481m  
distance_floor_mirror_bottom_center_camera = 6.407m  
distance_closest_wooden_bench_leg_camera = 5.69m",4.34
1604,simulation_0211,simulation,V3MS,24,DS,What is the distance in meters between the black cat and the camera at 1.5 s?,speed of the black cat = 0.94m/s,"t=0s, distance_black_cat_camera = 4.199m  
t=1.0s, distance_black_cat_camera = 4.481m  
distance_floor_mirror_bottom_center_camera = 6.407m  
distance_closest_wooden_bench_leg_camera = 5.69m",4.622
1605,simulation_0212,simulation,V3MC,24,DS,What is the length of the black cat (including its tail) in meters?,speed of the black cat = 0.94m/s,"t=0s, distance_black_cat_camera=4.199m   
t=1.0s, distance_black_cat_camera= 4.481m
t=0s, distance_dog_camera = 5.094m  
t=0.5s, distance_dog_camera = 4.625m
distance_floor_mirror_bottom_center_camera = 6.407m  
distance_closest_wooden_bench_leg_camera = 5.69m",0.72
1606,simulation_0212,simulation,V3MC,24,DS,What is the height of the black cat (including its tail) in meters?,speed of the black cat = 0.94m/s,"t=0s, distance_black_cat_camera=4.199m   
t=1.0s, distance_black_cat_camera= 4.481m
t=0s, distance_dog_camera = 5.094m  
t=0.5s, distance_dog_camera = 4.625m
distance_floor_mirror_bottom_center_camera = 6.407m  
distance_closest_wooden_bench_leg_camera = 5.69m",0.52
1607,simulation_0212,simulation,V3MC,24,DS,What is the length of the wooden bench in meters?,speed of the black cat = 0.94m/s,"t=0s, distance_black_cat_camera=4.199m   
t=1.0s, distance_black_cat_camera= 4.481m
t=0s, distance_dog_camera = 5.094m  
t=0.5s, distance_dog_camera = 4.625m
distance_floor_mirror_bottom_center_camera = 6.407m  
distance_closest_wooden_bench_leg_camera = 5.69m",1.06
1608,simulation_0212,simulation,V3MC,24,DS,What is the height of the wooden bench in meters?,speed of the black cat = 0.94m/s,"t=0s, distance_black_cat_camera=4.199m   
t=1.0s, distance_black_cat_camera= 4.481m
t=0s, distance_dog_camera = 5.094m  
t=0.5s, distance_dog_camera = 4.625m
distance_floor_mirror_bottom_center_camera = 6.407m  
distance_closest_wooden_bench_leg_camera = 5.69m",0.51
1609,simulation_0212,simulation,V3MC,24,DS,What is the height of the lampshade of the table lamp in meters?,speed of the black cat = 0.94m/s,"t=0s, distance_black_cat_camera=4.199m   
t=1.0s, distance_black_cat_camera= 4.481m
t=0s, distance_dog_camera = 5.094m  
t=0.5s, distance_dog_camera = 4.625m
distance_floor_mirror_bottom_center_camera = 6.407m  
distance_closest_wooden_bench_leg_camera = 5.69m",0.28
1610,simulation_0212,simulation,V3MC,24,DS,What is the diameter of the lampshade of the table lamp in meters?,speed of the black cat = 0.94m/s,"t=0s, distance_black_cat_camera=4.199m   
t=1.0s, distance_black_cat_camera= 4.481m
t=0s, distance_dog_camera = 5.094m  
t=0.5s, distance_dog_camera = 4.625m
distance_floor_mirror_bottom_center_camera = 6.407m  
distance_closest_wooden_bench_leg_camera = 5.69m",0.54
1611,simulation_0212,simulation,V3MC,24,DS,What is the height of the table lamp in meters?,speed of the black cat = 0.94m/s,"t=0s, distance_black_cat_camera=4.199m   
t=1.0s, distance_black_cat_camera= 4.481m
t=0s, distance_dog_camera = 5.094m  
t=0.5s, distance_dog_camera = 4.625m
distance_floor_mirror_bottom_center_camera = 6.407m  
distance_closest_wooden_bench_leg_camera = 5.69m",0.75
1612,simulation_0212,simulation,V3MC,24,DS,What is the height of the vase in meters?,speed of the black cat = 0.94m/s,"t=0s, distance_black_cat_camera=4.199m   
t=1.0s, distance_black_cat_camera= 4.481m
t=0s, distance_dog_camera = 5.094m  
t=0.5s, distance_dog_camera = 4.625m
distance_floor_mirror_bottom_center_camera = 6.407m  
distance_closest_wooden_bench_leg_camera = 5.69m",0.53
1613,simulation_0212,simulation,V3MC,24,DS,What is the height of the floor mirror in meters?,speed of the black cat = 0.94m/s,"t=0s, distance_black_cat_camera=4.199m   
t=1.0s, distance_black_cat_camera= 4.481m
t=0s, distance_dog_camera = 5.094m  
t=0.5s, distance_dog_camera = 4.625m
distance_floor_mirror_bottom_center_camera = 6.407m  
distance_closest_wooden_bench_leg_camera = 5.69m",1.57
1614,simulation_0212,simulation,V3MC,24,DS,What is the width of the floor mirror in meters?,speed of the black cat = 0.94m/s,"t=0s, distance_black_cat_camera=4.199m   
t=1.0s, distance_black_cat_camera= 4.481m
t=0s, distance_dog_camera = 5.094m  
t=0.5s, distance_dog_camera = 4.625m
distance_floor_mirror_bottom_center_camera = 6.407m  
distance_closest_wooden_bench_leg_camera = 5.69m",0.59
1615,simulation_0212,simulation,V3MC,24,DS,What is the distance in meters between the black cat and the camera at 0.5 s?,speed of the black cat = 0.94m/s,"t=0s, distance_black_cat_camera=4.199m   
t=1.0s, distance_black_cat_camera= 4.481m
t=0s, distance_dog_camera = 5.094m  
t=0.5s, distance_dog_camera = 4.625m
distance_floor_mirror_bottom_center_camera = 6.407m  
distance_closest_wooden_bench_leg_camera = 5.69m",4.34
1616,simulation_0212,simulation,V3MC,24,DS,What is the distance in meters between the black cat and the camera at 1.5 s?,speed of the black cat = 0.94m/s,"t=0s, distance_black_cat_camera=4.199m   
t=1.0s, distance_black_cat_camera= 4.481m
t=0s, distance_dog_camera = 5.094m  
t=0.5s, distance_dog_camera = 4.625m
distance_floor_mirror_bottom_center_camera = 6.407m  
distance_closest_wooden_bench_leg_camera = 5.69m",4.622
1617,simulation_0212,simulation,V3MC,24,DD,What is the speed of the dog at time 1s in m/s?,speed of the black cat = 0.94m/s,"t=0s, distance_black_cat_camera=4.199m   
t=1.0s, distance_black_cat_camera= 4.481m
t=0s, distance_dog_camera = 5.094m  
t=0.5s, distance_dog_camera = 4.625m
distance_floor_mirror_bottom_center_camera = 6.407m  
distance_closest_wooden_bench_leg_camera = 5.69m",1.3769472639503326
1618,simulation_0212,simulation,V3MC,24,DD,What is the speed of the dog at time 1.5s in m/s?,speed of the black cat = 0.94m/s,"t=0s, distance_black_cat_camera=4.199m   
t=1.0s, distance_black_cat_camera= 4.481m
t=0s, distance_dog_camera = 5.094m  
t=0.5s, distance_dog_camera = 4.625m
distance_floor_mirror_bottom_center_camera = 6.407m  
distance_closest_wooden_bench_leg_camera = 5.69m",1.2056366060047037
1619,simulation_0212,simulation,V3MC,24,DS,What is the length of the dog (including its tail) in meters?,speed of the black cat = 0.94m/s,"t=0s, distance_black_cat_camera=4.199m   
t=1.0s, distance_black_cat_camera= 4.481m
t=0s, distance_dog_camera = 5.094m  
t=0.5s, distance_dog_camera = 4.625m
distance_floor_mirror_bottom_center_camera = 6.407m  
distance_closest_wooden_bench_leg_camera = 5.69m",1.15
1620,simulation_0212,simulation,V3MC,24,DS,What is the height of the dog (including its tail) in meters?,speed of the black cat = 0.94m/s,"t=0s, distance_black_cat_camera=4.199m   
t=1.0s, distance_black_cat_camera= 4.481m
t=0s, distance_dog_camera = 5.094m  
t=0.5s, distance_dog_camera = 4.625m
distance_floor_mirror_bottom_center_camera = 6.407m  
distance_closest_wooden_bench_leg_camera = 5.69m",0.62
1621,simulation_0242,simulation,V3MC,24,DS,What is the length of the brown horse in meters?,speed of the brown horse = 0.874m/s,"t=0s, distance_brown_horse_camera=16.288m   
t=1.0s, distance_brown_horse_camera=16.112m 
t=0s, distance_white_horse_camera=14.941m  
t=1.0s, distance_white_horse_camera=14.957m
t=0s, distance_rabbit_camera=14.257m  
t=1.0s, distance_rabbit_camera=14.412m",1.9
1622,simulation_0242,simulation,V3MC,24,DS,What is the width of the house in meters?,speed of the brown horse = 0.874m/s,"t=0s, distance_brown_horse_camera=16.288m   
t=1.0s, distance_brown_horse_camera=16.112m 
t=0s, distance_white_horse_camera=14.941m  
t=1.0s, distance_white_horse_camera=14.957m
t=0s, distance_rabbit_camera=14.257m  
t=1.0s, distance_rabbit_camera=14.412m",7.5
1623,simulation_0242,simulation,V3MC,24,DS,What is the width of each glass window in meters?,speed of the brown horse = 0.874m/s,"t=0s, distance_brown_horse_camera=16.288m   
t=1.0s, distance_brown_horse_camera=16.112m 
t=0s, distance_white_horse_camera=14.941m  
t=1.0s, distance_white_horse_camera=14.957m
t=0s, distance_rabbit_camera=14.257m  
t=1.0s, distance_rabbit_camera=14.412m",0.8
1624,simulation_0242,simulation,V3MC,24,DD,What is the average speed of the white horse in m/s?,speed of the brown horse = 0.874m/s,"t=0s, distance_brown_horse_camera=16.288m   
t=1.0s, distance_brown_horse_camera=16.112m 
t=0s, distance_white_horse_camera=14.941m  
t=1.0s, distance_white_horse_camera=14.957m
t=0s, distance_rabbit_camera=14.257m  
t=1.0s, distance_rabbit_camera=14.412m",1.4200573736708233
1625,simulation_0242,simulation,V3MC,24,DS,What is the length of the white horse in meters?,speed of the brown horse = 0.874m/s,"t=0s, distance_brown_horse_camera=16.288m   
t=1.0s, distance_brown_horse_camera=16.112m 
t=0s, distance_white_horse_camera=14.941m  
t=1.0s, distance_white_horse_camera=14.957m
t=0s, distance_rabbit_camera=14.257m  
t=1.0s, distance_rabbit_camera=14.412m",2.36
1626,simulation_0242,simulation,V3MC,24,DD,What is the average speed of the rabbit in m/s?,speed of the brown horse = 0.874m/s,"t=0s, distance_brown_horse_camera=16.288m   
t=1.0s, distance_brown_horse_camera=16.112m 
t=0s, distance_white_horse_camera=14.941m  
t=1.0s, distance_white_horse_camera=14.957m
t=0s, distance_rabbit_camera=14.257m  
t=1.0s, distance_rabbit_camera=14.412m",1.4326556011114022
1627,simulation_0242,simulation,V3MC,24,DS,What is the length of the rabbit in meters?,speed of the brown horse = 0.874m/s,"t=0s, distance_brown_horse_camera=16.288m   
t=1.0s, distance_brown_horse_camera=16.112m 
t=0s, distance_white_horse_camera=14.941m  
t=1.0s, distance_white_horse_camera=14.957m
t=0s, distance_rabbit_camera=14.257m  
t=1.0s, distance_rabbit_camera=14.412m",0.42
1628,simulation_0247,simulation,V2MS,30,DS,What is the length of the rabbit in meters?,speed of the deer = 1.277m/s,"t=0s, distance_rabbit_camera=15.798m  
t=1.0s, distance_rabbit_camera=15.852m",3.935862021406169e-10
1629,simulation_0247,simulation,V2MS,30,DS,What is the length of the deer in meters?,speed of the deer = 1.277m/s,"t=0s, distance_rabbit_camera=15.798m  
t=1.0s, distance_rabbit_camera=15.852m",2.199572937503853e-09
1630,simulation_0247,simulation,V2MS,30,DD,What is the average speed of the rabbit in m/s?,speed of the deer = 1.277m/s,"t=0s, distance_rabbit_camera=15.798m  
t=1.0s, distance_rabbit_camera=15.852m",1.2497557064819924
1631,simulation_0312,simulation,S3SX,24,SD,What is the average speed of the star from the beginning to the end in m/s?,height of the star = 0.2m,"t=1.0s, distance_star_camera = 6.552m
t=2.0s, distance_star_camera = 8.345m",2.109130752004688
1632,simulation_0312,simulation,S3SX,24,SS,What is the width of the star in meters?,height of the star = 0.2m,"t=1.0s, distance_star_camera = 6.552m
t=2.0s, distance_star_camera = 8.345m",0.15
1633,simulation_0312,simulation,S3SX,24,SS,What is the thickness of the star in meters?,height of the star = 0.2m,"t=1.0s, distance_star_camera = 6.552m
t=2.0s, distance_star_camera = 8.345m",0.07
1634,simulation_0009_segmented,segmentation,V3MX,24,DS,What is the length of the boat in meters?,speed of the boat = 1.5 m/s,"t=0s, distance_boat_camera =11.827 m
t=1s, distance_boat_camera = 13.154m
distance_pier_camera = 18.920m
distance_stairs_camera = 23.125m",2.3
1635,simulation_0009_segmented,segmentation,V3MX,24,DS,What is the width of the boat in meters?,speed of the boat = 1.5 m/s,"t=0s, distance_boat_camera =11.827 m
t=1s, distance_boat_camera = 13.154m
distance_pier_camera = 18.920m
distance_stairs_camera = 23.125m",0.7
1636,simulation_0009_segmented,segmentation,V3MX,24,DS,What is the height of the boat in meters?,speed of the boat = 1.5 m/s,"t=0s, distance_boat_camera =11.827 m
t=1s, distance_boat_camera = 13.154m
distance_pier_camera = 18.920m
distance_stairs_camera = 23.125m",0.4
1637,simulation_0009_segmented,segmentation,V3MX,24,DS,What is the width of the wooden pier in meters?,speed of the boat = 1.5 m/s,"t=0s, distance_boat_camera =11.827 m
t=1s, distance_boat_camera = 13.154m
distance_pier_camera = 18.920m
distance_stairs_camera = 23.125m",1.5
1638,simulation_0009_segmented,segmentation,V3MX,24,DS,What is the length of the pier from the shore-side edge to the water-side edge in meters?,speed of the boat = 1.5 m/s,"t=0s, distance_boat_camera =11.827 m
t=1s, distance_boat_camera = 13.154m
distance_pier_camera = 18.920m
distance_stairs_camera = 23.125m",4.4
1639,simulation_0009_segmented,segmentation,V3MX,24,DS,"When t=3s, what is the minimum distance from the outer end of the pier to the boat in meters?",speed of the boat = 1.5 m/s,"t=0s, distance_boat_camera =11.827 m
t=1s, distance_boat_camera = 13.154m
distance_pier_camera = 18.920m
distance_stairs_camera = 23.125m",3.2
1640,simulation_0009_segmented,segmentation,V3MX,24,DS,What is the width of the wooden steps in meters?,speed of the boat = 1.5 m/s,"t=0s, distance_boat_camera =11.827 m
t=1s, distance_boat_camera = 13.154m
distance_pier_camera = 18.920m
distance_stairs_camera = 23.125m",0.9
1641,simulation_0009_segmented,segmentation,V3MX,24,DS,What is the height of the pier deck above the water surface in meters?,speed of the boat = 1.5 m/s,"t=0s, distance_boat_camera =11.827 m
t=1s, distance_boat_camera = 13.154m
distance_pier_camera = 18.920m
distance_stairs_camera = 23.125m",0.6
1642,simulation_0009_segmented,segmentation,V3MX,24,DS,What is the height of the cabin floor above the ground in meters?,speed of the boat = 1.5 m/s,"t=0s, distance_boat_camera =11.827 m
t=1s, distance_boat_camera = 13.154m
distance_pier_camera = 18.920m
distance_stairs_camera = 23.125m",1.0
1643,simulation_0010_segmented,segmentation,V3MX,24,SS,What is the width between the two widest eaves of the small house in meters?,length of the bird = 1.19m,"t=0s, distance_bird_camera = 34.584m
t=1s, distance_bird_camera = 33.999m
distance_cart_camera = 30.374m
distance_house_camera = 55.083m",14.3
1644,simulation_0010_segmented,segmentation,V3MX,24,SS,What is the height of the house’s door in meters?,length of the bird = 1.19m,"t=0s, distance_bird_camera = 34.584m
t=1s, distance_bird_camera = 33.999m
distance_cart_camera = 30.374m
distance_house_camera = 55.083m",4.35
1645,simulation_0010_segmented,segmentation,V3MX,24,SS,What is the maximum height of the cart from the ground in meters?,length of the bird = 1.19m,"t=0s, distance_bird_camera = 34.584m
t=1s, distance_bird_camera = 33.999m
distance_cart_camera = 30.374m
distance_house_camera = 55.083m",2.13
1646,simulation_0010_segmented,segmentation,V3MX,24,SS,What is the diameter of the cart’s wheels in meters?,length of the bird = 1.19m,"t=0s, distance_bird_camera = 34.584m
t=1s, distance_bird_camera = 33.999m
distance_cart_camera = 30.374m
distance_house_camera = 55.083m",1.72
1647,simulation_0010_segmented,segmentation,V3MX,24,SD,What is the average flight speed of the bird in m/s?,length of the bird = 1.19m,"t=0s, distance_bird_camera = 34.584m
t=1s, distance_bird_camera = 33.999m
distance_cart_camera = 30.374m
distance_house_camera = 55.083m",4.714613385750664
1648,simulation_0012_segmented,segmentation,V2MX,24,DS,What is the width between the two widest eaves of the house in meters?,speed of the bird =6m/s,,14.722295082937569
1649,simulation_0012_segmented,segmentation,V2MX,24,DS,What is the length of the bird in meters?,speed of the bird =6m/s,,1.9361182318935963
1650,simulation_0012_segmented,segmentation,V2MX,24,DS,How wide is the bird's wingspan when it spreads its wings in meters?,speed of the bird =6m/s,,3.7152787225689705
1651,simulation_0017_segmented,segmentation,V3MX,33,DS,What is the height of the person in meters?,speed of the person = 1.3m/s,"t=0s, distance_human_camera = 5.424m
t=1s, distance_human_camera = 4.886m
distance_bench_camera = 2.267m
distance_the_pedestal_of_the_central _sculpture_and_camera = 5.963m
distance_the central_sculpture_camera = 5.962m
distance_the_freestanding_art_display_panel = 4.223m",1.9
1652,simulation_0017_segmented,segmentation,V3MX,33,DS,What is the width of the pedestal (square base) of the central sculpture in meters?,speed of the person = 1.3m/s,"t=0s, distance_human_camera = 5.424m
t=1s, distance_human_camera = 4.886m
distance_bench_camera = 2.267m
distance_the_pedestal_of_the_central _sculpture_and_camera = 5.963m
distance_the central_sculpture_camera = 5.962m
distance_the_freestanding_art_display_panel = 4.223m",1.7
1653,simulation_0017_segmented,segmentation,V3MX,33,DS,What is the height of the pedestal (square base) of the central sculpture in meters?,speed of the person = 1.3m/s,"t=0s, distance_human_camera = 5.424m
t=1s, distance_human_camera = 4.886m
distance_bench_camera = 2.267m
distance_the_pedestal_of_the_central _sculpture_and_camera = 5.963m
distance_the central_sculpture_camera = 5.962m
distance_the_freestanding_art_display_panel = 4.223m",1.0
1654,simulation_0017_segmented,segmentation,V3MX,33,DS,What is the height of the bench seat in the atrium in meters?,speed of the person = 1.3m/s,"t=0s, distance_human_camera = 5.424m
t=1s, distance_human_camera = 4.886m
distance_bench_camera = 2.267m
distance_the_pedestal_of_the_central _sculpture_and_camera = 5.963m
distance_the central_sculpture_camera = 5.962m
distance_the_freestanding_art_display_panel = 4.223m",0.67
1655,simulation_0017_segmented,segmentation,V3MX,33,DS,What is the length of the bench seat in the atrium in meters?,speed of the person = 1.3m/s,"t=0s, distance_human_camera = 5.424m
t=1s, distance_human_camera = 4.886m
distance_bench_camera = 2.267m
distance_the_pedestal_of_the_central _sculpture_and_camera = 5.963m
distance_the central_sculpture_camera = 5.962m
distance_the_freestanding_art_display_panel = 4.223m",2.58
1656,simulation_0017_segmented,segmentation,V3MX,33,DS,What is the height of the central sculpture itself (excluding the pedestal) in meters?,speed of the person = 1.3m/s,"t=0s, distance_human_camera = 5.424m
t=1s, distance_human_camera = 4.886m
distance_bench_camera = 2.267m
distance_the_pedestal_of_the_central _sculpture_and_camera = 5.963m
distance_the central_sculpture_camera = 5.962m
distance_the_freestanding_art_display_panel = 4.223m",1.7
1657,simulation_0017_segmented,segmentation,V3MX,33,DS,What is the width of the freestanding art display panel in meters?,speed of the person = 1.3m/s,"t=0s, distance_human_camera = 5.424m
t=1s, distance_human_camera = 4.886m
distance_bench_camera = 2.267m
distance_the_pedestal_of_the_central _sculpture_and_camera = 5.963m
distance_the central_sculpture_camera = 5.962m
distance_the_freestanding_art_display_panel = 4.223m",0.51
1658,simulation_0017_segmented,segmentation,V3MX,33,DS,What is the height of the freestanding art display panel in meters?,speed of the person = 1.3m/s,"t=0s, distance_human_camera = 5.424m
t=1s, distance_human_camera = 4.886m
distance_bench_camera = 2.267m
distance_the_pedestal_of_the_central _sculpture_and_camera = 5.963m
distance_the central_sculpture_camera = 5.962m
distance_the_freestanding_art_display_panel = 4.223m",0.71
1659,simulation_0019_segmented,segmentation,S3MX,33,SD,What is the average walking speed of the person in m/s?,height of the person = 1.87m,"t=0s, distance_human_camera = 6.84m
t=1s, distance_human_camera = 6.49m
distance_the_nearest_freestanding_art_display_panel = 11.042m
distance_the_pedestal_of_the_central_sculpture_and_camera = 5.085m
distance_the central_sculpture_camera = 5.085m",1.3758940208677708
1660,simulation_0019_segmented,segmentation,S3MX,33,SS,What is the width of the pedestal (square base) of the central sculpture in meters?,height of the person = 1.87m,"t=0s, distance_human_camera = 6.84m
t=1s, distance_human_camera = 6.49m
distance_the_nearest_freestanding_art_display_panel = 11.042m
distance_the_pedestal_of_the_central_sculpture_and_camera = 5.085m
distance_the central_sculpture_camera = 5.085m",1.65
1661,simulation_0019_segmented,segmentation,S3MX,33,SS,What is the height of the pedestal (square base) of the central sculpture in meters?,height of the person = 1.87m,"t=0s, distance_human_camera = 6.84m
t=1s, distance_human_camera = 6.49m
distance_the_nearest_freestanding_art_display_panel = 11.042m
distance_the_pedestal_of_the_central_sculpture_and_camera = 5.085m
distance_the central_sculpture_camera = 5.085m",1.23
1662,simulation_0019_segmented,segmentation,S3MX,33,SS,What is the height of the central sculpture itself (excluding the pedestal) in meters?,height of the person = 1.87m,"t=0s, distance_human_camera = 6.84m
t=1s, distance_human_camera = 6.49m
distance_the_nearest_freestanding_art_display_panel = 11.042m
distance_the_pedestal_of_the_central_sculpture_and_camera = 5.085m
distance_the central_sculpture_camera = 5.085m",1.66
1663,simulation_0019_segmented,segmentation,S3MX,33,SS,What is the width of the freestanding art display panel in meters?,height of the person = 1.87m,"t=0s, distance_human_camera = 6.84m
t=1s, distance_human_camera = 6.49m
distance_the_nearest_freestanding_art_display_panel = 11.042m
distance_the_pedestal_of_the_central_sculpture_and_camera = 5.085m
distance_the central_sculpture_camera = 5.085m",1.2
1664,simulation_0019_segmented,segmentation,S3MX,33,SS,What is the height of the freestanding art display panel in meters?,height of the person = 1.87m,"t=0s, distance_human_camera = 6.84m
t=1s, distance_human_camera = 6.49m
distance_the_nearest_freestanding_art_display_panel = 11.042m
distance_the_pedestal_of_the_central_sculpture_and_camera = 5.085m
distance_the central_sculpture_camera = 5.085m",1.98
1665,simulation_0021_segmented,segmentation,S3MX,30,SD,What is the average walking speed of the person in m/s?,height of the person = 1.87m,"t=0s, distance_human_camera = 13.882m
t=1s, distance_human_camera = 13.768m
distance_fire_hydrant_camera = 12.565m
distance_streetlight_camera = 12.325m",0.5020792894666308
1666,simulation_0021_segmented,segmentation,S3MX,30,SS,What is the height of the fire hydrant in meters?,height of the person = 1.87m,"t=0s, distance_human_camera = 13.882m
t=1s, distance_human_camera = 13.768m
distance_fire_hydrant_camera = 12.565m
distance_streetlight_camera = 12.325m",1.07
1667,simulation_0021_segmented,segmentation,S3MX,30,SS,What is the height of the streetlight in meters?,height of the person = 1.87m,"t=0s, distance_human_camera = 13.882m
t=1s, distance_human_camera = 13.768m
distance_fire_hydrant_camera = 12.565m
distance_streetlight_camera = 12.325m",4.37
1668,simulation_0022_segmented,segmentation,S3MX,24,SD,What is the average walking speed of the person in m/s?,length of the boat = 10m,"t=1s, distance_boat_camera = 148.7451 m
t=2s, distance_boat_camera = 146.9726 m",4.309689886923161
1669,simulation_0022_segmented,segmentation,S3MX,24,SS,What is the height of the boat in meters?,length of the boat = 10m,"t=1s, distance_boat_camera = 148.7451 m
t=2s, distance_boat_camera = 146.9726 m",9.8
1670,simulation_0022_segmented,segmentation,S3MX,24,SS,What is the length of the rock in meters?,length of the boat = 10m,"t=1s, distance_boat_camera = 148.7451 m
t=2s, distance_boat_camera = 146.9726 m",18.3
1671,simulation_0022_segmented,segmentation,S3MX,24,SS,What is the height of the rock in meters?,length of the boat = 10m,"t=1s, distance_boat_camera = 148.7451 m
t=2s, distance_boat_camera = 146.9726 m",4.3
1672,simulation_0023_segmented,segmentation,V3MX,24,DD,What is the average speed of the boat in m/s?,speed of the eagle = 11.84m/s,"t=1s, distance_eagle_camera = 116.0475m
t=2s, distance_eagle_camera = 108.2756m
t=1s, distance_boat_camera = 103.1570 m
t=2s, distance_boat_camera = 106.0906 m",4.080056862625839
1673,simulation_0023_segmented,segmentation,V3MX,24,DS,What is the height of the boat in meters?,speed of the eagle = 11.84m/s,"t=1s, distance_eagle_camera = 116.0475m
t=2s, distance_eagle_camera = 108.2756m
t=1s, distance_boat_camera = 103.1570 m
t=2s, distance_boat_camera = 106.0906 m",9.7
1674,simulation_0023_segmented,segmentation,V3MX,24,DS,What is the length of the boat in meters?,speed of the eagle = 11.84m/s,"t=1s, distance_eagle_camera = 116.0475m
t=2s, distance_eagle_camera = 108.2756m
t=1s, distance_boat_camera = 103.1570 m
t=2s, distance_boat_camera = 106.0906 m",7.5
1675,simulation_0023_segmented,segmentation,V3MX,24,DS,What is the length of the eagle in meters?,speed of the eagle = 11.84m/s,"t=1s, distance_eagle_camera = 116.0475m
t=2s, distance_eagle_camera = 108.2756m
t=1s, distance_boat_camera = 103.1570 m
t=2s, distance_boat_camera = 106.0906 m",0.9
1676,simulation_0023_segmented,segmentation,V3MX,24,DS,What is the eagle’s wingspan (the distance from the tip of one wing to the tip of the other when fully spread) in meters?,speed of the eagle = 11.84m/s,"t=1s, distance_eagle_camera = 116.0475m
t=2s, distance_eagle_camera = 108.2756m
t=1s, distance_boat_camera = 103.1570 m
t=2s, distance_boat_camera = 106.0906 m",1.2
1677,simulation_0024_segmented,segmentation,V3MX,24,DS,What is the height of the boat in meters?,speed of the boat = 4m/s,"t=1s, distance_boat_camera = 90.1103 m
t=2s, distance_boat_camera = 90.4360 m",9.0
1678,simulation_0024_segmented,segmentation,V3MX,24,DS,What is the length of the boat in meters?,speed of the boat = 4m/s,"t=1s, distance_boat_camera = 90.1103 m
t=2s, distance_boat_camera = 90.4360 m",10.0
1679,simulation_0024_segmented,segmentation,V3MX,24,DS,What is the width of the boat in meters?,speed of the boat = 4m/s,"t=1s, distance_boat_camera = 90.1103 m
t=2s, distance_boat_camera = 90.4360 m",3.5
1680,simulation_0024_segmented,segmentation,V3MX,24,DS,What is the length of the rock in meters?,speed of the boat = 4m/s,"t=1s, distance_boat_camera = 90.1103 m
t=2s, distance_boat_camera = 90.4360 m",16.0
1681,simulation_0024_segmented,segmentation,V3MX,24,DS,What is the height of the rock in meters?,speed of the boat = 4m/s,"t=1s, distance_boat_camera = 90.1103 m
t=2s, distance_boat_camera = 90.4360 m",7.2
1682,simulation_0024_segmented,segmentation,V3MX,24,DS,What is the width of the rock in meters?,speed of the boat = 4m/s,"t=1s, distance_boat_camera = 90.1103 m
t=2s, distance_boat_camera = 90.4360 m",10.0
1683,simulation_0025_segmented,segmentation,V3MX,24,DD,What is the average speed of the eagle in m/s?,speed of the person = 1.3m/s,"t=1s, distance_eagle_camera = 116.0475m
t=2s, distance_eagle_camera = 108.2756m
t=1s, distance_human_camera = 114.8319m
t=2s, distance_human_camera = 114.8356 m",25.872844737631656
1684,simulation_0025_segmented,segmentation,V3MX,24,DS,What is the length of the eagle in meters?,speed of the person = 1.3m/s,"t=1s, distance_eagle_camera = 116.0475m
t=2s, distance_eagle_camera = 108.2756m
t=1s, distance_human_camera = 114.8319m
t=2s, distance_human_camera = 114.8356 m",3.0
1685,simulation_0025_segmented,segmentation,V3MX,24,DS,What is the eagle’s wingspan (the distance from the tip of one wing to the tip of the other when fully spread) in meters?,speed of the person = 1.3m/s,"t=1s, distance_eagle_camera = 116.0475m
t=2s, distance_eagle_camera = 108.2756m
t=1s, distance_human_camera = 114.8319m
t=2s, distance_human_camera = 114.8356 m",4.0
1686,simulation_0025_segmented,segmentation,V3MX,24,DS,What is the height of the person in meters?,speed of the person = 1.3m/s,"t=1s, distance_eagle_camera = 116.0475m
t=2s, distance_eagle_camera = 108.2756m
t=1s, distance_human_camera = 114.8319m
t=2s, distance_human_camera = 114.8356 m",5.4
1687,simulation_0026_segmented,segmentation,S3MX,24,SS,What is the height of the boat in meters?,height of the person = 1.75m,"t=1s, distance_boat_camera = 103.1570 m
t=2s, distance_boat_camera = 106.0906 m
t=1s, distance_human_camera = 114.8319m
t=2s, distance_human_camera = 114.8356 m",10.8
1688,simulation_0026_segmented,segmentation,S3MX,24,SS,What is the length of the boat in meters?,height of the person = 1.75m,"t=1s, distance_boat_camera = 103.1570 m
t=2s, distance_boat_camera = 106.0906 m
t=1s, distance_human_camera = 114.8319m
t=2s, distance_human_camera = 114.8356 m",8.4
1689,simulation_0026_segmented,segmentation,S3MX,24,SD,What is the average speed of the person in m/s?,height of the person = 1.75m,"t=1s, distance_boat_camera = 103.1570 m
t=2s, distance_boat_camera = 106.0906 m
t=1s, distance_human_camera = 114.8319m
t=2s, distance_human_camera = 114.8356 m",0.528934333242158
1690,simulation_0027_segmented,segmentation,S3MX,24,SS,What is the length of the rock in meters?,height of the person = 1.75m,"t=1s, distance_human_camera = 100.5638m
t=2s, distance_human_camera = 100.5996m",18.8
1691,simulation_0027_segmented,segmentation,S3MX,24,SS,What is the height of the rock in meters?,height of the person = 1.75m,"t=1s, distance_human_camera = 100.5638m
t=2s, distance_human_camera = 100.5996m",8.45
1692,simulation_0027_segmented,segmentation,S3MX,24,SS,What is the width of the rock in meters?,height of the person = 1.75m,"t=1s, distance_human_camera = 100.5638m
t=2s, distance_human_camera = 100.5996m",8.0
1693,simulation_0027_segmented,segmentation,S3MX,24,SD,What is the speed of the person in m/s?,height of the person = 1.75m,"t=1s, distance_human_camera = 100.5638m
t=2s, distance_human_camera = 100.5996m",0.5406502301291481
1694,simulation_0028_segmented,segmentation,S3MX,24,SS,What is the eagle’s wingspan (the distance from the tip of one wing to the tip of the other when fully spread) in meters?,length of the eagle = 0.8m,"t=1s, distance_eagle_camera = 100.1405m
t=2s, distance_eagle_camera = 99.5206m",1.9
1695,simulation_0028_segmented,segmentation,S3MX,24,SD,What is the average speed of the eagle in m/s?,length of the eagle = 0.8m,"t=1s, distance_eagle_camera = 100.1405m
t=2s, distance_eagle_camera = 99.5206m",13.634844282862211
1696,simulation_0028_segmented,segmentation,S3MX,24,SS,What is the length of the rock in meters?,length of the eagle = 0.8m,"t=1s, distance_eagle_camera = 100.1405m
t=2s, distance_eagle_camera = 99.5206m",20.7
1697,simulation_0028_segmented,segmentation,S3MX,24,SS,What is the height of the rock in meters?,length of the eagle = 0.8m,"t=1s, distance_eagle_camera = 100.1405m
t=2s, distance_eagle_camera = 99.5206m",9.4
1698,simulation_0028_segmented,segmentation,S3MX,24,SS,What is the width of the rock in meters?,length of the eagle = 0.8m,"t=1s, distance_eagle_camera = 100.1405m
t=2s, distance_eagle_camera = 99.5206m",8.3
1699,simulation_0029_segmented,segmentation,V3MX,24,DS,What is the length of the eagle in meters?,speed of the eagle = 12m/s,"t=1s, distance_boat_camera = 133.9572 m
t=2s, distance_boat_camera = 131.2557 m
t=1s, distance_eagle_camera = 139.7035m
t=2s, distance_eagle_camera = 147.1583m",0.82
1700,simulation_0029_segmented,segmentation,V3MX,24,DS,What is the height of the boat in meters?,speed of the eagle = 12m/s,"t=1s, distance_boat_camera = 133.9572 m
t=2s, distance_boat_camera = 131.2557 m
t=1s, distance_eagle_camera = 139.7035m
t=2s, distance_eagle_camera = 147.1583m",8.7
1701,simulation_0029_segmented,segmentation,V3MX,24,DS,What is the length of the boat in meters?,speed of the eagle = 12m/s,"t=1s, distance_boat_camera = 133.9572 m
t=2s, distance_boat_camera = 131.2557 m
t=1s, distance_eagle_camera = 139.7035m
t=2s, distance_eagle_camera = 147.1583m",8.2
1702,simulation_0029_segmented,segmentation,V3MX,24,DD,What is the average speed of the boat in m/s?,speed of the eagle = 12m/s,"t=1s, distance_boat_camera = 133.9572 m
t=2s, distance_boat_camera = 131.2557 m
t=1s, distance_eagle_camera = 139.7035m
t=2s, distance_eagle_camera = 147.1583m",4.2245683883662215
1703,simulation_0031_segmented,segmentation,V3MX,24,DS,What is the height of the person in meters?,speed of the person = 1.3m/s,"t=1s, distance_boat_camera = 130.3493 m
t=2s, distance_boat_camera = 133.7433 m
t=1s, distance_human_camera = 139.9543 m
t=2s, distance_human_camera = 139.9833 m
t=1s, distance_eagle_camera = 139.7566 m
t=2s, distance_eagle_camera = 130.2468m",3.0
1704,simulation_0031_segmented,segmentation,V3MX,24,DS,What is the height of the boat in meters?,speed of the person = 1.3m/s,"t=1s, distance_boat_camera = 130.3493 m
t=2s, distance_boat_camera = 133.7433 m
t=1s, distance_human_camera = 139.9543 m
t=2s, distance_human_camera = 139.9833 m
t=1s, distance_eagle_camera = 139.7566 m
t=2s, distance_eagle_camera = 130.2468m",16.5
1705,simulation_0031_segmented,segmentation,V3MX,24,DS,What is the length of the boat in meters?,speed of the person = 1.3m/s,"t=1s, distance_boat_camera = 130.3493 m
t=2s, distance_boat_camera = 133.7433 m
t=1s, distance_human_camera = 139.9543 m
t=2s, distance_human_camera = 139.9833 m
t=1s, distance_eagle_camera = 139.7566 m
t=2s, distance_eagle_camera = 130.2468m",11.5
1706,simulation_0031_segmented,segmentation,V3MX,24,DS,What is the width of the boat in meters?,speed of the person = 1.3m/s,"t=1s, distance_boat_camera = 130.3493 m
t=2s, distance_boat_camera = 133.7433 m
t=1s, distance_human_camera = 139.9543 m
t=2s, distance_human_camera = 139.9833 m
t=1s, distance_eagle_camera = 139.7566 m
t=2s, distance_eagle_camera = 130.2468m",4.5
1707,simulation_0031_segmented,segmentation,V3MX,24,DD,What is the average speed of the boat in m/s?,speed of the person = 1.3m/s,"t=1s, distance_boat_camera = 130.3493 m
t=2s, distance_boat_camera = 133.7433 m
t=1s, distance_human_camera = 139.9543 m
t=2s, distance_human_camera = 139.9833 m
t=1s, distance_eagle_camera = 139.7566 m
t=2s, distance_eagle_camera = 130.2468m",4.696551763653363
1708,simulation_0031_segmented,segmentation,V3MX,24,DS,What is the length of the eagle in meters?,speed of the person = 1.3m/s,"t=1s, distance_boat_camera = 130.3493 m
t=2s, distance_boat_camera = 133.7433 m
t=1s, distance_human_camera = 139.9543 m
t=2s, distance_human_camera = 139.9833 m
t=1s, distance_eagle_camera = 139.7566 m
t=2s, distance_eagle_camera = 130.2468m",0.85
1709,simulation_0031_segmented,segmentation,V3MX,24,DD,What is the average speed of the eagle in m/s?,speed of the person = 1.3m/s,"t=1s, distance_boat_camera = 130.3493 m
t=2s, distance_boat_camera = 133.7433 m
t=1s, distance_human_camera = 139.9543 m
t=2s, distance_human_camera = 139.9833 m
t=1s, distance_eagle_camera = 139.7566 m
t=2s, distance_eagle_camera = 130.2468m",14.243042139185816
1710,simulation_0031_segmented,segmentation,V3MX,24,DS,What is the eagle’s wingspan (the distance from the tip of one wing to the tip of the other when fully spread) in meters?,speed of the person = 1.3m/s,"t=1s, distance_boat_camera = 130.3493 m
t=2s, distance_boat_camera = 133.7433 m
t=1s, distance_human_camera = 139.9543 m
t=2s, distance_human_camera = 139.9833 m
t=1s, distance_eagle_camera = 139.7566 m
t=2s, distance_eagle_camera = 130.2468m",2.4
1711,simulation_0032_segmented,segmentation,A3MX,30,DS,What is the height of the person in meters?,gravity acc = 9.8m/s^2,"t=1s, distance_ball_camera = 13.7978 m
t=2s, distance_ball_camera = 13.8028 m
t=1.5s, distance_orange_car_camera = 10.1755m
t=2s, distance_orange_car_camera = 10.4022m
t=2.5s, distance_green_car_camera = 4.3204m
t=3s, distance_green_car_camera = 6.9142m",15.7
1712,simulation_0032_segmented,segmentation,A3MX,30,DD,What is the initial velocity of the ball in m/s?,gravity acc = 9.8m/s^2,"t=1s, distance_ball_camera = 13.7978 m
t=2s, distance_ball_camera = 13.8028 m
t=1.5s, distance_orange_car_camera = 10.1755m
t=2s, distance_orange_car_camera = 10.4022m
t=2.5s, distance_green_car_camera = 4.3204m
t=3s, distance_green_car_camera = 6.9142m",2.638381408749379
1713,simulation_0032_segmented,segmentation,A3MX,30,DS,What is the diameter of the ball in meters?,gravity acc = 9.8m/s^2,"t=1s, distance_ball_camera = 13.7978 m
t=2s, distance_ball_camera = 13.8028 m
t=1.5s, distance_orange_car_camera = 10.1755m
t=2s, distance_orange_car_camera = 10.4022m
t=2.5s, distance_green_car_camera = 4.3204m
t=3s, distance_green_car_camera = 6.9142m",2.45
1714,simulation_0032_segmented,segmentation,A3MX,30,DD,What is the acceleration of the orange car at 2s in m/s^2?,gravity acc = 9.8m/s^2,"t=1s, distance_ball_camera = 13.7978 m
t=2s, distance_ball_camera = 13.8028 m
t=1.5s, distance_orange_car_camera = 10.1755m
t=2s, distance_orange_car_camera = 10.4022m
t=2.5s, distance_green_car_camera = 4.3204m
t=3s, distance_green_car_camera = 6.9142m",1.0
1715,simulation_0032_segmented,segmentation,A3MX,30,DD,What is the average speed of the green car in m/s?,gravity acc = 9.8m/s^2,"t=1s, distance_ball_camera = 13.7978 m
t=2s, distance_ball_camera = 13.8028 m
t=1.5s, distance_orange_car_camera = 10.1755m
t=2s, distance_orange_car_camera = 10.4022m
t=2.5s, distance_green_car_camera = 4.3204m
t=3s, distance_green_car_camera = 6.9142m",6.0
1716,simulation_0034_segmented,segmentation,S3MX,24,SD,What is the average speed of the boat in m/s?,height of the person = 1.75m,"t=1s, distance_boat_camera = 96.8995 m
t=2s, distance_boat_camera = 92.8490 m
t=1s, distance_human_camera = 92.1861m
t=2s, distance_human_camera = 92.1960 m
t=1s, distance_eagle_camera = 91.6867m
t=2s, distance_eagle_camera = 103.4262m",4.05073215721581
1717,simulation_0034_segmented,segmentation,S3MX,24,SS,What is the height of the boat in meters?,height of the person = 1.75m,"t=1s, distance_boat_camera = 96.8995 m
t=2s, distance_boat_camera = 92.8490 m
t=1s, distance_human_camera = 92.1861m
t=2s, distance_human_camera = 92.1960 m
t=1s, distance_eagle_camera = 91.6867m
t=2s, distance_eagle_camera = 103.4262m",9.15
1718,simulation_0034_segmented,segmentation,S3MX,24,SS,What is the width of the boat in meters?,height of the person = 1.75m,"t=1s, distance_boat_camera = 96.8995 m
t=2s, distance_boat_camera = 92.8490 m
t=1s, distance_human_camera = 92.1861m
t=2s, distance_human_camera = 92.1960 m
t=1s, distance_eagle_camera = 91.6867m
t=2s, distance_eagle_camera = 103.4262m",3.1
1719,simulation_0034_segmented,segmentation,S3MX,24,SD,What is the average speed of the person in m/s?,height of the person = 1.75m,"t=1s, distance_boat_camera = 96.8995 m
t=2s, distance_boat_camera = 92.8490 m
t=1s, distance_human_camera = 92.1861m
t=2s, distance_human_camera = 92.1960 m
t=1s, distance_eagle_camera = 91.6867m
t=2s, distance_eagle_camera = 103.4262m",1.2515361289816738
1720,simulation_0034_segmented,segmentation,S3MX,24,SS,What is the eagle’s wingspan (the distance from the tip of one wing to the tip of the other when fully spread) in meters?,height of the person = 1.75m,"t=1s, distance_boat_camera = 96.8995 m
t=2s, distance_boat_camera = 92.8490 m
t=1s, distance_human_camera = 92.1861m
t=2s, distance_human_camera = 92.1960 m
t=1s, distance_eagle_camera = 91.6867m
t=2s, distance_eagle_camera = 103.4262m",1.55
1721,simulation_0034_segmented,segmentation,S3MX,24,SD,What is the average speed of the eagle in m/s?,height of the person = 1.75m,"t=1s, distance_boat_camera = 96.8995 m
t=2s, distance_boat_camera = 92.8490 m
t=1s, distance_human_camera = 92.1861m
t=2s, distance_human_camera = 92.1960 m
t=1s, distance_eagle_camera = 91.6867m
t=2s, distance_eagle_camera = 103.4262m",11.832929632080033
1722,simulation_0035_segmented,segmentation,S3MX,24,SD,What is the average speed of the person in m/s?,height of the person = 1.75m,"t=1s, distance_human_camera = 139.1030m
t=2s, distance_human_camera = 139.1044 m
t=1s, distance_eagle_camera = 139.7035m
t=2s, distance_eagle_camera = 147.1583m",1.0460745078916245
1723,simulation_0035_segmented,segmentation,S3MX,24,SS,What is the eagle’s wingspan (the distance from the tip of one wing to the tip of the other when fully spread) in meters?,height of the person = 1.75m,"t=1s, distance_human_camera = 139.1030m
t=2s, distance_human_camera = 139.1044 m
t=1s, distance_eagle_camera = 139.7035m
t=2s, distance_eagle_camera = 147.1583m",1.2
1724,simulation_0035_segmented,segmentation,S3MX,24,SD,What is the average speed of the eagle in m/s?,height of the person = 1.75m,"t=1s, distance_human_camera = 139.1030m
t=2s, distance_human_camera = 139.1044 m
t=1s, distance_eagle_camera = 139.7035m
t=2s, distance_eagle_camera = 147.1583m",11.752735989712566
1725,simulation_0035_segmented,segmentation,S3MX,24,SS,What is the length of the eagle in meters?,height of the person = 1.75m,"t=1s, distance_human_camera = 139.1030m
t=2s, distance_human_camera = 139.1044 m
t=1s, distance_eagle_camera = 139.7035m
t=2s, distance_eagle_camera = 147.1583m",0.85
1726,simulation_0036_segmented,segmentation,S3MX,24,SS,What is the height of the boat in meters?,length of the boat = 10m,"t=1s, distance_boat_camera = 133.9572 m
t=2s, distance_boat_camera = 131.2557 m
t=1s, distance_human_camera = 139.1030m
t=2s, distance_human_camera = 139.1044 m",11.9
1727,simulation_0036_segmented,segmentation,S3MX,24,SS,What is the height of the person in meters?,length of the boat = 10m,"t=1s, distance_boat_camera = 133.9572 m
t=2s, distance_boat_camera = 131.2557 m
t=1s, distance_human_camera = 139.1030m
t=2s, distance_human_camera = 139.1044 m",2.05
1728,simulation_0036_segmented,segmentation,S3MX,24,SD,What is the average speed of the boat in m/s?,length of the boat = 10m,"t=1s, distance_boat_camera = 133.9572 m
t=2s, distance_boat_camera = 131.2557 m
t=1s, distance_human_camera = 139.1030m
t=2s, distance_human_camera = 139.1044 m",4.895600732663112
1729,simulation_0036_segmented,segmentation,S3MX,24,SD,What is the average speed of the person in m/s?,length of the boat = 10m,"t=1s, distance_boat_camera = 133.9572 m
t=2s, distance_boat_camera = 131.2557 m
t=1s, distance_human_camera = 139.1030m
t=2s, distance_human_camera = 139.1044 m",1.362922656336892
1730,simulation_0037_segmented,segmentation,V3MX,24,DS,What is the height of the person in meters?,speed of the person = 1.3m/s,"t=1s, distance_human_camera = 122.8569 m
t=2s, distance_human_camera = 122.8588 m",1.9
1731,simulation_0037_segmented,segmentation,V3MX,24,DS,What is the length of the rock in meters?,speed of the person = 1.3m/s,"t=1s, distance_human_camera = 122.8569 m
t=2s, distance_human_camera = 122.8588 m",21.9
1732,simulation_0037_segmented,segmentation,V3MX,24,DS,What is the height of the rock in meters?,speed of the person = 1.3m/s,"t=1s, distance_human_camera = 122.8569 m
t=2s, distance_human_camera = 122.8588 m",3.7
1733,simulation_0038_segmented,segmentation,V3MX,24,DS,What is the length of the rock in meters?,speed of the person = 1.3m/s,"t=1s, distance_human_camera = 179.0908m
t=2s, distance_human_camera = 179.1845m",28.2
1734,simulation_0038_segmented,segmentation,V3MX,24,DS,What is the width of the rock in meters?,speed of the person = 1.3m/s,"t=1s, distance_human_camera = 179.0908m
t=2s, distance_human_camera = 179.1845m",25.2
1735,simulation_0038_segmented,segmentation,V3MX,24,DS,What is the height of the person in meters?,speed of the person = 1.3m/s,"t=1s, distance_human_camera = 179.0908m
t=2s, distance_human_camera = 179.1845m",3.5
1736,simulation_0039_segmented,segmentation,V3MX,24,DS,What is the height of the person in meters?,speed of the boat = 4m/s,"t=1s, distance_boat_camera = 177.2077 m
t=2s, distance_boat_camera = 177.9993 m
t=1s, distance_human_camera = 182.9249 m
t=2s, distance_human_camera = 183.0167 m
t=1s, distance_eagle_camera = 179.2691 m
t=2s, distance_eagle_camera = 177.1009 m",1.27
1737,simulation_0039_segmented,segmentation,V3MX,24,DD,What is the average speed of the person in m/s?,speed of the boat = 4m/s,"t=1s, distance_boat_camera = 177.2077 m
t=2s, distance_boat_camera = 177.9993 m
t=1s, distance_human_camera = 182.9249 m
t=2s, distance_human_camera = 183.0167 m
t=1s, distance_eagle_camera = 179.2691 m
t=2s, distance_eagle_camera = 177.1009 m",1.0483990795745537
1738,simulation_0039_segmented,segmentation,V3MX,24,DS,What is the height of the boat in meters?,speed of the boat = 4m/s,"t=1s, distance_boat_camera = 177.2077 m
t=2s, distance_boat_camera = 177.9993 m
t=1s, distance_human_camera = 182.9249 m
t=2s, distance_human_camera = 183.0167 m
t=1s, distance_eagle_camera = 179.2691 m
t=2s, distance_eagle_camera = 177.1009 m",5.0
1739,simulation_0039_segmented,segmentation,V3MX,24,DS,What is the length of the boat in meters?,speed of the boat = 4m/s,"t=1s, distance_boat_camera = 177.2077 m
t=2s, distance_boat_camera = 177.9993 m
t=1s, distance_human_camera = 182.9249 m
t=2s, distance_human_camera = 183.0167 m
t=1s, distance_eagle_camera = 179.2691 m
t=2s, distance_eagle_camera = 177.1009 m",10.6
1740,simulation_0039_segmented,segmentation,V3MX,24,DS,What is the width of the boat in meters?,speed of the boat = 4m/s,"t=1s, distance_boat_camera = 177.2077 m
t=2s, distance_boat_camera = 177.9993 m
t=1s, distance_human_camera = 182.9249 m
t=2s, distance_human_camera = 183.0167 m
t=1s, distance_eagle_camera = 179.2691 m
t=2s, distance_eagle_camera = 177.1009 m",3.1
1741,simulation_0039_segmented,segmentation,V3MX,24,DS,What is the length of the eagle in meters?,speed of the boat = 4m/s,"t=1s, distance_boat_camera = 177.2077 m
t=2s, distance_boat_camera = 177.9993 m
t=1s, distance_human_camera = 182.9249 m
t=2s, distance_human_camera = 183.0167 m
t=1s, distance_eagle_camera = 179.2691 m
t=2s, distance_eagle_camera = 177.1009 m",6.5
1742,simulation_0039_segmented,segmentation,V3MX,24,DS,What is the eagle’s wingspan (the distance from the tip of one wing to the tip of the other when fully spread) in meters?,speed of the boat = 4m/s,"t=1s, distance_boat_camera = 177.2077 m
t=2s, distance_boat_camera = 177.9993 m
t=1s, distance_human_camera = 182.9249 m
t=2s, distance_human_camera = 183.0167 m
t=1s, distance_eagle_camera = 179.2691 m
t=2s, distance_eagle_camera = 177.1009 m",16.0
1743,simulation_0039_segmented,segmentation,V3MX,24,DD,What is the average speed of the eagle in m/s?,speed of the boat = 4m/s,"t=1s, distance_boat_camera = 177.2077 m
t=2s, distance_boat_camera = 177.9993 m
t=1s, distance_human_camera = 182.9249 m
t=2s, distance_human_camera = 183.0167 m
t=1s, distance_eagle_camera = 179.2691 m
t=2s, distance_eagle_camera = 177.1009 m",2.174288632035895
1744,simulation_0041_segmented,segmentation,S2MX,24,SS,What is the height of the boat in meters?,height of the person = 1.75m,,7.222542482257599
1745,simulation_0041_segmented,segmentation,S2MX,24,SS,What is the length of the boat in meters?,height of the person = 1.75m,,12.66987396573029
1746,simulation_0041_segmented,segmentation,S2MX,24,SS,What is the width of the boat in meters?,height of the person = 1.75m,,3.832588150541203
1747,simulation_0041_segmented,segmentation,S2MX,24,SD,What is the average speed of the boat in m/s?,height of the person = 1.75m,,5.071359365090406
1748,simulation_0041_segmented,segmentation,S2MX,24,SD,What is the average speed of the person in m/s?,height of the person = 1.75m,,1.2627399848406466
1749,simulation_0043_segmented,segmentation,S3MX,24,SS,What is the height of the boat in meters?,length of the boat = 10m,"t=1s, distance_boat_camera = 173.7093 m
t=2s, distance_boat_camera = 174.5515 m",4.7
1750,simulation_0043_segmented,segmentation,S3MX,24,SS,What is the width of the boat in meters?,length of the boat = 10m,"t=1s, distance_boat_camera = 173.7093 m
t=2s, distance_boat_camera = 174.5515 m",2.8
1751,simulation_0043_segmented,segmentation,S3MX,24,SD,What is the average speed of the boat in m/s?,length of the boat = 10m,"t=1s, distance_boat_camera = 173.7093 m
t=2s, distance_boat_camera = 174.5515 m",4.042142262830793
1752,simulation_0043_segmented,segmentation,S3MX,24,SS,What is the width of the rock in meters?,length of the boat = 10m,"t=1s, distance_boat_camera = 173.7093 m
t=2s, distance_boat_camera = 174.5515 m",22.0
1753,simulation_0048_segmented,segmentation,S3MX,33,SD,What is the average speed of the walking person in m/s?,height of the walking person = 1.8m,"t=1s, distance_bike_camera = 16.4919m
t=2s, distance_bike_camera = 11.9277m
t=1s, distance_human_camera = 11.9259m
t=2s, distance_human_camera = 10.8165m",1.148006806723253
1754,simulation_0048_segmented,segmentation,S3MX,33,SS,What is the width of the telephone booth in meters?,height of the walking person = 1.8m,"t=1s, distance_bike_camera = 16.4919m
t=2s, distance_bike_camera = 11.9277m
t=1s, distance_human_camera = 11.9259m
t=2s, distance_human_camera = 10.8165m",1.0
1755,simulation_0048_segmented,segmentation,S3MX,33,SS,What is the distance between the left pillar of the near door and the right pillar of the far door in meters?,height of the walking person = 1.8m,"t=1s, distance_bike_camera = 16.4919m
t=2s, distance_bike_camera = 11.9277m
t=1s, distance_human_camera = 11.9259m
t=2s, distance_human_camera = 10.8165m",0.95
1756,simulation_0048_segmented,segmentation,S3MX,33,SS,"What is the height of the moving bicycle (from the handlebar to the ground, including below the wheel) in meters?",height of the walking person = 1.8m,"t=1s, distance_bike_camera = 16.4919m
t=2s, distance_bike_camera = 11.9277m
t=1s, distance_human_camera = 11.9259m
t=2s, distance_human_camera = 10.8165m",1.66
1757,simulation_0048_segmented,segmentation,S3MX,33,SD,What is the average speed of the moving bicycle in m/s?,height of the walking person = 1.8m,"t=1s, distance_bike_camera = 16.4919m
t=2s, distance_bike_camera = 11.9277m
t=1s, distance_human_camera = 11.9259m
t=2s, distance_human_camera = 10.8165m",4.900756944278909
1758,simulation_0048_segmented,segmentation,S3MX,33,SS,What is the diameter of the wheel of the moving bicycle in meters?,height of the walking person = 1.8m,"t=1s, distance_bike_camera = 16.4919m
t=2s, distance_bike_camera = 11.9277m
t=1s, distance_human_camera = 11.9259m
t=2s, distance_human_camera = 10.8165m",0.95
1759,simulation_0057_segmented,segmentation,A2MX,30,DS,What is the length of the orange car in meters?,acceleration of the orange car = -2.86m/s^2,,5.246511567614285
1760,simulation_0057_segmented,segmentation,A2MX,30,DS,What is the distance between the two streetlights in meters?,acceleration of the orange car = -2.86m/s^2,,9.572351727542545
1761,simulation_0057_segmented,segmentation,A2MX,30,DS,What is the width of the orange car in meters?,acceleration of the orange car = -2.86m/s^2,,2.070941479516416
1762,simulation_0066_segmented,segmentation,A3MX,24,DD,What is the average speed of the yellow car in m/s?,acceleration of the white car = 4m/s^2,"t=0.58s, distance_human_camera = 21.0610m
t=1.58s, distance_human_camera = 21.3488m
t=0.58s, distance_yellow_car_camera = 19.6514m
t=1.58s, distance_yellow_car_camera = 16.5490m
t=0.58s, distance_white_car_camera = 23.5892m
t=1.58s, distance_white_car_camera = 19.9903m
t=0.58s, distance_bike_camera = 19.0650m
t=1.58s, distance_bike_camera = 14.6515m",3.574129349191248
1763,simulation_0066_segmented,segmentation,A3MX,24,DS,What is the width of the lane in meters?,acceleration of the white car = 4m/s^2,"t=0.58s, distance_human_camera = 21.0610m
t=1.58s, distance_human_camera = 21.3488m
t=0.58s, distance_yellow_car_camera = 19.6514m
t=1.58s, distance_yellow_car_camera = 16.5490m
t=0.58s, distance_white_car_camera = 23.5892m
t=1.58s, distance_white_car_camera = 19.9903m
t=0.58s, distance_bike_camera = 19.0650m
t=1.58s, distance_bike_camera = 14.6515m",3.5
1764,simulation_0066_segmented,segmentation,A3MX,24,DS,What is the width of the white car in meters?,acceleration of the white car = 4m/s^2,"t=0.58s, distance_human_camera = 21.0610m
t=1.58s, distance_human_camera = 21.3488m
t=0.58s, distance_yellow_car_camera = 19.6514m
t=1.58s, distance_yellow_car_camera = 16.5490m
t=0.58s, distance_white_car_camera = 23.5892m
t=1.58s, distance_white_car_camera = 19.9903m
t=0.58s, distance_bike_camera = 19.0650m
t=1.58s, distance_bike_camera = 14.6515m",1.95
1765,simulation_0066_segmented,segmentation,A3MX,24,DS,What is the length of the white car in meters?,acceleration of the white car = 4m/s^2,"t=0.58s, distance_human_camera = 21.0610m
t=1.58s, distance_human_camera = 21.3488m
t=0.58s, distance_yellow_car_camera = 19.6514m
t=1.58s, distance_yellow_car_camera = 16.5490m
t=0.58s, distance_white_car_camera = 23.5892m
t=1.58s, distance_white_car_camera = 19.9903m
t=0.58s, distance_bike_camera = 19.0650m
t=1.58s, distance_bike_camera = 14.6515m",5.3
1766,simulation_0066_segmented,segmentation,A3MX,24,DS,What is the height of the white car in meters?,acceleration of the white car = 4m/s^2,"t=0.58s, distance_human_camera = 21.0610m
t=1.58s, distance_human_camera = 21.3488m
t=0.58s, distance_yellow_car_camera = 19.6514m
t=1.58s, distance_yellow_car_camera = 16.5490m
t=0.58s, distance_white_car_camera = 23.5892m
t=1.58s, distance_white_car_camera = 19.9903m
t=0.58s, distance_bike_camera = 19.0650m
t=1.58s, distance_bike_camera = 14.6515m",2.05
1767,simulation_0066_segmented,segmentation,A3MX,24,DS,What is the length of the turning yellow car in meters?,acceleration of the white car = 4m/s^2,"t=0.58s, distance_human_camera = 21.0610m
t=1.58s, distance_human_camera = 21.3488m
t=0.58s, distance_yellow_car_camera = 19.6514m
t=1.58s, distance_yellow_car_camera = 16.5490m
t=0.58s, distance_white_car_camera = 23.5892m
t=1.58s, distance_white_car_camera = 19.9903m
t=0.58s, distance_bike_camera = 19.0650m
t=1.58s, distance_bike_camera = 14.6515m",5.1
1768,simulation_0066_segmented,segmentation,A3MX,24,DS,What is the height of the turning yellow car in meters?,acceleration of the white car = 4m/s^2,"t=0.58s, distance_human_camera = 21.0610m
t=1.58s, distance_human_camera = 21.3488m
t=0.58s, distance_yellow_car_camera = 19.6514m
t=1.58s, distance_yellow_car_camera = 16.5490m
t=0.58s, distance_white_car_camera = 23.5892m
t=1.58s, distance_white_car_camera = 19.9903m
t=0.58s, distance_bike_camera = 19.0650m
t=1.58s, distance_bike_camera = 14.6515m",1.5
1769,simulation_0066_segmented,segmentation,A3MX,24,DS,What is the width of the turning yellow car in meters?,acceleration of the white car = 4m/s^2,"t=0.58s, distance_human_camera = 21.0610m
t=1.58s, distance_human_camera = 21.3488m
t=0.58s, distance_yellow_car_camera = 19.6514m
t=1.58s, distance_yellow_car_camera = 16.5490m
t=0.58s, distance_white_car_camera = 23.5892m
t=1.58s, distance_white_car_camera = 19.9903m
t=0.58s, distance_bike_camera = 19.0650m
t=1.58s, distance_bike_camera = 14.6515m",1.95
1770,simulation_0066_segmented,segmentation,A3MX,24,DS,What is the diameter of the bicycle wheel in meters?,acceleration of the white car = 4m/s^2,"t=0.58s, distance_human_camera = 21.0610m
t=1.58s, distance_human_camera = 21.3488m
t=0.58s, distance_yellow_car_camera = 19.6514m
t=1.58s, distance_yellow_car_camera = 16.5490m
t=0.58s, distance_white_car_camera = 23.5892m
t=1.58s, distance_white_car_camera = 19.9903m
t=0.58s, distance_bike_camera = 19.0650m
t=1.58s, distance_bike_camera = 14.6515m",0.58
1771,simulation_0066_segmented,segmentation,A3MX,24,DD,What is the average speed of the walking pedestrian in m/s?,acceleration of the white car = 4m/s^2,"t=0.58s, distance_human_camera = 21.0610m
t=1.58s, distance_human_camera = 21.3488m
t=0.58s, distance_yellow_car_camera = 19.6514m
t=1.58s, distance_yellow_car_camera = 16.5490m
t=0.58s, distance_white_car_camera = 23.5892m
t=1.58s, distance_white_car_camera = 19.9903m
t=0.58s, distance_bike_camera = 19.0650m
t=1.58s, distance_bike_camera = 14.6515m",0.838593683526728
1772,simulation_0066_segmented,segmentation,A3MX,24,DS,What is the height of the walking pedestrian in meters?,acceleration of the white car = 4m/s^2,"t=0.58s, distance_human_camera = 21.0610m
t=1.58s, distance_human_camera = 21.3488m
t=0.58s, distance_yellow_car_camera = 19.6514m
t=1.58s, distance_yellow_car_camera = 16.5490m
t=0.58s, distance_white_car_camera = 23.5892m
t=1.58s, distance_white_car_camera = 19.9903m
t=0.58s, distance_bike_camera = 19.0650m
t=1.58s, distance_bike_camera = 14.6515m",1.8
1773,simulation_0066_segmented,segmentation,A3MX,24,DD,What is the average speed of the bicycle in m/s?,acceleration of the white car = 4m/s^2,"t=0.58s, distance_human_camera = 21.0610m
t=1.58s, distance_human_camera = 21.3488m
t=0.58s, distance_yellow_car_camera = 19.6514m
t=1.58s, distance_yellow_car_camera = 16.5490m
t=0.58s, distance_white_car_camera = 23.5892m
t=1.58s, distance_white_car_camera = 19.9903m
t=0.58s, distance_bike_camera = 19.0650m
t=1.58s, distance_bike_camera = 14.6515m",4.729870863482751
1774,simulation_0066_segmented,segmentation,A3MX,24,DS,What is the width of the green car in meters?,acceleration of the white car = 4m/s^2,"t=0.58s, distance_human_camera = 21.0610m
t=1.58s, distance_human_camera = 21.3488m
t=0.58s, distance_yellow_car_camera = 19.6514m
t=1.58s, distance_yellow_car_camera = 16.5490m
t=0.58s, distance_white_car_camera = 23.5892m
t=1.58s, distance_white_car_camera = 19.9903m
t=0.58s, distance_bike_camera = 19.0650m
t=1.58s, distance_bike_camera = 14.6515m",1.8
1775,simulation_0066_segmented,segmentation,A3MX,24,DS,What is the length of the green car in meters?,acceleration of the white car = 4m/s^2,"t=0.58s, distance_human_camera = 21.0610m
t=1.58s, distance_human_camera = 21.3488m
t=0.58s, distance_yellow_car_camera = 19.6514m
t=1.58s, distance_yellow_car_camera = 16.5490m
t=0.58s, distance_white_car_camera = 23.5892m
t=1.58s, distance_white_car_camera = 19.9903m
t=0.58s, distance_bike_camera = 19.0650m
t=1.58s, distance_bike_camera = 14.6515m",4.4
1776,simulation_0066_segmented,segmentation,A3MX,24,DS,What is the height of the green car in meters?,acceleration of the white car = 4m/s^2,"t=0.58s, distance_human_camera = 21.0610m
t=1.58s, distance_human_camera = 21.3488m
t=0.58s, distance_yellow_car_camera = 19.6514m
t=1.58s, distance_yellow_car_camera = 16.5490m
t=0.58s, distance_white_car_camera = 23.5892m
t=1.58s, distance_white_car_camera = 19.9903m
t=0.58s, distance_bike_camera = 19.0650m
t=1.58s, distance_bike_camera = 14.6515m",1.4
1777,simulation_0066_segmented,segmentation,A3MX,24,DS,What is the width of the purple car in meters?,acceleration of the white car = 4m/s^2,"t=0.58s, distance_human_camera = 21.0610m
t=1.58s, distance_human_camera = 21.3488m
t=0.58s, distance_yellow_car_camera = 19.6514m
t=1.58s, distance_yellow_car_camera = 16.5490m
t=0.58s, distance_white_car_camera = 23.5892m
t=1.58s, distance_white_car_camera = 19.9903m
t=0.58s, distance_bike_camera = 19.0650m
t=1.58s, distance_bike_camera = 14.6515m",1.85
1778,simulation_0066_segmented,segmentation,A3MX,24,DS,What is the height of the purple car in meters?,acceleration of the white car = 4m/s^2,"t=0.58s, distance_human_camera = 21.0610m
t=1.58s, distance_human_camera = 21.3488m
t=0.58s, distance_yellow_car_camera = 19.6514m
t=1.58s, distance_yellow_car_camera = 16.5490m
t=0.58s, distance_white_car_camera = 23.5892m
t=1.58s, distance_white_car_camera = 19.9903m
t=0.58s, distance_bike_camera = 19.0650m
t=1.58s, distance_bike_camera = 14.6515m",1.45
1779,simulation_0068_segmented,segmentation,A2MX,24,DD,What is the average speed of the yellow car in m/s?,acceleration of the white car = 4m/s^2,,4.029410835764615
1780,simulation_0068_segmented,segmentation,A2MX,24,DS,What is the length of the turning yellow car in meters?,acceleration of the white car = 4m/s^2,,5.349464765581244
1781,simulation_0068_segmented,segmentation,A2MX,24,DS,What is the width of the turning yellow car in meters?,acceleration of the white car = 4m/s^2,,1.990498517425579
1782,simulation_0068_segmented,segmentation,A2MX,24,DS,What is the width of the white car in meters?,acceleration of the white car = 4m/s^2,,2.177107753434228
1783,simulation_0068_segmented,segmentation,A2MX,24,DS,What is the length of the white car in meters?,acceleration of the white car = 4m/s^2,,5.971495552276735
1784,simulation_0098_segmented,segmentation,V2MX,24,DD,What is the average speed of the boat in m/s?,speed of the shark = 3m/s,,5.000942598261099
1785,simulation_0098_segmented,segmentation,V2MX,24,DS,What is the length of the boat in meters?,speed of the shark = 3m/s,,10.251771288882914
1786,simulation_0098_segmented,segmentation,V2MX,24,DS,What is the length of the shark in meters?,speed of the shark = 3m/s,,3.289737191940985
1787,simulation_0098_segmented,segmentation,V2MX,24,DS,What is the height of the shark in meters?,speed of the shark = 3m/s,,1.1958411034867007
1788,simulation_0099_segmented,segmentation,S2MX,24,SD,What is the average speed of the boat in m/s?,length of the boat = 10m,,4.844286200493017
1789,simulation_0099_segmented,segmentation,S2MX,24,SD,What is the average speed of the shark in m/s?,length of the boat = 10m,,2.9078462618572143
1790,simulation_0099_segmented,segmentation,S2MX,24,SS,What is the length of the shark in meters?,length of the boat = 10m,,3.1783919434326826
1791,simulation_0099_segmented,segmentation,S2MX,24,SS,What is the height of the shark in meters?,length of the boat = 10m,,1.155366373416968
1792,simulation_0100_segmented,segmentation,S2MX,24,SD,What is the average speed of the boat in m/s?,length of the boat = 10m,,4.851431159428575
1793,simulation_0100_segmented,segmentation,S2MX,24,SD,What is the average speed of the shark in m/s?,length of the boat = 10m,,2.915211668778136
1794,simulation_0100_segmented,segmentation,S2MX,24,SS,What is the length of the shark in meters?,length of the boat = 10m,,3.199108357696869
1795,simulation_0100_segmented,segmentation,S2MX,24,SS,What is the height of the shark in meters?,length of the boat = 10m,,1.1617981913799624
1796,simulation_0101_segmented,segmentation,A2MX,24,DD,What is the initial speed of the shark in m/s?,acceleration of the shark = 1m/s^2,,1.607047095135752
1797,simulation_0101_segmented,segmentation,A2MX,24,DD,What is the average speed of the boat in m/s?,acceleration of the shark = 1m/s^2,,4.916571740798259
1798,simulation_0101_segmented,segmentation,A2MX,24,DS,What is the length of the boat in meters?,acceleration of the shark = 1m/s^2,,10.072719782652168
1799,simulation_0101_segmented,segmentation,A2MX,24,DS,What is the length of the shark in meters?,acceleration of the shark = 1m/s^2,,3.221520800412432
1800,simulation_0101_segmented,segmentation,A2MX,24,DS,What is the height of the shark in meters?,acceleration of the shark = 1m/s^2,,1.1732182732832703
1801,simulation_0102_segmented,segmentation,A2MX,24,DD,What is the initial speed of the shark in m/s?,acceleration of the shark = 1m/s^2,,1.4618641060132591
1802,simulation_0102_segmented,segmentation,A2MX,24,DD,What is the average speed of the boat in m/s?,acceleration of the shark = 1m/s^2,,4.935186331979113
1803,simulation_0102_segmented,segmentation,A2MX,24,DS,What is the length of the boat in meters?,acceleration of the shark = 1m/s^2,,10.12054271477207
1804,simulation_0102_segmented,segmentation,A2MX,24,DS,What is the length of the shark in meters?,acceleration of the shark = 1m/s^2,,3.240142313287846
1805,simulation_0102_segmented,segmentation,A2MX,24,DS,What is the height of the shark in meters?,acceleration of the shark = 1m/s^2,,1.1767002109617826
1806,simulation_0102_segmented,segmentation,A2MX,24,DS,What is the distance between the shark and the boat at 0.5 s in meters?,acceleration of the shark = 1m/s^2,,5.502773561955027
1807,simulation_0103_segmented,segmentation,A2MX,24,DD,What is the initial speed of the shark in m/s?,acceleration of the shark = 1m/s^2,,1.4081480267147437
1808,simulation_0103_segmented,segmentation,A2MX,24,DD,What is the average speed of the boat in m/s?,acceleration of the shark = 1m/s^2,,4.891984357543091
1809,simulation_0103_segmented,segmentation,A2MX,24,DS,What is the length of the boat in meters?,acceleration of the shark = 1m/s^2,,10.047942036579077
1810,simulation_0103_segmented,segmentation,A2MX,24,DS,What is the length of the shark in meters?,acceleration of the shark = 1m/s^2,,3.229289977351179
1811,simulation_0103_segmented,segmentation,A2MX,24,DS,What is the height of the shark in meters?,acceleration of the shark = 1m/s^2,,1.1701990225221963
1812,simulation_0103_segmented,segmentation,A2MX,24,DS,What is the distance between the shark and the boat at 0.5 s in meters?,acceleration of the shark = 1m/s^2,,15.783485002070584
1813,simulation_0112_segmented,segmentation,V2MX,24,DS,What is the height of the car in meters?,speed of the car = 6.66m/s,,1.2964430377369969
1814,simulation_0112_segmented,segmentation,V2MX,24,DS,What is the diameter of the wheel in meters?,speed of the car = 6.66m/s,,0.6905676482418179
1815,simulation_0112_segmented,segmentation,V2MX,24,DS,What is the length of the car in meters?,speed of the car = 6.66m/s,,4.351879141750323
1816,simulation_0114_segmented,segmentation,A2SX,24,DS,What is the width of the plane in meters?,acceleration of the plane = 18m/s^2,,8.845955866972789
1817,simulation_0114_segmented,segmentation,A2SX,24,DS,What is the length of the plane in meters?,acceleration of the plane = 18m/s^2,,5.897303911315196
1818,simulation_0114_segmented,segmentation,A2SX,24,DD,What is the speed of the plane at 1.5s in m/s?,acceleration of the plane = 18m/s^2,,27.04182067557058
1819,simulation_0115_segmented,segmentation,A2MX,24,DS,What is the length of the boat in meters?,acceleration of the boat = 3m/s^2,,4.890667528895915
1820,simulation_0115_segmented,segmentation,A2MX,24,DS,What is the width of the boat in meters?,acceleration of the boat = 3m/s^2,,1.8278252380722115
1821,simulation_0115_segmented,segmentation,A2MX,24,DD,What is the velocity of the boat at 1s in m/s?,acceleration of the boat = 3m/s^2,,5.101385370811217
1822,simulation_0115_segmented,segmentation,A2MX,24,DS,What is the length of the wooden dock beside the boat in meters?,acceleration of the boat = 3m/s^2,,12.54777325595518
1823,simulation_0115_segmented,segmentation,A2MX,24,DS,What is the width of the wooden dock beside the boat in meters?,acceleration of the boat = 3m/s^2,,2.3712327412828698
1824,simulation_0116_segmented,segmentation,A2MX,24,DS,What is the length of the football in meters?,gravity acc = 9.8m/s^2,,0.3681040661442869
1825,simulation_0116_segmented,segmentation,A2MX,24,DS,What is the width of the football in meters?,gravity acc = 9.8m/s^2,,0.2515377785319297
1826,simulation_0116_segmented,segmentation,A2MX,24,DS,What is the height of each door in meters?,gravity acc = 9.8m/s^2,,1.86506060179772
1827,simulation_0116_segmented,segmentation,A2MX,24,DS,What is the width of each door in meters?,gravity acc = 9.8m/s^2,,0.8589094876700026
1828,simulation_0116_segmented,segmentation,A2MX,24,DD,What is the speed of the football at 0.5s in m/s?,gravity acc = 9.8m/s^2,,4.940943977316884
1829,simulation_0121_segmented,segmentation,S2MX,30,SD,What is the speed of the left first ball at 0.5s in m/s?,diameter of the ball = 2m,,6.593896588663312
1830,simulation_0121_segmented,segmentation,S2MX,30,SD,What is the speed of the left first ball at 1s in m/s?,diameter of the ball = 2m,,2.1919568586341893
1831,simulation_0121_segmented,segmentation,S2MX,30,SD,What is the speed of the right last ball at 2s in m/s?,diameter of the ball = 2m,,2.782023590490123
1832,simulation_0123_segmented,segmentation,V2MX,24,DS,What is the length of the rolling cup in meters?,speed of the cup = 0.338m/s,,0.0748604046576589
1833,simulation_0123_segmented,segmentation,V2MX,24,DS,What is the diameter of the rolling cup in meters?,speed of the cup = 0.338m/s,,0.0418337555439859
1834,simulation_0123_segmented,segmentation,V2MX,24,DS,What is the length of the toothbrush lying on the sink in meters?,speed of the cup = 0.338m/s,,0.1089823818913523
1835,simulation_0123_segmented,segmentation,V2MX,24,DS,What is the diameter of the cup with the toothbrush in meters?,speed of the cup = 0.338m/s,,0.0374302023288294
1836,simulation_0123_segmented,segmentation,V2MX,24,DS,What is the length of the bottom towel of the three stacked towels on the sink in meters?,speed of the cup = 0.338m/s,,0.3545133840272008
1837,simulation_0123_segmented,segmentation,V2MX,24,DS,What is the width of the bottom towel of the three stacked towels on the sink in meters?,speed of the cup = 0.338m/s,,0.1743857112861424
1838,simulation_0124_segmented,segmentation,V2MX,24,DD,What is the average speed of the grey and red car in m/s?,speed of the black car = 26.085m/s,,21.45964979782672
1839,simulation_0124_segmented,segmentation,V2MX,24,DS,What is the length of the grey and red car in meters?,speed of the black car = 26.085m/s,,4.754937718682235
1840,simulation_0124_segmented,segmentation,V2MX,24,DS,What is the width of the grey and red car in meters?,speed of the black car = 26.085m/s,,2.0955152670630786
1841,simulation_0124_segmented,segmentation,V2MX,24,DS,What is the length of the black car in meters?,speed of the black car = 26.085m/s,,4.598352271614871
1842,simulation_0124_segmented,segmentation,V2MX,24,DS,What is the width of the black car in meters?,speed of the black car = 26.085m/s,,1.9313009992672217
1843,simulation_0124_segmented,segmentation,V2MX,24,DS,What is the horizontal distance between the two cars at 1 s in meters?,speed of the black car = 26.085m/s,,0.0508237105070331
1844,simulation_0124_segmented,segmentation,V2MX,24,DS,What is the smallest horizontal distance between the two cars in meters?,speed of the black car = 26.085m/s,,0.05
1845,simulation_0128_segmented,segmentation,A2MX,24,DS,What is the diameter of the ball in meters?,gravity acc = 9.8m/s^2,,0.3976719708769163
1846,simulation_0129_segmented,segmentation,A2MX,24,DS,What is the diameter of the ball in meters?,gravity acc = 9.8m/s^2,,0.5
1847,simulation_0129_segmented,segmentation,A2MX,24,DS,What is the length of the forklift in meters?,gravity acc = 9.8m/s^2,,4.67
1848,simulation_0129_segmented,segmentation,A2MX,24,DS,What is the height of the forklift in meters?,gravity acc = 9.8m/s^2,,3.6
1849,simulation_0145_segmented,segmentation,S2MX,24,SS,What is the diameter of the tire in meters?,length of the rocket = 2.9m,,1.2941700951938715
1850,simulation_0145_segmented,segmentation,S2MX,24,SD,What is the average speed of the rocket in m/s?,length of the rocket = 2.9m,,13.86577828307207
1851,simulation_0145_segmented,segmentation,S2MX,24,SD,What is the speed of the rocket at time 1s in m/s?,length of the rocket = 2.9m,,19.253906395453576
1852,simulation_0145_segmented,segmentation,S2MX,24,SD,What is the acceleration of the rocket at time 1s in m/s^2?,length of the rocket = 2.9m,,14.760526770912568
1853,simulation_0153_segmented,segmentation,S2SX,24,SS,What is the length of the blue car in meters (including the extending wire)?,diameter of the tire of the blue car = 0.369m,,1.895494736842104
1854,simulation_0153_segmented,segmentation,S2SX,24,SD,What is the speed of the blue car at time 1s in m/s?,diameter of the tire of the blue car = 0.369m,,3.946393606452759
1855,simulation_0153_segmented,segmentation,S2SX,24,SD,What is the acceleration of the blue car at time 1s in m/s^2?,diameter of the tire of the blue car = 0.369m,,1.240185239253769
1856,simulation_0153_segmented,segmentation,S2SX,24,SD,What is the speed of the blue car at time 1.5s in m/s?,diameter of the tire of the blue car = 0.369m,,3.9234800865592185
1857,simulation_0153_segmented,segmentation,S2SX,24,SD,What is the acceleration of the blue car at time 1.5s in m/s^2?,diameter of the tire of the blue car = 0.369m,,1.3726257742382597
1858,simulation_0169_segmented,segmentation,S2SX,24,SD,What is the speed of the astronaut at time 0.5s in m/s?,height of the astronaut = 2.2m,,1.5976448931066938
1859,simulation_0169_segmented,segmentation,S2SX,24,SD,What is the acceleration of the astronaut at time 0.5s in m/s^2?,height of the astronaut = 2.2m,,2.2403461501606783
1860,simulation_0169_segmented,segmentation,S2SX,24,SD,What is the speed of the astronaut at time 1s in m/s?,height of the astronaut = 2.2m,,2.465618590818943
1861,simulation_0169_segmented,segmentation,S2SX,24,SD,What is the acceleration of the astronaut at time 1s in m/s^2?,height of the astronaut = 2.2m,,1.4635592401601507
1862,simulation_0169_segmented,segmentation,S2SX,24,SD,What is the speed of the astronaut at time 2s in m/s?,height of the astronaut = 2.2m,,2.7694437150939044
1863,simulation_0169_segmented,segmentation,S2SX,24,SD,What is the acceleration of the astronaut at time 2s in m/s^2?,height of the astronaut = 2.2m,,0.9247713377720764
1864,simulation_0169_segmented,segmentation,S2SX,24,SD,What is the speed of the astronaut at time 3s in m/s?,height of the astronaut = 2.2m,,0.8770148110297333
1865,simulation_0169_segmented,segmentation,S2SX,24,SD,What is the acceleration of the astronaut at time 3s in m/s^2?,height of the astronaut = 2.2m,,2.91790310975372
1866,simulation_0170_segmented,segmentation,S3SX,24,SD,What is the speed of the astronaut at time 0.5s in m/s?,height of the astronaut = 2.2m,"t=1s, distance_astronaut_camera = 23.137m",6.151481048474008
1867,simulation_0170_segmented,segmentation,S3SX,24,SD,What is the acceleration of the astronaut at time 0.5s in m/s^2?,height of the astronaut = 2.2m,"t=1s, distance_astronaut_camera = 23.137m",1.16331290344392
1868,simulation_0170_segmented,segmentation,S3SX,24,SD,What is the speed of the astronaut at time 1s in m/s?,height of the astronaut = 2.2m,"t=1s, distance_astronaut_camera = 23.137m",6.202016698087838
1869,simulation_0170_segmented,segmentation,S3SX,24,SD,What is the acceleration of the astronaut at time 1s in m/s^2?,height of the astronaut = 2.2m,"t=1s, distance_astronaut_camera = 23.137m",0.994875147801898
1870,simulation_0170_segmented,segmentation,S3SX,24,SD,What is the speed of the astronaut at time 2s in m/s?,height of the astronaut = 2.2m,"t=1s, distance_astronaut_camera = 23.137m",5.988597841913235
1871,simulation_0170_segmented,segmentation,S3SX,24,SD,What is the acceleration of the astronaut at time 2s in m/s^2?,height of the astronaut = 2.2m,"t=1s, distance_astronaut_camera = 23.137m",0.5393337526904372
1872,simulation_0170_segmented,segmentation,S3SX,24,SD,What is the speed of the astronaut at time 3s in m/s?,height of the astronaut = 2.2m,"t=1s, distance_astronaut_camera = 23.137m",4.693138677244479
1873,simulation_0170_segmented,segmentation,S3SX,24,SD,What is the acceleration of the astronaut at time 3s in m/s^2?,height of the astronaut = 2.2m,"t=1s, distance_astronaut_camera = 23.137m",4.120175872547779
1874,simulation_0171_segmented,segmentation,S2SX,24,SD,What is the speed of the astronaut at time 0.5s in m/s?,height of the astronaut = 2.2m,,2.576023683811513
1875,simulation_0171_segmented,segmentation,S2SX,24,SD,What is the acceleration of the astronaut at time 0.5s in m/s^2?,height of the astronaut = 2.2m,,8.110471299127926
1876,simulation_0171_segmented,segmentation,S2SX,24,SD,What is the speed of the astronaut at time 1s in m/s?,height of the astronaut = 2.2m,,4.4982714117326585
1877,simulation_0171_segmented,segmentation,S2SX,24,SD,What is the acceleration of the astronaut at time 1s in m/s^2?,height of the astronaut = 2.2m,,3.5885826267944174
1878,simulation_0171_segmented,segmentation,S2SX,24,SD,What is the speed of the astronaut at time 2s in m/s?,height of the astronaut = 2.2m,,2.227966988713976
1879,simulation_0171_segmented,segmentation,S2SX,24,SD,What is the acceleration of the astronaut at time 2s in m/s^2?,height of the astronaut = 2.2m,,0.8783106352189641
1880,simulation_0171_segmented,segmentation,S2SX,24,SD,What is the speed of the astronaut at time 3s in m/s?,height of the astronaut = 2.2m,,1.3439565104918385
1881,simulation_0171_segmented,segmentation,S2SX,24,SD,What is the acceleration of the astronaut at time 3s in m/s^2?,height of the astronaut = 2.2m,,1.0518938565574891
1882,simulation_0172_segmented,segmentation,S3SX,24,SD,What is the speed of the astronaut at time 0.5s in m/s?,height of the astronaut = 2.2m,"t=1s, distance_astronaut_camera = 18.147m",1.886371369071548
1883,simulation_0172_segmented,segmentation,S3SX,24,SD,What is the acceleration of the astronaut at time 0.5s in m/s^2?,height of the astronaut = 2.2m,"t=1s, distance_astronaut_camera = 18.147m",12.941126896512538
1884,simulation_0172_segmented,segmentation,S3SX,24,SD,What is the speed of the astronaut at time 1s in m/s?,height of the astronaut = 2.2m,"t=1s, distance_astronaut_camera = 18.147m",6.730922339761193
1885,simulation_0172_segmented,segmentation,S3SX,24,SD,What is the acceleration of the astronaut at time 1s in m/s^2?,height of the astronaut = 2.2m,"t=1s, distance_astronaut_camera = 18.147m",11.740975275072651
1886,simulation_0172_segmented,segmentation,S3SX,24,SD,What is the speed of the astronaut at time 2s in m/s?,height of the astronaut = 2.2m,"t=1s, distance_astronaut_camera = 18.147m",1.9472682609335672
1887,simulation_0172_segmented,segmentation,S3SX,24,SD,What is the acceleration of the astronaut at time 2s in m/s^2?,height of the astronaut = 2.2m,"t=1s, distance_astronaut_camera = 18.147m",1.0200059980604246
1888,simulation_0172_segmented,segmentation,S3SX,24,SD,What is the speed of the astronaut at time 3s in m/s?,height of the astronaut = 2.2m,"t=1s, distance_astronaut_camera = 18.147m",2.4873214748738577
1889,simulation_0172_segmented,segmentation,S3SX,24,SD,What is the acceleration of the astronaut at time 3s in m/s^2?,height of the astronaut = 2.2m,"t=1s, distance_astronaut_camera = 18.147m",6.12004242958359
1890,simulation_0177_segmented,segmentation,V2SX,24,DS,What is the height of the elephant in meters?,speed of the elephant = 1.424m/s,,3.2674877347857354
1891,simulation_0177_segmented,segmentation,V2SX,24,DS,What is the displacement of the elephant in meters?,speed of the elephant = 1.424m/s,,3.643313420775738
1892,simulation_0178_segmented,segmentation,V2MX,24,DD,What is the average speed of the small elephant in m/s?,speed of the big elephant = 2.313m/s,,2.0181254695954043
1893,simulation_0178_segmented,segmentation,V2MX,24,DS,What is the height of the big elephant in meters?,speed of the big elephant = 2.313m/s,,3.028478405234701
1894,simulation_0178_segmented,segmentation,V2MX,24,DD,What is the height of the small elephant in meters?,speed of the big elephant = 2.313m/s,,2.049576294451768
1895,simulation_0178_segmented,segmentation,V2MX,24,DS,What is the displacement of the big elephant in meters?,speed of the big elephant = 2.313m/s,,5.68426476389748
1896,simulation_0178_segmented,segmentation,V2MX,24,DS,What is the displacement of the small elephant in meters?,speed of the big elephant = 2.313m/s,,4.9484150825685225
1897,simulation_0188_segmented,segmentation,A3SX,30,DS,What is the length of the truck in meters?,acceleration of the truck = 10.757m/s^2,"t=0.5s, distance_center_of _the_truck_camera = 22.532m   
t =1s, distance_center_of _the_truck_camera = 19.525m",9.8
1898,simulation_0188_segmented,segmentation,A3SX,30,DS,What is the height of the truck in meters?,acceleration of the truck = 10.757m/s^2,"t=0.5s, distance_center_of _the_truck_camera = 22.532m   
t =1s, distance_center_of _the_truck_camera = 19.525m",4.1
1899,simulation_0188_segmented,segmentation,A3SX,30,DS,What is the diameter of the truck's tire in meters?,acceleration of the truck = 10.757m/s^2,"t=0.5s, distance_center_of _the_truck_camera = 22.532m   
t =1s, distance_center_of _the_truck_camera = 19.525m",0.9
1900,simulation_0188_segmented,segmentation,A3SX,30,DD,What is the speed of the truck at time 1s in m/s?,acceleration of the truck = 10.757m/s^2,"t=0.5s, distance_center_of _the_truck_camera = 22.532m   
t =1s, distance_center_of _the_truck_camera = 19.525m",12.615469199851027
1901,simulation_0188_segmented,segmentation,A3SX,30,DD,What is the speed of the truck at time 1.5s in m/s?,acceleration of the truck = 10.757m/s^2,"t=0.5s, distance_center_of _the_truck_camera = 22.532m   
t =1s, distance_center_of _the_truck_camera = 19.525m",20.47373237168979
1902,simulation_0188_segmented,segmentation,A3SX,30,DS,What is the width of the truck in meters?,acceleration of the truck = 10.757m/s^2,"t=0.5s, distance_center_of _the_truck_camera = 22.532m   
t =1s, distance_center_of _the_truck_camera = 19.525m",2.2
1903,simulation_0189_segmented,segmentation,V2MX,120,DS,What is the length of the box in meters?,speed of the box = 0.094m/s,,1.890088383838384
1904,simulation_0189_segmented,segmentation,V2MX,120,DS,What is the height of the box in meters?,speed of the box = 0.094m/s,,0.8515782828282827
1905,simulation_0189_segmented,segmentation,V2MX,120,DS,What is the length of the truck in meters?,speed of the box = 0.094m/s,,7.92383207070707
1906,simulation_0189_segmented,segmentation,V2MX,120,DS,What is the height of the truck(at time 0s) in meters?,speed of the box = 0.094m/s,,3.302462121212121
1907,simulation_0189_segmented,segmentation,V2MX,120,DS,What is the diameter of the truck's tire in meters?,speed of the box = 0.094m/s,,0.8204229797979796
1908,simulation_0190_segmented,segmentation,S2MX,120,DS,What is the height of the truck(at time 0s) in meters?,width of the box = 1.33m,,3.282777777777776
1909,simulation_0190_segmented,segmentation,S2MX,120,DS,What is the width of the truck in meters?,width of the box = 1.33m,,2.66
1910,simulation_0190_segmented,segmentation,S2MX,120,DS,What is the height of the box in meters?,width of the box = 1.33m,,0.7969444444444442
1911,simulation_0190_segmented,segmentation,S2MX,120,DD,What is the speed of the box at time 1s in m/s?,width of the box = 1.33m,,0.0932571879595109
1912,simulation_0190_segmented,segmentation,S2MX,120,DD,What is the speed of the box at time 2s in m/s?,width of the box = 1.33m,,0.1185134890458089
1913,simulation_0191_segmented,segmentation,A2MX,120,DS,What is the width of the box in meters?,acceleration of the box before 0.6s = 9.8m/s,,2.332498861234494
1914,simulation_0191_segmented,segmentation,A2MX,120,DS,What is the height of the box in meters?,acceleration of the box before 0.6s = 9.8m/s,,1.114702494457369
1915,simulation_0191_segmented,segmentation,A2MX,120,DS,What is the length of the truck in meters?,acceleration of the box before 0.6s = 9.8m/s,,9.83257807249679
1916,simulation_0191_segmented,segmentation,A2MX,120,DS,What is the height of the truck in meters?,acceleration of the box before 0.6s = 9.8m/s,,4.085094690670358
1917,simulation_0191_segmented,segmentation,A2MX,120,DS,What is the diameter of the truck's tire in meters?,acceleration of the box before 0.6s = 9.8m/s,,1.005165255117627
1918,simulation_0191_segmented,segmentation,A2MX,120,DD,What is the speed of the box at time 0.2s in m/s?,acceleration of the box before 0.6s = 9.8m/s,,2.109594486677357
1919,simulation_0191_segmented,segmentation,A2MX,120,DD,What is the speed of the box at time 0.4s in m/s?,acceleration of the box before 0.6s = 9.8m/s,,3.9963956599216734
1920,simulation_0192_segmented,segmentation,A2MX,120,DS,What is the height of the box in meters?,acceleration of the box before 0.6s = 9.8m/s,,1.15
1921,simulation_0192_segmented,segmentation,A2MX,120,DS,What is the width of the truck in meters?,acceleration of the box before 0.6s = 9.8m/s,,3.17
1922,simulation_0192_segmented,segmentation,A2MX,120,DS,What is the width of the box in meters?,acceleration of the box before 0.6s = 9.8m/s,,1.57
1923,simulation_0192_segmented,segmentation,A2MX,120,DD,What is the speed of the box at time 0.2s in m/s?,acceleration of the box before 0.6s = 9.8m/s,,1.96
1924,simulation_0192_segmented,segmentation,A2MX,120,DD,What is the speed of the box at time 0.4s in m/s?,acceleration of the box before 0.6s = 9.8m/s,,3.92
1925,simulation_0216_segmented,segmentation,V2MX,24,DS,What is the length of the black cat (including its tail) in meters?,speed of the black cat = 0.94m/s,,0.6965374733441818
1926,simulation_0216_segmented,segmentation,V2MX,24,DS,What is the height of the black cat (including its tail) in meters?,speed of the black cat = 0.94m/s,,0.4850251881380933
1927,simulation_0216_segmented,segmentation,V2MX,24,DS,What is the length of the wooden bench in meters?,speed of the black cat = 0.94m/s,,1.0239420638470855
1928,simulation_0216_segmented,segmentation,V2MX,24,DS,What is the height of the wooden bench in meters?,speed of the black cat = 0.94m/s,,0.454
1929,simulation_0216_segmented,segmentation,V2MX,24,DS,What is the height of the lampshade of the table lamp in meters?,speed of the black cat = 0.94m/s,,0.2400629719067331
1930,simulation_0216_segmented,segmentation,V2MX,24,DS,What is the diameter of the lampshade of the table lamp in meters?,speed of the black cat = 0.94m/s,,0.45562972219033
1931,simulation_0216_segmented,segmentation,V2MX,24,DS,What is the height of the table lamp in meters?,speed of the black cat = 0.94m/s,,0.6271032735522821
1932,simulation_0216_segmented,segmentation,V2MX,24,DS,What is the height of the vase in meters?,speed of the black cat = 0.94m/s,,0.4801259438134659
1933,simulation_0216_segmented,segmentation,V2MX,24,DS,What is the height of the floor mirror in meters?,speed of the black cat = 0.94m/s,,1.259344058978459
1934,simulation_0216_segmented,segmentation,V2MX,24,DS,What is the length of the floor mirror in meters?,speed of the black cat = 0.94m/s,,0.57811083030601
1935,simulation_0216_segmented,segmentation,V2MX,24,DS,What is the length of the TV in meters?,speed of the black cat = 0.94m/s,,0.8720654897836422
1936,simulation_0216_segmented,segmentation,V2MX,24,DS,What is the height of the TV in meters?,speed of the black cat = 0.94m/s,,0.4997229211119748
1937,simulation_0216_segmented,segmentation,V2MX,24,DS,What is the length of the TV stand in meters?,speed of the black cat = 0.94m/s,,1.685340047671758
1938,simulation_0216_segmented,segmentation,V2MX,24,DS,What is the height of the TV stand in meters?,speed of the black cat = 0.94m/s,,0.4654282108395844
1939,simulation_0218_segmented,segmentation,V2MX,24,DS,What is the length of the big robot in meters?,speed of the big robot = 5.924m/s,,3.4047946995017755
1940,simulation_0218_segmented,segmentation,V2MX,24,DS,What is the height of the big robot in meters?,speed of the big robot = 5.924m/s,,3.1642848203330263
1941,simulation_0218_segmented,segmentation,V2MX,24,DS,What is the length in meters of the long side of the box formed by the white lines on the ground?,speed of the big robot = 5.924m/s,,5.847048037571895
1942,simulation_0218_segmented,segmentation,V2MX,24,DS,What is the outer diameter of the robot's tires in meters?,speed of the big robot = 5.924m/s,,0.3783384024311224
1943,simulation_0224_segmented,segmentation,S2MX,24,SS,What is the length of the chinese chess board in meters?,diameter of one chinese chess = 0.097m,,1.6269054389846846
1944,simulation_0224_segmented,segmentation,S2MX,24,SD,What is the speed of the red general chess at time 0.5s in m/s?,diameter of one chinese chess = 0.097m,,0.3488682106707361
1945,simulation_0224_segmented,segmentation,S2MX,24,SD,What is the acceleration of the red general chess at time 0.5s in m/s^2?,diameter of one chinese chess = 0.097m,,0.982340290576352
1946,simulation_0224_segmented,segmentation,S2MX,24,SD,What is the speed of the red general chess at time 1s in m/s?,diameter of one chinese chess = 0.097m,,0.8816439748768397
1947,simulation_0224_segmented,segmentation,S2MX,24,SD,What is the acceleration of the red general chess at time 1s in m/s^2?,diameter of one chinese chess = 0.097m,,0.8768181592984114
1948,simulation_0224_segmented,segmentation,S2MX,24,SD,What is the speed of the red general chess at time 1.5s in m/s?,diameter of one chinese chess = 0.097m,,1.3667778426389292
1949,simulation_0224_segmented,segmentation,S2MX,24,SD,What is the acceleration of the red general chess at time 1.5s in m/s^2?,diameter of one chinese chess = 0.097m,,0.7713291611641094
1950,simulation_0225_segmented,segmentation,V2MX,24,DS,What is the length of the black cat (including its tail) in meters?,speed of the black cat = 1.041m/s,,1.1393548196515826
1951,simulation_0225_segmented,segmentation,V2MX,24,DS,What is the height of the black cat (including its tail) in meters?,speed of the black cat = 1.041m/s,,0.8070429972532036
1952,simulation_0225_segmented,segmentation,V2MX,24,DS,What is the width of the beach chair in meters?,speed of the black cat = 1.041m/s,,1.9701343756475285
1953,simulation_0225_segmented,segmentation,V2MX,24,DS,What is the spacing in meters between the markings on the pool wall?,speed of the black cat = 1.041m/s,,2.0
1954,simulation_0227_segmented,segmentation,V2MX,24,DS,What is the length of the black cat (including its tail) in meters?,speed of the black cat = 1.041m/s,,0.9229833624190776
1955,simulation_0227_segmented,segmentation,V2MX,24,DS,What is the height of the black cat (including its tail) in meters?,speed of the black cat = 1.041m/s,,0.6267093004042616
1956,simulation_0227_segmented,segmentation,V2MX,24,DS,What is the width of the beach chair in meters?,speed of the black cat = 1.041m/s,,1.450384380935578
1957,simulation_0227_segmented,segmentation,V2MX,24,DS,What is the spacing in meters between the markings on the pool wall?,speed of the black cat = 1.041m/s,,0.3
1958,simulation_0227_segmented,segmentation,V2MX,24,DS,What is the length of the swimming ring in meters?,speed of the black cat = 1.041m/s,,1.307136540843176
1959,simulation_0227_segmented,segmentation,V2MX,24,DS,What is the height of the swimming ring in meters?,speed of the black cat = 1.041m/s,,1.0027348806468188
1960,simulation_0227_segmented,segmentation,V2MX,24,DD,What is the speed of the swimming ring at time 0.5s in m/s?,speed of the black cat = 1.041m/s,,1.8299542685982169
1961,simulation_0227_segmented,segmentation,V2MX,24,DD,What is the acceleration of the red general chess at time 0.5s in m/s^2?,speed of the black cat = 1.041m/s,,0.5
1962,simulation_0227_segmented,segmentation,V2MX,24,DD,What is the speed of the red general chess at time 1s in m/s?,speed of the black cat = 1.041m/s,,1.0
1963,simulation_0227_segmented,segmentation,V2MX,24,DD,What is the acceleration of the red general chess at time 1s in m/s^2?,speed of the black cat = 1.041m/s,,0.5
1964,simulation_0227_segmented,segmentation,V2MX,24,DD,What is the speed of the red general chess at time 1.5s in m/s?,speed of the black cat = 1.041m/s,,1.0
1965,simulation_0227_segmented,segmentation,V2MX,24,DD,What is the acceleration of the red general chess at time 1.5s in m/s^2?,speed of the black cat = 1.041m/s,,0.5
1966,simulation_0233_segmented,segmentation,V2MX,24,DS,What is the length of the black cat (including its tail) in meters?,speed of the black cat = 0.714m/s,,0.7387561310214652
1967,simulation_0233_segmented,segmentation,V2MX,24,DS,What is the width(horizontal) of the chair next to the blackboard in meters?,speed of the black cat = 0.714m/s,,0.6578529542544775
1968,simulation_0233_segmented,segmentation,V2MX,24,DS,What is the length(vertical) of the chair next to the blackboard in meters?,speed of the black cat = 0.714m/s,,0.497156049398422
1969,simulation_0237_segmented,segmentation,V2MX,24,DS,What is the length of the brown horse in meters?,speed of the brown horse = 0.874m/s,,2.3779593387519515
1970,simulation_0237_segmented,segmentation,V2MX,24,DS,What is the width of the house in meters?,speed of the brown horse = 0.874m/s,,11.501990492747286
1971,simulation_0237_segmented,segmentation,V2MX,24,DS,What is the length of the house in meters?,speed of the brown horse = 0.874m/s,,13.19779678334464
1972,simulation_0239_segmented,segmentation,V2MX,24,DS,What is the length of the brown horse in meters?,speed of the brown horse = 0.874m/s,,2.398855028870058
1973,simulation_0239_segmented,segmentation,V2MX,24,DS,What is the width of the house in meters?,speed of the brown horse = 0.874m/s,,13.17524992779401
1974,simulation_0239_segmented,segmentation,V2MX,24,DS,What is the length of the house in meters?,speed of the brown horse = 0.874m/s,,11.735936910471976
1975,simulation_0239_segmented,segmentation,V2MX,24,DD,What is the average speed of the white horse in m/s?,speed of the brown horse = 0.874m/s,,1.863693652149351
1976,simulation_0239_segmented,segmentation,V2MX,24,DS,What is the length of the white horse in meters?,speed of the brown horse = 0.874m/s,,2.880754409082454
1977,simulation_0243_segmented,segmentation,V2MX,30,DS,What is the height of the deer in meters?,speed of the deer = 1.277m/s,,2.868772144418919
1978,simulation_0243_segmented,segmentation,V2MX,30,DS,What is the length of the deer in meters?,speed of the deer = 1.277m/s,,2.420863078193152
1979,simulation_0243_segmented,segmentation,V2MX,30,DS,What is the height of the tree behind the deer in meters?,speed of the deer = 1.277m/s,,7.003671062530927
1980,simulation_0245_segmented,segmentation,V2MX,30,DS,What is the height of the deer in meters?,speed of the deer = 1.277m/s,,2.696784652353082
1981,simulation_0245_segmented,segmentation,V2MX,30,DS,What is the length of the deer in meters?,speed of the deer = 1.277m/s,,3.488531111039697
1982,simulation_0245_segmented,segmentation,V2MX,30,DD,What is the average speed of the rabbit in m/s?,speed of the deer = 1.277m/s,,1.2985443767501
1983,simulation_0245_segmented,segmentation,V2MX,30,DS,What is the height of the rabbit in meters?,speed of the deer = 1.277m/s,,0.4204664242916089
1984,simulation_0245_segmented,segmentation,V2MX,30,DS,What is the length of the rabbit in meters?,speed of the deer = 1.277m/s,,0.4494641087255136
1985,simulation_0247_segmented,segmentation,V3MX,30,DS,What is the length of the rabbit in meters?,speed of the deer = 1.277m/s,,0.4474911989743783
1986,simulation_0247_segmented,segmentation,V3MX,30,DS,What is the length of the deer in meters?,speed of the deer = 1.277m/s,,2.33683275019276
1987,simulation_0247_segmented,segmentation,V3MX,30,DD,What is the average speed of the rabbit in m/s?,speed of the deer = 1.277m/s,,1.2270562122456916
1988,simulation_0248_segmented,segmentation,V2MX,24,DS,What is the height of the brown horse in meters?,speed of the brown horse = 0.874m/s,,1.8909868874644689
1989,simulation_0248_segmented,segmentation,V2MX,24,DS,What is the length of the brown horse in meters?,speed of the brown horse = 0.874m/s,,2.2464000445577947
1990,simulation_0248_segmented,segmentation,V2MX,24,DD,What is the average speed of the white horse in m/s?,speed of the brown horse = 0.874m/s,,1.680121891680614
1991,simulation_0248_segmented,segmentation,V2MX,24,DS,What is the height of the white horse in meters?,speed of the brown horse = 0.874m/s,,2.1040558325308885
1992,simulation_0248_segmented,segmentation,V2MX,24,DS,What is the length of the white horse in meters?,speed of the brown horse = 0.874m/s,,2.703148235443586
1993,simulation_0248_segmented,segmentation,V2MX,24,DD,What is the average speed of the rabbit in m/s?,speed of the brown horse = 0.874m/s,,1.78118340739211
1994,simulation_0248_segmented,segmentation,V2MX,24,DS,What is the length of the rabbit in meters?,speed of the brown horse = 0.874m/s,,0.5088345599777587
1995,simulation_0248_segmented,segmentation,V2MX,24,DS,What is the height of the rabbit in meters?,speed of the brown horse = 0.874m/s,,0.4261378901328386
1996,simulation_0251_segmented,segmentation,S2SX,24,SD,What is the speed of the soccer ball at time 0.5s in m/s?,diameter of the soccer ball = 0.344m,,5.031521223650207
1997,simulation_0251_segmented,segmentation,S2SX,24,SD,What is the speed of the soccer ball at time 2s in m/s?,diameter of the soccer ball = 0.344m,,4.122020100908616
1998,simulation_0251_segmented,segmentation,S2SX,24,SD,What is the speed of the soccer ball at time 1s in m/s?,diameter of the soccer ball = 0.344m,,4.72450528085499
1999,simulation_0251_segmented,segmentation,S2SX,24,SD,What is the speed of the soccer ball at time 1.5s in m/s?,diameter of the soccer ball = 0.344m,,4.396196387295558
2000,simulation_0255_segmented,segmentation,S2SX,24,SD,What is the speed of the tennis ball at time 0.5s in m/s?,diameter of the tennis ball = 0.17m,,6.7513694256505445
2001,simulation_0255_segmented,segmentation,S2SX,24,SD,What is the speed of the tennis ball at time 1s in m/s?,diameter of the tennis ball = 0.17m,,6.229601641452432
2002,simulation_0255_segmented,segmentation,S2SX,24,SD,What is the speed of the tennis ball at time 1.5s in m/s?,diameter of the tennis ball = 0.17m,,5.708453139800474
2003,simulation_0255_segmented,segmentation,S2SX,24,SD,What is the acceleration of the tennis ball at time 0.5s in m/s^2?,diameter of the tennis ball = 0.17m,,1.0732498728395845
2004,simulation_0255_segmented,segmentation,S2SX,24,SD,What is the acceleration of the tennis ball at time 1s in m/s^2?,diameter of the tennis ball = 0.17m,,1.0226759322653256
2005,simulation_0255_segmented,segmentation,S2SX,24,SD,What is the acceleration of the tennis ball at time 1.5s in m/s^2?,diameter of the tennis ball = 0.17m,,1.0370051314999391
2006,simulation_0261_segmented,segmentation,A2SX,24,DS,What is the height of the mug in meters?,acceleration of the mug cup before 1s = 9.8m/s^2,,0.1904193356713364
2007,simulation_0261_segmented,segmentation,A2SX,24,DD,What is the speed of the mug at time 0.2s in m/s?,acceleration of the mug cup before 1s = 9.8m/s^2,,2.0067603956194704
2008,simulation_0261_segmented,segmentation,A2SX,24,DD,What is the speed of the mug at time 0.4s in m/s?,acceleration of the mug cup before 1s = 9.8m/s^2,,3.9757104662376728
2009,simulation_0261_segmented,segmentation,A2SX,24,DD,What is the speed of the mug at time 0.625s in m/s?,acceleration of the mug cup before 1s = 9.8m/s^2,,6.149680865572925
2010,simulation_0030_segmented,segmentation,V3MX,24,DS,What is the length of the eagle in meters?,speed of the eagle = 12m/s,"t=1s, distance_eagle_camera = 106.642m
t=2s, distance_eagle_camera = 111.231m",0.85
2011,simulation_0151_segmented,segmentation,S3MX,24,SS,"What is the width, in meters, of the blue car?","diameter of the tire of the yellow car = 0.764m
diameter of the tire of the blue car = 0.369m","t=0.5s, distance_yellowCarLeftFrontTire_camera = 11.38m",1.5
2012,simulation_0151_segmented,segmentation,S3MX,24,SD,What is the speed of the yellow car at time 1s in m/s?,"diameter of the tire of the yellow car = 0.764m
diameter of the tire of the blue car = 0.369m","t=0.5s, distance_yellowCarLeftFrontTire_camera = 11.38m",4.699396767540246
2013,simulation_0151_segmented,segmentation,S3MX,24,SD,What is the acceleration of the yellow car at time 1s in m/s^2?,"diameter of the tire of the yellow car = 0.764m
diameter of the tire of the blue car = 0.369m","t=0.5s, distance_yellowCarLeftFrontTire_camera = 11.38m",2.426208560073703
2014,simulation_0151_segmented,segmentation,S3MX,24,SD,What is the speed of the blue car at time 1s in m/s?,"diameter of the tire of the yellow car = 0.764m
diameter of the tire of the blue car = 0.369m","t=0.5s, distance_yellowCarLeftFrontTire_camera = 11.38m",3.640758340968866
2015,simulation_0151_segmented,segmentation,S3MX,24,SD,What is the acceleration of the blue car at time 1s in m/s^2?,"diameter of the tire of the yellow car = 0.764m
diameter of the tire of the blue car = 0.369m","t=0.5s, distance_yellowCarLeftFrontTire_camera = 11.38m",1.828805338542025
2016,internet_0001,internet,S2SC,24,SS,What is the length of the black car in meters?,lane width = 3.66m,,5.610218978102192
2017,internet_0001,internet,S2SC,24,SS,What is the width of the black car in meters?,lane width = 3.66m,,2.2173722627737247
2018,internet_0001,internet,S2SC,24,SD,What is the average speed of the black car in m/s?,lane width = 3.66m,,34.82663994363122
2019,internet_0002,internet,S2SC,24,SS,What is the length of the red car in meters?,lane width = 3.66m,,6.049166666666668
2020,internet_0002,internet,S2SC,24,SS,What is the width of the red car in meters?,lane width = 3.66m,,2.2366666666666672
2021,internet_0002,internet,S2SC,24,SD,What is the average speed of the red car in m/s?,lane width = 3.66m,,28.75171481595955
2022,internet_0003,internet,S2MC,24,SS,What is the diameter of the pizza in cm?,monopoly money width = 7.5cm,,39.72129024687391
2023,internet_0003,internet,S2MC,24,SS,What is the diameter of the wine glass in cm?,monopoly money width = 7.5cm,,12.82142913032006
2024,internet_0003,internet,S2MC,24,SD,What is the velocity of the pizza cutter in cm/s at 0.2s?,monopoly money width = 7.5cm,,35.45064102656637
2025,internet_0003,internet,S2MC,24,SS,What is the diameter of a pepperoni on the pizza in cm?,monopoly money width = 7.5cm,,4.776610852472184
2026,internet_0004,internet,S2MC,25,SS,What is the length of the wood block in cm?,ruler calibre = 1cm,,10.02057613168723
2027,internet_0004,internet,S2MC,25,SS,What is the thickness of the wood block in cm?,ruler calibre = 1cm,,2.119341563786006
2028,internet_0004,internet,S2MC,25,SD,What is the average velocity of the pencil tip moving on the block in cm/s?,ruler calibre = 1cm,,10.12273859935825
2029,internet_0004,internet,S2MC,25,SD,What is the average velocity of the saw cutting the block in cm/s?,ruler calibre = 1cm,,1.0799455049000604
2030,internet_0005,internet,V2MC,25,DS,What is the distance between the two black road signs in meters?,walking velocity = 1.25m/s,,4.872438458293405
2031,internet_0005,internet,V2MC,25,DS,What is the height of the woman in yellow in meters?,walking velocity = 1.25m/s,,1.755001530001417
2032,internet_0005,internet,V2MC,25,DS,What is the length of the light right above the woman's head in meters?,walking velocity = 1.25m/s,,1.3162511475010628
2033,internet_0005,internet,V2MC,25,DS,What is the side length of the floor tiles in meters?,walking velocity = 1.25m/s,,1.2007905205272853
2034,internet_0006,internet,S2MC,30,SS,What is the length of the motor cycle in meters?,lane width = 3.66m,,2.0333333333333323
2035,internet_0006,internet,S2MC,30,SD,What is the average speed of the motorcycle in m/s?,lane width = 3.66m,,25.28790202633095
2036,internet_0006,internet,S2MC,30,SS,What is the length of the white car in meters?,lane width = 3.66m,,5.896666666666665
2037,internet_0006,internet,S2MC,30,SD,What is the average speed of the white car in m/s?,lane width = 3.66m,,23.65326492308976
2038,internet_0006,internet,S2MC,30,SS,What is the length of the black car in meters?,lane width = 3.66m,,5.693333333333323
2039,internet_0006,internet,S2MC,30,SD,What is the average speed of the black car in m/s?,lane width = 3.66m,,22.81040801126228
2040,internet_0007,internet,S2MC,30,SS,What is the length of the white car in meters?,lane width = 3.66m,,4.676666666666667
2041,internet_0007,internet,S2MC,30,SD,What is the average speed of the white car in m/s?,lane width = 3.66m,,26.42432836011866
2042,internet_0007,internet,S2MC,30,SS,What is the length of the black car in meters?,lane width = 3.66m,,4.879999999999994
2043,internet_0007,internet,S2MC,30,SD,What is the average speed of the black car in m/s?,lane width = 3.66m,,32.22127756276622
2044,internet_0008,internet,S2MC,30,SD,What is the average speed of the sailboat in m/s?,sailboat length = 12m,,3.966126170499605
2045,internet_0008,internet,S2MC,30,SD,What is the average speed of the speedboat in m/s?,sailboat length = 12m,,27.18935768103181
2046,internet_0008,internet,S2MC,30,SS,What is the length of the speedboat in meters?,sailboat length = 12m,,4.636363636363642
2047,internet_0009,internet,S2MC,60,SS,What is the distance between the two players in meters at the beginning?,singles court width = 8.23m,,6.061770867553089
2048,internet_0009,internet,S2MC,60,SD,What is the average velocity of the tennis ball flying across the net in m/s?,singles court width = 8.23m,,18.29265168070691
2049,internet_0009,internet,S2MC,60,SS,What is the total displacement of the player on the right in meters?,singles court width = 8.23m,,2.7353336810032816
2050,internet_0010,internet,S2MC,30,SS,How tall is the shooter in cm?,basketball diameter = 24cm,,181.64678790321489
2051,internet_0010,internet,S2MC,30,SD,What is the velocity of the ball at 2.00s in cm/s?,basketball diameter = 24cm,,572.4697326420384
2052,internet_0011,internet,S2MC,25,SS,What is the initial distance between the two players in meters?,court width= 4.88m,,2.195554250552734
2053,internet_0011,internet,S2MC,25,SS,What is the displacement of the player in white in meters?,court width= 4.88m,,6.52911795000005
2054,internet_0011,internet,S2MC,25,SD,What is the average moving speed of the player in white in m/s?,court width= 4.88m,,1.5454763362911526
2055,internet_0011,internet,S2MC,25,SS,What is the displacement of the player in black in meters?,court width= 4.88m,,3.2078804871682283
2056,internet_0012,internet,S2MC,60,SS,What is the length of the truck in meters?,lane width = 3.66m,,17.218636363636367
2057,internet_0012,internet,S2MC,60,SD,What is the average velocity of the truck in m/s?,lane width = 3.66m,,13.846639512146794
2058,internet_0012,internet,S2MC,60,SS,What is the length of the grey car in meters?,lane width = 3.66m,,4.40863636363636
2059,internet_0012,internet,S2MC,60,SD,What is the average velocity of the grey car in m/s?,lane width = 3.66m,,20.337554525257488
2060,internet_0012,internet,S2MC,60,SS,What is the length of the car on the leftmost lane in meters?,lane width = 3.66m,,3.7431818181818177
2061,internet_0012,internet,S2MC,60,SD,What is the average velocity of the car on the leftmost lane in m/s?,lane width = 3.66m,,11.274628621458032
2062,internet_0012,internet,S2MC,60,SS,What is the length of the white car on the second lane to the left in meters?,lane width = 3.66m,,4.2422727272727325
2063,internet_0012,internet,S2MC,60,SD,What is the average velocity of the white car on the second lane to the left in m/s?,lane width = 3.66m,,13.793459235512932
2064,internet_0013,internet,V2MC,30,DS,What is the width of the straight-through lane in meters?,pedestrian walking speed = 1.1 m/s,,3.8398527649954506
2065,internet_0013,internet,V2MC,30,DS,What is the width of the roundabout lane in meters?,pedestrian walking speed = 1.1 m/s,,4.670091200670152
2066,internet_0013,internet,V2MC,30,DS,What is the diameter of the center island planter in meters?,pedestrian walking speed = 1.1 m/s,,20.548401282948674
2067,internet_0013,internet,V2MC,30,DD,What is the speed of the white car in the roundabout at 3.0s in m/s?,pedestrian walking speed = 1.1 m/s,,5.900331675246632
2068,internet_0013,internet,V2MC,30,DD,What is the speed of the bicycle on the upper left corner at 3.0s in m/s?,pedestrian walking speed = 1.1 m/s,,2.320586974627143
2069,internet_0013,internet,V2MC,30,DS,What is the distance between the two black cars in the round about at 1.0s in meters?,pedestrian walking speed = 1.1 m/s,,27.099249937434703
2070,internet_0014,internet,S2MC,30,SS,What is the initial distance between the two players in meters?,center circle radius = 9.15m,,3.934619614254434
2071,internet_0014,internet,S2MC,30,SS,What is the distance from the player closest to the goal to the goal at 0s in meters?,center circle radius = 9.15m,,11.107898771853272
2072,internet_0014,internet,S2MC,30,SD,What is he football's velocity at 7.00s in m/s?,center circle radius = 9.15m,,3.6802131119432695
2073,internet_0014,internet,S2MC,30,SD,What is the average velocity of the player with the ball from 8.0s to 9.0s in m/s?,center circle radius = 9.15m,,2.067526890490604
2074,internet_0014,internet,S2MC,30,SS,What is distance between the two players at 9.00s in meters?,center circle radius = 9.15m,,7.418905817161968
2075,internet_0015,internet,S2MC,30,SS,What is the average vehicle spacing in meters?,lane width = 3.66m,,30.11181818181814
2076,internet_0015,internet,S2MC,30,SS,What is the length of the black car in meters?,lane width = 3.66m,,4.325454545454541
2077,internet_0015,internet,S2MC,30,SS,What is the length of the motorcycle in meters?,lane width = 3.66m,,1.829999999999996
2078,internet_0015,internet,S2MC,30,SS,What is the average speed of the motorcycle in m/s?,lane width = 3.66m,,26.638032728409364
2079,internet_0015,internet,S2MC,30,SS,What is the speed of the car before the motorcycle at 1.0s in m/s?,lane width = 3.66m,,25.88596552577855
2080,internet_0016,internet,S2MC,30,SS,What is the distance between the two players in meters at the beginning?,inner court width= 4.88m,,3.454930861272651
2081,internet_0016,internet,S2MC,30,SD,What is the velocity of the basketball at 0s in m/s?,inner court width= 4.88m,,3.486067534962773
2082,internet_0016,internet,S2MC,30,SS,What is the distance between the ball and the player in black at 0.5s in meters?,inner court width= 4.88m,,1.3930227740679546
2083,internet_0016,internet,S2MC,30,SS,What is the distance between the basket and the player in black at 0.5s in meters?,inner court width= 4.88m,,2.28451750053507
2084,internet_0017,internet,S2MS,22,SS,What is the diameter of the round container in cm?,credit card width = 5.4cm,,11.169895137244986
2085,internet_0017,internet,S2MS,22,SS,What is the length of the keyboard in cm?,credit card width = 5.4cm,,30.986345029590385
2086,internet_0017,internet,S2MS,22,SS,What is the width of the keyboard in cm?,credit card width = 5.4cm,,12.92724521077096
2087,internet_0017,internet,S2MS,22,SS,What is the length of the pen in cm?,credit card width = 5.4cm,,15.46015502647444
2088,internet_0017,internet,S2MS,22,SD,What is moving speed of the user's (middle) fingertip at 0.4s in cm/s?,credit card width = 5.4cm,,31.219495706729194
2089,internet_0018,internet,S2MC,30,SS,What is the distance between the two players in meters at the beginning?,singles court width = 8.23m,,25.929346871822407
2090,internet_0018,internet,S2MC,30,SS,What is the distance between the benches and the court in meters?,singles court width = 8.23m,,3.0912682926829267
2091,internet_0018,internet,S2MC,30,SS,What is the tennis ball's velocity at 1.5s in m/s?,singles court width = 8.23m,,32.822005182846524
2092,internet_0019,internet,A2MC,30,DS,What is the size of the ball in cm?,gravity acc = 9.8m/s^2,,19.44516410312708
2093,internet_0019,internet,A2MC,30,DS,What is the height of the person standing in the middle in cm?,gravity acc = 9.8m/s^2,,173.23873473695036
2094,internet_0019,internet,A2MC,30,DS,What is the height of the person on the left (the passer) in cm?,gravity acc = 9.8m/s^2,,150.35164347633477
2095,internet_0019,internet,A2MC,30,DS,What is the height of the person on the right (the receiver) in cm?,gravity acc = 9.8m/s^2,,173.27480735259115
2096,internet_0019,internet,A2MC,30,DS,What is the initial distance between the passer and the receiver in meters?,gravity acc = 9.8m/s^2,,4.419355477983428
2097,internet_0019,internet,A2MC,30,DD,What is the velocity of the ball at 1.00s in m/s?,gravity acc = 9.8m/s^2,,3.5570072738948006
2098,internet_0019,internet,A2MC,30,DD,What is the (average) horizontal velocity of the ball in m/s?,gravity acc = 9.8m/s^2,,1.9602295170482185
2099,internet_0020,internet,S2MC,25,SS,What is the height of the sink in cm?,height of the picked bottle = 11.7cm,,23.692500000000003
2100,internet_0020,internet,S2MC,25,SS,What is the width of the tray in cm?,height of the picked bottle = 11.7cm,,35.7825
2101,internet_0020,internet,S2MC,25,SS,What is the height of the pump bottle in cm?,height of the picked bottle = 11.7cm,,18.4275
2102,internet_0020,internet,S2MC,25,SD,What is average moving velocity of the picked bottle in cm/s?,height of the picked bottle = 11.7cm,,42.638671163786526
2103,internet_0020,internet,S2MC,25,SD,What is the velocity of the picked bottle at 0.50s in cm/s?,height of the picked bottle = 11.7cm,,69.35073459985094
2104,internet_0021,internet,S2MC,25,SD,What is the average speed of the airplane in m/s? ,length of the airplane = 40m ,,57.10770264339605
2105,internet_0021,internet,S2MC,25,SS,What is the distance between the airplane and the roof top at 0s in meters?,length of the airplane = 40m ,,60.1324583046065
2106,internet_0021,internet,S2MC,25,SS,What is the the displacement of the airplane from 0s to 2.00s in meters? ,length of the airplane = 40m ,,106.0841947560228
2107,internet_0022,internet,S2MC,25,SS,What is the diameter of the tea cup in mm?,width of the mouse = 57mm,,64.60000000000007
2108,internet_0022,internet,S2MC,25,SS,What is the diameter of the saucer in mm?,width of the mouse = 57mm,,100.70000000000007
2109,internet_0022,internet,S2MC,25,SS,What is the length of the pencil in mm?,width of the mouse = 57mm,,142.14489086843756
2110,internet_0022,internet,S2MC,25,SS,What is the shoulder width of the man in cm?,width of the mouse = 57mm,,43.13000000000001
2111,internet_0022,internet,S2MC,25,SS,What is the length of the table in meters?,width of the mouse = 57mm,,1.4763000000000006
2112,internet_0022,internet,S2MC,25,SS,What is the length of the monitor in cm?,width of the mouse = 57mm,,53.45250789252083
2113,internet_0022,internet,S2MC,25,SS,What is the width of the grey notebook in cm?,width of the mouse = 57mm,,10.748023074035526
2114,internet_0022,internet,S2MC,25,SS,What is the length of the grey notebook in cm?,width of the mouse = 57mm,,16.586684418532833
2115,internet_0022,internet,S2MC,25,SD,What is average velocity of the man's moving hand from 0.40s to 1.00s in cm/s?,width of the mouse = 57mm,,40.09398496116905
2116,internet_0023,internet,S2MC,30,SS,What is the length of the swimming pool in meters (excluding the stair area)?,height of the swimmer = 1.8m,,9.699064564345194
2117,internet_0023,internet,S2MC,30,SS,What is the width of the swimming pool in meters?,height of the swimmer = 1.8m,,4.574558802255593
2118,internet_0023,internet,S2MC,30,SS,What is the length of the deck chair in meters?,height of the swimmer = 1.8m,,2.049840410562568
2119,internet_0023,internet,S2MC,30,SD,What is the average velocity of the swimmer in m/s?,height of the swimmer = 1.8m,,1.3075301502272814
2120,internet_0023,internet,S2MC,30,SS,What is the distance between the two umbrellas on the left in meters?,height of the swimmer = 1.8m,,3.92533791210444
2121,internet_0024,internet,S2MC,25,SS,What is the length of the earphone case in mm?,width of the earphone case = 45mm,,54.4409537058408
2122,internet_0024,internet,S2MC,25,SS,What is the length of the pencil in cm?,width of the earphone case = 45mm,,19.06957889932919
2123,internet_0024,internet,S2MC,25,SS,What is the diameter of the mug in cm?,width of the earphone case = 45mm,,12.060133990528906
2124,internet_0024,internet,S2MC,25,SS,What is the length of the longest side of the laptop in cm?,width of the earphone case = 45mm,,33.6843464309358
2125,internet_0024,internet,S2MC,25,SS,What is the length of the longest side of the wallet in cm?,width of the earphone case = 45mm,,20.34560243070986
2126,internet_0024,internet,S2MC,25,SS,What is the moving velocity of the mug at 0.50s in cm/s?,width of the earphone case = 45mm,,40.68209245389103
2127,internet_0025,internet,S2SC,30,SS,What is the length of the canoe in meters?,height of the boatman = 1.75m,,10.89740921079752
2128,internet_0025,internet,S2SC,30,SD,What is the average speed of the canoe in m/s?,height of the boatman = 1.75m,,0.7511661845013164
2129,internet_0025,internet,S2SC,30,SS,What is the displacement of the canoe in the first 5 seconds in meters?,height of the boatman = 1.75m,,3.370830739539057
2130,internet_0026,internet,S2MC,24,SS,What is the sitting height of the baby in cm?,total height of the sofa = 90cm,,64.0
2131,internet_0026,internet,S2MC,24,SS,What is the distance between the baby and the man in meters?,total height of the sofa = 90cm,,2.403253003743051
2132,internet_0026,internet,S2MC,24,SS,What is the length of the toy truck in cm?,total height of the sofa = 90cm,,68.49999999999999
2133,internet_0026,internet,S2MC,24,SS,What is the height of the toy truck in cm?,total height of the sofa = 90cm,,56.50000000000001
2134,internet_0026,internet,S2MC,24,SD,What is the speed of the toy truck at 0.50s in cm/s?,total height of the sofa = 90cm,,73.8566592553078
2135,internet_0026,internet,S2MC,24,SD,What is the average speed of the toy truck in cm/s?,total height of the sofa = 90cm,,69.78198087669381
2136,internet_0027,internet,S2MC,25,SS,What is the initial distance between the black ball and the purple ball in cm?,billiard ball diameter = 57.2mm,,14.63165404183682
2137,internet_0027,internet,S2MC,25,SD,What is the white ball's average velocity in 1.00s to 2.00s in cm/s?,billiard ball diameter = 57.2mm,,26.957153938694294
2138,internet_0027,internet,S2MC,25,SD,What is the velocity of the orange ball at 1.00s in cm/s?,billiard ball diameter = 57.2mm,,25.30180078328897
2139,internet_0027,internet,S2MC,25,SS,What is the final distance between the purple ball and the black ball in cm?,billiard ball diameter = 57.2mm,,17.810491290247988
2140,internet_0027,internet,S2MC,25,SD,What is the acceleration of the yellow balloon the left at 2.00s in cm/s^2?,billiard ball diameter = 57.2mm,,8.615027038357766
2141,captured_0001,lab,A3SS,24,DS,What is the size of the ball in cm? ,"t=1.6s, ball acceleration = 3.0m/s^2","t=0s, distance_ball_camera = 1.1075m
t=1.5s, distance_ball_camera = 0.9120m
distance_slope_far_end_camera = 1.1360m
distance_slope_near_tower_camera = 0.8840m",6.873762049571335
2142,captured_0001,lab,A3SS,24,DS,What is the length of the slope in cm? ,"t=1.6s, ball acceleration = 3.0m/s^2","t=0s, distance_ball_camera = 1.1075m
t=1.5s, distance_ball_camera = 0.9120m
distance_slope_far_end_camera = 1.1360m
distance_slope_near_tower_camera = 0.8840m",30.2
2143,captured_0001,lab,A3SS,24,DS,What is the displacement of the ball between 0s and 1.5s in cm?,"t=1.6s, ball acceleration = 3.0m/s^2","t=0s, distance_ball_camera = 1.1075m
t=1.5s, distance_ball_camera = 0.9120m
distance_slope_far_end_camera = 1.1360m
distance_slope_near_tower_camera = 0.8840m",23.15394505198164
2144,captured_0001,lab,A3SS,24,DD,What is the velocity of the ball at 1.5s in cm/s?,"t=1.6s, ball acceleration = 3.0m/s^2","t=0s, distance_ball_camera = 1.1075m
t=1.5s, distance_ball_camera = 0.9120m
distance_slope_far_end_camera = 1.1360m
distance_slope_near_tower_camera = 0.8840m",87.21515135247779
2145,captured_0001,lab,A3SS,24,DD,What is the velocity of the ball at the end of the slope in cm/s? ,"t=1.6s, ball acceleration = 3.0m/s^2","t=0s, distance_ball_camera = 1.1075m
t=1.5s, distance_ball_camera = 0.9120m
distance_slope_far_end_camera = 1.1360m
distance_slope_near_tower_camera = 0.8840m",43.90639773560999
2146,captured_0002,lab,A3SS,24,DS,What is the size of the ball in mm? ,"t=1.4, ball acceleration = 4.05m/s^2","t=1.0s, distance_ball_camera = 1.7790m
t=1.3s, distance_ball_camera = 1.7360m
distance_slope_far_end_camera = 1.8150m
distance_slope_near_tower_camera = 1.6715m",54.71178909313708
2147,captured_0002,lab,A3SS,24,DS,What is the length of the slope in cm? ,"t=1.4, ball acceleration = 4.05m/s^2","t=1.0s, distance_ball_camera = 1.7790m
t=1.3s, distance_ball_camera = 1.7360m
distance_slope_far_end_camera = 1.8150m
distance_slope_near_tower_camera = 1.6715m",33.0
2148,captured_0002,lab,A3SS,24,DS,What is the displacement of the ball between 1.0s and 1.3s in cm?,"t=1.4, ball acceleration = 4.05m/s^2","t=1.0s, distance_ball_camera = 1.7790m
t=1.3s, distance_ball_camera = 1.7360m
distance_slope_far_end_camera = 1.8150m
distance_slope_near_tower_camera = 1.6715m",9.983082028281178
2149,captured_0002,lab,A3SS,24,DD,What is the velocity of the ball at 1.3s in cm/s?,"t=1.4, ball acceleration = 4.05m/s^2","t=1.0s, distance_ball_camera = 1.7790m
t=1.3s, distance_ball_camera = 1.7360m
distance_slope_far_end_camera = 1.8150m
distance_slope_near_tower_camera = 1.6715m",98.15372451192032
2150,captured_0002,lab,A3SS,24,DD,What is the velocity of the ball at the end of the slope in cm/s? ,"t=1.4, ball acceleration = 4.05m/s^2","t=1.0s, distance_ball_camera = 1.7790m
t=1.3s, distance_ball_camera = 1.7360m
distance_slope_far_end_camera = 1.8150m
distance_slope_near_tower_camera = 1.6715m",174.13431891731034
2151,captured_0006,lab,A3SC,24,DS,What is the height of the toy in cm? ,acceleration = 9.8 m/s^2,"t=1.0s, distance_ball_camera = 1.4020m
t=1.2s, distance_ball_camera = 1.065m
",6.4
2152,captured_0006,lab,A3SC,24,DS,What is the width of the toy in cm?,acceleration = 9.8 m/s^2,"t=1.0s, distance_ball_camera = 1.4020m
t=1.2s, distance_ball_camera = 1.065m
",6.7
2153,captured_0006,lab,A3SC,24,DS,What is the velocity of the toy at 1.2s in m/s? ,acceleration = 9.8 m/s^2,"t=1.0s, distance_ball_camera = 1.4020m
t=1.2s, distance_ball_camera = 1.065m
",2.1
2154,captured_0006,lab,A3SC,24,DS,What the displacement of the toy between 1s and 1.2s in cm? ,acceleration = 9.8 m/s^2,"t=1.0s, distance_ball_camera = 1.4020m
t=1.2s, distance_ball_camera = 1.065m
",36.0
2155,captured_0006,lab,A3SC,24,DS,What is the velocity of the toy when hitting the desk for the first time in m/s? ,acceleration = 9.8 m/s^2,"t=1.0s, distance_ball_camera = 1.4020m
t=1.2s, distance_ball_camera = 1.065m
",2.7
2156,captured_0006s,lab,A3SS,24,DS,What is the height of the toy in cm? ,acceleration = 9.8 m/s^2,"t=1.0s, distance_ball_camera = 1.4020m
t=1.2s, distance_ball_camera = 1.065m
",8.0
2157,captured_0006s,lab,A3SS,24,DS,What is the width of the toy in cm?,acceleration = 9.8 m/s^2,"t=1.0s, distance_ball_camera = 1.4020m
t=1.2s, distance_ball_camera = 1.065m
",7.5
2158,captured_0006s,lab,A3SS,24,DS,What is the velocity of the toy at 1.2s in m/s? ,acceleration = 9.8 m/s^2,"t=1.0s, distance_ball_camera = 1.4020m
t=1.2s, distance_ball_camera = 1.065m
",2.6
2159,captured_0006s,lab,A3SS,24,DS,What the displacement of the toy between 1s and 1.2s in cm? ,acceleration = 9.8 m/s^2,"t=1.0s, distance_ball_camera = 1.4020m
t=1.2s, distance_ball_camera = 1.065m
",35.0
2160,captured_0006s,lab,A3SS,24,DS,What is the velocity of the toy when hitting the desk for the first time in m/s? ,acceleration = 9.8 m/s^2,"t=1.0s, distance_ball_camera = 1.4020m
t=1.2s, distance_ball_camera = 1.065m
",3.5
2161,captured_0008,lab,A3SC,24,DS,What is the basketball's initial distance from the desk in cm? ,acceleration = 9.8 m/s^2,"t=1.0s, distance_ball_camera = 1.4010m
t=1.0s, distance_desk_camera = 1.7250m
t=1.2s, distance_ball_camera = 1.5640m
t=1.5s (max rebounce), distance_ball_camera=1.5225m",65.73206248795198
2162,captured_0008,lab,A3SC,24,DS,What is the basketball's diameter in cm?,acceleration = 9.8 m/s^2,"t=1.0s, distance_ball_camera = 1.4010m
t=1.0s, distance_desk_camera = 1.7250m
t=1.2s, distance_ball_camera = 1.5640m
t=1.5s (max rebounce), distance_ball_camera=1.5225m",31.0
2163,captured_0008,lab,A3SC,24,DS,What is the maximum rebounce height (with respect to the desk) of the basketball in cm? ,acceleration = 9.8 m/s^2,"t=1.0s, distance_ball_camera = 1.4010m
t=1.0s, distance_desk_camera = 1.7250m
t=1.2s, distance_ball_camera = 1.5640m
t=1.5s (max rebounce), distance_ball_camera=1.5225m",20.554800946783416
2164,captured_0008,lab,A3SC,24,DS,What is the basketball's velocity at 1.2s in m/s? ,acceleration = 9.8 m/s^2,"t=1.0s, distance_ball_camera = 1.4010m
t=1.0s, distance_desk_camera = 1.7250m
t=1.2s, distance_ball_camera = 1.5640m
t=1.5s (max rebounce), distance_ball_camera=1.5225m",4.1
2165,captured_0008,lab,A3SC,24,DS,What is the basketball's  distance from the camera at 1.2s in meters? ,acceleration = 9.8 m/s^2,"t=1.0s, distance_ball_camera = 1.4010m
t=1.0s, distance_desk_camera = 1.7250m
t=1.2s, distance_ball_camera = 1.5640m
t=1.5s (max rebounce), distance_ball_camera=1.5225m",1.564
2166,captured_0008s,lab,A3SS,24,DS,What is the basketball's initial distance from the desk in cm? ,acceleration = 9.8 m/s^2,"t=1.0s, distance_ball_camera = 1.4010m
t=1.0s, distance_desk_camera = 1.7250m
t=1.2s, distance_ball_camera = 1.5640m
t=1.5s (max rebounce), distance_ball_camera=1.5225m",79.16096205270854
2167,captured_0008s,lab,A3SS,24,DS,What is the basketball's diameter in cm?,acceleration = 9.8 m/s^2,"t=1.0s, distance_ball_camera = 1.4010m
t=1.0s, distance_desk_camera = 1.7250m
t=1.2s, distance_ball_camera = 1.5640m
t=1.5s (max rebounce), distance_ball_camera=1.5225m",26.5
2168,captured_0008s,lab,A3SS,24,DS,What is the maximum rebounce height (with respect to the desk) of the basketball in cm? ,acceleration = 9.8 m/s^2,"t=1.0s, distance_ball_camera = 1.4010m
t=1.0s, distance_desk_camera = 1.7250m
t=1.2s, distance_ball_camera = 1.5640m
t=1.5s (max rebounce), distance_ball_camera=1.5225m",31.324997949809383
2169,captured_0008s,lab,A3SS,24,DS,What is the basketball's velocity at 1.2s in m/s? ,acceleration = 9.8 m/s^2,"t=1.0s, distance_ball_camera = 1.4010m
t=1.0s, distance_desk_camera = 1.7250m
t=1.2s, distance_ball_camera = 1.5640m
t=1.5s (max rebounce), distance_ball_camera=1.5225m",3.6
2170,captured_0008s,lab,A3SS,24,DS,What is the basketball's  distance from the camera at 1.2s in meters? ,acceleration = 9.8 m/s^2,"t=1.0s, distance_ball_camera = 1.4010m
t=1.0s, distance_desk_camera = 1.7250m
t=1.2s, distance_ball_camera = 1.5640m
t=1.5s (max rebounce), distance_ball_camera=1.5225m",1.564
2171,captured_0008x,lab,A3SX,24,DS,What is the basketball's initial distance from the desk in cm? ,acceleration = 9.8 m/s^2,"t=1.0s, distance_ball_camera = 1.4010m
t=1.0s, distance_desk_camera = 1.7250m
t=1.2s, distance_ball_camera = 1.5640m
t=1.5s (max rebounce), distance_ball_camera=1.5225m",93.26543685495238
2172,captured_0008x,lab,A3SX,24,DS,What is the basketball's diameter in cm?,acceleration = 9.8 m/s^2,"t=1.0s, distance_ball_camera = 1.4010m
t=1.0s, distance_desk_camera = 1.7250m
t=1.2s, distance_ball_camera = 1.5640m
t=1.5s (max rebounce), distance_ball_camera=1.5225m",24.0
2173,captured_0008x,lab,A3SX,24,DS,What is the maximum rebounce height (with respect to the desk) of the basketball in cm? ,acceleration = 9.8 m/s^2,"t=1.0s, distance_ball_camera = 1.4010m
t=1.0s, distance_desk_camera = 1.7250m
t=1.2s, distance_ball_camera = 1.5640m
t=1.5s (max rebounce), distance_ball_camera=1.5225m",37.555702696983
2174,captured_0008x,lab,A3SX,24,DS,What is the basketball's velocity at 1.2s in m/s? ,acceleration = 9.8 m/s^2,"t=1.0s, distance_ball_camera = 1.4010m
t=1.0s, distance_desk_camera = 1.7250m
t=1.2s, distance_ball_camera = 1.5640m
t=1.5s (max rebounce), distance_ball_camera=1.5225m",3.3
2175,captured_0008x,lab,A3SX,24,DS,What is the basketball's  distance from the camera at 1.2s in meters? ,acceleration = 9.8 m/s^2,"t=1.0s, distance_ball_camera = 1.4010m
t=1.0s, distance_desk_camera = 1.7250m
t=1.2s, distance_ball_camera = 1.5640m
t=1.5s (max rebounce), distance_ball_camera=1.5225m",1.564
2176,captured_0009,lab,A3SC,24,DS,What is the basketball's initial distance from the floor in cm? ,acceleration = 9.8 m/s^2,"t=0.0s, distance_ball_camera = 1.3210m
t=0.0s, distance_floor_camera = 2.0285m
t=1.8s, distance_ball_camera = 1.5835m
t=1.92s (max rebounce), distance_ball_camera=1.5795m",134.33838210287257
2177,captured_0009,lab,A3SC,24,DS,What is the basketball's diameter in cm?,acceleration = 9.8 m/s^2,"t=0.0s, distance_ball_camera = 1.3210m
t=0.0s, distance_floor_camera = 2.0285m
t=1.8s, distance_ball_camera = 1.5835m
t=1.92s (max rebounce), distance_ball_camera=1.5795m",24.0
2178,captured_0009,lab,A3SC,24,DS,What is the maximum rebounce height of the basketball in cm? ,acceleration = 9.8 m/s^2,"t=0.0s, distance_ball_camera = 1.3210m
t=0.0s, distance_floor_camera = 2.0285m
t=1.8s, distance_ball_camera = 1.5835m
t=1.92s (max rebounce), distance_ball_camera=1.5795m",31.0
2179,captured_0009,lab,A3SC,24,DS,What is the basketball's velocity at 1.8s in m/s? ,acceleration = 9.8 m/s^2,"t=0.0s, distance_ball_camera = 1.3210m
t=0.0s, distance_floor_camera = 2.0285m
t=1.8s, distance_ball_camera = 1.5835m
t=1.92s (max rebounce), distance_ball_camera=1.5795m",0.95
2180,captured_0009,lab,A3SC,24,DS,What is the basketball's  distance from the camera at 1.8s in meters? ,acceleration = 9.8 m/s^2,"t=0.0s, distance_ball_camera = 1.3210m
t=0.0s, distance_floor_camera = 2.0285m
t=1.8s, distance_ball_camera = 1.5835m
t=1.92s (max rebounce), distance_ball_camera=1.5795m",1.5835
2181,captured_0009s,lab,A3SS,24,DS,What is the basketball's initial distance from the floor in cm? ,acceleration = 9.8 m/s^2,"t=0.0s, distance_ball_camera = 1.3210m
t=0.0s, distance_floor_camera = 2.0285m
t=1.8s, distance_ball_camera = 1.5835m
t=1.92s (max rebounce), distance_ball_camera=1.5795m",70.75
2182,captured_0009s,lab,A3SS,24,DS,What is the basketball's diameter in cm?,acceleration = 9.8 m/s^2,"t=0.0s, distance_ball_camera = 1.3210m
t=0.0s, distance_floor_camera = 2.0285m
t=1.8s, distance_ball_camera = 1.5835m
t=1.92s (max rebounce), distance_ball_camera=1.5795m",24.5
2183,captured_0009s,lab,A3SS,24,DS,What is the maximum rebounce height of the basketball in cm? ,acceleration = 9.8 m/s^2,"t=0.0s, distance_ball_camera = 1.3210m
t=0.0s, distance_floor_camera = 2.0285m
t=1.8s, distance_ball_camera = 1.5835m
t=1.92s (max rebounce), distance_ball_camera=1.5795m",44.9
2184,captured_0009s,lab,A3SS,24,DS,What is the basketball's velocity at 1.8s in m/s? ,acceleration = 9.8 m/s^2,"t=0.0s, distance_ball_camera = 1.3210m
t=0.0s, distance_floor_camera = 2.0285m
t=1.8s, distance_ball_camera = 1.5835m
t=1.92s (max rebounce), distance_ball_camera=1.5795m",1.18
2185,captured_0009s,lab,A3SS,24,DS,What is the basketball's  distance from the camera at 1.8s in meters? ,acceleration = 9.8 m/s^2,"t=0.0s, distance_ball_camera = 1.3210m
t=0.0s, distance_floor_camera = 2.0285m
t=1.8s, distance_ball_camera = 1.5835m
t=1.92s (max rebounce), distance_ball_camera=1.5795m",1.5835
2186,captured_0009x,lab,A3SX,24,DS,What is the basketball's initial distance from the floor in cm? ,acceleration = 9.8 m/s^2,"t=0.0s, distance_ball_camera = 1.3210m
t=0.0s, distance_floor_camera = 2.0285m
t=1.8s, distance_ball_camera = 1.5835m
t=1.92s (max rebounce), distance_ball_camera=1.5795m",70.75
2187,captured_0009x,lab,A3SX,24,DS,What is the basketball's diameter in cm?,acceleration = 9.8 m/s^2,"t=0.0s, distance_ball_camera = 1.3210m
t=0.0s, distance_floor_camera = 2.0285m
t=1.8s, distance_ball_camera = 1.5835m
t=1.92s (max rebounce), distance_ball_camera=1.5795m",20.0
2188,captured_0009x,lab,A3SX,24,DS,What is the maximum rebounce height of the basketball in cm? ,acceleration = 9.8 m/s^2,"t=0.0s, distance_ball_camera = 1.3210m
t=0.0s, distance_floor_camera = 2.0285m
t=1.8s, distance_ball_camera = 1.5835m
t=1.92s (max rebounce), distance_ball_camera=1.5795m",44.9
2189,captured_0009x,lab,A3SX,24,DS,What is the basketball's velocity at 1.8s in m/s? ,acceleration = 9.8 m/s^2,"t=0.0s, distance_ball_camera = 1.3210m
t=0.0s, distance_floor_camera = 2.0285m
t=1.8s, distance_ball_camera = 1.5835m
t=1.92s (max rebounce), distance_ball_camera=1.5795m",1.18
2190,captured_0009x,lab,A3SX,24,DS,What is the basketball's  distance from the camera at 1.8s in meters? ,acceleration = 9.8 m/s^2,"t=0.0s, distance_ball_camera = 1.3210m
t=0.0s, distance_floor_camera = 2.0285m
t=1.8s, distance_ball_camera = 1.5835m
t=1.92s (max rebounce), distance_ball_camera=1.5795m",1.5835
2191,captured_0010,lab,A3SC,24,DS,What is the length of the string in cm? ,gravity_acceleration = 9.8 m/s^2,"t=0.3s, distance_ball_camera = 1.7060m
t=0.6s, distance_ball_camera = 1.3440m
t=0.9s, distance_ball_camera = 1.4605m
t=1.2s, distance_ball_camera = 1.7840m
t=1.5s, distance_ball_camera = 1.7170m
t=1.8s, distance_ball_camera = 1.3500m
",35.0
2192,captured_0010,lab,A3SC,24,DS,What is the ball's diameter in cm?,gravity_acceleration = 9.8 m/s^2,"t=0.3s, distance_ball_camera = 1.7060m
t=0.6s, distance_ball_camera = 1.3440m
t=0.9s, distance_ball_camera = 1.4605m
t=1.2s, distance_ball_camera = 1.7840m
t=1.5s, distance_ball_camera = 1.7170m
t=1.8s, distance_ball_camera = 1.3500m
",5.294445858182153
2193,captured_0010,lab,A3SC,24,DS,What is the ball's velocity at 0.3s in m/s? ,gravity_acceleration = 9.8 m/s^2,"t=0.3s, distance_ball_camera = 1.7060m
t=0.6s, distance_ball_camera = 1.3440m
t=0.9s, distance_ball_camera = 1.4605m
t=1.2s, distance_ball_camera = 1.7840m
t=1.5s, distance_ball_camera = 1.7170m
t=1.8s, distance_ball_camera = 1.3500m
",1.479537424457927
2194,captured_0010,lab,A3SC,24,DS,What is the ball's velocoty at 0.6s in m/s? ,gravity_acceleration = 9.8 m/s^2,"t=0.3s, distance_ball_camera = 1.7060m
t=0.6s, distance_ball_camera = 1.3440m
t=0.9s, distance_ball_camera = 1.4605m
t=1.2s, distance_ball_camera = 1.7840m
t=1.5s, distance_ball_camera = 1.7170m
t=1.8s, distance_ball_camera = 1.3500m
",0.4726047493894657
2195,captured_0010,lab,A3SC,24,DS,What is that ball's acceleration at 0.3s in m/s^2? ,gravity_acceleration = 9.8 m/s^2,"t=0.3s, distance_ball_camera = 1.7060m
t=0.6s, distance_ball_camera = 1.3440m
t=0.9s, distance_ball_camera = 1.4605m
t=1.2s, distance_ball_camera = 1.7840m
t=1.5s, distance_ball_camera = 1.7170m
t=1.8s, distance_ball_camera = 1.3500m
",4.85296503393019
2196,captured_0010,lab,A3SC,24,DS,What is that ball's acceleration at 0.6s in m/s^2? ,gravity_acceleration = 9.8 m/s^2,"t=0.3s, distance_ball_camera = 1.7060m
t=0.6s, distance_ball_camera = 1.3440m
t=0.9s, distance_ball_camera = 1.4605m
t=1.2s, distance_ball_camera = 1.7840m
t=1.5s, distance_ball_camera = 1.7170m
t=1.8s, distance_ball_camera = 1.3500m
",2.803592116538824
2197,captured_0010s,lab,A3SS,24,DS,What is the length of the string in cm? ,gravity_acceleration = 9.8 m/s^2,"t=0.3s, distance_ball_camera = 1.7060m
t=0.6s, distance_ball_camera = 1.3440m
t=0.9s, distance_ball_camera = 1.4605m
t=1.2s, distance_ball_camera = 1.7840m
t=1.5s, distance_ball_camera = 1.7170m
t=1.8s, distance_ball_camera = 1.3500m
",33.0
2198,captured_0010s,lab,A3SS,24,DS,What is the ball's diameter in cm?,gravity_acceleration = 9.8 m/s^2,"t=0.3s, distance_ball_camera = 1.7060m
t=0.6s, distance_ball_camera = 1.3440m
t=0.9s, distance_ball_camera = 1.4605m
t=1.2s, distance_ball_camera = 1.7840m
t=1.5s, distance_ball_camera = 1.7170m
t=1.8s, distance_ball_camera = 1.3500m
",7.3774530186415666
2199,captured_0010s,lab,A3SS,24,DS,What is the ball's velocity at 0.3s in m/s? ,gravity_acceleration = 9.8 m/s^2,"t=0.3s, distance_ball_camera = 1.7060m
t=0.6s, distance_ball_camera = 1.3440m
t=0.9s, distance_ball_camera = 1.4605m
t=1.2s, distance_ball_camera = 1.7840m
t=1.5s, distance_ball_camera = 1.7170m
t=1.8s, distance_ball_camera = 1.3500m
",1.5082348417540563
2200,captured_0010s,lab,A3SS,24,DS,What is the ball's velocoty at 0.6s in m/s? ,gravity_acceleration = 9.8 m/s^2,"t=0.3s, distance_ball_camera = 1.7060m
t=0.6s, distance_ball_camera = 1.3440m
t=0.9s, distance_ball_camera = 1.4605m
t=1.2s, distance_ball_camera = 1.7840m
t=1.5s, distance_ball_camera = 1.7170m
t=1.8s, distance_ball_camera = 1.3500m
",0.4743348082325574
2201,captured_0010s,lab,A3SS,24,DS,What is that ball's acceleration at 0.3s in m/s^2? ,gravity_acceleration = 9.8 m/s^2,"t=0.3s, distance_ball_camera = 1.7060m
t=0.6s, distance_ball_camera = 1.3440m
t=0.9s, distance_ball_camera = 1.4605m
t=1.2s, distance_ball_camera = 1.7840m
t=1.5s, distance_ball_camera = 1.7170m
t=1.8s, distance_ball_camera = 1.3500m
",4.880099962463105
2202,captured_0010s,lab,A3SS,24,DS,What is that ball's acceleration at 0.6s in m/s^2? ,gravity_acceleration = 9.8 m/s^2,"t=0.3s, distance_ball_camera = 1.7060m
t=0.6s, distance_ball_camera = 1.3440m
t=0.9s, distance_ball_camera = 1.4605m
t=1.2s, distance_ball_camera = 1.7840m
t=1.5s, distance_ball_camera = 1.7170m
t=1.8s, distance_ball_camera = 1.3500m
",2.819834650517562
2203,captured_0010X,lab,A3SX,24,DS,What is the length of the string in cm? ,gravity_acceleration = 9.8 m/s^2,"t=0.3s, distance_ball_camera = 1.7060m
t=0.6s, distance_ball_camera = 1.3440m
t=0.9s, distance_ball_camera = 1.4605m
t=1.2s, distance_ball_camera = 1.7840m
t=1.5s, distance_ball_camera = 1.7170m
t=1.8s, distance_ball_camera = 1.3500m
",37.0
2204,captured_0010X,lab,A3SX,24,DS,What is the ball's diameter in cm?,gravity_acceleration = 9.8 m/s^2,"t=0.3s, distance_ball_camera = 1.7060m
t=0.6s, distance_ball_camera = 1.3440m
t=0.9s, distance_ball_camera = 1.4605m
t=1.2s, distance_ball_camera = 1.7840m
t=1.5s, distance_ball_camera = 1.7170m
t=1.8s, distance_ball_camera = 1.3500m
",7.244534746575484
2205,captured_0010X,lab,A3SX,24,DS,What is the ball's velocity at 0.3s in m/s? ,gravity_acceleration = 9.8 m/s^2,"t=0.3s, distance_ball_camera = 1.7060m
t=0.6s, distance_ball_camera = 1.3440m
t=0.9s, distance_ball_camera = 1.4605m
t=1.2s, distance_ball_camera = 1.7840m
t=1.5s, distance_ball_camera = 1.7170m
t=1.8s, distance_ball_camera = 1.3500m
",1.4252489271375484
2206,captured_0010X,lab,A3SX,24,DS,What is the ball's velocoty at 0.6s in m/s? ,gravity_acceleration = 9.8 m/s^2,"t=0.3s, distance_ball_camera = 1.7060m
t=0.6s, distance_ball_camera = 1.3440m
t=0.9s, distance_ball_camera = 1.4605m
t=1.2s, distance_ball_camera = 1.7840m
t=1.5s, distance_ball_camera = 1.7170m
t=1.8s, distance_ball_camera = 1.3500m
",0.4490512312154281
2207,captured_0010X,lab,A3SX,24,DS,What is that ball's acceleration at 0.3s in m/s^2? ,gravity_acceleration = 9.8 m/s^2,"t=0.3s, distance_ball_camera = 1.7060m
t=0.6s, distance_ball_camera = 1.3440m
t=0.9s, distance_ball_camera = 1.4605m
t=1.2s, distance_ball_camera = 1.7840m
t=1.5s, distance_ball_camera = 1.7170m
t=1.8s, distance_ball_camera = 1.3500m
",4.964507422913738
2208,captured_0010X,lab,A3SX,24,DS,What is that ball's acceleration at 0.6s in m/s^2? ,gravity_acceleration = 9.8 m/s^2,"t=0.3s, distance_ball_camera = 1.7060m
t=0.6s, distance_ball_camera = 1.3440m
t=0.9s, distance_ball_camera = 1.4605m
t=1.2s, distance_ball_camera = 1.7840m
t=1.5s, distance_ball_camera = 1.7170m
t=1.8s, distance_ball_camera = 1.3500m
",2.869033286080607
2209,captured_0013,lab,A3MC,24,DS,What is the height of the cup in cm? ,"t=1.5, ball acceleration = 3.0m/s^2","t=0s, distance_cup_camera = 1.2100m
t=0s, distance_pen_camera = 1.1750m
t=0s, distance_cookie_camera = 1.1820m
t=0s, distance_note_book_camera = 0.9620m
t=0s, distance_desk_left_camera = 0.8690m
t=0s, distance_desk_right_camera = 0.8520m
t=0s, distance_slope_far_camera = 1.3450m
t=0s, distance_slope_near_camera = 1.1040m
",14.6208021586043
2210,captured_0013,lab,A3MC,24,DS,What is the length of the pen in cm? ,"t=1.5, ball acceleration = 3.0m/s^2","t=0s, distance_cup_camera = 1.2100m
t=0s, distance_pen_camera = 1.1750m
t=0s, distance_cookie_camera = 1.1820m
t=0s, distance_note_book_camera = 0.9620m
t=0s, distance_desk_left_camera = 0.8690m
t=0s, distance_desk_right_camera = 0.8520m
t=0s, distance_slope_far_camera = 1.3450m
t=0s, distance_slope_near_camera = 1.1040m
",9.914577235320678
2211,captured_0013,lab,A3MC,24,DS,What is the diameter of the cookie in cm? ,"t=1.5, ball acceleration = 3.0m/s^2","t=0s, distance_cup_camera = 1.2100m
t=0s, distance_pen_camera = 1.1750m
t=0s, distance_cookie_camera = 1.1820m
t=0s, distance_note_book_camera = 0.9620m
t=0s, distance_desk_left_camera = 0.8690m
t=0s, distance_desk_right_camera = 0.8520m
t=0s, distance_slope_far_camera = 1.3450m
t=0s, distance_slope_near_camera = 1.1040m
",8.520065226806217
2212,captured_0013,lab,A3MC,24,DS,What is the width of the note book in cm? ,"t=1.5, ball acceleration = 3.0m/s^2","t=0s, distance_cup_camera = 1.2100m
t=0s, distance_pen_camera = 1.1750m
t=0s, distance_cookie_camera = 1.1820m
t=0s, distance_note_book_camera = 0.9620m
t=0s, distance_desk_left_camera = 0.8690m
t=0s, distance_desk_right_camera = 0.8520m
t=0s, distance_slope_far_camera = 1.3450m
t=0s, distance_slope_near_camera = 1.1040m
",11.34790371700244
2213,captured_0013,lab,A3MC,24,DS,What is the width of the desk in cm? ,"t=1.5, ball acceleration = 3.0m/s^2","t=0s, distance_cup_camera = 1.2100m
t=0s, distance_pen_camera = 1.1750m
t=0s, distance_cookie_camera = 1.1820m
t=0s, distance_note_book_camera = 0.9620m
t=0s, distance_desk_left_camera = 0.8690m
t=0s, distance_desk_right_camera = 0.8520m
t=0s, distance_slope_far_camera = 1.3450m
t=0s, distance_slope_near_camera = 1.1040m
",59.93233853352344
2214,captured_0013,lab,A3MC,24,DS,What is the length of the slope in cm?,"t=1.5, ball acceleration = 3.0m/s^2","t=0s, distance_cup_camera = 1.2100m
t=0s, distance_pen_camera = 1.1750m
t=0s, distance_cookie_camera = 1.1820m
t=0s, distance_note_book_camera = 0.9620m
t=0s, distance_desk_left_camera = 0.8690m
t=0s, distance_desk_right_camera = 0.8520m
t=0s, distance_slope_far_camera = 1.3450m
t=0s, distance_slope_near_camera = 1.1040m
",30.335081037476563
2215,captured_0013,lab,A3MC,24,DS,What is the diameter of the ball in cm? ,"t=1.5, ball acceleration = 3.0m/s^2","t=0s, distance_cup_camera = 1.2100m
t=0s, distance_pen_camera = 1.1750m
t=0s, distance_cookie_camera = 1.1820m
t=0s, distance_note_book_camera = 0.9620m
t=0s, distance_desk_left_camera = 0.8690m
t=0s, distance_desk_right_camera = 0.8520m
t=0s, distance_slope_far_camera = 1.3450m
t=0s, distance_slope_near_camera = 1.1040m
",5.0
2216,captured_0013,lab,A3MC,24,DD,What is the velolicty of the ball at 1.5s in cm/s? ,"t=1.5, ball acceleration = 3.0m/s^2","t=0s, distance_cup_camera = 1.2100m
t=0s, distance_pen_camera = 1.1750m
t=0s, distance_cookie_camera = 1.1820m
t=0s, distance_note_book_camera = 0.9620m
t=0s, distance_desk_left_camera = 0.8690m
t=0s, distance_desk_right_camera = 0.8520m
t=0s, distance_slope_far_camera = 1.3450m
t=0s, distance_slope_near_camera = 1.1040m
",100.0
2217,captured_0013s,lab,A3MS,24,DS,What is the height of the cup in cm? ,"t=1.5, ball acceleration = 3.0m/s^2","t=0s, distance_cup_camera = 1.2100m
t=0s, distance_pen_camera = 1.1750m
t=0s, distance_cookie_camera = 1.1820m
t=0s, distance_note_book_camera = 0.9620m
t=0s, distance_desk_left_camera = 0.8690m
t=0s, distance_desk_right_camera = 0.8520m
t=0s, distance_slope_far_camera = 1.3450m
t=0s, distance_slope_near_camera = 1.1040m
",14.116117456571486
2218,captured_0013s,lab,A3MS,24,DS,What is the length of the pen in cm? ,"t=1.5, ball acceleration = 3.0m/s^2","t=0s, distance_cup_camera = 1.2100m
t=0s, distance_pen_camera = 1.1750m
t=0s, distance_cookie_camera = 1.1820m
t=0s, distance_note_book_camera = 0.9620m
t=0s, distance_desk_left_camera = 0.8690m
t=0s, distance_desk_right_camera = 0.8520m
t=0s, distance_slope_far_camera = 1.3450m
t=0s, distance_slope_near_camera = 1.1040m
",9.866704729376478
2219,captured_0013s,lab,A3MS,24,DS,What is the diameter of the cookie in cm? ,"t=1.5, ball acceleration = 3.0m/s^2","t=0s, distance_cup_camera = 1.2100m
t=0s, distance_pen_camera = 1.1750m
t=0s, distance_cookie_camera = 1.1820m
t=0s, distance_note_book_camera = 0.9620m
t=0s, distance_desk_left_camera = 0.8690m
t=0s, distance_desk_right_camera = 0.8520m
t=0s, distance_slope_far_camera = 1.3450m
t=0s, distance_slope_near_camera = 1.1040m
",8.373415828681132
2220,captured_0013s,lab,A3MS,24,DS,What is the width of the note book in cm? ,"t=1.5, ball acceleration = 3.0m/s^2","t=0s, distance_cup_camera = 1.2100m
t=0s, distance_pen_camera = 1.1750m
t=0s, distance_cookie_camera = 1.1820m
t=0s, distance_note_book_camera = 0.9620m
t=0s, distance_desk_left_camera = 0.8690m
t=0s, distance_desk_right_camera = 0.8520m
t=0s, distance_slope_far_camera = 1.3450m
t=0s, distance_slope_near_camera = 1.1040m
",11.370897820431578
2221,captured_0013s,lab,A3MS,24,DS,What is the width of the desk in cm? ,"t=1.5, ball acceleration = 3.0m/s^2","t=0s, distance_cup_camera = 1.2100m
t=0s, distance_pen_camera = 1.1750m
t=0s, distance_cookie_camera = 1.1820m
t=0s, distance_note_book_camera = 0.9620m
t=0s, distance_desk_left_camera = 0.8690m
t=0s, distance_desk_right_camera = 0.8520m
t=0s, distance_slope_far_camera = 1.3450m
t=0s, distance_slope_near_camera = 1.1040m
",59.09846161282075
2222,captured_0013s,lab,A3MS,24,DS,What is the length of the slope in cm?,"t=1.5, ball acceleration = 3.0m/s^2","t=0s, distance_cup_camera = 1.2100m
t=0s, distance_pen_camera = 1.1750m
t=0s, distance_cookie_camera = 1.1820m
t=0s, distance_note_book_camera = 0.9620m
t=0s, distance_desk_left_camera = 0.8690m
t=0s, distance_desk_right_camera = 0.8520m
t=0s, distance_slope_far_camera = 1.3450m
t=0s, distance_slope_near_camera = 1.1040m
",30.29377976323609
2223,captured_0013s,lab,A3MS,24,DS,What is the diameter of the ball in cm? ,"t=1.5, ball acceleration = 3.0m/s^2","t=0s, distance_cup_camera = 1.2100m
t=0s, distance_pen_camera = 1.1750m
t=0s, distance_cookie_camera = 1.1820m
t=0s, distance_note_book_camera = 0.9620m
t=0s, distance_desk_left_camera = 0.8690m
t=0s, distance_desk_right_camera = 0.8520m
t=0s, distance_slope_far_camera = 1.3450m
t=0s, distance_slope_near_camera = 1.1040m
",4.2
2224,captured_0013s,lab,A3MS,24,DD,What is the velolicty of the ball at 1.5s in cm/s? ,"t=1.5, ball acceleration = 3.0m/s^2","t=0s, distance_cup_camera = 1.2100m
t=0s, distance_pen_camera = 1.1750m
t=0s, distance_cookie_camera = 1.1820m
t=0s, distance_note_book_camera = 0.9620m
t=0s, distance_desk_left_camera = 0.8690m
t=0s, distance_desk_right_camera = 0.8520m
t=0s, distance_slope_far_camera = 1.3450m
t=0s, distance_slope_near_camera = 1.1040m
",55.0
2225,captured_0013x,lab,A3MX,24,DS,What is the height of the cup in cm? ,"t=1.5, ball acceleration = 3.0m/s^2","t=0s, distance_cup_camera = 1.2100m
t=0s, distance_pen_camera = 1.1750m
t=0s, distance_cookie_camera = 1.1820m
t=0s, distance_note_book_camera = 0.9620m
t=0s, distance_desk_left_camera = 0.8690m
t=0s, distance_desk_right_camera = 0.8520m
t=0s, distance_slope_far_camera = 1.3450m
t=0s, distance_slope_near_camera = 1.1040m
",14.616164361642864
2226,captured_0013x,lab,A3MX,24,DS,What is the length of the pen in cm? ,"t=1.5, ball acceleration = 3.0m/s^2","t=0s, distance_cup_camera = 1.2100m
t=0s, distance_pen_camera = 1.1750m
t=0s, distance_cookie_camera = 1.1820m
t=0s, distance_note_book_camera = 0.9620m
t=0s, distance_desk_left_camera = 0.8690m
t=0s, distance_desk_right_camera = 0.8520m
t=0s, distance_slope_far_camera = 1.3450m
t=0s, distance_slope_near_camera = 1.1040m
",9.86465257764655
2227,captured_0013x,lab,A3MX,24,DS,What is the diameter of the cookie in cm? ,"t=1.5, ball acceleration = 3.0m/s^2","t=0s, distance_cup_camera = 1.2100m
t=0s, distance_pen_camera = 1.1750m
t=0s, distance_cookie_camera = 1.1820m
t=0s, distance_note_book_camera = 0.9620m
t=0s, distance_desk_left_camera = 0.8690m
t=0s, distance_desk_right_camera = 0.8520m
t=0s, distance_slope_far_camera = 1.3450m
t=0s, distance_slope_near_camera = 1.1040m
",8.371655249064966
2228,captured_0013x,lab,A3MX,24,DS,What is the width of the note book in cm? ,"t=1.5, ball acceleration = 3.0m/s^2","t=0s, distance_cup_camera = 1.2100m
t=0s, distance_pen_camera = 1.1750m
t=0s, distance_cookie_camera = 1.1820m
t=0s, distance_note_book_camera = 0.9620m
t=0s, distance_desk_left_camera = 0.8690m
t=0s, distance_desk_right_camera = 0.8520m
t=0s, distance_slope_far_camera = 1.3450m
t=0s, distance_slope_near_camera = 1.1040m
",11.182337552235865
2229,captured_0013x,lab,A3MX,24,DS,What is the width of the desk in cm? ,"t=1.5, ball acceleration = 3.0m/s^2","t=0s, distance_cup_camera = 1.2100m
t=0s, distance_pen_camera = 1.1750m
t=0s, distance_cookie_camera = 1.1820m
t=0s, distance_note_book_camera = 0.9620m
t=0s, distance_desk_left_camera = 0.8690m
t=0s, distance_desk_right_camera = 0.8520m
t=0s, distance_slope_far_camera = 1.3450m
t=0s, distance_slope_near_camera = 1.1040m
",59.06619884518501
2230,captured_0013x,lab,A3MX,24,DS,What is the length of the slope in cm?,"t=1.5, ball acceleration = 3.0m/s^2","t=0s, distance_cup_camera = 1.2100m
t=0s, distance_pen_camera = 1.1750m
t=0s, distance_cookie_camera = 1.1820m
t=0s, distance_note_book_camera = 0.9620m
t=0s, distance_desk_left_camera = 0.8690m
t=0s, distance_desk_right_camera = 0.8520m
t=0s, distance_slope_far_camera = 1.3450m
t=0s, distance_slope_near_camera = 1.1040m
",30.29091175174692
2231,captured_0013x,lab,A3MX,24,DS,What is the diameter of the ball in cm? ,"t=1.5, ball acceleration = 3.0m/s^2","t=0s, distance_cup_camera = 1.2100m
t=0s, distance_pen_camera = 1.1750m
t=0s, distance_cookie_camera = 1.1820m
t=0s, distance_note_book_camera = 0.9620m
t=0s, distance_desk_left_camera = 0.8690m
t=0s, distance_desk_right_camera = 0.8520m
t=0s, distance_slope_far_camera = 1.3450m
t=0s, distance_slope_near_camera = 1.1040m
",5.6
2232,captured_0013x,lab,A3MX,24,DD,What is the velolicty of the ball at 1.5s in cm/s? ,"t=1.5, ball acceleration = 3.0m/s^2","t=0s, distance_cup_camera = 1.2100m
t=0s, distance_pen_camera = 1.1750m
t=0s, distance_cookie_camera = 1.1820m
t=0s, distance_note_book_camera = 0.9620m
t=0s, distance_desk_left_camera = 0.8690m
t=0s, distance_desk_right_camera = 0.8520m
t=0s, distance_slope_far_camera = 1.3450m
t=0s, distance_slope_near_camera = 1.1040m
",55.0
2233,captured_0014,lab,A3MC,24,DS,What is the diameter of the cookie in cm? ,"t=0.6, ball acceleration = 4.6m/s^2","t=0s, distance_cookie_camera = 1.7355m
t=0s, distance_ball_camera = 1.8180m
t=0s, distance_cup_camera = 1.7270m
t=0s, distance_pen_camera = 1.6725m
t=0s, distance_book_camera = 1.6650m
t=0.6s, distance_ball_camera = 1.7288m
t=0s, distance_slope_far_camera = 1.8540m
t=0s, distance_slope_near_camera = 1.7010m
",8.219676153844043
2234,captured_0014,lab,A3MC,24,DS,What is the diameter of the ball in cm? ,"t=0.6, ball acceleration = 4.6m/s^2","t=0s, distance_cookie_camera = 1.7355m
t=0s, distance_ball_camera = 1.8180m
t=0s, distance_cup_camera = 1.7270m
t=0s, distance_pen_camera = 1.6725m
t=0s, distance_book_camera = 1.6650m
t=0.6s, distance_ball_camera = 1.7288m
t=0s, distance_slope_far_camera = 1.8540m
t=0s, distance_slope_near_camera = 1.7010m
",6.385626870485578
2235,captured_0014,lab,A3MC,24,DS,What is the height of the cup in cm? ,"t=0.6, ball acceleration = 4.6m/s^2","t=0s, distance_cookie_camera = 1.7355m
t=0s, distance_ball_camera = 1.8180m
t=0s, distance_cup_camera = 1.7270m
t=0s, distance_pen_camera = 1.6725m
t=0s, distance_book_camera = 1.6650m
t=0.6s, distance_ball_camera = 1.7288m
t=0s, distance_slope_far_camera = 1.8540m
t=0s, distance_slope_near_camera = 1.7010m
",13.461228017521211
2236,captured_0014,lab,A3MC,24,DS,What is the length of the pen in cm? ,"t=0.6, ball acceleration = 4.6m/s^2","t=0s, distance_cookie_camera = 1.7355m
t=0s, distance_ball_camera = 1.8180m
t=0s, distance_cup_camera = 1.7270m
t=0s, distance_pen_camera = 1.6725m
t=0s, distance_book_camera = 1.6650m
t=0.6s, distance_ball_camera = 1.7288m
t=0s, distance_slope_far_camera = 1.8540m
t=0s, distance_slope_near_camera = 1.7010m
",14.847445072107435
2237,captured_0014,lab,A3MC,24,DS,What is the length of the book in cm?,"t=0.6, ball acceleration = 4.6m/s^2","t=0s, distance_cookie_camera = 1.7355m
t=0s, distance_ball_camera = 1.8180m
t=0s, distance_cup_camera = 1.7270m
t=0s, distance_pen_camera = 1.6725m
t=0s, distance_book_camera = 1.6650m
t=0.6s, distance_ball_camera = 1.7288m
t=0s, distance_slope_far_camera = 1.8540m
t=0s, distance_slope_near_camera = 1.7010m
",12.228981365821332
2238,captured_0014,lab,A3MC,24,DS,What is the width of the book in cm?,"t=0.6, ball acceleration = 4.6m/s^2","t=0s, distance_cookie_camera = 1.7355m
t=0s, distance_ball_camera = 1.8180m
t=0s, distance_cup_camera = 1.7270m
t=0s, distance_pen_camera = 1.6725m
t=0s, distance_book_camera = 1.6650m
t=0.6s, distance_ball_camera = 1.7288m
t=0s, distance_slope_far_camera = 1.8540m
t=0s, distance_slope_near_camera = 1.7010m
",11.43542575773621
2239,captured_0014,lab,A3MC,24,DS,What is the height of the book in cm?,"t=0.6, ball acceleration = 4.6m/s^2","t=0s, distance_cookie_camera = 1.7355m
t=0s, distance_ball_camera = 1.8180m
t=0s, distance_cup_camera = 1.7270m
t=0s, distance_pen_camera = 1.6725m
t=0s, distance_book_camera = 1.6650m
t=0.6s, distance_ball_camera = 1.7288m
t=0s, distance_slope_far_camera = 1.8540m
t=0s, distance_slope_near_camera = 1.7010m
",1.7457350389830917
2240,captured_0014,lab,A3MC,24,DD,What is the velocity of the rolling ball at 0.6s in cm/s? ,"t=0.6, ball acceleration = 4.6m/s^2","t=0s, distance_cookie_camera = 1.7355m
t=0s, distance_ball_camera = 1.8180m
t=0s, distance_cup_camera = 1.7270m
t=0s, distance_pen_camera = 1.6725m
t=0s, distance_book_camera = 1.6650m
t=0.6s, distance_ball_camera = 1.7288m
t=0s, distance_slope_far_camera = 1.8540m
t=0s, distance_slope_near_camera = 1.7010m
",89.30397806953425
2241,captured_0014,lab,A3MC,24,DS,What is the length of the slope in cm? ,"t=0.6, ball acceleration = 4.6m/s^2","t=0s, distance_cookie_camera = 1.7355m
t=0s, distance_ball_camera = 1.8180m
t=0s, distance_cup_camera = 1.7270m
t=0s, distance_pen_camera = 1.6725m
t=0s, distance_book_camera = 1.6650m
t=0.6s, distance_ball_camera = 1.7288m
t=0s, distance_slope_far_camera = 1.8540m
t=0s, distance_slope_near_camera = 1.7010m
",33.51886984304116
2242,captured_0014,lab,A3MC,24,DS,What is the width of the slope in cm? ,"t=0.6, ball acceleration = 4.6m/s^2","t=0s, distance_cookie_camera = 1.7355m
t=0s, distance_ball_camera = 1.8180m
t=0s, distance_cup_camera = 1.7270m
t=0s, distance_pen_camera = 1.6725m
t=0s, distance_book_camera = 1.6650m
t=0.6s, distance_ball_camera = 1.7288m
t=0s, distance_slope_far_camera = 1.8540m
t=0s, distance_slope_near_camera = 1.7010m
",26.98164213790436
2243,captured_0014,lab,A3MC,24,DS,What is the displacement of the rolling object from 0s to 0.6s in cm? ,"t=0.6, ball acceleration = 4.6m/s^2","t=0s, distance_cookie_camera = 1.7355m
t=0s, distance_ball_camera = 1.8180m
t=0s, distance_cup_camera = 1.7270m
t=0s, distance_pen_camera = 1.6725m
t=0s, distance_book_camera = 1.6650m
t=0.6s, distance_ball_camera = 1.7288m
t=0s, distance_slope_far_camera = 1.8540m
t=0s, distance_slope_near_camera = 1.7010m
",17.537783362138185
2244,captured_0014s,lab,A3MS,24,DS,What is the diameter of the cookie in cm? ,"t=0.6, ball acceleration = 4.6m/s^2","t=0s, distance_cookie_camera = 1.7355m
t=0s, distance_ball_camera = 1.8180m
t=0s, distance_cup_camera = 1.7270m
t=0s, distance_pen_camera = 1.6725m
t=0s, distance_book_camera = 1.6650m
t=0.6s, distance_ball_camera = 1.7288m
t=0s, distance_slope_far_camera = 1.8540m
t=0s, distance_slope_near_camera = 1.7010m
",8.543924590273319
2245,captured_0014s,lab,A3MS,24,DS,What is the diameter of the ball in cm? ,"t=0.6, ball acceleration = 4.6m/s^2","t=0s, distance_cookie_camera = 1.7355m
t=0s, distance_ball_camera = 1.8180m
t=0s, distance_cup_camera = 1.7270m
t=0s, distance_pen_camera = 1.6725m
t=0s, distance_book_camera = 1.6650m
t=0.6s, distance_ball_camera = 1.7288m
t=0s, distance_slope_far_camera = 1.8540m
t=0s, distance_slope_near_camera = 1.7010m
",6.720231855943776
2246,captured_0014s,lab,A3MS,24,DS,What is the height of the cup in cm? ,"t=0.6, ball acceleration = 4.6m/s^2","t=0s, distance_cookie_camera = 1.7355m
t=0s, distance_ball_camera = 1.8180m
t=0s, distance_cup_camera = 1.7270m
t=0s, distance_pen_camera = 1.6725m
t=0s, distance_book_camera = 1.6650m
t=0.6s, distance_ball_camera = 1.7288m
t=0s, distance_slope_far_camera = 1.8540m
t=0s, distance_slope_near_camera = 1.7010m
",12.514886262375844
2247,captured_0014s,lab,A3MS,24,DS,What is the length of the pen in cm? ,"t=0.6, ball acceleration = 4.6m/s^2","t=0s, distance_cookie_camera = 1.7355m
t=0s, distance_ball_camera = 1.8180m
t=0s, distance_cup_camera = 1.7270m
t=0s, distance_pen_camera = 1.6725m
t=0s, distance_book_camera = 1.6650m
t=0.6s, distance_ball_camera = 1.7288m
t=0s, distance_slope_far_camera = 1.8540m
t=0s, distance_slope_near_camera = 1.7010m
",15.2430369516847
2248,captured_0014s,lab,A3MS,24,DS,What is the length of the book in cm?,"t=0.6, ball acceleration = 4.6m/s^2","t=0s, distance_cookie_camera = 1.7355m
t=0s, distance_ball_camera = 1.8180m
t=0s, distance_cup_camera = 1.7270m
t=0s, distance_pen_camera = 1.6725m
t=0s, distance_book_camera = 1.6650m
t=0.6s, distance_ball_camera = 1.7288m
t=0s, distance_slope_far_camera = 1.8540m
t=0s, distance_slope_near_camera = 1.7010m
",12.215034194036
2249,captured_0014s,lab,A3MS,24,DS,What is the width of the book in cm?,"t=0.6, ball acceleration = 4.6m/s^2","t=0s, distance_cookie_camera = 1.7355m
t=0s, distance_ball_camera = 1.8180m
t=0s, distance_cup_camera = 1.7270m
t=0s, distance_pen_camera = 1.6725m
t=0s, distance_book_camera = 1.6650m
t=0.6s, distance_ball_camera = 1.7288m
t=0s, distance_slope_far_camera = 1.8540m
t=0s, distance_slope_near_camera = 1.7010m
",11.141306790342616
2250,captured_0014s,lab,A3MS,24,DS,What is the height of the book in cm?,"t=0.6, ball acceleration = 4.6m/s^2","t=0s, distance_cookie_camera = 1.7355m
t=0s, distance_ball_camera = 1.8180m
t=0s, distance_cup_camera = 1.7270m
t=0s, distance_pen_camera = 1.6725m
t=0s, distance_book_camera = 1.6650m
t=0.6s, distance_ball_camera = 1.7288m
t=0s, distance_slope_far_camera = 1.8540m
t=0s, distance_slope_near_camera = 1.7010m
",1.452487177406342
2251,captured_0014s,lab,A3MS,24,DD,What is the velocity of the rolling ball at 0.6s in cm/s? ,"t=0.6, ball acceleration = 4.6m/s^2","t=0s, distance_cookie_camera = 1.7355m
t=0s, distance_ball_camera = 1.8180m
t=0s, distance_cup_camera = 1.7270m
t=0s, distance_pen_camera = 1.6725m
t=0s, distance_book_camera = 1.6650m
t=0.6s, distance_ball_camera = 1.7288m
t=0s, distance_slope_far_camera = 1.8540m
t=0s, distance_slope_near_camera = 1.7010m
",98.3293141428647
2252,captured_0014s,lab,A3MS,24,DS,What is the length of the slope in cm? ,"t=0.6, ball acceleration = 4.6m/s^2","t=0s, distance_cookie_camera = 1.7355m
t=0s, distance_ball_camera = 1.8180m
t=0s, distance_cup_camera = 1.7270m
t=0s, distance_pen_camera = 1.6725m
t=0s, distance_book_camera = 1.6650m
t=0.6s, distance_ball_camera = 1.7288m
t=0s, distance_slope_far_camera = 1.8540m
t=0s, distance_slope_near_camera = 1.7010m
",34.10727415951299
2253,captured_0014s,lab,A3MS,24,DS,What is the width of the slope in cm? ,"t=0.6, ball acceleration = 4.6m/s^2","t=0s, distance_cookie_camera = 1.7355m
t=0s, distance_ball_camera = 1.8180m
t=0s, distance_cup_camera = 1.7270m
t=0s, distance_pen_camera = 1.6725m
t=0s, distance_book_camera = 1.6650m
t=0.6s, distance_ball_camera = 1.7288m
t=0s, distance_slope_far_camera = 1.8540m
t=0s, distance_slope_near_camera = 1.7010m
",27.49632688120715
2254,captured_0014s,lab,A3MS,24,DS,What is the displacement of the rolling object from 0s to 0.6s in cm? ,"t=0.6, ball acceleration = 4.6m/s^2","t=0s, distance_cookie_camera = 1.7355m
t=0s, distance_ball_camera = 1.8180m
t=0s, distance_cup_camera = 1.7270m
t=0s, distance_pen_camera = 1.6725m
t=0s, distance_book_camera = 1.6650m
t=0.6s, distance_ball_camera = 1.7288m
t=0s, distance_slope_far_camera = 1.8540m
t=0s, distance_slope_near_camera = 1.7010m
",18.405677293832625
2255,captured_0014x,lab,A3MX,24,DS,What is the diameter of the cookie in cm? ,"t=0.6, ball acceleration = 4.6m/s^2","t=0s, distance_cookie_camera = 1.7355m
t=0s, distance_ball_camera = 1.8180m
t=0s, distance_cup_camera = 1.7270m
t=0s, distance_pen_camera = 1.6725m
t=0s, distance_book_camera = 1.6650m
t=0.6s, distance_ball_camera = 1.7288m
t=0s, distance_slope_far_camera = 1.8540m
t=0s, distance_slope_near_camera = 1.7010m
",8.706399583432663
2256,captured_0014x,lab,A3MX,24,DS,What is the diameter of the ball in cm? ,"t=0.6, ball acceleration = 4.6m/s^2","t=0s, distance_cookie_camera = 1.7355m
t=0s, distance_ball_camera = 1.8180m
t=0s, distance_cup_camera = 1.7270m
t=0s, distance_pen_camera = 1.6725m
t=0s, distance_book_camera = 1.6650m
t=0.6s, distance_ball_camera = 1.7288m
t=0s, distance_slope_far_camera = 1.8540m
t=0s, distance_slope_near_camera = 1.7010m
",6.376166941090211
2257,captured_0014x,lab,A3MX,24,DS,What is the height of the cup in cm? ,"t=0.6, ball acceleration = 4.6m/s^2","t=0s, distance_cookie_camera = 1.7355m
t=0s, distance_ball_camera = 1.8180m
t=0s, distance_cup_camera = 1.7270m
t=0s, distance_pen_camera = 1.6725m
t=0s, distance_book_camera = 1.6650m
t=0.6s, distance_ball_camera = 1.7288m
t=0s, distance_slope_far_camera = 1.8540m
t=0s, distance_slope_near_camera = 1.7010m
",12.750741591246056
2258,captured_0014x,lab,A3MX,24,DS,What is the length of the pen in cm? ,"t=0.6, ball acceleration = 4.6m/s^2","t=0s, distance_cookie_camera = 1.7355m
t=0s, distance_ball_camera = 1.8180m
t=0s, distance_cup_camera = 1.7270m
t=0s, distance_pen_camera = 1.6725m
t=0s, distance_book_camera = 1.6650m
t=0.6s, distance_ball_camera = 1.7288m
t=0s, distance_slope_far_camera = 1.8540m
t=0s, distance_slope_near_camera = 1.7010m
",15.530185567023496
2259,captured_0014x,lab,A3MX,24,DS,What is the length of the book in cm?,"t=0.6, ball acceleration = 4.6m/s^2","t=0s, distance_cookie_camera = 1.7355m
t=0s, distance_ball_camera = 1.8180m
t=0s, distance_cup_camera = 1.7270m
t=0s, distance_pen_camera = 1.6725m
t=0s, distance_book_camera = 1.6650m
t=0.6s, distance_ball_camera = 1.7288m
t=0s, distance_slope_far_camera = 1.8540m
t=0s, distance_slope_near_camera = 1.7010m
",12.987023058071188
2260,captured_0014x,lab,A3MX,24,DS,What is the width of the book in cm?,"t=0.6, ball acceleration = 4.6m/s^2","t=0s, distance_cookie_camera = 1.7355m
t=0s, distance_ball_camera = 1.8180m
t=0s, distance_cup_camera = 1.7270m
t=0s, distance_pen_camera = 1.6725m
t=0s, distance_book_camera = 1.6650m
t=0.6s, distance_ball_camera = 1.7288m
t=0s, distance_slope_far_camera = 1.8540m
t=0s, distance_slope_near_camera = 1.7010m
",11.215793669424745
2261,captured_0014x,lab,A3MX,24,DS,What is the height of the book in cm?,"t=0.6, ball acceleration = 4.6m/s^2","t=0s, distance_cookie_camera = 1.7355m
t=0s, distance_ball_camera = 1.8180m
t=0s, distance_cup_camera = 1.7270m
t=0s, distance_pen_camera = 1.6725m
t=0s, distance_book_camera = 1.6650m
t=0.6s, distance_ball_camera = 1.7288m
t=0s, distance_slope_far_camera = 1.8540m
t=0s, distance_slope_near_camera = 1.7010m
",1.4815704457298435
2262,captured_0014x,lab,A3MX,24,DD,What is the velocity of the rolling ball at 0.6s in cm/s? ,"t=0.6, ball acceleration = 4.6m/s^2","t=0s, distance_cookie_camera = 1.7355m
t=0s, distance_ball_camera = 1.8180m
t=0s, distance_cup_camera = 1.7270m
t=0s, distance_pen_camera = 1.6725m
t=0s, distance_book_camera = 1.6650m
t=0.6s, distance_ball_camera = 1.7288m
t=0s, distance_slope_far_camera = 1.8540m
t=0s, distance_slope_near_camera = 1.7010m
",99.39190079945666
2263,captured_0014x,lab,A3MX,24,DS,What is the length of the slope in cm? ,"t=0.6, ball acceleration = 4.6m/s^2","t=0s, distance_cookie_camera = 1.7355m
t=0s, distance_ball_camera = 1.8180m
t=0s, distance_cup_camera = 1.7270m
t=0s, distance_pen_camera = 1.6725m
t=0s, distance_book_camera = 1.6650m
t=0.6s, distance_ball_camera = 1.7288m
t=0s, distance_slope_far_camera = 1.8540m
t=0s, distance_slope_near_camera = 1.7010m
",32.96877530893602
2264,captured_0014x,lab,A3MX,24,DS,What is the width of the slope in cm? ,"t=0.6, ball acceleration = 4.6m/s^2","t=0s, distance_cookie_camera = 1.7355m
t=0s, distance_ball_camera = 1.8180m
t=0s, distance_cup_camera = 1.7270m
t=0s, distance_pen_camera = 1.6725m
t=0s, distance_book_camera = 1.6650m
t=0.6s, distance_ball_camera = 1.7288m
t=0s, distance_slope_far_camera = 1.8540m
t=0s, distance_slope_near_camera = 1.7010m
",25.7098254035974
2265,captured_0014x,lab,A3MX,24,DS,What is the displacement of the rolling object from 0s to 0.6s in cm? ,"t=0.6, ball acceleration = 4.6m/s^2","t=0s, distance_cookie_camera = 1.7355m
t=0s, distance_ball_camera = 1.8180m
t=0s, distance_cup_camera = 1.7270m
t=0s, distance_pen_camera = 1.6725m
t=0s, distance_book_camera = 1.6650m
t=0.6s, distance_ball_camera = 1.7288m
t=0s, distance_slope_far_camera = 1.8540m
t=0s, distance_slope_near_camera = 1.7010m
",17.299946099278312
2266,captured_0015,lab,A2MC,24,DS,What is the height of the person in cm?,Gravity acc = 9.8m/s^2,,164.0
2267,captured_0015,lab,A2MC,24,DD,What is the velocity of the toy at 0.6s in cm/s?,Gravity acc = 9.8m/s^2,,150.0
2268,captured_0015,lab,A2MC,24,DS,What is the height of the toy in cm? ,Gravity acc = 9.8m/s^2,,28.0
2269,captured_0015,lab,A2MC,24,DS,What is the shoulder breadth of the person in cm?,Gravity acc = 9.8m/s^2,,34.5
2270,captured_0015,lab,A2MC,24,DD,What is the velocity of the toy at 2.6s in cm/s?,Gravity acc = 9.8m/s^2,,130.0
2271,captured_0015s,lab,A2MS,24,DS,What is the height of the person in cm?,Gravity acc = 9.8m/s^2,,160.0
2272,captured_0015s,lab,A2MS,24,DS,What is the velocity of the toy at 0.6s in cm/s?,Gravity acc = 9.8m/s^2,,170.0
2273,captured_0015s,lab,A2MS,24,DS,What is the height of the toy in cm? ,Gravity acc = 9.8m/s^2,,32.08815059571548
2274,captured_0015s,lab,A2MS,24,DS,What is the shoulder breadth of the person in cm?,Gravity acc = 9.8m/s^2,,36.74610794025482
2275,captured_0015s,lab,A2MS,24,DD,What is the velocity of the toy at 2.6s in cm/s?,Gravity acc = 9.8m/s^2,,172.43687014046586
2276,captured_0015x,lab,A2MX,24,DS,What is the height of the person in cm?,Gravity acc = 9.8m/s^2,,165.0
2277,captured_0015x,lab,A2MX,24,DS,What is the velocity of the toy at 0.6s in cm/s?,Gravity acc = 9.8m/s^2,,190.0
2278,captured_0015x,lab,A2MX,24,DS,What is the height of the toy in cm? ,Gravity acc = 9.8m/s^2,,28.724845528733606
2279,captured_0015x,lab,A2MX,24,DS,What is the shoulder breadth of the person in cm?,Gravity acc = 9.8m/s^2,,32.01748026242119
2280,captured_0015x,lab,A2MX,24,DD,What is the velocity of the toy at 2.6s in cm/s?,Gravity acc = 9.8m/s^2,,146.61676023649193
2281,captured_0016,lab,A3SC,24,DS,What is the distance between the two people in cm?,Gravity acc = 9.8m/s^2,"t=1.5s, distance_soccer_ball_camera =1.4020m
distance_near_person_camera = 0.8430m
distance_far_person_camera = 2.3720m",224.08106337950247
2282,captured_0016,lab,A3SC,24,DS,What is the diameter of the soccer ball in cm?,Gravity acc = 9.8m/s^2,"t=1.5s, distance_soccer_ball_camera =1.4020m
distance_near_person_camera = 0.8430m
distance_far_person_camera = 2.3720m",17.075895109683568
2283,captured_0016,lab,A3SC,24,DD,What is the velocity of the soccer ball at 1.5s in m/s?,Gravity acc = 9.8m/s^2,"t=1.5s, distance_soccer_ball_camera =1.4020m
distance_near_person_camera = 0.8430m
distance_far_person_camera = 2.3720m",2.68936455582881
2284,captured_0016,lab,A3SC,24,DS,What is the displacement of the soccer ball between 1.0s and 1.5s in cm?,Gravity acc = 9.8m/s^2,"t=1.5s, distance_soccer_ball_camera =1.4020m
distance_near_person_camera = 0.8430m
distance_far_person_camera = 2.3720m",136.61705470892738
2285,captured_0016s,lab,A3SS,24,DS,What is the distance between the two people in cm?,Gravity acc = 9.8m/s^2,"t=1.5s, distance_soccer_ball_camera =1.4020m
distance_near_person_camera = 0.8430m
distance_far_person_camera = 2.3720m",222.75858232783915
2286,captured_0016s,lab,A3SS,24,DS,What is the diameter of the soccer ball in cm?,Gravity acc = 9.8m/s^2,"t=1.5s, distance_soccer_ball_camera =1.4020m
distance_near_person_camera = 0.8430m
distance_far_person_camera = 2.3720m",19.696355974857543
2287,captured_0016s,lab,A3SS,24,DD,What is the velocity of the soccer ball at 1.5s in m/s?,Gravity acc = 9.8m/s^2,"t=1.5s, distance_soccer_ball_camera =1.4020m
distance_near_person_camera = 0.8430m
distance_far_person_camera = 2.3720m",2.954403921618637
2288,captured_0016s,lab,A3SS,24,DS,What is the displacement of the soccer ball between 1.0s and 1.5s in cm?,Gravity acc = 9.8m/s^2,"t=1.5s, distance_soccer_ball_camera =1.4020m
distance_near_person_camera = 0.8430m
distance_far_person_camera = 2.3720m",140.6027464698708
2289,captured_0016x,lab,A3SX,24,DS,What is the distance between the two people in cm?,Gravity acc = 9.8m/s^2,"t=1.5s, distance_soccer_ball_camera =1.4020m
distance_near_person_camera = 0.8430m
distance_far_person_camera = 2.3720m",223.1293699961209
2290,captured_0016x,lab,A3SX,24,DS,What is the diameter of the soccer ball in cm?,Gravity acc = 9.8m/s^2,"t=1.5s, distance_soccer_ball_camera =1.4020m
distance_near_person_camera = 0.8430m
distance_far_person_camera = 2.3720m",17.91683410051979
2291,captured_0016x,lab,A3SX,24,DD,What is the velocity of the soccer ball at 1.5s in m/s?,Gravity acc = 9.8m/s^2,"t=1.5s, distance_soccer_ball_camera =1.4020m
distance_near_person_camera = 0.8430m
distance_far_person_camera = 2.3720m",2.890375200167087
2292,captured_0016x,lab,A3SX,24,DS,What is the displacement of the soccer ball between 1.0s and 1.5s in cm?,Gravity acc = 9.8m/s^2,"t=1.5s, distance_soccer_ball_camera =1.4020m
distance_near_person_camera = 0.8430m
distance_far_person_camera = 2.3720m",135.11886875973752
2293,captured_0018,lab,A3MC,24,DS,What is the height of the left person in cm?,Gravity acc = 9.8m/s^2,"distance_soccer_ball_camera =2.8000m
distance_near_person_camera = 2.002m
distance_far_person_camera = 3.130m",168.0
2294,captured_0018,lab,A3MC,24,DS,What is the height of the right person in cm?,Gravity acc = 9.8m/s^2,"distance_soccer_ball_camera =2.8000m
distance_near_person_camera = 2.002m
distance_far_person_camera = 3.130m",164.0
2295,captured_0018,lab,A3MC,24,DS,What is the distance between the two people in cm?,Gravity acc = 9.8m/s^2,"distance_soccer_ball_camera =2.8000m
distance_near_person_camera = 2.002m
distance_far_person_camera = 3.130m",230.0
2296,captured_0018,lab,A3MC,24,DS,What is the length of the box in cm?,Gravity acc = 9.8m/s^2,"distance_soccer_ball_camera =2.8000m
distance_near_person_camera = 2.002m
distance_far_person_camera = 3.130m",20.0
2297,captured_0018,lab,A3MC,24,DS,What is the width of the box in cm?,Gravity acc = 9.8m/s^2,"distance_soccer_ball_camera =2.8000m
distance_near_person_camera = 2.002m
distance_far_person_camera = 3.130m",8.0
2298,captured_0018,lab,A3MC,24,DS,What is the diameter of the soccer ball in cm?,Gravity acc = 9.8m/s^2,"distance_soccer_ball_camera =2.8000m
distance_near_person_camera = 2.002m
distance_far_person_camera = 3.130m",17.00816224294106
2299,captured_0018,lab,A3MC,24,DS,What is the diameter of the tennis ball in cm?,Gravity acc = 9.8m/s^2,"distance_soccer_ball_camera =2.8000m
distance_near_person_camera = 2.002m
distance_far_person_camera = 3.130m",6.7
2300,captured_0018,lab,A3MC,24,DS,What is the height of the yellow toy in cm?,Gravity acc = 9.8m/s^2,"distance_soccer_ball_camera =2.8000m
distance_near_person_camera = 2.002m
distance_far_person_camera = 3.130m",15.0
2301,captured_0018,lab,A3MC,24,DS,What is the shoe length of the left person in cm?,Gravity acc = 9.8m/s^2,"distance_soccer_ball_camera =2.8000m
distance_near_person_camera = 2.002m
distance_far_person_camera = 3.130m",22.0
2302,captured_0018,lab,A3MC,24,DD,What is the velocity of the box at 3.4s in cm/s?,Gravity acc = 9.8m/s^2,"distance_soccer_ball_camera =2.8000m
distance_near_person_camera = 2.002m
distance_far_person_camera = 3.130m",60.0
2303,captured_0018,lab,A3MC,24,DD,What is the velocity of the soccer ball at 3.4s in cm/s?,Gravity acc = 9.8m/s^2,"distance_soccer_ball_camera =2.8000m
distance_near_person_camera = 2.002m
distance_far_person_camera = 3.130m",22.06507807339602
2304,captured_0018,lab,A3MC,24,DD,What is the velocity of the tennis ball at 3.4s in cm/s?,Gravity acc = 9.8m/s^2,"distance_soccer_ball_camera =2.8000m
distance_near_person_camera = 2.002m
distance_far_person_camera = 3.130m",55.0
2305,captured_0018,lab,A3MC,24,DD,What is the velocity of the pineapple toy at 3.4s in cm/s?,Gravity acc = 9.8m/s^2,"distance_soccer_ball_camera =2.8000m
distance_near_person_camera = 2.002m
distance_far_person_camera = 3.130m",35.0
2306,captured_0018,lab,A3MC,24,DS,What is the distance between the box and the soccer ball in cm at 3.0s?,Gravity acc = 9.8m/s^2,"distance_soccer_ball_camera =2.8000m
distance_near_person_camera = 2.002m
distance_far_person_camera = 3.130m",82.06410359587316
2307,captured_0018,lab,A3MC,24,DS,What is the distance between the box and the pineapple toy in cm at 3.0s?,Gravity acc = 9.8m/s^2,"distance_soccer_ball_camera =2.8000m
distance_near_person_camera = 2.002m
distance_far_person_camera = 3.130m",159.0
2308,captured_0018,lab,A3MC,24,DS,What is the distance between the box and the tennis ball in cm at 3.0s?,Gravity acc = 9.8m/s^2,"distance_soccer_ball_camera =2.8000m
distance_near_person_camera = 2.002m
distance_far_person_camera = 3.130m",133.0
2309,captured_0018,lab,A3MC,24,DS,What is the distance between the tennis ball and the soccer ball in cm at 3.0s?,Gravity acc = 9.8m/s^2,"distance_soccer_ball_camera =2.8000m
distance_near_person_camera = 2.002m
distance_far_person_camera = 3.130m",75.04970649779193
2310,captured_0018,lab,A3MC,24,DS,What is the distance between the pineapple toy and the soccer ball in cm at 3.0s?,Gravity acc = 9.8m/s^2,"distance_soccer_ball_camera =2.8000m
distance_near_person_camera = 2.002m
distance_far_person_camera = 3.130m",127.85316076787548
2311,captured_0018,lab,A3MC,24,DS,What is the distance between the pineapple toy and the tennis ball in cm at 3.0s?,Gravity acc = 9.8m/s^2,"distance_soccer_ball_camera =2.8000m
distance_near_person_camera = 2.002m
distance_far_person_camera = 3.130m",69.0
2312,captured_0018s,lab,A3MS,24,DS,What is the height of the left person in cm?,Gravity acc = 9.8m/s^2,"distance_soccer_ball_camera =2.8000m
distance_near_person_camera = 2.002m
distance_far_person_camera = 3.130m",187.0
2313,captured_0018s,lab,A3MS,24,DS,What is the height of the right person in cm?,Gravity acc = 9.8m/s^2,"distance_soccer_ball_camera =2.8000m
distance_near_person_camera = 2.002m
distance_far_person_camera = 3.130m",182.0
2314,captured_0018s,lab,A3MS,24,DS,What is the distance between the two people in cm?,Gravity acc = 9.8m/s^2,"distance_soccer_ball_camera =2.8000m
distance_near_person_camera = 2.002m
distance_far_person_camera = 3.130m",249.0
2315,captured_0018s,lab,A3MS,24,DS,What is the length of the box in cm?,Gravity acc = 9.8m/s^2,"distance_soccer_ball_camera =2.8000m
distance_near_person_camera = 2.002m
distance_far_person_camera = 3.130m",30.0
2316,captured_0018s,lab,A3MS,24,DS,What is the width of the box in cm?,Gravity acc = 9.8m/s^2,"distance_soccer_ball_camera =2.8000m
distance_near_person_camera = 2.002m
distance_far_person_camera = 3.130m",11.0
2317,captured_0018s,lab,A3MS,24,DS,What is the diameter of the soccer ball in cm?,Gravity acc = 9.8m/s^2,"distance_soccer_ball_camera =2.8000m
distance_near_person_camera = 2.002m
distance_far_person_camera = 3.130m",16.367648355214417
2318,captured_0018s,lab,A3MS,24,DS,What is the diameter of the tennis ball in cm?,Gravity acc = 9.8m/s^2,"distance_soccer_ball_camera =2.8000m
distance_near_person_camera = 2.002m
distance_far_person_camera = 3.130m",6.2
2319,captured_0018s,lab,A3MS,24,DS,What is the height of the yellow toy in cm?,Gravity acc = 9.8m/s^2,"distance_soccer_ball_camera =2.8000m
distance_near_person_camera = 2.002m
distance_far_person_camera = 3.130m",17.5
2320,captured_0018s,lab,A3MS,24,DS,What is the shoe length of the left person in cm?,Gravity acc = 9.8m/s^2,"distance_soccer_ball_camera =2.8000m
distance_near_person_camera = 2.002m
distance_far_person_camera = 3.130m",22.0
2321,captured_0018s,lab,A3MS,24,DD,What is the velocity of the box at 3.4s in cm/s?,Gravity acc = 9.8m/s^2,"distance_soccer_ball_camera =2.8000m
distance_near_person_camera = 2.002m
distance_far_person_camera = 3.130m",100.0
2322,captured_0018s,lab,A3MS,24,DD,What is the velocity of the soccer ball at 3.4s in cm/s?,Gravity acc = 9.8m/s^2,"distance_soccer_ball_camera =2.8000m
distance_near_person_camera = 2.002m
distance_far_person_camera = 3.130m",26.59495772093558
2323,captured_0018s,lab,A3MS,24,DD,What is the velocity of the tennis ball at 3.4s in cm/s?,Gravity acc = 9.8m/s^2,"distance_soccer_ball_camera =2.8000m
distance_near_person_camera = 2.002m
distance_far_person_camera = 3.130m",46.0
2324,captured_0018s,lab,A3MS,24,DD,What is the velocity of the pineapple toy at 3.4s in cm/s?,Gravity acc = 9.8m/s^2,"distance_soccer_ball_camera =2.8000m
distance_near_person_camera = 2.002m
distance_far_person_camera = 3.130m",38.0
2325,captured_0018s,lab,A3MS,24,DS,What is the distance between the box and the soccer ball in cm at 3.0s?,Gravity acc = 9.8m/s^2,"distance_soccer_ball_camera =2.8000m
distance_near_person_camera = 2.002m
distance_far_person_camera = 3.130m",108.0
2326,captured_0018s,lab,A3MS,24,DS,What is the distance between the box and the pineapple toy in cm at 3.0s?,Gravity acc = 9.8m/s^2,"distance_soccer_ball_camera =2.8000m
distance_near_person_camera = 2.002m
distance_far_person_camera = 3.130m",191.0
2327,captured_0018s,lab,A3MS,24,DS,What is the distance between the box and the tennis ball in cm at 3.0s?,Gravity acc = 9.8m/s^2,"distance_soccer_ball_camera =2.8000m
distance_near_person_camera = 2.002m
distance_far_person_camera = 3.130m",182.0
2328,captured_0018s,lab,A3MS,24,DS,What is the distance between the tennis ball and the soccer ball in cm at 3.0s?,Gravity acc = 9.8m/s^2,"distance_soccer_ball_camera =2.8000m
distance_near_person_camera = 2.002m
distance_far_person_camera = 3.130m",105.0
2329,captured_0018s,lab,A3MS,24,DS,What is the distance between the pineapple toy and the soccer ball in cm at 3.0s?,Gravity acc = 9.8m/s^2,"distance_soccer_ball_camera =2.8000m
distance_near_person_camera = 2.002m
distance_far_person_camera = 3.130m",136.0
2330,captured_0018s,lab,A3MS,24,DS,What is the distance between the pineapple toy and the tennis ball in cm at 3.0s?,Gravity acc = 9.8m/s^2,"distance_soccer_ball_camera =2.8000m
distance_near_person_camera = 2.002m
distance_far_person_camera = 3.130m",54.0
2331,captured_0018x,lab,A3MX,24,DS,What is the height of the left person in cm?,Gravity acc = 9.8m/s^2,"distance_soccer_ball_camera =2.8000m
distance_near_person_camera = 2.002m
distance_far_person_camera = 3.130m",167.0
2332,captured_0018x,lab,A3MX,24,DS,What is the height of the right person in cm?,Gravity acc = 9.8m/s^2,"distance_soccer_ball_camera =2.8000m
distance_near_person_camera = 2.002m
distance_far_person_camera = 3.130m",164.0
2333,captured_0018x,lab,A3MX,24,DS,What is the distance between the two people in cm?,Gravity acc = 9.8m/s^2,"distance_soccer_ball_camera =2.8000m
distance_near_person_camera = 2.002m
distance_far_person_camera = 3.130m",229.0
2334,captured_0018x,lab,A3MX,24,DS,What is the length of the box in cm?,Gravity acc = 9.8m/s^2,"distance_soccer_ball_camera =2.8000m
distance_near_person_camera = 2.002m
distance_far_person_camera = 3.130m",21.0
2335,captured_0018x,lab,A3MX,24,DS,What is the width of the box in cm?,Gravity acc = 9.8m/s^2,"distance_soccer_ball_camera =2.8000m
distance_near_person_camera = 2.002m
distance_far_person_camera = 3.130m",9.0
2336,captured_0018x,lab,A3MX,24,DS,What is the diameter of the soccer ball in cm?,Gravity acc = 9.8m/s^2,"distance_soccer_ball_camera =2.8000m
distance_near_person_camera = 2.002m
distance_far_person_camera = 3.130m",18.097221409257006
2337,captured_0018x,lab,A3MX,24,DS,What is the diameter of the tennis ball in cm?,Gravity acc = 9.8m/s^2,"distance_soccer_ball_camera =2.8000m
distance_near_person_camera = 2.002m
distance_far_person_camera = 3.130m",6.0
2338,captured_0018x,lab,A3MX,24,DS,What is the height of the yellow toy in cm?,Gravity acc = 9.8m/s^2,"distance_soccer_ball_camera =2.8000m
distance_near_person_camera = 2.002m
distance_far_person_camera = 3.130m",16.0
2339,captured_0018x,lab,A3MX,24,DS,What is the shoe length of the left person in cm?,Gravity acc = 9.8m/s^2,"distance_soccer_ball_camera =2.8000m
distance_near_person_camera = 2.002m
distance_far_person_camera = 3.130m",22.0
2340,captured_0018x,lab,A3MX,24,DD,What is the velocity of the box at 3.4s in cm/s?,Gravity acc = 9.8m/s^2,"distance_soccer_ball_camera =2.8000m
distance_near_person_camera = 2.002m
distance_far_person_camera = 3.130m",1.0
2341,captured_0018x,lab,A3MX,24,DD,What is the velocity of the soccer ball at 3.4s in cm/s?,Gravity acc = 9.8m/s^2,"distance_soccer_ball_camera =2.8000m
distance_near_person_camera = 2.002m
distance_far_person_camera = 3.130m",23.326849195847927
2342,captured_0018x,lab,A3MX,24,DD,What is the velocity of the tennis ball at 3.4s in cm/s?,Gravity acc = 9.8m/s^2,"distance_soccer_ball_camera =2.8000m
distance_near_person_camera = 2.002m
distance_far_person_camera = 3.130m",30.0
2343,captured_0018x,lab,A3MX,24,DD,What is the velocity of the pineapple toy at 3.4s in cm/s?,Gravity acc = 9.8m/s^2,"distance_soccer_ball_camera =2.8000m
distance_near_person_camera = 2.002m
distance_far_person_camera = 3.130m",1.0
2344,captured_0018x,lab,A3MX,24,DS,What is the distance between the box and the soccer ball in cm at 3.0s?,Gravity acc = 9.8m/s^2,"distance_soccer_ball_camera =2.8000m
distance_near_person_camera = 2.002m
distance_far_person_camera = 3.130m",91.0
2345,captured_0018x,lab,A3MX,24,DS,What is the distance between the box and the pineapple toy in cm at 3.0s?,Gravity acc = 9.8m/s^2,"distance_soccer_ball_camera =2.8000m
distance_near_person_camera = 2.002m
distance_far_person_camera = 3.130m",163.0
2346,captured_0018x,lab,A3MX,24,DS,What is the distance between the box and the tennis ball in cm at 3.0s?,Gravity acc = 9.8m/s^2,"distance_soccer_ball_camera =2.8000m
distance_near_person_camera = 2.002m
distance_far_person_camera = 3.130m",148.0
2347,captured_0018x,lab,A3MX,24,DS,What is the distance between the tennis ball and the soccer ball in cm at 3.0s?,Gravity acc = 9.8m/s^2,"distance_soccer_ball_camera =2.8000m
distance_near_person_camera = 2.002m
distance_far_person_camera = 3.130m",83.0
2348,captured_0018x,lab,A3MX,24,DS,What is the distance between the pineapple toy and the soccer ball in cm at 3.0s?,Gravity acc = 9.8m/s^2,"distance_soccer_ball_camera =2.8000m
distance_near_person_camera = 2.002m
distance_far_person_camera = 3.130m",123.0
2349,captured_0018x,lab,A3MX,24,DS,What is the distance between the pineapple toy and the tennis ball in cm at 3.0s?,Gravity acc = 9.8m/s^2,"distance_soccer_ball_camera =2.8000m
distance_near_person_camera = 2.002m
distance_far_person_camera = 3.130m",53.0
2350,captured_0020,lab,A3MC,24,DS,What is the height of the yellow toy in cm?,Gravity acc = 9.8m/s^2,"t=0.60s, distance_jar_camera =1.9735m
t=0.60s, distance_carrot_camera = 2.6300m
distance_near_person_camera = 1.5800m
distance_far_person_camera = 3.2370m",15.0
2351,captured_0020,lab,A3MC,24,DS,What is the height of the white jar in cm?,Gravity acc = 9.8m/s^2,"t=0.60s, distance_jar_camera =1.9735m
t=0.60s, distance_carrot_camera = 2.6300m
distance_near_person_camera = 1.5800m
distance_far_person_camera = 3.2370m",8.416943668486473
2352,captured_0020,lab,A3MC,24,DS,What is the diameter of the white jar in cm?,Gravity acc = 9.8m/s^2,"t=0.60s, distance_jar_camera =1.9735m
t=0.60s, distance_carrot_camera = 2.6300m
distance_near_person_camera = 1.5800m
distance_far_person_camera = 3.2370m",7.145475848838339
2353,captured_0020,lab,A3MC,24,DS,What is the distance between two people in cm?,Gravity acc = 9.8m/s^2,"t=0.60s, distance_jar_camera =1.9735m
t=0.60s, distance_carrot_camera = 2.6300m
distance_near_person_camera = 1.5800m
distance_far_person_camera = 3.2370m",235.6957566838169
2354,captured_0020,lab,A3MC,24,DD,What is the velocity of the yellow toy at 0.60s in cm/s?,Gravity acc = 9.8m/s^2,"t=0.60s, distance_jar_camera =1.9735m
t=0.60s, distance_carrot_camera = 2.6300m
distance_near_person_camera = 1.5800m
distance_far_person_camera = 3.2370m",210.0
2355,captured_0020,lab,A3MC,24,DD,What is the velocity of the white jar at 0.60s in cm/s?,Gravity acc = 9.8m/s^2,"t=0.60s, distance_jar_camera =1.9735m
t=0.60s, distance_carrot_camera = 2.6300m
distance_near_person_camera = 1.5800m
distance_far_person_camera = 3.2370m",302.34760216433165
2356,captured_0020,lab,A3MC,24,DS,What is the displacement of the yellow toy from 0.60s to 0.80s in cm?,Gravity acc = 9.8m/s^2,"t=0.60s, distance_jar_camera =1.9735m
t=0.60s, distance_carrot_camera = 2.6300m
distance_near_person_camera = 1.5800m
distance_far_person_camera = 3.2370m",39.0
2357,captured_0020,lab,A3MC,24,DS,What is the displacement of the white jar from 0.60s to 0.80s in cm?,Gravity acc = 9.8m/s^2,"t=0.60s, distance_jar_camera =1.9735m
t=0.60s, distance_carrot_camera = 2.6300m
distance_near_person_camera = 1.5800m
distance_far_person_camera = 3.2370m",51.54691962084144
2358,captured_0020s,lab,A3MS,24,DS,What is the height of the yellow toy in cm?,Gravity acc = 9.8m/s^2,"t=0.60s, distance_jar_camera =1.9735m
t=0.60s, distance_carrot_camera = 2.6300m
distance_near_person_camera = 1.5800m
distance_far_person_camera = 3.2370m",12.0
2359,captured_0020s,lab,A3MS,24,DS,What is the height of the white jar in cm?,Gravity acc = 9.8m/s^2,"t=0.60s, distance_jar_camera =1.9735m
t=0.60s, distance_carrot_camera = 2.6300m
distance_near_person_camera = 1.5800m
distance_far_person_camera = 3.2370m",7.916857159053933
2360,captured_0020s,lab,A3MS,24,DS,What is the diameter of the white jar in cm?,Gravity acc = 9.8m/s^2,"t=0.60s, distance_jar_camera =1.9735m
t=0.60s, distance_carrot_camera = 2.6300m
distance_near_person_camera = 1.5800m
distance_far_person_camera = 3.2370m",6.778303306356803
2361,captured_0020s,lab,A3MS,24,DS,What is the distance between two people in cm?,Gravity acc = 9.8m/s^2,"t=0.60s, distance_jar_camera =1.9735m
t=0.60s, distance_carrot_camera = 2.6300m
distance_near_person_camera = 1.5800m
distance_far_person_camera = 3.2370m",240.51947638709504
2362,captured_0020s,lab,A3MS,24,DD,What is the velocity of the yellow toy at 0.60s in cm/s?,Gravity acc = 9.8m/s^2,"t=0.60s, distance_jar_camera =1.9735m
t=0.60s, distance_carrot_camera = 2.6300m
distance_near_person_camera = 1.5800m
distance_far_person_camera = 3.2370m",280.0
2363,captured_0020s,lab,A3MS,24,DD,What is the velocity of the white jar at 0.60s in cm/s?,Gravity acc = 9.8m/s^2,"t=0.60s, distance_jar_camera =1.9735m
t=0.60s, distance_carrot_camera = 2.6300m
distance_near_person_camera = 1.5800m
distance_far_person_camera = 3.2370m",288.2783919472841
2364,captured_0020s,lab,A3MS,24,DS,What is the displacement of the yellow toy from 0.60s to 0.80s in cm?,Gravity acc = 9.8m/s^2,"t=0.60s, distance_jar_camera =1.9735m
t=0.60s, distance_carrot_camera = 2.6300m
distance_near_person_camera = 1.5800m
distance_far_person_camera = 3.2370m",57.0
2365,captured_0020s,lab,A3MS,24,DS,What is the displacement of the white jar from 0.60s to 0.80s in cm?,Gravity acc = 9.8m/s^2,"t=0.60s, distance_jar_camera =1.9735m
t=0.60s, distance_carrot_camera = 2.6300m
distance_near_person_camera = 1.5800m
distance_far_person_camera = 3.2370m",43.06850070961198
2366,captured_0020x,lab,A3MX,24,DS,What is the height of the yellow toy in cm?,Gravity acc = 9.8m/s^2,"t=0.60s, distance_jar_camera =1.9735m
t=0.60s, distance_carrot_camera = 2.6300m
distance_near_person_camera = 1.5800m
distance_far_person_camera = 3.2370m",12.0
2367,captured_0020x,lab,A3MX,24,DS,What is the height of the white jar in cm?,Gravity acc = 9.8m/s^2,"t=0.60s, distance_jar_camera =1.9735m
t=0.60s, distance_carrot_camera = 2.6300m
distance_near_person_camera = 1.5800m
distance_far_person_camera = 3.2370m",10.000496860879576
2368,captured_0020x,lab,A3MX,24,DS,What is the diameter of the white jar in cm?,Gravity acc = 9.8m/s^2,"t=0.60s, distance_jar_camera =1.9735m
t=0.60s, distance_carrot_camera = 2.6300m
distance_near_person_camera = 1.5800m
distance_far_person_camera = 3.2370m",8.633621527230682
2369,captured_0020x,lab,A3MX,24,DS,What is the distance between two people in cm?,Gravity acc = 9.8m/s^2,"t=0.60s, distance_jar_camera =1.9735m
t=0.60s, distance_carrot_camera = 2.6300m
distance_near_person_camera = 1.5800m
distance_far_person_camera = 3.2370m",236.82416617314576
2370,captured_0020x,lab,A3MX,24,DD,What is the velocity of the yellow toy at 0.60s in cm/s?,Gravity acc = 9.8m/s^2,"t=0.60s, distance_jar_camera =1.9735m
t=0.60s, distance_carrot_camera = 2.6300m
distance_near_person_camera = 1.5800m
distance_far_person_camera = 3.2370m",250.0
2371,captured_0020x,lab,A3MX,24,DD,What is the velocity of the white jar at 0.60s in cm/s?,Gravity acc = 9.8m/s^2,"t=0.60s, distance_jar_camera =1.9735m
t=0.60s, distance_carrot_camera = 2.6300m
distance_near_person_camera = 1.5800m
distance_far_person_camera = 3.2370m",292.55660681515724
2372,captured_0020x,lab,A3MX,24,DS,What is the displacement of the yellow toy from 0.60s to 0.80s in cm?,Gravity acc = 9.8m/s^2,"t=0.60s, distance_jar_camera =1.9735m
t=0.60s, distance_carrot_camera = 2.6300m
distance_near_person_camera = 1.5800m
distance_far_person_camera = 3.2370m",40.0
2373,captured_0020x,lab,A3MX,24,DS,What is the displacement of the white jar from 0.60s to 0.80s in cm?,Gravity acc = 9.8m/s^2,"t=0.60s, distance_jar_camera =1.9735m
t=0.60s, distance_carrot_camera = 2.6300m
distance_near_person_camera = 1.5800m
distance_far_person_camera = 3.2370m",43.03353855705576
2374,captured_0021,lab,S3SC,24,SD,What is the velocity of the ping pong ball at 1.2s in cm/s?,diameter of the ping pong ball = 40mm,"t=1.0s, distance_pingpong_camera=1.511m
t=1.4s, distance_pingpong_camera=1.03m",120.0
2375,captured_0021,lab,S3SC,24,SD,What is the velocity of the ping pong ball at 1.4s in cm/s?,diameter of the ping pong ball = 40mm,"t=1.0s, distance_pingpong_camera=1.511m
t=1.4s, distance_pingpong_camera=1.03m",117.0
2376,captured_0021,lab,S3SC,24,SS,What is the displacement of the ping pong ball between 1.0s and 1.4s in cm?,diameter of the ping pong ball = 40mm,"t=1.0s, distance_pingpong_camera=1.511m
t=1.4s, distance_pingpong_camera=1.03m",48.3
2377,captured_0021,lab,S3SC,24,SS,What is the width of the table in cm?,diameter of the ping pong ball = 40mm,"t=1.0s, distance_pingpong_camera=1.511m
t=1.4s, distance_pingpong_camera=1.03m",57.0
2378,captured_0021,lab,S3SC,24,SS,What is the length of the table in cm?,diameter of the ping pong ball = 40mm,"t=1.0s, distance_pingpong_camera=1.511m
t=1.4s, distance_pingpong_camera=1.03m",68.0
2379,captured_0021s,lab,S3SS,24,SD,What is the velocity of the ping pong ball at 1.2s in cm/s?,diameter of the ping pong ball = 40mm,"t=1.0s, distance_pingpong_camera=1.511m
t=1.4s, distance_pingpong_camera=1.03m",125.0
2380,captured_0021s,lab,S3SS,24,SD,What is the velocity of the ping pong ball at 1.4s in cm/s?,diameter of the ping pong ball = 40mm,"t=1.0s, distance_pingpong_camera=1.511m
t=1.4s, distance_pingpong_camera=1.03m",112.0
2381,captured_0021s,lab,S3SS,24,SS,What is the displacement of the ping pong ball between 1.0s and 1.4s in cm?,diameter of the ping pong ball = 40mm,"t=1.0s, distance_pingpong_camera=1.511m
t=1.4s, distance_pingpong_camera=1.03m",48.2
2382,captured_0021s,lab,S3SS,24,SS,What is the width of the table in cm?,diameter of the ping pong ball = 40mm,"t=1.0s, distance_pingpong_camera=1.511m
t=1.4s, distance_pingpong_camera=1.03m",61.0
2383,captured_0021s,lab,S3SS,24,SS,What is the length of the table in cm?,diameter of the ping pong ball = 40mm,"t=1.0s, distance_pingpong_camera=1.511m
t=1.4s, distance_pingpong_camera=1.03m",75.0
2384,captured_0021x,lab,S3SX,24,SD,What is the velocity of the ping pong ball at 1.2s in cm/s?,diameter of the ping pong ball = 40mm,"t=1.0s, distance_pingpong_camera=1.511m
t=1.4s, distance_pingpong_camera=1.03m",120.0
2385,captured_0021x,lab,S3SX,24,SD,What is the velocity of the ping pong ball at 1.4s in cm/s?,diameter of the ping pong ball = 40mm,"t=1.0s, distance_pingpong_camera=1.511m
t=1.4s, distance_pingpong_camera=1.03m",115.0
2386,captured_0021x,lab,S3SX,24,SS,What is the displacement of the ping pong ball between 1.0s and 1.4s in cm?,diameter of the ping pong ball = 40mm,"t=1.0s, distance_pingpong_camera=1.511m
t=1.4s, distance_pingpong_camera=1.03m",48.5
2387,captured_0021x,lab,S3SX,24,SS,What is the width of the table in cm?,diameter of the ping pong ball = 40mm,"t=1.0s, distance_pingpong_camera=1.511m
t=1.4s, distance_pingpong_camera=1.03m",66.0
2388,captured_0021x,lab,S3SX,24,SS,What is the length of the table in cm?,diameter of the ping pong ball = 40mm,"t=1.0s, distance_pingpong_camera=1.511m
t=1.4s, distance_pingpong_camera=1.03m",70.0
2389,captured_0022,lab,S3SC,24,SD,What is the velocity of the ping pong ball at 0.8s in cm/s?,diameter of the ping pong ball = 40mm,"t=0.6s, distance_pingpong_camera=1.751m
t=0.8s, distance_pingpong_camera=1.687m
t=1.2s, distance_pingpong_camera=1.526m",43.0
2390,captured_0022,lab,S3SC,24,SD,What is the velocity of the ping pong ball at 1.2s in cm/s?,diameter of the ping pong ball = 40mm,"t=0.6s, distance_pingpong_camera=1.751m
t=0.8s, distance_pingpong_camera=1.687m
t=1.2s, distance_pingpong_camera=1.526m",55.0
2391,captured_0022,lab,S3SC,24,SD,What is the acceleration of the ping pong ball at 1.2s in cm/s^2?,diameter of the ping pong ball = 40mm,"t=0.6s, distance_pingpong_camera=1.751m
t=0.8s, distance_pingpong_camera=1.687m
t=1.2s, distance_pingpong_camera=1.526m",30.0
2392,captured_0022,lab,S3SC,24,SS,What is the displacement of the ping pong ball between 0.6s and 1.6s in cm?,diameter of the ping pong ball = 40mm,"t=0.6s, distance_pingpong_camera=1.751m
t=0.8s, distance_pingpong_camera=1.687m
t=1.2s, distance_pingpong_camera=1.526m",47.0
2393,captured_0022,lab,S3SC,24,SS,What is the width of the table in cm?,diameter of the ping pong ball = 40mm,"t=0.6s, distance_pingpong_camera=1.751m
t=0.8s, distance_pingpong_camera=1.687m
t=1.2s, distance_pingpong_camera=1.526m",65.0
2394,captured_0022,lab,S3SC,24,SS,What is the length of the table in cm?,diameter of the ping pong ball = 40mm,"t=0.6s, distance_pingpong_camera=1.751m
t=0.8s, distance_pingpong_camera=1.687m
t=1.2s, distance_pingpong_camera=1.526m",90.0
2395,captured_0022s,lab,S3SS,24,SD,What is the velocity of the ping pong ball at 0.8s in cm/s?,diameter of the ping pong ball = 40mm,"t=0.6s, distance_pingpong_camera=1.751m
t=0.8s, distance_pingpong_camera=1.687m
t=1.2s, distance_pingpong_camera=1.526m",43.0
2396,captured_0022s,lab,S3SS,24,SD,What is the velocity of the ping pong ball at 1.2s in cm/s?,diameter of the ping pong ball = 40mm,"t=0.6s, distance_pingpong_camera=1.751m
t=0.8s, distance_pingpong_camera=1.687m
t=1.2s, distance_pingpong_camera=1.526m",53.0
2397,captured_0022s,lab,S3SS,24,SD,What is the acceleration of the ping pong ball at 1.2s in cm/s^2?,diameter of the ping pong ball = 40mm,"t=0.6s, distance_pingpong_camera=1.751m
t=0.8s, distance_pingpong_camera=1.687m
t=1.2s, distance_pingpong_camera=1.526m",27.0
2398,captured_0022s,lab,S3SS,24,SS,What is the displacement of the ping pong ball between 0.6s and 1.6s in cm?,diameter of the ping pong ball = 40mm,"t=0.6s, distance_pingpong_camera=1.751m
t=0.8s, distance_pingpong_camera=1.687m
t=1.2s, distance_pingpong_camera=1.526m",50.0
2399,captured_0022s,lab,S3SS,24,SS,What is the width of the table in cm?,diameter of the ping pong ball = 40mm,"t=0.6s, distance_pingpong_camera=1.751m
t=0.8s, distance_pingpong_camera=1.687m
t=1.2s, distance_pingpong_camera=1.526m",68.0
2400,captured_0022s,lab,S3SS,24,SS,What is the length of the table in cm?,diameter of the ping pong ball = 40mm,"t=0.6s, distance_pingpong_camera=1.751m
t=0.8s, distance_pingpong_camera=1.687m
t=1.2s, distance_pingpong_camera=1.526m",80.0
2401,captured_0022x,lab,S3SX,24,SD,What is the velocity of the ping pong ball at 0.8s in cm/s?,diameter of the ping pong ball = 40mm,"t=0.6s, distance_pingpong_camera=1.751m
t=0.8s, distance_pingpong_camera=1.687m
t=1.2s, distance_pingpong_camera=1.526m",41.0
2402,captured_0022x,lab,S3SX,24,SD,What is the velocity of the ping pong ball at 1.2s in cm/s?,diameter of the ping pong ball = 40mm,"t=0.6s, distance_pingpong_camera=1.751m
t=0.8s, distance_pingpong_camera=1.687m
t=1.2s, distance_pingpong_camera=1.526m",48.0
2403,captured_0022x,lab,S3SX,24,SD,What is the acceleration of the ping pong ball at 1.2s in cm/s^2?,diameter of the ping pong ball = 40mm,"t=0.6s, distance_pingpong_camera=1.751m
t=0.8s, distance_pingpong_camera=1.687m
t=1.2s, distance_pingpong_camera=1.526m",18.0
2404,captured_0022x,lab,S3SX,24,SS,What is the displacement of the ping pong ball between 0.6s and 1.6s in cm?,diameter of the ping pong ball = 40mm,"t=0.6s, distance_pingpong_camera=1.751m
t=0.8s, distance_pingpong_camera=1.687m
t=1.2s, distance_pingpong_camera=1.526m",47.0
2405,captured_0022x,lab,S3SX,24,SS,What is the width of the table in cm?,diameter of the ping pong ball = 40mm,"t=0.6s, distance_pingpong_camera=1.751m
t=0.8s, distance_pingpong_camera=1.687m
t=1.2s, distance_pingpong_camera=1.526m",62.0
2406,captured_0022x,lab,S3SX,24,SS,What is the length of the table in cm?,diameter of the ping pong ball = 40mm,"t=0.6s, distance_pingpong_camera=1.751m
t=0.8s, distance_pingpong_camera=1.687m
t=1.2s, distance_pingpong_camera=1.526m",80.0
2407,captured_0023,lab,A3SC,24,DD,What is the velocity of the book at 1.2s in cm/s?,"t=1.4, book acceleration = 2.8m/s^2","distance_table_left_camera=0.7040m
distance_table_right_camera=0.7250m
distance_slope_far_camera=1.2010m
distance_slope_near_camera=0.9555m
t=1.2s, distance_book_camera=1.02m
t=1.4s, distance_book_camera=0.8570m
t=1.6s, distance_book_camera=0.8510m",96.99584434034216
2408,captured_0023,lab,A3SC,24,DD,What is the velocity of the book at 1.4s in cm/s?,"t=1.4, book acceleration = 2.8m/s^2","distance_table_left_camera=0.7040m
distance_table_right_camera=0.7250m
distance_slope_far_camera=1.2010m
distance_slope_near_camera=0.9555m
t=1.2s, distance_book_camera=1.02m
t=1.4s, distance_book_camera=0.8570m
t=1.6s, distance_book_camera=0.8510m",42.3560186787478
2409,captured_0023,lab,A3SC,24,DS,What is the length of the book in cm?,"t=1.4, book acceleration = 2.8m/s^2","distance_table_left_camera=0.7040m
distance_table_right_camera=0.7250m
distance_slope_far_camera=1.2010m
distance_slope_near_camera=0.9555m
t=1.2s, distance_book_camera=1.02m
t=1.4s, distance_book_camera=0.8570m
t=1.6s, distance_book_camera=0.8510m",20.716270281175944
2410,captured_0023,lab,A3SC,24,DS,What is the width of the book in cm?,"t=1.4, book acceleration = 2.8m/s^2","distance_table_left_camera=0.7040m
distance_table_right_camera=0.7250m
distance_slope_far_camera=1.2010m
distance_slope_near_camera=0.9555m
t=1.2s, distance_book_camera=1.02m
t=1.4s, distance_book_camera=0.8570m
t=1.6s, distance_book_camera=0.8510m",6.80039495817261
2411,captured_0023,lab,A3SC,24,DS,What is the height of the book in cm?,"t=1.4, book acceleration = 2.8m/s^2","distance_table_left_camera=0.7040m
distance_table_right_camera=0.7250m
distance_slope_far_camera=1.2010m
distance_slope_near_camera=0.9555m
t=1.2s, distance_book_camera=1.02m
t=1.4s, distance_book_camera=0.8570m
t=1.6s, distance_book_camera=0.8510m",1.4026864336672942
2412,captured_0023,lab,A3SC,24,DS,What is the length of the slope in cm?,"t=1.4, book acceleration = 2.8m/s^2","distance_table_left_camera=0.7040m
distance_table_right_camera=0.7250m
distance_slope_far_camera=1.2010m
distance_slope_near_camera=0.9555m
t=1.2s, distance_book_camera=1.02m
t=1.4s, distance_book_camera=0.8570m
t=1.6s, distance_book_camera=0.8510m",30.89491602261644
2413,captured_0023,lab,A3SC,24,DS,What is the width of the slope in cm?,"t=1.4, book acceleration = 2.8m/s^2","distance_table_left_camera=0.7040m
distance_table_right_camera=0.7250m
distance_slope_far_camera=1.2010m
distance_slope_near_camera=0.9555m
t=1.2s, distance_book_camera=1.02m
t=1.4s, distance_book_camera=0.8570m
t=1.6s, distance_book_camera=0.8510m",27.323277989172915
2414,captured_0023,lab,A3SC,24,DS,What is the width of the table in cm?,"t=1.4, book acceleration = 2.8m/s^2","distance_table_left_camera=0.7040m
distance_table_right_camera=0.7250m
distance_slope_far_camera=1.2010m
distance_slope_near_camera=0.9555m
t=1.2s, distance_book_camera=1.02m
t=1.4s, distance_book_camera=0.8570m
t=1.6s, distance_book_camera=0.8510m",57.21682214098973
2415,captured_0023,lab,A3SC,24,DS,What is the displacement of the book between 1.0s and 1.6s in cm?,"t=1.4, book acceleration = 2.8m/s^2","distance_table_left_camera=0.7040m
distance_table_right_camera=0.7250m
distance_slope_far_camera=1.2010m
distance_slope_near_camera=0.9555m
t=1.2s, distance_book_camera=1.02m
t=1.4s, distance_book_camera=0.8570m
t=1.6s, distance_book_camera=0.8510m",37.54535114273072
2416,captured_0023s,lab,A3SS,24,DD,What is the velocity of the book at 1.2s in cm/s?,"t=1.4, book acceleration = 2.8m/s^2","distance_table_left_camera=0.7040m
distance_table_right_camera=0.7250m
distance_slope_far_camera=1.2010m
distance_slope_near_camera=0.9555m
t=1.2s, distance_book_camera=1.02m
t=1.4s, distance_book_camera=0.8570m
t=1.6s, distance_book_camera=0.8510m",92.07547905624172
2417,captured_0023s,lab,A3SS,24,DD,What is the velocity of the book at 1.4s in cm/s?,"t=1.4, book acceleration = 2.8m/s^2","distance_table_left_camera=0.7040m
distance_table_right_camera=0.7250m
distance_slope_far_camera=1.2010m
distance_slope_near_camera=0.9555m
t=1.2s, distance_book_camera=1.02m
t=1.4s, distance_book_camera=0.8570m
t=1.6s, distance_book_camera=0.8510m",55.15970826065125
2418,captured_0023s,lab,A3SS,24,DS,What is the length of the book in cm?,"t=1.4, book acceleration = 2.8m/s^2","distance_table_left_camera=0.7040m
distance_table_right_camera=0.7250m
distance_slope_far_camera=1.2010m
distance_slope_near_camera=0.9555m
t=1.2s, distance_book_camera=1.02m
t=1.4s, distance_book_camera=0.8570m
t=1.6s, distance_book_camera=0.8510m",20.55801945602104
2419,captured_0023s,lab,A3SS,24,DS,What is the width of the book in cm?,"t=1.4, book acceleration = 2.8m/s^2","distance_table_left_camera=0.7040m
distance_table_right_camera=0.7250m
distance_slope_far_camera=1.2010m
distance_slope_near_camera=0.9555m
t=1.2s, distance_book_camera=1.02m
t=1.4s, distance_book_camera=0.8570m
t=1.6s, distance_book_camera=0.8510m",9.589616244291138
2420,captured_0023s,lab,A3SS,24,DS,What is the height of the book in cm?,"t=1.4, book acceleration = 2.8m/s^2","distance_table_left_camera=0.7040m
distance_table_right_camera=0.7250m
distance_slope_far_camera=1.2010m
distance_slope_near_camera=0.9555m
t=1.2s, distance_book_camera=1.02m
t=1.4s, distance_book_camera=0.8570m
t=1.6s, distance_book_camera=0.8510m",1.4742641831186654
2421,captured_0023s,lab,A3SS,24,DS,What is the length of the slope in cm?,"t=1.4, book acceleration = 2.8m/s^2","distance_table_left_camera=0.7040m
distance_table_right_camera=0.7250m
distance_slope_far_camera=1.2010m
distance_slope_near_camera=0.9555m
t=1.2s, distance_book_camera=1.02m
t=1.4s, distance_book_camera=0.8570m
t=1.6s, distance_book_camera=0.8510m",30.75359035651202
2422,captured_0023s,lab,A3SS,24,DS,What is the width of the slope in cm?,"t=1.4, book acceleration = 2.8m/s^2","distance_table_left_camera=0.7040m
distance_table_right_camera=0.7250m
distance_slope_far_camera=1.2010m
distance_slope_near_camera=0.9555m
t=1.2s, distance_book_camera=1.02m
t=1.4s, distance_book_camera=0.8570m
t=1.6s, distance_book_camera=0.8510m",27.079878392429883
2423,captured_0023s,lab,A3SS,24,DS,What is the width of the table in cm?,"t=1.4, book acceleration = 2.8m/s^2","distance_table_left_camera=0.7040m
distance_table_right_camera=0.7250m
distance_slope_far_camera=1.2010m
distance_slope_near_camera=0.9555m
t=1.2s, distance_book_camera=1.02m
t=1.4s, distance_book_camera=0.8570m
t=1.6s, distance_book_camera=0.8510m",57.276383614068
2424,captured_0023s,lab,A3SS,24,DS,What is the displacement of the book between 1.0s and 1.6s in cm?,"t=1.4, book acceleration = 2.8m/s^2","distance_table_left_camera=0.7040m
distance_table_right_camera=0.7250m
distance_slope_far_camera=1.2010m
distance_slope_near_camera=0.9555m
t=1.2s, distance_book_camera=1.02m
t=1.4s, distance_book_camera=0.8570m
t=1.6s, distance_book_camera=0.8510m",37.89681233108948
2425,captured_0023x,lab,A3SX,24,DD,What is the velocity of the book at 1.2s in cm/s?,"t=1.4, book acceleration = 2.8m/s^2","distance_table_left_camera=0.7040m
distance_table_right_camera=0.7250m
distance_slope_far_camera=1.2010m
distance_slope_near_camera=0.9555m
t=1.2s, distance_book_camera=1.02m
t=1.4s, distance_book_camera=0.8570m
t=1.6s, distance_book_camera=0.8510m",93.65633797633036
2426,captured_0023x,lab,A3SX,24,DD,What is the velocity of the book at 1.4s in cm/s?,"t=1.4, book acceleration = 2.8m/s^2","distance_table_left_camera=0.7040m
distance_table_right_camera=0.7250m
distance_slope_far_camera=1.2010m
distance_slope_near_camera=0.9555m
t=1.2s, distance_book_camera=1.02m
t=1.4s, distance_book_camera=0.8570m
t=1.6s, distance_book_camera=0.8510m",46.24412149448825
2427,captured_0023x,lab,A3SX,24,DS,What is the length of the book in cm?,"t=1.4, book acceleration = 2.8m/s^2","distance_table_left_camera=0.7040m
distance_table_right_camera=0.7250m
distance_slope_far_camera=1.2010m
distance_slope_near_camera=0.9555m
t=1.2s, distance_book_camera=1.02m
t=1.4s, distance_book_camera=0.8570m
t=1.6s, distance_book_camera=0.8510m",20.40561634293428
2428,captured_0023x,lab,A3SX,24,DS,What is the width of the book in cm?,"t=1.4, book acceleration = 2.8m/s^2","distance_table_left_camera=0.7040m
distance_table_right_camera=0.7250m
distance_slope_far_camera=1.2010m
distance_slope_near_camera=0.9555m
t=1.2s, distance_book_camera=1.02m
t=1.4s, distance_book_camera=0.8570m
t=1.6s, distance_book_camera=0.8510m",7.365960036370595
2429,captured_0023x,lab,A3SX,24,DS,What is the height of the book in cm?,"t=1.4, book acceleration = 2.8m/s^2","distance_table_left_camera=0.7040m
distance_table_right_camera=0.7250m
distance_slope_far_camera=1.2010m
distance_slope_near_camera=0.9555m
t=1.2s, distance_book_camera=1.02m
t=1.4s, distance_book_camera=0.8570m
t=1.6s, distance_book_camera=0.8510m",1.5604819833302803
2430,captured_0023x,lab,A3SX,24,DS,What is the length of the slope in cm?,"t=1.4, book acceleration = 2.8m/s^2","distance_table_left_camera=0.7040m
distance_table_right_camera=0.7250m
distance_slope_far_camera=1.2010m
distance_slope_near_camera=0.9555m
t=1.2s, distance_book_camera=1.02m
t=1.4s, distance_book_camera=0.8570m
t=1.6s, distance_book_camera=0.8510m",30.749549884472632
2431,captured_0023x,lab,A3SX,24,DS,What is the width of the slope in cm?,"t=1.4, book acceleration = 2.8m/s^2","distance_table_left_camera=0.7040m
distance_table_right_camera=0.7250m
distance_slope_far_camera=1.2010m
distance_slope_near_camera=0.9555m
t=1.2s, distance_book_camera=1.02m
t=1.4s, distance_book_camera=0.8570m
t=1.6s, distance_book_camera=0.8510m",27.079498692436527
2432,captured_0023x,lab,A3SX,24,DS,What is the width of the table in cm?,"t=1.4, book acceleration = 2.8m/s^2","distance_table_left_camera=0.7040m
distance_table_right_camera=0.7250m
distance_slope_far_camera=1.2010m
distance_slope_near_camera=0.9555m
t=1.2s, distance_book_camera=1.02m
t=1.4s, distance_book_camera=0.8570m
t=1.6s, distance_book_camera=0.8510m",57.2438332847916
2433,captured_0023x,lab,A3SX,24,DS,What is the displacement of the book between 1.0s and 1.6s in cm?,"t=1.4, book acceleration = 2.8m/s^2","distance_table_left_camera=0.7040m
distance_table_right_camera=0.7250m
distance_slope_far_camera=1.2010m
distance_slope_near_camera=0.9555m
t=1.2s, distance_book_camera=1.02m
t=1.4s, distance_book_camera=0.8570m
t=1.6s, distance_book_camera=0.8510m",37.70843072666343
2434,captured_0024,lab,A3SC,24,DD,What is the velocity of the book at 1.0s in cm/s?,"t=1.0, book acceleration = 2.8m/s^2","t=1.0s, distance_book_camera=1.0685m
t=1.2s, distance_book_camera=0.9770m
distance_table_left_camera=1.035m
distance_table_right_camera=0.5730m
distance_slope_far_camera=1.2430m
distance_slope_near_camera=0.9900m",75.44342947567878
2435,captured_0024,lab,A3SC,24,DD,What is the velocity of the book at 1.2s in cm/s?,"t=1.0, book acceleration = 2.8m/s^2","t=1.0s, distance_book_camera=1.0685m
t=1.2s, distance_book_camera=0.9770m
distance_table_left_camera=1.035m
distance_table_right_camera=0.5730m
distance_slope_far_camera=1.2430m
distance_slope_near_camera=0.9900m",85.2965257170757
2436,captured_0024,lab,A3SC,24,DS,What is the length of the book in cm?,"t=1.0, book acceleration = 2.8m/s^2","t=1.0s, distance_book_camera=1.0685m
t=1.2s, distance_book_camera=0.9770m
distance_table_left_camera=1.035m
distance_table_right_camera=0.5730m
distance_slope_far_camera=1.2430m
distance_slope_near_camera=0.9900m",15.247335262786088
2437,captured_0024,lab,A3SC,24,DS,What is the width of the book in cm?,"t=1.0, book acceleration = 2.8m/s^2","t=1.0s, distance_book_camera=1.0685m
t=1.2s, distance_book_camera=0.9770m
distance_table_left_camera=1.035m
distance_table_right_camera=0.5730m
distance_slope_far_camera=1.2430m
distance_slope_near_camera=0.9900m",6.175119651615999
2438,captured_0024,lab,A3SC,24,DS,What is the height of the book in cm?,"t=1.0, book acceleration = 2.8m/s^2","t=1.0s, distance_book_camera=1.0685m
t=1.2s, distance_book_camera=0.9770m
distance_table_left_camera=1.035m
distance_table_right_camera=0.5730m
distance_slope_far_camera=1.2430m
distance_slope_near_camera=0.9900m",1.0317671945574018
2439,captured_0024,lab,A3SC,24,DS,What is the length of the slope in cm?,"t=1.0, book acceleration = 2.8m/s^2","t=1.0s, distance_book_camera=1.0685m
t=1.2s, distance_book_camera=0.9770m
distance_table_left_camera=1.035m
distance_table_right_camera=0.5730m
distance_slope_far_camera=1.2430m
distance_slope_near_camera=0.9900m",30.7087837039556
2440,captured_0024,lab,A3SC,24,DS,What is the width of the slope in cm?,"t=1.0, book acceleration = 2.8m/s^2","t=1.0s, distance_book_camera=1.0685m
t=1.2s, distance_book_camera=0.9770m
distance_table_left_camera=1.035m
distance_table_right_camera=0.5730m
distance_slope_far_camera=1.2430m
distance_slope_near_camera=0.9900m",19.54138479469181
2441,captured_0024,lab,A3SC,24,DS,What is the length of the table in cm?,"t=1.0, book acceleration = 2.8m/s^2","t=1.0s, distance_book_camera=1.0685m
t=1.2s, distance_book_camera=0.9770m
distance_table_left_camera=1.035m
distance_table_right_camera=0.5730m
distance_slope_far_camera=1.2430m
distance_slope_near_camera=0.9900m",54.457581803384414
2442,captured_0024,lab,A3SC,24,DS,What is the width of the table in cm?,"t=1.0, book acceleration = 2.8m/s^2","t=1.0s, distance_book_camera=1.0685m
t=1.2s, distance_book_camera=0.9770m
distance_table_left_camera=1.035m
distance_table_right_camera=0.5730m
distance_slope_far_camera=1.2430m
distance_slope_near_camera=0.9900m",66.76569724840293
2443,captured_0024,lab,A3SC,24,DS,What is the distance travelled by the book in cm?,"t=1.0, book acceleration = 2.8m/s^2","t=1.0s, distance_book_camera=1.0685m
t=1.2s, distance_book_camera=0.9770m
distance_table_left_camera=1.035m
distance_table_right_camera=0.5730m
distance_slope_far_camera=1.2430m
distance_slope_near_camera=0.9900m",76.65494480255649
2444,captured_0024s,lab,A3SS,24,DD,What is the velocity of the book at 1.0s in cm/s?,"t=1.0, book acceleration = 2.8m/s^2","t=1.0s, distance_book_camera=1.0685m
t=1.2s, distance_book_camera=0.9770m
distance_table_left_camera=1.035m
distance_table_right_camera=0.5730m
distance_slope_far_camera=1.2430m
distance_slope_near_camera=0.9900m",75.00392251632248
2445,captured_0024s,lab,A3SS,24,DD,What is the velocity of the book at 1.2s in cm/s?,"t=1.0, book acceleration = 2.8m/s^2","t=1.0s, distance_book_camera=1.0685m
t=1.2s, distance_book_camera=0.9770m
distance_table_left_camera=1.035m
distance_table_right_camera=0.5730m
distance_slope_far_camera=1.2430m
distance_slope_near_camera=0.9900m",84.63450644970128
2446,captured_0024s,lab,A3SS,24,DS,What is the length of the book in cm?,"t=1.0, book acceleration = 2.8m/s^2","t=1.0s, distance_book_camera=1.0685m
t=1.2s, distance_book_camera=0.9770m
distance_table_left_camera=1.035m
distance_table_right_camera=0.5730m
distance_slope_far_camera=1.2430m
distance_slope_near_camera=0.9900m",17.550979491994333
2447,captured_0024s,lab,A3SS,24,DS,What is the width of the book in cm?,"t=1.0, book acceleration = 2.8m/s^2","t=1.0s, distance_book_camera=1.0685m
t=1.2s, distance_book_camera=0.9770m
distance_table_left_camera=1.035m
distance_table_right_camera=0.5730m
distance_slope_far_camera=1.2430m
distance_slope_near_camera=0.9900m",20.80980015265986
2448,captured_0024s,lab,A3SS,24,DS,What is the height of the book in cm?,"t=1.0, book acceleration = 2.8m/s^2","t=1.0s, distance_book_camera=1.0685m
t=1.2s, distance_book_camera=0.9770m
distance_table_left_camera=1.035m
distance_table_right_camera=0.5730m
distance_slope_far_camera=1.2430m
distance_slope_near_camera=0.9900m",1.0484959113007932
2449,captured_0024s,lab,A3SS,24,DS,What is the length of the slope in cm?,"t=1.0, book acceleration = 2.8m/s^2","t=1.0s, distance_book_camera=1.0685m
t=1.2s, distance_book_camera=0.9770m
distance_table_left_camera=1.035m
distance_table_right_camera=0.5730m
distance_slope_far_camera=1.2430m
distance_slope_near_camera=0.9900m",30.253214489923028
2450,captured_0024s,lab,A3SS,24,DS,What is the width of the slope in cm?,"t=1.0, book acceleration = 2.8m/s^2","t=1.0s, distance_book_camera=1.0685m
t=1.2s, distance_book_camera=0.9770m
distance_table_left_camera=1.035m
distance_table_right_camera=0.5730m
distance_slope_far_camera=1.2430m
distance_slope_near_camera=0.9900m",15.924805762172015
2451,captured_0024s,lab,A3SS,24,DS,What is the length of the table in cm?,"t=1.0, book acceleration = 2.8m/s^2","t=1.0s, distance_book_camera=1.0685m
t=1.2s, distance_book_camera=0.9770m
distance_table_left_camera=1.035m
distance_table_right_camera=0.5730m
distance_slope_far_camera=1.2430m
distance_slope_near_camera=0.9900m",83.40398742236414
2452,captured_0024s,lab,A3SS,24,DS,What is the width of the table in cm?,"t=1.0, book acceleration = 2.8m/s^2","t=1.0s, distance_book_camera=1.0685m
t=1.2s, distance_book_camera=0.9770m
distance_table_left_camera=1.035m
distance_table_right_camera=0.5730m
distance_slope_far_camera=1.2430m
distance_slope_near_camera=0.9900m",53.817574074571695
2453,captured_0024s,lab,A3SS,24,DS,What is the distance travelled by the book in cm?,"t=1.0, book acceleration = 2.8m/s^2","t=1.0s, distance_book_camera=1.0685m
t=1.2s, distance_book_camera=0.9770m
distance_table_left_camera=1.035m
distance_table_right_camera=0.5730m
distance_slope_far_camera=1.2430m
distance_slope_near_camera=0.9900m",77.28777585997132
2454,captured_0024x,lab,A3SX,24,DD,What is the velocity of the book at 1.0s in cm/s?,"t=1.0, book acceleration = 2.8m/s^2","t=1.0s, distance_book_camera=1.0685m
t=1.2s, distance_book_camera=0.9770m
distance_table_left_camera=1.035m
distance_table_right_camera=0.5730m
distance_slope_far_camera=1.2430m
distance_slope_near_camera=0.9900m",74.31523343548942
2455,captured_0024x,lab,A3SX,24,DD,What is the velocity of the book at 1.2s in cm/s?,"t=1.0, book acceleration = 2.8m/s^2","t=1.0s, distance_book_camera=1.0685m
t=1.2s, distance_book_camera=0.9770m
distance_table_left_camera=1.035m
distance_table_right_camera=0.5730m
distance_slope_far_camera=1.2430m
distance_slope_near_camera=0.9900m",83.8296483219548
2456,captured_0024x,lab,A3SX,24,DS,What is the length of the book in cm?,"t=1.0, book acceleration = 2.8m/s^2","t=1.0s, distance_book_camera=1.0685m
t=1.2s, distance_book_camera=0.9770m
distance_table_left_camera=1.035m
distance_table_right_camera=0.5730m
distance_slope_far_camera=1.2430m
distance_slope_near_camera=0.9900m",19.2718120765916
2457,captured_0024x,lab,A3SX,24,DS,What is the width of the book in cm?,"t=1.0, book acceleration = 2.8m/s^2","t=1.0s, distance_book_camera=1.0685m
t=1.2s, distance_book_camera=0.9770m
distance_table_left_camera=1.035m
distance_table_right_camera=0.5730m
distance_slope_far_camera=1.2430m
distance_slope_near_camera=0.9900m",8.973919018291927
2458,captured_0024x,lab,A3SX,24,DS,What is the height of the book in cm?,"t=1.0, book acceleration = 2.8m/s^2","t=1.0s, distance_book_camera=1.0685m
t=1.2s, distance_book_camera=0.9770m
distance_table_left_camera=1.035m
distance_table_right_camera=0.5730m
distance_slope_far_camera=1.2430m
distance_slope_near_camera=0.9900m",1.567904972578832
2459,captured_0024x,lab,A3SX,24,DS,What is the length of the slope in cm?,"t=1.0, book acceleration = 2.8m/s^2","t=1.0s, distance_book_camera=1.0685m
t=1.2s, distance_book_camera=0.9770m
distance_table_left_camera=1.035m
distance_table_right_camera=0.5730m
distance_slope_far_camera=1.2430m
distance_slope_near_camera=0.9900m",37.70023182581469
2460,captured_0024x,lab,A3SX,24,DS,What is the width of the slope in cm?,"t=1.0, book acceleration = 2.8m/s^2","t=1.0s, distance_book_camera=1.0685m
t=1.2s, distance_book_camera=0.9770m
distance_table_left_camera=1.035m
distance_table_right_camera=0.5730m
distance_slope_far_camera=1.2430m
distance_slope_near_camera=0.9900m",19.35766846348462
2461,captured_0024x,lab,A3SX,24,DS,What is the length of the table in cm?,"t=1.0, book acceleration = 2.8m/s^2","t=1.0s, distance_book_camera=1.0685m
t=1.2s, distance_book_camera=0.9770m
distance_table_left_camera=1.035m
distance_table_right_camera=0.5730m
distance_slope_far_camera=1.2430m
distance_slope_near_camera=0.9900m",83.44843895962602
2462,captured_0024x,lab,A3SX,24,DS,What is the width of the table in cm?,"t=1.0, book acceleration = 2.8m/s^2","t=1.0s, distance_book_camera=1.0685m
t=1.2s, distance_book_camera=0.9770m
distance_table_left_camera=1.035m
distance_table_right_camera=0.5730m
distance_slope_far_camera=1.2430m
distance_slope_near_camera=0.9900m",53.56783216123168
2463,captured_0024x,lab,A3SX,24,DS,What is the distance travelled by the book in cm?,"t=1.0, book acceleration = 2.8m/s^2","t=1.0s, distance_book_camera=1.0685m
t=1.2s, distance_book_camera=0.9770m
distance_table_left_camera=1.035m
distance_table_right_camera=0.5730m
distance_slope_far_camera=1.2430m
distance_slope_near_camera=0.9900m",57.79491191285598
2464,captured_0027,lab,S3SC,24,SD,What is the velocity of the red ball at 0.2s in cm/s?,diameter of the red ball = 7cm,"t=0.2s, distance_book_camera=1.0995m
t=0.6s, distance_book_camera=1.1510m
distance_person_left_camera=1.2750m
distance_person_right_camera=1.2305m",130.0
2465,captured_0027,lab,S3SC,24,SD,What is the velocity of the red ball at 0.6s in cm/s?,diameter of the red ball = 7cm,"t=0.2s, distance_book_camera=1.0995m
t=0.6s, distance_book_camera=1.1510m
distance_person_left_camera=1.2750m
distance_person_right_camera=1.2305m",80.0
2466,captured_0027,lab,S3SC,24,SD,What is the acceleration of the red ball at 0.2s in cm/s^2?,diameter of the red ball = 7cm,"t=0.2s, distance_book_camera=1.0995m
t=0.6s, distance_book_camera=1.1510m
distance_person_left_camera=1.2750m
distance_person_right_camera=1.2305m",480.0
2467,captured_0027,lab,S3SC,24,SS,What is the shoulder breadth of the person in cm?,diameter of the red ball = 7cm,"t=0.2s, distance_book_camera=1.0995m
t=0.6s, distance_book_camera=1.1510m
distance_person_left_camera=1.2750m
distance_person_right_camera=1.2305m",40.0
2468,captured_0027s,lab,S3SS,24,SD,What is the velocity of the red ball at 0.2s in cm/s?,diameter of the red ball = 7cm,"t=0.2s, distance_book_camera=1.0995m
t=0.6s, distance_book_camera=1.1510m
distance_person_left_camera=1.2750m
distance_person_right_camera=1.2305m",23.0
2469,captured_0027s,lab,S3SS,24,SD,What is the velocity of the red ball at 0.6s in cm/s?,diameter of the red ball = 7cm,"t=0.2s, distance_book_camera=1.0995m
t=0.6s, distance_book_camera=1.1510m
distance_person_left_camera=1.2750m
distance_person_right_camera=1.2305m",48.0
2470,captured_0027s,lab,S3SS,24,SD,What is the acceleration of the red ball at 0.2s in cm/s^2?,diameter of the red ball = 7cm,"t=0.2s, distance_book_camera=1.0995m
t=0.6s, distance_book_camera=1.1510m
distance_person_left_camera=1.2750m
distance_person_right_camera=1.2305m",560.0
2471,captured_0027x,lab,S3SX,24,SD,What is the velocity of the red ball at 0.2s in cm/s?,diameter of the red ball = 7cm,"t=0.2s, distance_book_camera=1.0995m
t=0.6s, distance_book_camera=1.1510m
distance_person_left_camera=1.2750m
distance_person_right_camera=1.2305m",19.0
2472,captured_0027x,lab,S3SX,24,SD,What is the velocity of the red ball at 0.6s in cm/s?,diameter of the red ball = 7cm,"t=0.2s, distance_book_camera=1.0995m
t=0.6s, distance_book_camera=1.1510m
distance_person_left_camera=1.2750m
distance_person_right_camera=1.2305m",49.0
2473,captured_0027x,lab,S3SX,24,SD,What is the acceleration of the red ball at 0.2s in cm/s^2?,diameter of the red ball = 7cm,"t=0.2s, distance_book_camera=1.0995m
t=0.6s, distance_book_camera=1.1510m
distance_person_left_camera=1.2750m
distance_person_right_camera=1.2305m",410.0
2474,captured_0028,lab,S3SC,24,SD,What is the velocity of the ping pong ball at 1.0s in cm/s?,diameter of the ping pong ball = 40mm,"t=1.0s, distance_ball_camera=1.8050m
t=1.1s, distance_ball_camera=1.5570m
t=1.3s (max height), distance_ball_camera=1.4115m",385.0
2475,captured_0028,lab,S3SC,24,SD,What is the velocity of the ping pong ball at 1.3s in cm/s?,diameter of the ping pong ball = 40mm,"t=1.0s, distance_ball_camera=1.8050m
t=1.1s, distance_ball_camera=1.5570m
t=1.3s (max height), distance_ball_camera=1.4115m",75.0
2476,captured_0028,lab,S3SC,24,SD,What is the acceleration of the ping pong ball at 1.0s in cm/s^2?,diameter of the ping pong ball = 40mm,"t=1.0s, distance_ball_camera=1.8050m
t=1.1s, distance_ball_camera=1.5570m
t=1.3s (max height), distance_ball_camera=1.4115m",980.0
2477,captured_0028,lab,S3SC,24,SD,What is the acceleration of the ping pong ball at 1.3s in cm/s^2?,diameter of the ping pong ball = 40mm,"t=1.0s, distance_ball_camera=1.8050m
t=1.1s, distance_ball_camera=1.5570m
t=1.3s (max height), distance_ball_camera=1.4115m",980.0
2478,captured_0028,lab,S3SC,24,SS,What is the distance travelled by the ping pong ball between 1.1s and 1.3s in cm?,diameter of the ping pong ball = 40mm,"t=1.0s, distance_ball_camera=1.8050m
t=1.1s, distance_ball_camera=1.5570m
t=1.3s (max height), distance_ball_camera=1.4115m",25.0
2479,captured_0028,lab,S3SC,24,SS,What is the maximum height reached by the ping pong ball in cm?,diameter of the ping pong ball = 40mm,"t=1.0s, distance_ball_camera=1.8050m
t=1.1s, distance_ball_camera=1.5570m
t=1.3s (max height), distance_ball_camera=1.4115m",44.0
2480,captured_0028s,lab,S3SS,24,SD,What is the velocity of the ping pong ball at 1.0s in cm/s?,diameter of the ping pong ball = 40mm,"t=1.0s, distance_ball_camera=1.8050m
t=1.1s, distance_ball_camera=1.5570m
t=1.3s (max height), distance_ball_camera=1.4115m",182.0
2481,captured_0028s,lab,S3SS,24,SD,What is the velocity of the ping pong ball at 1.3s in cm/s?,diameter of the ping pong ball = 40mm,"t=1.0s, distance_ball_camera=1.8050m
t=1.1s, distance_ball_camera=1.5570m
t=1.3s (max height), distance_ball_camera=1.4115m",10.0
2482,captured_0028s,lab,S3SS,24,SD,What is the acceleration of the ping pong ball at 1.0s in cm/s^2?,diameter of the ping pong ball = 40mm,"t=1.0s, distance_ball_camera=1.8050m
t=1.1s, distance_ball_camera=1.5570m
t=1.3s (max height), distance_ball_camera=1.4115m",980.0
2483,captured_0028s,lab,S3SS,24,SD,What is the acceleration of the ping pong ball at 1.3s in cm/s^2?,diameter of the ping pong ball = 40mm,"t=1.0s, distance_ball_camera=1.8050m
t=1.1s, distance_ball_camera=1.5570m
t=1.3s (max height), distance_ball_camera=1.4115m",980.0
2484,captured_0028s,lab,S3SS,24,SS,What is the distance travelled by the ping pong ball between 1.1s and 1.3s in cm?,diameter of the ping pong ball = 40mm,"t=1.0s, distance_ball_camera=1.8050m
t=1.1s, distance_ball_camera=1.5570m
t=1.3s (max height), distance_ball_camera=1.4115m",22.0
2485,captured_0028s,lab,S3SS,24,SS,What is the maximum height reached by the ping pong ball in cm?,diameter of the ping pong ball = 40mm,"t=1.0s, distance_ball_camera=1.8050m
t=1.1s, distance_ball_camera=1.5570m
t=1.3s (max height), distance_ball_camera=1.4115m",23.0
2486,captured_0028x,lab,S3SX,24,SD,What is the velocity of the ping pong ball at 1.0s in cm/s?,diameter of the ping pong ball = 40mm,"t=1.0s, distance_ball_camera=1.8050m
t=1.1s, distance_ball_camera=1.5570m
t=1.3s (max height), distance_ball_camera=1.4115m",135.0
2487,captured_0028x,lab,S3SX,24,SD,What is the velocity of the ping pong ball at 1.3s in cm/s?,diameter of the ping pong ball = 40mm,"t=1.0s, distance_ball_camera=1.8050m
t=1.1s, distance_ball_camera=1.5570m
t=1.3s (max height), distance_ball_camera=1.4115m",10.0
2488,captured_0028x,lab,S3SX,24,SD,What is the acceleration of the ping pong ball at 1.0s in cm/s^2?,diameter of the ping pong ball = 40mm,"t=1.0s, distance_ball_camera=1.8050m
t=1.1s, distance_ball_camera=1.5570m
t=1.3s (max height), distance_ball_camera=1.4115m",980.0
2489,captured_0028x,lab,S3SX,24,SD,What is the acceleration of the ping pong ball at 1.3s in cm/s^2?,diameter of the ping pong ball = 40mm,"t=1.0s, distance_ball_camera=1.8050m
t=1.1s, distance_ball_camera=1.5570m
t=1.3s (max height), distance_ball_camera=1.4115m",980.0
2490,captured_0028x,lab,S3SX,24,SS,What is the distance travelled by the ping pong ball between 1.1s and 1.3s in cm?,diameter of the ping pong ball = 40mm,"t=1.0s, distance_ball_camera=1.8050m
t=1.1s, distance_ball_camera=1.5570m
t=1.3s (max height), distance_ball_camera=1.4115m",20.0
2491,captured_0028x,lab,S3SX,24,SS,What is the maximum height reached by the ping pong ball in cm?,diameter of the ping pong ball = 40mm,"t=1.0s, distance_ball_camera=1.8050m
t=1.1s, distance_ball_camera=1.5570m
t=1.3s (max height), distance_ball_camera=1.4115m",22.0
2492,captured_0029,lab,S3SC,24,SS,What is the long of the table in cm?,diameter of the tennis ball = 6.7cm,"t=1.00s, distance_ball_camera=0.901s
t=1.24s (hit whiteboard), distance_ball_camera=1.1440m
t=1.6s, distance_ball_camera=1.0270m",77.0
2493,captured_0029,lab,S3SC,24,SS,What is the width of the table in cm?,diameter of the tennis ball = 6.7cm,"t=1.00s, distance_ball_camera=0.901s
t=1.24s (hit whiteboard), distance_ball_camera=1.1440m
t=1.6s, distance_ball_camera=1.0270m",53.0
2494,captured_0029,lab,S3SC,24,SD,What is the velocity of the tennis ball at 1.0s in cm/s?,diameter of the tennis ball = 6.7cm,"t=1.00s, distance_ball_camera=0.901s
t=1.24s (hit whiteboard), distance_ball_camera=1.1440m
t=1.6s, distance_ball_camera=1.0270m",112.0
2495,captured_0029,lab,S3SC,24,SD,What is the velocity of the tennis ball when it hits the whiteboard in cm/s?,diameter of the tennis ball = 6.7cm,"t=1.00s, distance_ball_camera=0.901s
t=1.24s (hit whiteboard), distance_ball_camera=1.1440m
t=1.6s, distance_ball_camera=1.0270m",100.0
2496,captured_0029,lab,S3SC,24,SD,What is the velocity of the tennis ball at 1.6s in cm/s?,diameter of the tennis ball = 6.7cm,"t=1.00s, distance_ball_camera=0.901s
t=1.24s (hit whiteboard), distance_ball_camera=1.1440m
t=1.6s, distance_ball_camera=1.0270m",38.0
2497,captured_0029,lab,S3SC,24,SS,What is the distance travelled by the tennis ball when it hits the whiteboard in cm?,diameter of the tennis ball = 6.7cm,"t=1.00s, distance_ball_camera=0.901s
t=1.24s (hit whiteboard), distance_ball_camera=1.1440m
t=1.6s, distance_ball_camera=1.0270m",27.0
2498,captured_0029s,lab,S3SS,24,SS,What is the length of the table in cm?,diameter of the tennis ball = 6.7cm,"t=1.00s, distance_ball_camera=0.901s
t=1.24s (hit whiteboard), distance_ball_camera=1.1440m
t=1.6s, distance_ball_camera=1.0270m",74.0
2499,captured_0029s,lab,S3SS,24,SS,What is the width of the table in cm?,diameter of the tennis ball = 6.7cm,"t=1.00s, distance_ball_camera=0.901s
t=1.24s (hit whiteboard), distance_ball_camera=1.1440m
t=1.6s, distance_ball_camera=1.0270m",58.0
2500,captured_0029s,lab,S3SS,24,SD,What is the velocity of the tennis ball at 1.0s in cm/s?,diameter of the tennis ball = 6.7cm,"t=1.00s, distance_ball_camera=0.901s
t=1.24s (hit whiteboard), distance_ball_camera=1.1440m
t=1.6s, distance_ball_camera=1.0270m",130.0
2501,captured_0029s,lab,S3SS,24,SD,What is the velocity of the tennis ball at 1.6s in cm/s?,diameter of the tennis ball = 6.7cm,"t=1.00s, distance_ball_camera=0.901s
t=1.24s (hit whiteboard), distance_ball_camera=1.1440m
t=1.6s, distance_ball_camera=1.0270m",48.0
2502,captured_0029s,lab,S3SS,24,SS,What is the distance travelled by the tennis ball when it hits the whiteboard in cm?,diameter of the tennis ball = 6.7cm,"t=1.00s, distance_ball_camera=0.901s
t=1.24s (hit whiteboard), distance_ball_camera=1.1440m
t=1.6s, distance_ball_camera=1.0270m",72.0
2503,captured_0029x,lab,S3SX,24,SS,What is the length of the table in cm?,diameter of the tennis ball = 6.7cm,"t=1.00s, distance_ball_camera=0.901s
t=1.24s (hit whiteboard), distance_ball_camera=1.1440m
t=1.6s, distance_ball_camera=1.0270m",60.0
2504,captured_0029x,lab,S3SX,24,SS,What is the width of the table in cm?,diameter of the tennis ball = 6.7cm,"t=1.00s, distance_ball_camera=0.901s
t=1.24s (hit whiteboard), distance_ball_camera=1.1440m
t=1.6s, distance_ball_camera=1.0270m",50.0
2505,captured_0029x,lab,S3SX,24,SD,What is the velocity of the tennis ball at 1.0s in cm/s?,diameter of the tennis ball = 6.7cm,"t=1.00s, distance_ball_camera=0.901s
t=1.24s (hit whiteboard), distance_ball_camera=1.1440m
t=1.6s, distance_ball_camera=1.0270m",125.0
2506,captured_0029x,lab,S3SX,24,SD,What is the velocity of the tennis ball at 1.6s in cm/s?,diameter of the tennis ball = 6.7cm,"t=1.00s, distance_ball_camera=0.901s
t=1.24s (hit whiteboard), distance_ball_camera=1.1440m
t=1.6s, distance_ball_camera=1.0270m",50.0
2507,captured_0029x,lab,S3SX,24,SS,What is the distance travelled by the tennis ball when it hits the whiteboard in cm?,diameter of the tennis ball = 6.7cm,"t=1.00s, distance_ball_camera=0.901s
t=1.24s (hit whiteboard), distance_ball_camera=1.1440m
t=1.6s, distance_ball_camera=1.0270m",75.0
2508,captured_0030,lab,S3SC,24,SD,What is the velocity of the red ball at 0.2s in cm/s?,diameter of the red ball = 7cm,"t=0.2s, distance_ball_camera=0.8715s
t=0.4s, distance_ball_camera=1.1660m
t=0.6s, distance_ball_camera=1.3720m
t=0.8s, distance_ball_camera=1.3150m",150.0
2509,captured_0030,lab,S3SC,24,SD,What is the velocity of the red ball at 0.4s in cm/s?,diameter of the red ball = 7cm,"t=0.2s, distance_ball_camera=0.8715s
t=0.4s, distance_ball_camera=1.1660m
t=0.6s, distance_ball_camera=1.3720m
t=0.8s, distance_ball_camera=1.3150m",140.0
2510,captured_0030,lab,S3SC,24,SD,What is the velocity of the red ball at 0.6s in cm/s?,diameter of the red ball = 7cm,"t=0.2s, distance_ball_camera=0.8715s
t=0.4s, distance_ball_camera=1.1660m
t=0.6s, distance_ball_camera=1.3720m
t=0.8s, distance_ball_camera=1.3150m",170.0
2511,captured_0030,lab,S3SC,24,SD,What is the velocity of the red ball at 0.8s in cm/s?,diameter of the red ball = 7cm,"t=0.2s, distance_ball_camera=0.8715s
t=0.4s, distance_ball_camera=1.1660m
t=0.6s, distance_ball_camera=1.3720m
t=0.8s, distance_ball_camera=1.3150m",200.0
2512,captured_0030s,lab,S3SS,24,SD,What is the velocity of the red ball at 0.2s in cm/s?,diameter of the red ball = 7cm,"t=0.2s, distance_ball_camera=0.8715s
t=0.4s, distance_ball_camera=1.1660m
t=0.6s, distance_ball_camera=1.3720m
t=0.8s, distance_ball_camera=1.3150m",185.0
2513,captured_0030s,lab,S3SS,24,SD,What is the velocity of the red ball at 0.4s in cm/s?,diameter of the red ball = 7cm,"t=0.2s, distance_ball_camera=0.8715s
t=0.4s, distance_ball_camera=1.1660m
t=0.6s, distance_ball_camera=1.3720m
t=0.8s, distance_ball_camera=1.3150m",150.0
2514,captured_0030s,lab,S3SS,24,SD,What is the velocity of the red ball at 0.6s in cm/s?,diameter of the red ball = 7cm,"t=0.2s, distance_ball_camera=0.8715s
t=0.4s, distance_ball_camera=1.1660m
t=0.6s, distance_ball_camera=1.3720m
t=0.8s, distance_ball_camera=1.3150m",168.0
2515,captured_0030s,lab,S3SS,24,SD,What is the velocity of the red ball at 0.8s in cm/s?,diameter of the red ball = 7cm,"t=0.2s, distance_ball_camera=0.8715s
t=0.4s, distance_ball_camera=1.1660m
t=0.6s, distance_ball_camera=1.3720m
t=0.8s, distance_ball_camera=1.3150m",172.0
2516,captured_0030x,lab,S3SX,24,SD,What is the velocity of the red ball at 0.2s in cm/s?,diameter of the red ball = 7cm,"t=0.2s, distance_ball_camera=0.8715s
t=0.4s, distance_ball_camera=1.1660m
t=0.6s, distance_ball_camera=1.3720m
t=0.8s, distance_ball_camera=1.3150m",160.0
2517,captured_0030x,lab,S3SX,24,SD,What is the velocity of the red ball at 0.4s in cm/s?,diameter of the red ball = 7cm,"t=0.2s, distance_ball_camera=0.8715s
t=0.4s, distance_ball_camera=1.1660m
t=0.6s, distance_ball_camera=1.3720m
t=0.8s, distance_ball_camera=1.3150m",150.0
2518,captured_0030x,lab,S3SX,24,SD,What is the velocity of the red ball at 0.6s in cm/s?,diameter of the red ball = 7cm,"t=0.2s, distance_ball_camera=0.8715s
t=0.4s, distance_ball_camera=1.1660m
t=0.6s, distance_ball_camera=1.3720m
t=0.8s, distance_ball_camera=1.3150m",160.0
2519,captured_0030x,lab,S3SX,24,SD,What is the velocity of the red ball at 0.8s in cm/s?,diameter of the red ball = 7cm,"t=0.2s, distance_ball_camera=0.8715s
t=0.4s, distance_ball_camera=1.1660m
t=0.6s, distance_ball_camera=1.3720m
t=0.8s, distance_ball_camera=1.3150m",160.0
2520,captured_0031,lab,S3MC,24,SS,What is the diameter of the white ball in cm?,diameter of the tennis ball = 6.7cm,"t=1.6s, distance_tennis_ball_camera = 1.1900m
t=1.6s, distance_white_ball_camera = 0.9940m",2.7
2521,captured_0031,lab,S3MC,24,SS,What is the width of the table in cm?,diameter of the tennis ball = 6.7cm,"t=1.6s, distance_tennis_ball_camera = 1.1900m
t=1.6s, distance_white_ball_camera = 0.9940m",64.0
2522,captured_0031,lab,S3MC,24,SS,What is the length of the table in cm?,diameter of the tennis ball = 6.7cm,"t=1.6s, distance_tennis_ball_camera = 1.1900m
t=1.6s, distance_white_ball_camera = 0.9940m",64.0
2523,captured_0031,lab,S3MC,24,SD,What is the velocity of the tennis ball at 1.6s in cm/s?,diameter of the tennis ball = 6.7cm,"t=1.6s, distance_tennis_ball_camera = 1.1900m
t=1.6s, distance_white_ball_camera = 0.9940m",80.0
2524,captured_0031,lab,S3MC,24,SD,What is the velocity of the white ball at 1.6s in cm/s?,diameter of the tennis ball = 6.7cm,"t=1.6s, distance_tennis_ball_camera = 1.1900m
t=1.6s, distance_white_ball_camera = 0.9940m",30.0
2525,captured_0031,lab,S3MC,24,SS,What is the distance between the ping pong ball and the tennis ball at 1.6s in cm?,diameter of the tennis ball = 6.7cm,"t=1.6s, distance_tennis_ball_camera = 1.1900m
t=1.6s, distance_white_ball_camera = 0.9940m",22.0
2526,captured_0031s,lab,S3MS,24,SS,What is the diameter of the white ball in cm?,diameter of the tennis ball = 6.7cm,"t=1.6s, distance_tennis_ball_camera = 1.1900m
t=1.6s, distance_white_ball_camera = 0.9940m",3.0
2527,captured_0031s,lab,S3MS,24,SS,What is the width of the table in cm?,diameter of the tennis ball = 6.7cm,"t=1.6s, distance_tennis_ball_camera = 1.1900m
t=1.6s, distance_white_ball_camera = 0.9940m",64.0
2528,captured_0031s,lab,S3MS,24,SS,What is the length of the table in cm?,diameter of the tennis ball = 6.7cm,"t=1.6s, distance_tennis_ball_camera = 1.1900m
t=1.6s, distance_white_ball_camera = 0.9940m",95.0
2529,captured_0031s,lab,S3MS,24,SD,What is the velocity of the tennis ball at 1.6s in cm/s?,diameter of the tennis ball = 6.7cm,"t=1.6s, distance_tennis_ball_camera = 1.1900m
t=1.6s, distance_white_ball_camera = 0.9940m",75.0
2530,captured_0031s,lab,S3MS,24,SD,What is the velocity of the white ball at 1.6s in cm/s?,diameter of the tennis ball = 6.7cm,"t=1.6s, distance_tennis_ball_camera = 1.1900m
t=1.6s, distance_white_ball_camera = 0.9940m",33.0
2531,captured_0031s,lab,S3MS,24,SS,What is the distance between the white ball and the tennis ball at 1.6s in cm?,diameter of the tennis ball = 6.7cm,"t=1.6s, distance_tennis_ball_camera = 1.1900m
t=1.6s, distance_white_ball_camera = 0.9940m",22.0
2532,captured_0031x,lab,S3MX,24,SS,What is the diameter of the white ball in cm?,diameter of the tennis ball = 6.7cm,"t=1.6s, distance_tennis_ball_camera = 1.1900m
t=1.6s, distance_white_ball_camera = 0.9940m",2.5
2533,captured_0031x,lab,S3MX,24,SS,What is the width of the table in cm?,diameter of the tennis ball = 6.7cm,"t=1.6s, distance_tennis_ball_camera = 1.1900m
t=1.6s, distance_white_ball_camera = 0.9940m",60.0
2534,captured_0031x,lab,S3MX,24,SD,What is the velocity of the tennis ball at 1.6s in cm/s?,diameter of the tennis ball = 6.7cm,"t=1.6s, distance_tennis_ball_camera = 1.1900m
t=1.6s, distance_white_ball_camera = 0.9940m",70.0
2535,captured_0031x,lab,S3MX,24,SD,What is the velocity of the white ball at 1.6s in cm/s?,diameter of the tennis ball = 6.7cm,"t=1.6s, distance_tennis_ball_camera = 1.1900m
t=1.6s, distance_white_ball_camera = 0.9940m",30.0
2536,captured_0031x,lab,S3MX,24,SS,What is the distance between the white ball and the tennis ball at 1.6s in cm?,diameter of the tennis ball = 6.7cm,"t=1.6s, distance_tennis_ball_camera = 1.1900m
t=1.6s, distance_ping_pong_ball_camera = 0.9940m",22.0
2537,captured_0032,lab,S3MC,24,SS,What is the velocity of the white ball at 1.6s in cm/s?,diameter of the tennis ball = 6.7cm,"t=1.5s, distance_tennis_ball_camera = 1.1830m
t=1.5s, distance_ping_pong_ball_camera = 1.3530m",25.0
2538,captured_0032,lab,S3MC,24,SS,What is the width of the table in cm?,diameter of the tennis ball = 6.7cm,"t=1.5s, distance_tennis_ball_camera = 1.1830m
t=1.5s, distance_ping_pong_ball_camera = 1.3530m",40.0
2539,captured_0032,lab,S3MC,24,SS,What is the length of the table in cm?,diameter of the tennis ball = 6.7cm,"t=1.5s, distance_tennis_ball_camera = 1.1830m
t=1.5s, distance_ping_pong_ball_camera = 1.3530m",68.0
2540,captured_0032,lab,S3MC,24,SD,What is the velocity of the tennis ball at 1.5s in cm/s?,diameter of the tennis ball = 6.7cm,"t=1.5s, distance_tennis_ball_camera = 1.1830m
t=1.5s, distance_ping_pong_ball_camera = 1.3530m",72.0
2541,captured_0032,lab,S3MC,24,SD,What is the velocity of the white ball at 1.5s in cm/s?,diameter of the tennis ball = 6.7cm,"t=1.5s, distance_tennis_ball_camera = 1.1830m
t=1.5s, distance_ping_pong_ball_camera = 1.3530m",31.0
2542,captured_0032,lab,S3MC,24,SS,What is the distance between the white ball and the tennis ball at 1.5s in cm?,diameter of the tennis ball = 6.7cm,"t=1.5s, distance_tennis_ball_camera = 1.1830m
t=1.5s, distance_ping_pong_ball_camera = 1.3530m",28.0
2543,captured_0032s,lab,S3MS,24,SS,What is the diameter of the white ball in cm?,diameter of the tennis ball = 6.7cm,"t=1.5s, distance_tennis_ball_camera = 1.1830m
t=1.5s, distance_ping_pong_ball_camera = 1.3530m",4.0
2544,captured_0032s,lab,S3MS,24,SS,What is the width of the table in cm?,diameter of the tennis ball = 6.7cm,"t=1.5s, distance_tennis_ball_camera = 1.1830m
t=1.5s, distance_ping_pong_ball_camera = 1.3530m",55.0
2545,captured_0032s,lab,S3MS,24,SS,What is the length of the table in cm?,diameter of the tennis ball = 6.7cm,"t=1.5s, distance_tennis_ball_camera = 1.1830m
t=1.5s, distance_ping_pong_ball_camera = 1.3530m",77.0
2546,captured_0032s,lab,S3MS,24,SD,What is the velocity of the tennis ball at 1.5s in cm/s?,diameter of the tennis ball = 6.7cm,"t=1.5s, distance_tennis_ball_camera = 1.1830m
t=1.5s, distance_ping_pong_ball_camera = 1.3530m",90.0
2547,captured_0032s,lab,S3MS,24,SD,What is the velocity of the white ball at 1.5s in cm/s?,diameter of the tennis ball = 6.7cm,"t=1.5s, distance_tennis_ball_camera = 1.1830m
t=1.5s, distance_ping_pong_ball_camera = 1.3530m",50.0
2548,captured_0032s,lab,S3MS,24,SS,What is the distance between the white ball and the tennis ball at 1.5s in cm?,diameter of the tennis ball = 6.7cm,"t=1.5s, distance_tennis_ball_camera = 1.1830m
t=1.5s, distance_ping_pong_ball_camera = 1.3530m",27.0
2549,captured_0032x,lab,S3MX,24,SS,What is the diameter of the white ball in cm?,diameter of the tennis ball = 6.7cm,"t=1.5s, distance_tennis_ball_camera = 1.1830m
t=1.5s, distance_ping_pong_ball_camera = 1.3530m",4.1
2550,captured_0032x,lab,S3MX,24,SS,What is the width of the table in cm?,diameter of the tennis ball = 6.7cm,"t=1.5s, distance_tennis_ball_camera = 1.1830m
t=1.5s, distance_ping_pong_ball_camera = 1.3530m",75.0
2551,captured_0032x,lab,S3MX,24,SS,What is the length of the table in cm?,diameter of the tennis ball = 6.7cm,"t=1.5s, distance_tennis_ball_camera = 1.1830m
t=1.5s, distance_ping_pong_ball_camera = 1.3530m",60.0
2552,captured_0032x,lab,S3MX,24,SD,What is the velocity of the tennis ball at 1.5s in cm/s?,diameter of the tennis ball = 6.7cm,"t=1.5s, distance_tennis_ball_camera = 1.1830m
t=1.5s, distance_ping_pong_ball_camera = 1.3530m",75.0
2553,captured_0032x,lab,S3MX,24,SD,What is the velocity of the white ball at 1.5s in cm/s?,diameter of the tennis ball = 6.7cm,"t=1.5s, distance_tennis_ball_camera = 1.1830m
t=1.5s, distance_ping_pong_ball_camera = 1.3530m",36.0
2554,captured_0032x,lab,S3MX,24,SS,What is the distance between the white ball and the tennis ball at 1.5s in cm?,diameter of the tennis ball = 6.7cm,"t=1.5s, distance_tennis_ball_camera = 1.1830m
t=1.5s, distance_ping_pong_ball_camera = 1.3530m",27.0
2555,captured_0033,lab,S3SC,24,SD,What is the velocity of the ping pong ball at 0.5s in cm/s?,diameter of the ping pong ball = 40mm,"t=0.9s, distance_ping_pong_ball_camera = 1.4570m
t=1.4s, distance_ping_pong_ball_camera = 0.7380m",190.0
2556,captured_0033,lab,S3SC,24,SD,What is the velocity of the ping pong ball at 1.4s in cm/s?,diameter of the ping pong ball = 40mm,"t=0.9s, distance_ping_pong_ball_camera = 1.4570m
t=1.4s, distance_ping_pong_ball_camera = 0.7380m",135.0
2557,captured_0033,lab,S3SC,24,SD,What is the velocity of the ping pong ball at 1.5s in cm/s?,diameter of the ping pong ball = 40mm,"t=0.9s, distance_ping_pong_ball_camera = 1.4570m
t=1.4s, distance_ping_pong_ball_camera = 0.7380m",170.0
2558,captured_0033s,lab,S3SS,24,SD,What is the velocity of the ping pong ball at 0.5s in cm/s?,diameter of the ping pong ball = 40mm,"t=0.9s, distance_ping_pong_ball_camera = 1.4570m
t=1.4s, distance_ping_pong_ball_camera = 0.7380m",190.0
2559,captured_0033s,lab,S3SS,24,SD,What is the velocity of the ping pong ball at 1.4s in cm/s?,diameter of the ping pong ball = 40mm,"t=0.9s, distance_ping_pong_ball_camera = 1.4570m
t=1.4s, distance_ping_pong_ball_camera = 0.7380m",125.0
2560,captured_0033s,lab,S3SS,24,SD,What is the velocity of the ping pong ball at 1.5s in cm/s?,diameter of the ping pong ball = 40mm,"t=0.9s, distance_ping_pong_ball_camera = 1.4570m
t=1.4s, distance_ping_pong_ball_camera = 0.7380m",160.0
2561,captured_0033x,lab,S3SX,24,SD,What is the velocity of the ping pong ball at 0.5s in cm/s?,diameter of the ping pong ball = 40mm,"t=0.9s, distance_ping_pong_ball_camera = 1.4570m
t=1.4s, distance_ping_pong_ball_camera = 0.7380m",245.0
2562,captured_0033x,lab,S3SX,24,SD,What is the velocity of the ping pong ball at 1.4s in cm/s?,diameter of the ping pong ball = 40mm,"t=0.9s, distance_ping_pong_ball_camera = 1.4570m
t=1.4s, distance_ping_pong_ball_camera = 0.7380m",145.0
2563,captured_0033x,lab,S3SX,24,SD,What is the velocity of the ping pong ball at 1.5s in cm/s?,diameter of the ping pong ball = 40mm,"t=0.9s, distance_ping_pong_ball_camera = 1.4570m
t=1.4s, distance_ping_pong_ball_camera = 0.7380m",180.0
2564,captured_0034a,lab,S3MC,24,SD,What is the velocity of the left tennis ball at 1.2s in cm/s?,diameter of the tennis ball = 6.7cm,"t=1.2s, distance_right_tennis_ball_camera = 0.7760m
t=1.2s, distance_left_tennis_ball_camera = 0.7060m
distance_pencil_bag_camera = 1.0500m
distance_soccer_ball_camera = 0.8940m",63.0
2565,captured_0034a,lab,S3MC,24,SD,What is the velocity of the right tennis ball at 1.2s in cm/s?,diameter of the tennis ball = 6.7cm,"t=1.2s, distance_right_tennis_ball_camera = 0.7760m
t=1.2s, distance_left_tennis_ball_camera = 0.7060m
distance_pencil_bag_camera = 1.0500m
distance_soccer_ball_camera = 0.8940m",56.0
2566,captured_0034a,lab,S3MC,24,SS,What is the height of the pencil bag in cm?,diameter of the tennis ball = 6.7cm,"t=1.2s, distance_right_tennis_ball_camera = 0.7760m
t=1.2s, distance_left_tennis_ball_camera = 0.7060m
distance_pencil_bag_camera = 1.0500m
distance_soccer_ball_camera = 0.8940m",6.3
2567,captured_0034a,lab,S3MC,24,SS,What is the length of the pencil bag in cm?,diameter of the tennis ball = 6.7cm,"t=1.2s, distance_right_tennis_ball_camera = 0.7760m
t=1.2s, distance_left_tennis_ball_camera = 0.7060m
distance_pencil_bag_camera = 1.0500m
distance_soccer_ball_camera = 0.8940m",17.1
2568,captured_0034a,lab,S3MC,24,SS,What is the diameter of the soccer ball in cm?,diameter of the tennis ball = 6.7cm,"t=1.2s, distance_right_tennis_ball_camera = 0.7760m
t=1.2s, distance_left_tennis_ball_camera = 0.7060m
distance_pencil_bag_camera = 1.0500m
distance_soccer_ball_camera = 0.8940m",15.7
2569,captured_0034a,lab,S3MC,24,SD,What is the velocity of the left tennis ball at 1.3s in cm/s?,diameter of the tennis ball = 6.7cm,"t=1.2s, distance_right_tennis_ball_camera = 0.7760m
t=1.2s, distance_left_tennis_ball_camera = 0.7060m
distance_pencil_bag_camera = 1.0500m
distance_soccer_ball_camera = 0.8940m",55.0
2570,captured_0034a,lab,S3MC,24,SD,What is the velocity of the right tennis ball at 1.3s in cm/s?,diameter of the tennis ball = 6.7cm,"t=1.2s, distance_right_tennis_ball_camera = 0.7760m
t=1.2s, distance_left_tennis_ball_camera = 0.7060m
distance_pencil_bag_camera = 1.0500m
distance_soccer_ball_camera = 0.8940m",57.0
2571,captured_0034a,lab,S3MC,24,SS,What is the total distance traveled by the left tennis ball in cm?,diameter of the tennis ball = 6.7cm,"t=1.2s, distance_right_tennis_ball_camera = 0.7760m
t=1.2s, distance_left_tennis_ball_camera = 0.7060m
distance_pencil_bag_camera = 1.0500m
distance_soccer_ball_camera = 0.8940m",32.0
2572,captured_0034a,lab,S3MC,24,SS,What is the total distance traveled by the right tennis ball in cm?,diameter of the tennis ball = 6.7cm,"t=1.2s, distance_right_tennis_ball_camera = 0.7760m
t=1.2s, distance_left_tennis_ball_camera = 0.7060m
distance_pencil_bag_camera = 1.0500m
distance_soccer_ball_camera = 0.8940m",40.0
2573,captured_0034as,lab,S3MS,24,SD,What is the velocity of the left tennis ball at 1.2s in cm/s?,diameter of the tennis ball = 6.7cm,"t=1.2s, distance_right_tennis_ball_camera = 0.7760m
t=1.2s, distance_left_tennis_ball_camera = 0.7060m
distance_pencil_bag_camera = 1.0500m
distance_soccer_ball_camera = 0.8940m",54.0
2574,captured_0034as,lab,S3MS,24,SD,What is the velocity of the right tennis ball at 1.2s in cm/s?,diameter of the tennis ball = 6.7cm,"t=1.2s, distance_right_tennis_ball_camera = 0.7760m
t=1.2s, distance_left_tennis_ball_camera = 0.7060m
distance_pencil_bag_camera = 1.0500m
distance_soccer_ball_camera = 0.8940m",52.0
2575,captured_0034as,lab,S3MS,24,SS,What is the height of the pencil bag in cm?,diameter of the tennis ball = 6.7cm,"t=1.2s, distance_right_tennis_ball_camera = 0.7760m
t=1.2s, distance_left_tennis_ball_camera = 0.7060m
distance_pencil_bag_camera = 1.0500m
distance_soccer_ball_camera = 0.8940m",5.3
2576,captured_0034as,lab,S3MS,24,SS,What is the length of the pencil bag in cm?,diameter of the tennis ball = 6.7cm,"t=1.2s, distance_right_tennis_ball_camera = 0.7760m
t=1.2s, distance_left_tennis_ball_camera = 0.7060m
distance_pencil_bag_camera = 1.0500m
distance_soccer_ball_camera = 0.8940m",15.1
2577,captured_0034as,lab,S3MS,24,SS,What is the diameter of the soccer ball in cm?,diameter of the tennis ball = 6.7cm,"t=1.2s, distance_right_tennis_ball_camera = 0.7760m
t=1.2s, distance_left_tennis_ball_camera = 0.7060m
distance_pencil_bag_camera = 1.0500m
distance_soccer_ball_camera = 0.8940m",13.9
2578,captured_0034as,lab,S3MS,24,SD,What is the velocity of the left tennis ball at 1.3s in cm/s?,diameter of the tennis ball = 6.7cm,"t=1.2s, distance_right_tennis_ball_camera = 0.7760m
t=1.2s, distance_left_tennis_ball_camera = 0.7060m
distance_pencil_bag_camera = 1.0500m
distance_soccer_ball_camera = 0.8940m",50.0
2579,captured_0034as,lab,S3MS,24,SD,What is the velocity of the right tennis ball at 1.3s in cm/s?,diameter of the tennis ball = 6.7cm,"t=1.2s, distance_right_tennis_ball_camera = 0.7760m
t=1.2s, distance_left_tennis_ball_camera = 0.7060m
distance_pencil_bag_camera = 1.0500m
distance_soccer_ball_camera = 0.8940m",52.0
2580,captured_0034as,lab,S3MS,24,SS,What is the total distance traveled by the left tennis ball in cm?,diameter of the tennis ball = 6.7cm,"t=1.2s, distance_right_tennis_ball_camera = 0.7760m
t=1.2s, distance_left_tennis_ball_camera = 0.7060m
distance_pencil_bag_camera = 1.0500m
distance_soccer_ball_camera = 0.8940m",28.0
2581,captured_0034as,lab,S3MS,24,SS,What is the total distance traveled by the right tennis ball in cm?,diameter of the tennis ball = 6.7cm,"t=1.2s, distance_right_tennis_ball_camera = 0.7760m
t=1.2s, distance_left_tennis_ball_camera = 0.7060m
distance_pencil_bag_camera = 1.0500m
distance_soccer_ball_camera = 0.8940m",37.0
2582,captured_0034ax,lab,S3MX,24,SD,What is the velocity of the left tennis ball at 1.2s in cm/s?,diameter of the tennis ball = 6.7cm,"t=1.2s, distance_right_tennis_ball_camera = 0.7760m
t=1.2s, distance_left_tennis_ball_camera = 0.7060m
distance_pencil_bag_camera = 1.0500m
distance_soccer_ball_camera = 0.8940m",64.0
2583,captured_0034ax,lab,S3MX,24,SD,What is the velocity of the right tennis ball at 1.2s in cm/s?,diameter of the tennis ball = 6.7cm,"t=1.2s, distance_right_tennis_ball_camera = 0.7760m
t=1.2s, distance_left_tennis_ball_camera = 0.7060m
distance_pencil_bag_camera = 1.0500m
distance_soccer_ball_camera = 0.8940m",60.0
2584,captured_0034ax,lab,S3MX,24,SS,What is the height of the pencil bag in cm?,diameter of the tennis ball = 6.7cm,"t=1.2s, distance_right_tennis_ball_camera = 0.7760m
t=1.2s, distance_left_tennis_ball_camera = 0.7060m
distance_pencil_bag_camera = 1.0500m
distance_soccer_ball_camera = 0.8940m",6.6
2585,captured_0034ax,lab,S3MX,24,SS,What is the length of the pencil bag in cm?,diameter of the tennis ball = 6.7cm,"t=1.2s, distance_right_tennis_ball_camera = 0.7760m
t=1.2s, distance_left_tennis_ball_camera = 0.7060m
distance_pencil_bag_camera = 1.0500m
distance_soccer_ball_camera = 0.8940m",18.3
2586,captured_0034ax,lab,S3MX,24,SS,What is the diameter of the soccer ball in cm?,diameter of the tennis ball = 6.7cm,"t=1.2s, distance_right_tennis_ball_camera = 0.7760m
t=1.2s, distance_left_tennis_ball_camera = 0.7060m
distance_pencil_bag_camera = 1.0500m
distance_soccer_ball_camera = 0.8940m",16.7
2587,captured_0034ax,lab,S3MX,24,SD,What is the velocity of the left tennis ball at 1.3s in cm/s?,diameter of the tennis ball = 6.7cm,"t=1.2s, distance_right_tennis_ball_camera = 0.7760m
t=1.2s, distance_left_tennis_ball_camera = 0.7060m
distance_pencil_bag_camera = 1.0500m
distance_soccer_ball_camera = 0.8940m",58.0
2588,captured_0034ax,lab,S3MX,24,SD,What is the velocity of the right tennis ball at 1.3s in cm/s?,diameter of the tennis ball = 6.7cm,"t=1.2s, distance_right_tennis_ball_camera = 0.7760m
t=1.2s, distance_left_tennis_ball_camera = 0.7060m
distance_pencil_bag_camera = 1.0500m
distance_soccer_ball_camera = 0.8940m",59.0
2589,captured_0034ax,lab,S3MX,24,SS,What is the total distance traveled by the left tennis ball in cm?,diameter of the tennis ball = 6.7cm,"t=1.2s, distance_right_tennis_ball_camera = 0.7760m
t=1.2s, distance_left_tennis_ball_camera = 0.7060m
distance_pencil_bag_camera = 1.0500m
distance_soccer_ball_camera = 0.8940m",31.0
2590,captured_0034ax,lab,S3MX,24,SS,What is the total distance traveled by the right tennis ball in cm?,diameter of the tennis ball = 6.7cm,"t=1.2s, distance_right_tennis_ball_camera = 0.7760m
t=1.2s, distance_left_tennis_ball_camera = 0.7060m
distance_pencil_bag_camera = 1.0500m
distance_soccer_ball_camera = 0.8940m",42.6
2591,captured_0034b,lab,S3MC,24,SD,What is the velocity of the left tennis ball at 1.2s in cm/s?,diameter of the tennis ball = 6.7cm,"t=1.2s, distance_right_tennis_ball_camera = 0.7760m
t=1.2s, distance_left_tennis_ball_camera = 0.7060m
distance_pencil_bag_camera = 1.0500m
distance_soccer_ball_camera = 0.8940m",56.0
2592,captured_0034b,lab,S3MC,24,SD,What is the velocity of the right tennis ball at 1.2s in cm/s?,diameter of the tennis ball = 6.7cm,"t=1.2s, distance_right_tennis_ball_camera = 0.7760m
t=1.2s, distance_left_tennis_ball_camera = 0.7060m
distance_pencil_bag_camera = 1.0500m
distance_soccer_ball_camera = 0.8940m",65.0
2593,captured_0034b,lab,S3MC,24,SS,What is the height of the pencil bag in cm?,diameter of the tennis ball = 6.7cm,"t=1.2s, distance_right_tennis_ball_camera = 0.7760m
t=1.2s, distance_left_tennis_ball_camera = 0.7060m
distance_pencil_bag_camera = 1.0500m
distance_soccer_ball_camera = 0.8940m",7.5
2594,captured_0034b,lab,S3MC,24,SS,What is the length of the pencil bag in cm?,diameter of the tennis ball = 6.7cm,"t=1.2s, distance_right_tennis_ball_camera = 0.7760m
t=1.2s, distance_left_tennis_ball_camera = 0.7060m
distance_pencil_bag_camera = 1.0500m
distance_soccer_ball_camera = 0.8940m",29.0
2595,captured_0034b,lab,S3MC,24,SS,What is the diameter of the soccer ball in cm?,diameter of the tennis ball = 6.7cm,"t=1.2s, distance_right_tennis_ball_camera = 0.7760m
t=1.2s, distance_left_tennis_ball_camera = 0.7060m
distance_pencil_bag_camera = 1.0500m
distance_soccer_ball_camera = 0.8940m",23.4
2596,captured_0034b,lab,S3MC,24,SS,What is the total distance traveled by the left tennis ball in cm?,diameter of the tennis ball = 6.7cm,"t=1.2s, distance_right_tennis_ball_camera = 0.7760m
t=1.2s, distance_left_tennis_ball_camera = 0.7060m
distance_pencil_bag_camera = 1.0500m
distance_soccer_ball_camera = 0.8940m",37.0
2597,captured_0034b,lab,S3MC,24,SS,What is the total distance traveled by the right tennis ball in cm?,diameter of the tennis ball = 6.7cm,"t=1.2s, distance_right_tennis_ball_camera = 0.7760m
t=1.2s, distance_left_tennis_ball_camera = 0.7060m
distance_pencil_bag_camera = 1.0500m
distance_soccer_ball_camera = 0.8940m",41.5
2598,captured_0034bs,lab,S3MS,24,SD,What is the velocity of the left tennis ball at 1.2s in cm/s?,diameter of the tennis ball = 6.7cm,"t=1.2s, distance_right_tennis_ball_camera = 0.7760m
t=1.2s, distance_left_tennis_ball_camera = 0.7060m
distance_pencil_bag_camera = 1.0500m
distance_soccer_ball_camera = 0.8940m",57.0
2599,captured_0034bs,lab,S3MS,24,SD,What is the velocity of the right tennis ball at 1.2s in cm/s?,diameter of the tennis ball = 6.7cm,"t=1.2s, distance_right_tennis_ball_camera = 0.7760m
t=1.2s, distance_left_tennis_ball_camera = 0.7060m
distance_pencil_bag_camera = 1.0500m
distance_soccer_ball_camera = 0.8940m",62.0
2600,captured_0034bs,lab,S3MS,24,SS,What is the height of the pencil bag in cm?,diameter of the tennis ball = 6.7cm,"t=1.2s, distance_right_tennis_ball_camera = 0.7760m
t=1.2s, distance_left_tennis_ball_camera = 0.7060m
distance_pencil_bag_camera = 1.0500m
distance_soccer_ball_camera = 0.8940m",7.0
2601,captured_0034bs,lab,S3MS,24,SS,What is the length of the pencil bag in cm?,diameter of the tennis ball = 6.7cm,"t=1.2s, distance_right_tennis_ball_camera = 0.7760m
t=1.2s, distance_left_tennis_ball_camera = 0.7060m
distance_pencil_bag_camera = 1.0500m
distance_soccer_ball_camera = 0.8940m",29.0
2602,captured_0034bs,lab,S3MS,24,SS,What is the diameter of the soccer ball in cm?,diameter of the tennis ball = 6.7cm,"t=1.2s, distance_right_tennis_ball_camera = 0.7760m
t=1.2s, distance_left_tennis_ball_camera = 0.7060m
distance_pencil_bag_camera = 1.0500m
distance_soccer_ball_camera = 0.8940m",24.3
2603,captured_0034bs,lab,S3MS,24,SS,What is the total distance traveled by the left tennis ball in cm?,diameter of the tennis ball = 6.7cm,"t=1.2s, distance_right_tennis_ball_camera = 0.7760m
t=1.2s, distance_left_tennis_ball_camera = 0.7060m
distance_pencil_bag_camera = 1.0500m
distance_soccer_ball_camera = 0.8940m",37.0
2604,captured_0034bs,lab,S3MS,24,SS,What is the total distance traveled by the right tennis ball in cm?,diameter of the tennis ball = 6.7cm,"t=1.2s, distance_right_tennis_ball_camera = 0.7760m
t=1.2s, distance_left_tennis_ball_camera = 0.7060m
distance_pencil_bag_camera = 1.0500m
distance_soccer_ball_camera = 0.8940m",43.0
2605,captured_0034bx,lab,S3MX,24,SD,What is the velocity of the left tennis ball at 1.2s in cm/s?,diameter of the tennis ball = 6.7cm,"t=1.2s, distance_right_tennis_ball_camera = 0.7760m
t=1.2s, distance_left_tennis_ball_camera = 0.7060m
distance_pencil_bag_camera = 1.0500m
distance_soccer_ball_camera = 0.8940m",57.0
2606,captured_0034bx,lab,S3MX,24,SD,What is the velocity of the right tennis ball at 1.2s in cm/s?,diameter of the tennis ball = 6.7cm,"t=1.2s, distance_right_tennis_ball_camera = 0.7760m
t=1.2s, distance_left_tennis_ball_camera = 0.7060m
distance_pencil_bag_camera = 1.0500m
distance_soccer_ball_camera = 0.8940m",61.0
2607,captured_0034bx,lab,S3MX,24,SS,What is the height of the pencil bag in cm?,diameter of the tennis ball = 6.7cm,"t=1.2s, distance_right_tennis_ball_camera = 0.7760m
t=1.2s, distance_left_tennis_ball_camera = 0.7060m
distance_pencil_bag_camera = 1.0500m
distance_soccer_ball_camera = 0.8940m",6.0
2608,captured_0034bx,lab,S3MX,24,SS,What is the length of the pencil bag in cm?,diameter of the tennis ball = 6.7cm,"t=1.2s, distance_right_tennis_ball_camera = 0.7760m
t=1.2s, distance_left_tennis_ball_camera = 0.7060m
distance_pencil_bag_camera = 1.0500m
distance_soccer_ball_camera = 0.8940m",26.0
2609,captured_0034bx,lab,S3MX,24,SS,What is the diameter of the soccer ball in cm?,diameter of the tennis ball = 6.7cm,"t=1.2s, distance_right_tennis_ball_camera = 0.7760m
t=1.2s, distance_left_tennis_ball_camera = 0.7060m
distance_pencil_bag_camera = 1.0500m
distance_soccer_ball_camera = 0.8940m",24.0
2610,captured_0034bx,lab,S3MX,24,SS,What is the total distance traveled by the left tennis ball in cm?,diameter of the tennis ball = 6.7cm,"t=1.2s, distance_right_tennis_ball_camera = 0.7760m
t=1.2s, distance_left_tennis_ball_camera = 0.7060m
distance_pencil_bag_camera = 1.0500m
distance_soccer_ball_camera = 0.8940m",37.0
2611,captured_0034bx,lab,S3MX,24,SS,What is the total distance traveled by the right tennis ball in cm?,diameter of the tennis ball = 6.7cm,"t=1.2s, distance_right_tennis_ball_camera = 0.7760m
t=1.2s, distance_left_tennis_ball_camera = 0.7060m
distance_pencil_bag_camera = 1.0500m
distance_soccer_ball_camera = 0.8940m",42.0
2612,captured_0035a,lab,S3MC,24,SD,What is the velocity of the soccor ball at 0.6s in cm/s?,diameter of the basketball = 23.2 cm,"t=0.6s, distance_soccer_ball_camera = 2.7580 m
t=0.6s, distance_basketball_camera = 2.2700 m
t=1.6s, distance_soccer_ball_camera = 3.0520 m
t=1.6s, distance_soccer_ball_camera = 2.4120 m",168.0
2613,captured_0035a,lab,S3MC,24,SD,What is the velocity of the baskteball at 0.6s in cm/s?,diameter of the basketball = 23.2 cm,"t=0.6s, distance_soccer_ball_camera = 2.7580 m
t=0.6s, distance_basketball_camera = 2.2700 m
t=1.6s, distance_soccer_ball_camera = 3.0520 m
t=1.6s, distance_soccer_ball_camera = 2.4120 m",137.0
2614,captured_0035a,lab,S3MC,24,SS,What is the displacement of the soccor ball ball between 0.5s and 0.6s in cm?,diameter of the basketball = 23.2 cm,"t=0.6s, distance_soccer_ball_camera = 2.7580 m
t=0.6s, distance_basketball_camera = 2.2700 m
t=1.6s, distance_soccer_ball_camera = 3.0520 m
t=1.6s, distance_soccer_ball_camera = 2.4120 m",16.6
2615,captured_0035a,lab,S3MC,24,SS,What is the displacement of the baskteball between 0.5s and 0.6s in cm?,diameter of the basketball = 23.2 cm,"t=0.6s, distance_soccer_ball_camera = 2.7580 m
t=0.6s, distance_basketball_camera = 2.2700 m
t=1.6s, distance_soccer_ball_camera = 3.0520 m
t=1.6s, distance_soccer_ball_camera = 2.4120 m",13.8
2616,captured_0035a,lab,S3MC,24,SS,What is the diameter of the soccer ball in cm?,diameter of the basketball = 23.2 cm,"t=0.6s, distance_soccer_ball_camera = 2.7580 m
t=0.6s, distance_basketball_camera = 2.2700 m
t=1.6s, distance_soccer_ball_camera = 3.0520 m
t=1.6s, distance_soccer_ball_camera = 2.4120 m",19.0
2617,captured_0035a,lab,S3MC,24,SS,What is the velocity of the soccor ball at 1.5s in cm/s?,diameter of the basketball = 23.2 cm,"t=0.6s, distance_soccer_ball_camera = 2.7580 m
t=0.6s, distance_basketball_camera = 2.2700 m
t=1.6s, distance_soccer_ball_camera = 3.0520 m
t=1.6s, distance_soccer_ball_camera = 2.4120 m",54.0
2618,captured_0035a,lab,S3MC,24,SS,What is the velocity of the baskteball at 1.5s in cm/s?,diameter of the basketball = 23.2 cm,"t=0.6s, distance_soccer_ball_camera = 2.7580 m
t=0.6s, distance_basketball_camera = 2.2700 m
t=1.6s, distance_soccer_ball_camera = 3.0520 m
t=1.6s, distance_soccer_ball_camera = 2.4120 m",46.0
2619,captured_0035a,lab,S3MC,24,SD,What is the velocity of the soccer ball at 1.6s in cm/s?,diameter of the basketball = 23.2 cm,"t=0.6s, distance_soccer_ball_camera = 2.7580 m
t=0.6s, distance_basketball_camera = 2.2700 m
t=1.6s, distance_soccer_ball_camera = 3.0520 m
t=1.6s, distance_soccer_ball_camera = 2.4120 m",44.0
2620,captured_0035a,lab,S3MC,24,SD,What is the velocity of the basketball at 1.6s in cm/s?,diameter of the basketball = 23.2 cm,"t=0.6s, distance_soccer_ball_camera = 2.7580 m
t=0.6s, distance_basketball_camera = 2.2700 m
t=1.6s, distance_soccer_ball_camera = 3.0520 m
t=1.6s, distance_soccer_ball_camera = 2.4120 m",36.0
2621,captured_0035as,lab,S3MS,24,SD,What is the velocity of the soccor ball at 0.6s in cm/s?,diameter of the basketball = 23.2 cm,"t=0.6s, distance_soccer_ball_camera = 2.7580 m
t=0.6s, distance_basketball_camera = 2.2700 m
t=1.6s, distance_soccer_ball_camera = 3.0520 m
t=1.6s, distance_soccer_ball_camera = 2.4120 m",166.0
2622,captured_0035as,lab,S3MS,24,SD,What is the velocity of the baskteball at 0.6s in cm/s?,diameter of the basketball = 23.2 cm,"t=0.6s, distance_soccer_ball_camera = 2.7580 m
t=0.6s, distance_basketball_camera = 2.2700 m
t=1.6s, distance_soccer_ball_camera = 3.0520 m
t=1.6s, distance_soccer_ball_camera = 2.4120 m",136.0
2623,captured_0035as,lab,S3MS,24,SS,What is the displacement of the soccor ball ball between 0.5s and 0.6s in cm?,diameter of the basketball = 23.2 cm,"t=0.6s, distance_soccer_ball_camera = 2.7580 m
t=0.6s, distance_basketball_camera = 2.2700 m
t=1.6s, distance_soccer_ball_camera = 3.0520 m
t=1.6s, distance_soccer_ball_camera = 2.4120 m",16.5
2624,captured_0035as,lab,S3MS,24,SS,What is the displacement of the baskteball between 0.5s and 0.6s in cm?,diameter of the basketball = 23.2 cm,"t=0.6s, distance_soccer_ball_camera = 2.7580 m
t=0.6s, distance_basketball_camera = 2.2700 m
t=1.6s, distance_soccer_ball_camera = 3.0520 m
t=1.6s, distance_soccer_ball_camera = 2.4120 m",13.9
2625,captured_0035as,lab,S3MS,24,SS,What is the diameter of the soccer ball in cm?,diameter of the basketball = 23.2 cm,"t=0.6s, distance_soccer_ball_camera = 2.7580 m
t=0.6s, distance_basketball_camera = 2.2700 m
t=1.6s, distance_soccer_ball_camera = 3.0520 m
t=1.6s, distance_soccer_ball_camera = 2.4120 m",19.0
2626,captured_0035as,lab,S3MS,24,SS,What is the velocity of the soccor ball at 1.5s in cm/s?,diameter of the basketball = 23.2 cm,"t=0.6s, distance_soccer_ball_camera = 2.7580 m
t=0.6s, distance_basketball_camera = 2.2700 m
t=1.6s, distance_soccer_ball_camera = 3.0520 m
t=1.6s, distance_soccer_ball_camera = 2.4120 m",55.0
2627,captured_0035as,lab,S3MS,24,SS,What is the velocity of the baskteball at 1.5s in cm/s?,diameter of the basketball = 23.2 cm,"t=0.6s, distance_soccer_ball_camera = 2.7580 m
t=0.6s, distance_basketball_camera = 2.2700 m
t=1.6s, distance_soccer_ball_camera = 3.0520 m
t=1.6s, distance_soccer_ball_camera = 2.4120 m",48.0
2628,captured_0035as,lab,S3MS,24,SD,What is the velocity of the soccer ball at 1.6s in cm/s?,diameter of the basketball = 23.2 cm,"t=0.6s, distance_soccer_ball_camera = 2.7580 m
t=0.6s, distance_basketball_camera = 2.2700 m
t=1.6s, distance_soccer_ball_camera = 3.0520 m
t=1.6s, distance_soccer_ball_camera = 2.4120 m",45.0
2629,captured_0035as,lab,S3MS,24,SD,What is the velocity of the basketball at 1.6s in cm/s?,diameter of the basketball = 23.2 cm,"t=0.6s, distance_soccer_ball_camera = 2.7580 m
t=0.6s, distance_basketball_camera = 2.2700 m
t=1.6s, distance_soccer_ball_camera = 3.0520 m
t=1.6s, distance_soccer_ball_camera = 2.4120 m",39.0
2630,captured_0035ax,lab,S3MX,24,SD,What is the velocity of the soccor ball at 0.6s in cm/s?,diameter of the basketball = 23.2 cm,"t=0.6s, distance_soccer_ball_camera = 2.7580 m
t=0.6s, distance_basketball_camera = 2.2700 m
t=1.6s, distance_soccer_ball_camera = 3.0520 m
t=1.6s, distance_soccer_ball_camera = 2.4120 m",168.0
2631,captured_0035ax,lab,S3MX,24,SD,What is the velocity of the baskteball at 0.6s in cm/s?,diameter of the basketball = 23.2 cm,"t=0.6s, distance_soccer_ball_camera = 2.7580 m
t=0.6s, distance_basketball_camera = 2.2700 m
t=1.6s, distance_soccer_ball_camera = 3.0520 m
t=1.6s, distance_soccer_ball_camera = 2.4120 m",137.0
2632,captured_0035ax,lab,S3MX,24,SS,What is the displacement of the soccor ball ball between 0.5s and 0.6s in cm?,diameter of the basketball = 23.2 cm,"t=0.6s, distance_soccer_ball_camera = 2.7580 m
t=0.6s, distance_basketball_camera = 2.2700 m
t=1.6s, distance_soccer_ball_camera = 3.0520 m
t=1.6s, distance_soccer_ball_camera = 2.4120 m",16.7
2633,captured_0035ax,lab,S3MX,24,SS,What is the displacement of the baskteball between 0.5s and 0.6s in cm?,diameter of the basketball = 23.2 cm,"t=0.6s, distance_soccer_ball_camera = 2.7580 m
t=0.6s, distance_basketball_camera = 2.2700 m
t=1.6s, distance_soccer_ball_camera = 3.0520 m
t=1.6s, distance_soccer_ball_camera = 2.4120 m",13.7
2634,captured_0035ax,lab,S3MX,24,SS,What is the diameter of the soccer ball in cm?,diameter of the basketball = 23.2 cm,"t=0.6s, distance_soccer_ball_camera = 2.7580 m
t=0.6s, distance_basketball_camera = 2.2700 m
t=1.6s, distance_soccer_ball_camera = 3.0520 m
t=1.6s, distance_soccer_ball_camera = 2.4120 m",18.1
2635,captured_0035ax,lab,S3MX,24,SS,What is the velocity of the soccor ball at 1.5s in cm/s?,diameter of the basketball = 23.2 cm,"t=0.6s, distance_soccer_ball_camera = 2.7580 m
t=0.6s, distance_basketball_camera = 2.2700 m
t=1.6s, distance_soccer_ball_camera = 3.0520 m
t=1.6s, distance_soccer_ball_camera = 2.4120 m",55.0
2636,captured_0035ax,lab,S3MX,24,SS,What is the velocity of the baskteball at 1.5s in cm/s?,diameter of the basketball = 23.2 cm,"t=0.6s, distance_soccer_ball_camera = 2.7580 m
t=0.6s, distance_basketball_camera = 2.2700 m
t=1.6s, distance_soccer_ball_camera = 3.0520 m
t=1.6s, distance_soccer_ball_camera = 2.4120 m",45.0
2637,captured_0035ax,lab,S3MX,24,SD,What is the velocity of the soccer ball at 1.6s in cm/s?,diameter of the basketball = 23.2 cm,"t=0.6s, distance_soccer_ball_camera = 2.7580 m
t=0.6s, distance_basketball_camera = 2.2700 m
t=1.6s, distance_soccer_ball_camera = 3.0520 m
t=1.6s, distance_soccer_ball_camera = 2.4120 m",44.0
2638,captured_0035ax,lab,S3MX,24,SD,What is the velocity of the basketball at 1.6s in cm/s?,diameter of the basketball = 23.2 cm,"t=0.6s, distance_soccer_ball_camera = 2.7580 m
t=0.6s, distance_basketball_camera = 2.2700 m
t=1.6s, distance_soccer_ball_camera = 3.0520 m
t=1.6s, distance_soccer_ball_camera = 2.4120 m",37.0
2639,captured_0035b,lab,S3MC,24,SD,What is the velocity of the soccor ball at 0.9s in cm/s?,diameter of the basketball = 23.2 cm,"t=0.9s, distance_soccer_ball_camera = 2.4770m
t=0.9s, distance_basketball_camera = 2.7777m
t=1.4s, distance_soccer_ball_camera = 2.6020 m
t=1.4s, distance_soccer_ball_camera = 2.3730 m",98.0
2640,captured_0035b,lab,S3MC,24,SD,What is the velocity of the baskteball at 0.9s in cm/s?,diameter of the basketball = 23.2 cm,"t=0.9s, distance_soccer_ball_camera = 2.4770m
t=0.9s, distance_basketball_camera = 2.7777m
t=1.4s, distance_soccer_ball_camera = 2.6020 m
t=1.4s, distance_soccer_ball_camera = 2.3730 m",119.0
2641,captured_0035b,lab,S3MC,24,SD,What is the velocity of the soccor ball at 1.4s in cm/s?,diameter of the basketball = 23.2 cm,"t=0.9s, distance_soccer_ball_camera = 2.4770m
t=0.9s, distance_basketball_camera = 2.7777m
t=1.4s, distance_soccer_ball_camera = 2.6020 m
t=1.4s, distance_soccer_ball_camera = 2.3730 m",55.0
2642,captured_0035b,lab,S3MC,24,SD,What is the velocity of the baskteball at 1.4s in cm/s?,diameter of the basketball = 23.2 cm,"t=0.9s, distance_soccer_ball_camera = 2.4770m
t=0.9s, distance_basketball_camera = 2.7777m
t=1.4s, distance_soccer_ball_camera = 2.6020 m
t=1.4s, distance_soccer_ball_camera = 2.3730 m",133.0
2643,captured_0035b,lab,S3MC,24,SS,What is the displacement of the soccor ball ball between 0.4s and 0.9s in cm?,diameter of the basketball = 23.2 cm,"t=0.9s, distance_soccer_ball_camera = 2.4770m
t=0.9s, distance_basketball_camera = 2.7777m
t=1.4s, distance_soccer_ball_camera = 2.6020 m
t=1.4s, distance_soccer_ball_camera = 2.3730 m",86.0
2644,captured_0035b,lab,S3MC,24,SS,What is the displacement of the baskteball between 0.4s and 0.9s in cm?,diameter of the basketball = 23.2 cm,"t=0.9s, distance_soccer_ball_camera = 2.4770m
t=0.9s, distance_basketball_camera = 2.7777m
t=1.4s, distance_soccer_ball_camera = 2.6020 m
t=1.4s, distance_soccer_ball_camera = 2.3730 m",71.0
2645,captured_0035b,lab,S3MC,24,SS,What is the diameter of the soccer ball in cm?,diameter of the basketball = 23.2 cm,"t=0.9s, distance_soccer_ball_camera = 2.4770m
t=0.9s, distance_basketball_camera = 2.7777m
t=1.4s, distance_soccer_ball_camera = 2.6020 m
t=1.4s, distance_soccer_ball_camera = 2.3730 m",19.0
2646,captured_0035b,lab,S3MC,24,SS,What is the velocity of the soccor ball at 1.3s in cm/s?,diameter of the basketball = 23.2 cm,"t=0.9s, distance_soccer_ball_camera = 2.4770m
t=0.9s, distance_basketball_camera = 2.7777m
t=1.4s, distance_soccer_ball_camera = 2.6020 m
t=1.4s, distance_soccer_ball_camera = 2.3730 m",50.0
2647,captured_0035b,lab,S3MC,24,SS,What is the velocity of the baskteball at 1.3s in cm/s?,diameter of the basketball = 23.2 cm,"t=0.9s, distance_soccer_ball_camera = 2.4770m
t=0.9s, distance_basketball_camera = 2.7777m
t=1.4s, distance_soccer_ball_camera = 2.6020 m
t=1.4s, distance_soccer_ball_camera = 2.3730 m",122.0
2648,captured_0035bs,lab,S3MS,24,SD,What is the velocity of the soccor ball at 0.9s in cm/s?,diameter of the basketball = 23.2 cm,"t=0.9s, distance_soccer_ball_camera = 2.4770m
t=0.9s, distance_basketball_camera = 2.7777m
t=1.4s, distance_soccer_ball_camera = 2.6020 m
t=1.4s, distance_soccer_ball_camera = 2.3730 m",97.0
2649,captured_0035bs,lab,S3MS,24,SD,What is the velocity of the baskteball at 0.9s in cm/s?,diameter of the basketball = 23.2 cm,"t=0.9s, distance_soccer_ball_camera = 2.4770m
t=0.9s, distance_basketball_camera = 2.7777m
t=1.4s, distance_soccer_ball_camera = 2.6020 m
t=1.4s, distance_soccer_ball_camera = 2.3730 m",126.0
2650,captured_0035bs,lab,S3MS,24,SD,What is the velocity of the soccor ball at 1.4s in cm/s?,diameter of the basketball = 23.2 cm,"t=0.9s, distance_soccer_ball_camera = 2.4770m
t=0.9s, distance_basketball_camera = 2.7777m
t=1.4s, distance_soccer_ball_camera = 2.6020 m
t=1.4s, distance_soccer_ball_camera = 2.3730 m",62.0
2651,captured_0035bs,lab,S3MS,24,SD,What is the velocity of the baskteball at 1.4s in cm/s?,diameter of the basketball = 23.2 cm,"t=0.9s, distance_soccer_ball_camera = 2.4770m
t=0.9s, distance_basketball_camera = 2.7777m
t=1.4s, distance_soccer_ball_camera = 2.6020 m
t=1.4s, distance_soccer_ball_camera = 2.3730 m",120.0
2652,captured_0035bs,lab,S3MS,24,SS,What is the displacement of the soccor ball ball between 0.4s and 0.9s in cm?,diameter of the basketball = 23.2 cm,"t=0.9s, distance_soccer_ball_camera = 2.4770m
t=0.9s, distance_basketball_camera = 2.7777m
t=1.4s, distance_soccer_ball_camera = 2.6020 m
t=1.4s, distance_soccer_ball_camera = 2.3730 m",88.0
2653,captured_0035bs,lab,S3MS,24,SS,What is the displacement of the baskteball between 0.4s and 0.9s in cm?,diameter of the basketball = 23.2 cm,"t=0.9s, distance_soccer_ball_camera = 2.4770m
t=0.9s, distance_basketball_camera = 2.7777m
t=1.4s, distance_soccer_ball_camera = 2.6020 m
t=1.4s, distance_soccer_ball_camera = 2.3730 m",74.0
2654,captured_0035bs,lab,S3MS,24,SS,What is the diameter of the soccer ball in cm?,diameter of the basketball = 23.2 cm,"t=0.9s, distance_soccer_ball_camera = 2.4770m
t=0.9s, distance_basketball_camera = 2.7777m
t=1.4s, distance_soccer_ball_camera = 2.6020 m
t=1.4s, distance_soccer_ball_camera = 2.3730 m",20.5
2655,captured_0035bs,lab,S3MS,24,SS,What is the velocity of the soccor ball at 1.3s in cm/s?,diameter of the basketball = 23.2 cm,"t=0.9s, distance_soccer_ball_camera = 2.4770m
t=0.9s, distance_basketball_camera = 2.7777m
t=1.4s, distance_soccer_ball_camera = 2.6020 m
t=1.4s, distance_soccer_ball_camera = 2.3730 m",55.0
2656,captured_0035bs,lab,S3MS,24,SS,What is the velocity of the baskteball at 1.3s in cm/s?,diameter of the basketball = 23.2 cm,"t=0.9s, distance_soccer_ball_camera = 2.4770m
t=0.9s, distance_basketball_camera = 2.7777m
t=1.4s, distance_soccer_ball_camera = 2.6020 m
t=1.4s, distance_soccer_ball_camera = 2.3730 m",118.0
2657,captured_0035bx,lab,S3MX,24,SD,What is the velocity of the soccor ball at 0.9s in cm/s?,diameter of the basketball = 23.2 cm,"t=0.9s, distance_soccer_ball_camera = 2.4770m
t=0.9s, distance_basketball_camera = 2.7777m
t=1.4s, distance_soccer_ball_camera = 2.6020 m
t=1.4s, distance_soccer_ball_camera = 2.3730 m",98.0
2658,captured_0035bx,lab,S3MX,24,SD,What is the velocity of the baskteball at 0.9s in cm/s?,diameter of the basketball = 23.2 cm,"t=0.9s, distance_soccer_ball_camera = 2.4770m
t=0.9s, distance_basketball_camera = 2.7777m
t=1.4s, distance_soccer_ball_camera = 2.6020 m
t=1.4s, distance_soccer_ball_camera = 2.3730 m",125.0
2659,captured_0035bx,lab,S3MX,24,SD,What is the velocity of the soccor ball at 1.4s in cm/s?,diameter of the basketball = 23.2 cm,"t=0.9s, distance_soccer_ball_camera = 2.4770m
t=0.9s, distance_basketball_camera = 2.7777m
t=1.4s, distance_soccer_ball_camera = 2.6020 m
t=1.4s, distance_soccer_ball_camera = 2.3730 m",60.0
2660,captured_0035bx,lab,S3MX,24,SD,What is the velocity of the baskteball at 1.4s in cm/s?,diameter of the basketball = 23.2 cm,"t=0.9s, distance_soccer_ball_camera = 2.4770m
t=0.9s, distance_basketball_camera = 2.7777m
t=1.4s, distance_soccer_ball_camera = 2.6020 m
t=1.4s, distance_soccer_ball_camera = 2.3730 m",123.0
2661,captured_0035bx,lab,S3MX,24,SS,What is the displacement of the soccor ball ball between 0.4s and 0.9s in cm?,diameter of the basketball = 23.2 cm,"t=0.9s, distance_soccer_ball_camera = 2.4770m
t=0.9s, distance_basketball_camera = 2.7777m
t=1.4s, distance_soccer_ball_camera = 2.6020 m
t=1.4s, distance_soccer_ball_camera = 2.3730 m",85.0
2662,captured_0035bx,lab,S3MX,24,SS,What is the displacement of the baskteball between 0.4s and 0.9s in cm?,diameter of the basketball = 23.2 cm,"t=0.9s, distance_soccer_ball_camera = 2.4770m
t=0.9s, distance_basketball_camera = 2.7777m
t=1.4s, distance_soccer_ball_camera = 2.6020 m
t=1.4s, distance_soccer_ball_camera = 2.3730 m",82.0
2663,captured_0035bx,lab,S3MX,24,SS,What is the diameter of the soccer ball in cm?,diameter of the basketball = 23.2 cm,"t=0.9s, distance_soccer_ball_camera = 2.4770m
t=0.9s, distance_basketball_camera = 2.7777m
t=1.4s, distance_soccer_ball_camera = 2.6020 m
t=1.4s, distance_soccer_ball_camera = 2.3730 m",20.0
2664,captured_0035bx,lab,S3MX,24,SS,What is the velocity of the soccor ball at 1.3s in cm/s?,diameter of the basketball = 23.2 cm,"t=0.9s, distance_soccer_ball_camera = 2.4770m
t=0.9s, distance_basketball_camera = 2.7777m
t=1.4s, distance_soccer_ball_camera = 2.6020 m
t=1.4s, distance_soccer_ball_camera = 2.3730 m",52.0
2665,captured_0035bx,lab,S3MX,24,SS,What is the velocity of the baskteball at 1.3s in cm/s?,diameter of the basketball = 23.2 cm,"t=0.9s, distance_soccer_ball_camera = 2.4770m
t=0.9s, distance_basketball_camera = 2.7777m
t=1.4s, distance_soccer_ball_camera = 2.6020 m
t=1.4s, distance_soccer_ball_camera = 2.3730 m",108.0
2666,captured_0036,lab,S3SC,24,SD,What is the ping pong ball's velocity at 0.9s in cm/s? ,diameter of the ping pong ball = 4cm,"t=0.9s, distance_ping_pong_ball_camera = 1.0100m
t=1.4s, distance_ping_pong_ball_camera = 0.7160m",80.0
2667,captured_0036,lab,S3SC,24,SD,What is the ping pong ball's velocity at 1.4s in cm/s? ,diameter of the ping pong ball = 4cm,"t=0.9s, distance_ping_pong_ball_camera = 1.0100m
t=1.4s, distance_ping_pong_ball_camera = 0.7160m",95.0
2668,captured_0036,lab,S3SC,24,SS,What is the ping pong ball's displacement between 0.9s and 1.4s in cm?,diameter of the ping pong ball = 4cm,"t=0.9s, distance_ping_pong_ball_camera = 1.0100m
t=1.4s, distance_ping_pong_ball_camera = 0.7160m",43.5
2669,captured_0036,lab,S3SC,24,SS,What is the width of the table in the video in meters? ,diameter of the ping pong ball = 4cm,"t=0.9s, distance_ping_pong_ball_camera = 1.0100m
t=1.4s, distance_ping_pong_ball_camera = 0.7160m",0.58
2670,captured_0036,lab,S3SC,24,SS,What is the length of the table in the video in meters? ,diameter of the ping pong ball = 4cm,"t=0.9s, distance_ping_pong_ball_camera = 1.0100m
t=1.4s, distance_ping_pong_ball_camera = 0.7160m",0.7
2671,captured_0036s,lab,S3SS,24,SD,What is the ping pong ball's velocity at 0.9s in cm/s? ,diameter of the ping pong ball = 4cm,"t=0.9s, distance_ping_pong_ball_camera = 1.0100m
t=1.4s, distance_ping_pong_ball_camera = 0.7160m",79.0
2672,captured_0036s,lab,S3SS,24,SD,What is the ping pong ball's velocity at 1.4s in cm/s? ,diameter of the ping pong ball = 4cm,"t=0.9s, distance_ping_pong_ball_camera = 1.0100m
t=1.4s, distance_ping_pong_ball_camera = 0.7160m",98.0
2673,captured_0036s,lab,S3SS,24,SS,What is the ping pong ball's displacement between 0.9s and 1.4s in cm?,diameter of the ping pong ball = 4cm,"t=0.9s, distance_ping_pong_ball_camera = 1.0100m
t=1.4s, distance_ping_pong_ball_camera = 0.7160m",41.0
2674,captured_0036s,lab,S3SS,24,SS,What is the width of the table in the video in meters? ,diameter of the ping pong ball = 4cm,"t=0.9s, distance_ping_pong_ball_camera = 1.0100m
t=1.4s, distance_ping_pong_ball_camera = 0.7160m",0.59
2675,captured_0036s,lab,S3SS,24,SS,What is the length of the table in the video in meters? ,diameter of the ping pong ball = 4cm,"t=0.9s, distance_ping_pong_ball_camera = 1.0100m
t=1.4s, distance_ping_pong_ball_camera = 0.7160m",0.71
2676,captured_0036x,lab,S3SX,24,SD,What is the ping pong ball's velocity at 0.9s in cm/s? ,diameter of the ping pong ball = 4cm,"t=0.9s, distance_ping_pong_ball_camera = 1.0100m
t=1.4s, distance_ping_pong_ball_camera = 0.7160m",70.0
2677,captured_0036x,lab,S3SX,24,SD,What is the ping pong ball's velocity at 1.4s in cm/s? ,diameter of the ping pong ball = 4cm,"t=0.9s, distance_ping_pong_ball_camera = 1.0100m
t=1.4s, distance_ping_pong_ball_camera = 0.7160m",95.0
2678,captured_0036x,lab,S3SX,24,SS,What is the ping pong ball's displacement between 0.9s and 1.4s in cm?,diameter of the ping pong ball = 4cm,"t=0.9s, distance_ping_pong_ball_camera = 1.0100m
t=1.4s, distance_ping_pong_ball_camera = 0.7160m",40.0
2679,captured_0036x,lab,S3SX,24,SS,What is the width of the table in the video in meters? ,diameter of the ping pong ball = 4cm,"t=0.9s, distance_ping_pong_ball_camera = 1.0100m
t=1.4s, distance_ping_pong_ball_camera = 0.7160m",0.6
2680,captured_0036x,lab,S3SX,24,SS,What is the length of the table in the video in meters? ,diameter of the ping pong ball = 4cm,"t=0.9s, distance_ping_pong_ball_camera = 1.0100m
t=1.4s, distance_ping_pong_ball_camera = 0.7160m",0.75
2681,captured_0037,lab,S3MC,24,SS,What is the height of the white cup in cm? ,diameter of the ping pong ball = 4cm,"t=1.0s, distance_ping_pong_ball_camera = 1.0550m
distance_credit_card_camera = 0.6790m
distance_poker_tower_camera = 0.9050m
distance_white_cup_camera = 0.8450m
distance_tape_camera = 1.0380m
distance_glass_jar_camera = 1.0080m",14.5
2682,captured_0037,lab,S3MC,24,SS,What is the height of the poker tower in cm? ,diameter of the ping pong ball = 4cm,"t=1.0s, distance_ping_pong_ball_camera = 1.0550m
distance_credit_card_camera = 0.6790m
distance_poker_tower_camera = 0.9050m
distance_white_cup_camera = 0.8450m
distance_tape_camera = 1.0380m
distance_glass_jar_camera = 1.0080m",10.1
2683,captured_0037,lab,S3MC,24,SS,What is the height of the glass jar in cm? ,diameter of the ping pong ball = 4cm,"t=1.0s, distance_ping_pong_ball_camera = 1.0550m
distance_credit_card_camera = 0.6790m
distance_poker_tower_camera = 0.9050m
distance_white_cup_camera = 0.8450m
distance_tape_camera = 1.0380m
distance_glass_jar_camera = 1.0080m",10.5
2684,captured_0037,lab,S3MC,24,SS,What is the width of the tape in cm? ,diameter of the ping pong ball = 4cm,"t=1.0s, distance_ping_pong_ball_camera = 1.0550m
distance_credit_card_camera = 0.6790m
distance_poker_tower_camera = 0.9050m
distance_white_cup_camera = 0.8450m
distance_tape_camera = 1.0380m
distance_glass_jar_camera = 1.0080m",10.4
2685,captured_0037,lab,S3MC,24,SD,What is the velocity of the ping pong ball at 1.0s in cm/s? ,diameter of the ping pong ball = 4cm,"t=1.0s, distance_ping_pong_ball_camera = 1.0550m
distance_credit_card_camera = 0.6790m
distance_poker_tower_camera = 0.9050m
distance_white_cup_camera = 0.8450m
distance_tape_camera = 1.0380m
distance_glass_jar_camera = 1.0080m",41.0
2686,captured_0037,lab,S3MC,24,SD,What is the velocity of the ping pong ball at 1.4s in cm/s? ,diameter of the ping pong ball = 4cm,"t=1.0s, distance_ping_pong_ball_camera = 1.0550m
distance_credit_card_camera = 0.6790m
distance_poker_tower_camera = 0.9050m
distance_white_cup_camera = 0.8450m
distance_tape_camera = 1.0380m
distance_glass_jar_camera = 1.0080m",60.0
2687,captured_0037s,lab,S3MS,24,SS,What is the height of the white cup in cm? ,diameter of the ping pong ball = 4cm,"t=1.0s, distance_ping_pong_ball_camera = 1.0550m
distance_credit_card_camera = 0.6790m
distance_poker_tower_camera = 0.9050m
distance_white_cup_camera = 0.8450m
distance_tape_camera = 1.0380m
distance_glass_jar_camera = 1.0080m",13.6
2688,captured_0037s,lab,S3MS,24,SS,What is the height of the poker tower in cm? ,diameter of the ping pong ball = 4cm,"t=1.0s, distance_ping_pong_ball_camera = 1.0550m
distance_credit_card_camera = 0.6790m
distance_poker_tower_camera = 0.9050m
distance_white_cup_camera = 0.8450m
distance_tape_camera = 1.0380m
distance_glass_jar_camera = 1.0080m",9.6
2689,captured_0037s,lab,S3MS,24,SS,What is the height of the glass jar in cm? ,diameter of the ping pong ball = 4cm,"t=1.0s, distance_ping_pong_ball_camera = 1.0550m
distance_credit_card_camera = 0.6790m
distance_poker_tower_camera = 0.9050m
distance_white_cup_camera = 0.8450m
distance_tape_camera = 1.0380m
distance_glass_jar_camera = 1.0080m",9.6
2690,captured_0037s,lab,S3MS,24,SS,What is the width of the tape in cm? ,diameter of the ping pong ball = 4cm,"t=1.0s, distance_ping_pong_ball_camera = 1.0550m
distance_credit_card_camera = 0.6790m
distance_poker_tower_camera = 0.9050m
distance_white_cup_camera = 0.8450m
distance_tape_camera = 1.0380m
distance_glass_jar_camera = 1.0080m",9.4
2691,captured_0037s,lab,S3MS,24,SD,What is the velocity of the ping pong ball at 1.0s in cm/s? ,diameter of the ping pong ball = 4cm,"t=1.0s, distance_ping_pong_ball_camera = 1.0550m
distance_credit_card_camera = 0.6790m
distance_poker_tower_camera = 0.9050m
distance_white_cup_camera = 0.8450m
distance_tape_camera = 1.0380m
distance_glass_jar_camera = 1.0080m",40.0
2692,captured_0037s,lab,S3MS,24,SD,What is the velocity of the ping pong ball at 1.4s in cm/s? ,diameter of the ping pong ball = 4cm,"t=1.0s, distance_ping_pong_ball_camera = 1.0550m
distance_credit_card_camera = 0.6790m
distance_poker_tower_camera = 0.9050m
distance_white_cup_camera = 0.8450m
distance_tape_camera = 1.0380m
distance_glass_jar_camera = 1.0080m",57.0
2693,captured_0037x,lab,S3MX,24,SS,What is the height of the white cup in cm? ,diameter of the ping pong ball = 4cm,"t=1.0s, distance_ping_pong_ball_camera = 1.0550m
distance_credit_card_camera = 0.6790m
distance_poker_tower_camera = 0.9050m
distance_white_cup_camera = 0.8450m
distance_tape_camera = 1.0380m
distance_glass_jar_camera = 1.0080m",13.6
2694,captured_0037x,lab,S3MX,24,SS,What is the height of the poker tower in cm? ,diameter of the ping pong ball = 4cm,"t=1.0s, distance_ping_pong_ball_camera = 1.0550m
distance_credit_card_camera = 0.6790m
distance_poker_tower_camera = 0.9050m
distance_white_cup_camera = 0.8450m
distance_tape_camera = 1.0380m
distance_glass_jar_camera = 1.0080m",9.6
2695,captured_0037x,lab,S3MX,24,SS,What is the height of the glass jar in cm? ,diameter of the ping pong ball = 4cm,"t=1.0s, distance_ping_pong_ball_camera = 1.0550m
distance_credit_card_camera = 0.6790m
distance_poker_tower_camera = 0.9050m
distance_white_cup_camera = 0.8450m
distance_tape_camera = 1.0380m
distance_glass_jar_camera = 1.0080m",9.5
2696,captured_0037x,lab,S3MX,24,SS,What is the width of the tape in cm? ,diameter of the ping pong ball = 4cm,"t=1.0s, distance_ping_pong_ball_camera = 1.0550m
distance_credit_card_camera = 0.6790m
distance_poker_tower_camera = 0.9050m
distance_white_cup_camera = 0.8450m
distance_tape_camera = 1.0380m
distance_glass_jar_camera = 1.0080m",9.6
2697,captured_0037x,lab,S3MX,24,SD,What is the velocity of the ping pong ball at 1.0s in cm/s? ,diameter of the ping pong ball = 4cm,"t=1.0s, distance_ping_pong_ball_camera = 1.0550m
distance_credit_card_camera = 0.6790m
distance_poker_tower_camera = 0.9050m
distance_white_cup_camera = 0.8450m
distance_tape_camera = 1.0380m
distance_glass_jar_camera = 1.0080m",40.0
2698,captured_0037x,lab,S3MX,24,SD,What is the velocity of the ping pong ball at 1.4s in cm/s? ,diameter of the ping pong ball = 4cm,"t=1.0s, distance_ping_pong_ball_camera = 1.0550m
distance_credit_card_camera = 0.6790m
distance_poker_tower_camera = 0.9050m
distance_white_cup_camera = 0.8450m
distance_tape_camera = 1.0380m
distance_glass_jar_camera = 1.0080m",52.0
2699,captured_0038,lab,S3MC,24,SS,What is the height of the poker tower in cm? ,length of the credit card = 85.6mm,"t=1.4s, distance_white_ball_camera = 0.7160m
distance_credit_card_camera = 0.6867m
distance_poker_tower_camera = 0.9035m
distance_white_cup_camera = 0.8740m
distance_pink_bottle_camera = 0.9998m",9.2
2700,captured_0038,lab,S3MC,24,SD,What is the velocity of the white ball at 1.4s in cm/s? ,length of the credit card = 85.6mm,"t=1.4s, distance_white_ball_camera = 0.7160m
distance_credit_card_camera = 0.6867m
distance_poker_tower_camera = 0.9035m
distance_white_cup_camera = 0.8740m
distance_pink_bottle_camera = 0.9998m",45.0
2701,captured_0038,lab,S3MC,24,SS,What is the diameter of the rim of the white cup in cm? ,length of the credit card = 85.6mm,"t=1.4s, distance_white_ball_camera = 0.7160m
distance_credit_card_camera = 0.6867m
distance_poker_tower_camera = 0.9035m
distance_white_cup_camera = 0.8740m
distance_pink_bottle_camera = 0.9998m",7.8
2702,captured_0038,lab,S3MC,24,SS,What is the diameter of the white ball in cm?,length of the credit card = 85.6mm,"t=1.4s, distance_white_ball_camera = 0.7160m
distance_credit_card_camera = 0.6867m
distance_poker_tower_camera = 0.9035m
distance_white_cup_camera = 0.8740m
distance_pink_bottle_camera = 0.9998m",3.8
2703,captured_0038,lab,S3MC,24,SS,What is the displacement of the white ball between 0.9s and 1.4s in cm?,length of the credit card = 85.6mm,"t=1.4s, distance_white_ball_camera = 0.7160m
distance_credit_card_camera = 0.6867m
distance_poker_tower_camera = 0.9035m
distance_white_cup_camera = 0.8740m
distance_pink_bottle_camera = 0.9998m",17.3
2704,captured_0038,lab,S3MC,24,SS,What is the distance between the white cup and the pink bottle in cm?,length of the credit card = 85.6mm,"t=1.4s, distance_white_ball_camera = 0.7160m
distance_credit_card_camera = 0.6867m
distance_poker_tower_camera = 0.9035m
distance_white_cup_camera = 0.8740m
distance_pink_bottle_camera = 0.9998m",15.0
2705,captured_0038,lab,S3MC,24,SS,What is the height of the pink bottle in cm? ,length of the credit card = 85.6mm,"t=1.4s, distance_white_ball_camera = 0.7160m
distance_credit_card_camera = 0.6867m
distance_poker_tower_camera = 0.9035m
distance_white_cup_camera = 0.8740m
distance_pink_bottle_camera = 0.9998m",18.8
2706,captured_0038s,lab,S3MS,24,SS,What is the height of the poker tower in cm? ,length of the credit card = 85.6mm,"t=1.4s, distance_white_ball_camera = 0.7160m
distance_credit_card_camera = 0.6867m
distance_poker_tower_camera = 0.9035m
distance_white_cup_camera = 0.8740m
distance_pink_bottle_camera = 0.9998m",9.2
2707,captured_0038s,lab,S3MS,24,SD,What is the velocity of the white ball at 1.4s in cm/s? ,length of the credit card = 85.6mm,"t=1.4s, distance_white_ball_camera = 0.7160m
distance_credit_card_camera = 0.6867m
distance_poker_tower_camera = 0.9035m
distance_white_cup_camera = 0.8740m
distance_pink_bottle_camera = 0.9998m",35.5
2708,captured_0038s,lab,S3MS,24,SS,What is the diameter of the rim of the white cup in cm? ,length of the credit card = 85.6mm,"t=1.4s, distance_white_ball_camera = 0.7160m
distance_credit_card_camera = 0.6867m
distance_poker_tower_camera = 0.9035m
distance_white_cup_camera = 0.8740m
distance_pink_bottle_camera = 0.9998m",7.7
2709,captured_0038s,lab,S3MS,24,SS,What is the diameter of the white ball in cm?,length of the credit card = 85.6mm,"t=1.4s, distance_white_ball_camera = 0.7160m
distance_credit_card_camera = 0.6867m
distance_poker_tower_camera = 0.9035m
distance_white_cup_camera = 0.8740m
distance_pink_bottle_camera = 0.9998m",3.8
2710,captured_0038s,lab,S3MS,24,SS,What is the displacement of the white ball between 0.9s and 1.4s in cm?,length of the credit card = 85.6mm,"t=1.4s, distance_white_ball_camera = 0.7160m
distance_credit_card_camera = 0.6867m
distance_poker_tower_camera = 0.9035m
distance_white_cup_camera = 0.8740m
distance_pink_bottle_camera = 0.9998m",17.5
2711,captured_0038s,lab,S3MS,24,SS,What is the distance between the white cup and the pink bottle in cm?,length of the credit card = 85.6mm,"t=1.4s, distance_white_ball_camera = 0.7160m
distance_credit_card_camera = 0.6867m
distance_poker_tower_camera = 0.9035m
distance_white_cup_camera = 0.8740m
distance_pink_bottle_camera = 0.9998m",16.0
2712,captured_0038s,lab,S3MS,24,SS,What is the height of the pink bottle in cm? ,length of the credit card = 85.6mm,"t=1.4s, distance_white_ball_camera = 0.7160m
distance_credit_card_camera = 0.6867m
distance_poker_tower_camera = 0.9035m
distance_white_cup_camera = 0.8740m
distance_pink_bottle_camera = 0.9998m",18.8
2713,captured_0038x,lab,S3MX,24,SS,What is the height of the poker tower in cm? ,length of the credit card = 85.6mm,"t=1.4s, distance_white_ball_camera = 0.7160m
distance_credit_card_camera = 0.6867m
distance_poker_tower_camera = 0.9035m
distance_white_cup_camera = 0.8740m
distance_pink_bottle_camera = 0.9998m",9.4
2714,captured_0038x,lab,S3MX,24,SD,What is the velocity of the white ball at 1.4s in cm/s? ,length of the credit card = 85.6mm,"t=1.4s, distance_white_ball_camera = 0.7160m
distance_credit_card_camera = 0.6867m
distance_poker_tower_camera = 0.9035m
distance_white_cup_camera = 0.8740m
distance_pink_bottle_camera = 0.9998m",44.0
2715,captured_0038x,lab,S3MX,24,SS,What is the diameter of the rim of the white cup in cm? ,length of the credit card = 85.6mm,"t=1.4s, distance_white_ball_camera = 0.7160m
distance_credit_card_camera = 0.6867m
distance_poker_tower_camera = 0.9035m
distance_white_cup_camera = 0.8740m
distance_pink_bottle_camera = 0.9998m",7.8
2716,captured_0038x,lab,S3MX,24,SS,What is the diameter of the white ball in cm?,length of the credit card = 85.6mm,"t=1.4s, distance_white_ball_camera = 0.7160m
distance_credit_card_camera = 0.6867m
distance_poker_tower_camera = 0.9035m
distance_white_cup_camera = 0.8740m
distance_pink_bottle_camera = 0.9998m",3.9
2717,captured_0038x,lab,S3MX,24,SS,What is the displacement of the white ball between 0.9s and 1.4s in cm?,length of the credit card = 85.6mm,"t=1.4s, distance_white_ball_camera = 0.7160m
distance_credit_card_camera = 0.6867m
distance_poker_tower_camera = 0.9035m
distance_white_cup_camera = 0.8740m
distance_pink_bottle_camera = 0.9998m",18.0
2718,captured_0038x,lab,S3MX,24,SS,What is the distance between the white cup and the pink bottle in cm?,length of the credit card = 85.6mm,"t=1.4s, distance_white_ball_camera = 0.7160m
distance_credit_card_camera = 0.6867m
distance_poker_tower_camera = 0.9035m
distance_white_cup_camera = 0.8740m
distance_pink_bottle_camera = 0.9998m",16.0
2719,captured_0038x,lab,S3MX,24,SS,What is the height of the pink bottle in cm? ,length of the credit card = 85.6mm,"t=1.4s, distance_white_ball_camera = 0.7160m
distance_credit_card_camera = 0.6867m
distance_poker_tower_camera = 0.9035m
distance_white_cup_camera = 0.8740m
distance_pink_bottle_camera = 0.9998m",18.9
2720,captured_0039,lab,S3MC,24,SS,What is the height of the poker tower in cm? ,length of the credit card = 85.6mm,"t=1s, distance_ball_camera = 1.014m
t=1.5s, distance_ball_camera = 0.7370m
distance_credit_card_camera = 0.6867m
distance_poker_tower_camera = 0.9035m
distance_white_cup_camera = 0.8740m
distance_pink_bottle_camera = 0.9998m",9.2
2721,captured_0039,lab,S3MC,24,SD,What is the velocity of the white ball at 1.0s in cm/s? ,length of the credit card = 85.6mm,"t=1s, distance_ball_camera = 1.014m
t=1.5s, distance_ball_camera = 0.7370m
distance_credit_card_camera = 0.6867m
distance_poker_tower_camera = 0.9035m
distance_white_cup_camera = 0.8740m
distance_pink_bottle_camera = 0.9998m",56.0
2722,captured_0039,lab,S3MC,24,SS,What is the diameter of the rim of the white cup in cm? ,length of the credit card = 85.6mm,"t=1s, distance_ball_camera = 1.014m
t=1.5s, distance_ball_camera = 0.7370m
distance_credit_card_camera = 0.6867m
distance_poker_tower_camera = 0.9035m
distance_white_cup_camera = 0.8740m
distance_pink_bottle_camera = 0.9998m",7.9
2723,captured_0039,lab,S3MC,24,SS,What is the diameter of the white ball in cm?,length of the credit card = 85.6mm,"t=1s, distance_ball_camera = 1.014m
t=1.5s, distance_ball_camera = 0.7370m
distance_credit_card_camera = 0.6867m
distance_poker_tower_camera = 0.9035m
distance_white_cup_camera = 0.8740m
distance_pink_bottle_camera = 0.9998m",3.6
2724,captured_0039,lab,S3MC,24,SS,What is the displacement of the white ball between 1.0s and 1.5s in cm?,length of the credit card = 85.6mm,"t=1s, distance_ball_camera = 1.014m
t=1.5s, distance_ball_camera = 0.7370m
distance_credit_card_camera = 0.6867m
distance_poker_tower_camera = 0.9035m
distance_white_cup_camera = 0.8740m
distance_pink_bottle_camera = 0.9998m",27.8
2725,captured_0039,lab,S3MC,24,SS,What is the distance between the white cup and the pink bottle in cm?,length of the credit card = 85.6mm,"t=1s, distance_ball_camera = 1.014m
t=1.5s, distance_ball_camera = 0.7370m
distance_credit_card_camera = 0.6867m
distance_poker_tower_camera = 0.9035m
distance_white_cup_camera = 0.8740m
distance_pink_bottle_camera = 0.9998m",16.4
2726,captured_0039,lab,S3MC,24,SS,What is the height of the pink bottle in cm? ,length of the credit card = 85.6mm,"t=1s, distance_ball_camera = 1.014m
t=1.5s, distance_ball_camera = 0.7370m
distance_credit_card_camera = 0.6867m
distance_poker_tower_camera = 0.9035m
distance_white_cup_camera = 0.8740m
distance_pink_bottle_camera = 0.9998m",18.9
2727,captured_0039s,lab,S3MS,24,SS,What is the height of the poker tower in cm? ,length of the credit card = 85.6mm,"t=1s, distance_ball_camera = 1.014m
t=1.5s, distance_ball_camera = 0.7370m
distance_credit_card_camera = 0.6867m
distance_poker_tower_camera = 0.9035m
distance_white_cup_camera = 0.8740m
distance_pink_bottle_camera = 0.9998m",9.3
2728,captured_0039s,lab,S3MS,24,SD,What is the velocity of the white ball at 1.0s in cm/s? ,length of the credit card = 85.6mm,"t=1s, distance_ball_camera = 1.014m
t=1.5s, distance_ball_camera = 0.7370m
distance_credit_card_camera = 0.6867m
distance_poker_tower_camera = 0.9035m
distance_white_cup_camera = 0.8740m
distance_pink_bottle_camera = 0.9998m",55.0
2729,captured_0039s,lab,S3MS,24,SS,What is the diameter of the rim of the white cup in cm? ,length of the credit card = 85.6mm,"t=1s, distance_ball_camera = 1.014m
t=1.5s, distance_ball_camera = 0.7370m
distance_credit_card_camera = 0.6867m
distance_poker_tower_camera = 0.9035m
distance_white_cup_camera = 0.8740m
distance_pink_bottle_camera = 0.9998m",7.8
2730,captured_0039s,lab,S3MS,24,SS,What is the diameter of the white ball in cm?,length of the credit card = 85.6mm,"t=1s, distance_ball_camera = 1.014m
t=1.5s, distance_ball_camera = 0.7370m
distance_credit_card_camera = 0.6867m
distance_poker_tower_camera = 0.9035m
distance_white_cup_camera = 0.8740m
distance_pink_bottle_camera = 0.9998m",3.7
2731,captured_0039s,lab,S3MS,24,SS,What is the displacement of the white ball between 1.0s and 1.5s in cm?,length of the credit card = 85.6mm,"t=1s, distance_ball_camera = 1.014m
t=1.5s, distance_ball_camera = 0.7370m
distance_credit_card_camera = 0.6867m
distance_poker_tower_camera = 0.9035m
distance_white_cup_camera = 0.8740m
distance_pink_bottle_camera = 0.9998m",28.3
2732,captured_0039s,lab,S3MS,24,SS,What is the distance between the white cup and the pink bottle in cm?,length of the credit card = 85.6mm,"t=1s, distance_ball_camera = 1.014m
t=1.5s, distance_ball_camera = 0.7370m
distance_credit_card_camera = 0.6867m
distance_poker_tower_camera = 0.9035m
distance_white_cup_camera = 0.8740m
distance_pink_bottle_camera = 0.9998m",16.5
2733,captured_0039s,lab,S3MS,24,SS,What is the height of the pink bottle in cm? ,length of the credit card = 85.6mm,"t=1s, distance_ball_camera = 1.014m
t=1.5s, distance_ball_camera = 0.7370m
distance_credit_card_camera = 0.6867m
distance_poker_tower_camera = 0.9035m
distance_white_cup_camera = 0.8740m
distance_pink_bottle_camera = 0.9998m",18.6
2734,captured_0039x,lab,S3MX,24,SS,What is the height of the poker tower in cm? ,length of the credit card = 85.6mm,"t=1s, distance_ball_camera = 1.014m
t=1.5s, distance_ball_camera = 0.7370m
distance_credit_card_camera = 0.6867m
distance_poker_tower_camera = 0.9035m
distance_white_cup_camera = 0.8740m
distance_pink_bottle_camera = 0.9998m",9.4
2735,captured_0039x,lab,S3MX,24,SD,What is the velocity of the white ball at 1.0s in cm/s? ,length of the credit card = 85.6mm,"t=1s, distance_ball_camera = 1.014m
t=1.5s, distance_ball_camera = 0.7370m
distance_credit_card_camera = 0.6867m
distance_poker_tower_camera = 0.9035m
distance_white_cup_camera = 0.8740m
distance_pink_bottle_camera = 0.9998m",55.0
2736,captured_0039x,lab,S3MX,24,SS,What is the diameter of the rim of the white cup in cm? ,length of the credit card = 85.6mm,"t=1s, distance_ball_camera = 1.014m
t=1.5s, distance_ball_camera = 0.7370m
distance_credit_card_camera = 0.6867m
distance_poker_tower_camera = 0.9035m
distance_white_cup_camera = 0.8740m
distance_pink_bottle_camera = 0.9998m",7.9
2737,captured_0039x,lab,S3MX,24,SS,What is the diameter of the white ball in cm?,length of the credit card = 85.6mm,"t=1s, distance_ball_camera = 1.014m
t=1.5s, distance_ball_camera = 0.7370m
distance_credit_card_camera = 0.6867m
distance_poker_tower_camera = 0.9035m
distance_white_cup_camera = 0.8740m
distance_pink_bottle_camera = 0.9998m",3.9
2738,captured_0039x,lab,S3MX,24,SS,What is the displacement of the white ball between 1.0s and 1.5s in cm?,length of the credit card = 85.6mm,"t=1s, distance_ball_camera = 1.014m
t=1.5s, distance_ball_camera = 0.7370m
distance_credit_card_camera = 0.6867m
distance_poker_tower_camera = 0.9035m
distance_white_cup_camera = 0.8740m
distance_pink_bottle_camera = 0.9998m",27.7
2739,captured_0039x,lab,S3MX,24,SS,What is the distance between the white cup and the pink bottle in cm?,length of the credit card = 85.6mm,"t=1s, distance_ball_camera = 1.014m
t=1.5s, distance_ball_camera = 0.7370m
distance_credit_card_camera = 0.6867m
distance_poker_tower_camera = 0.9035m
distance_white_cup_camera = 0.8740m
distance_pink_bottle_camera = 0.9998m",16.3
2740,captured_0039x,lab,S3MX,24,SS,What is the height of the pink bottle in cm? ,length of the credit card = 85.6mm,"t=1s, distance_ball_camera = 1.014m
t=1.5s, distance_ball_camera = 0.7370m
distance_credit_card_camera = 0.6867m
distance_poker_tower_camera = 0.9035m
distance_white_cup_camera = 0.8740m
distance_pink_bottle_camera = 0.9998m",18.7
2741,captured_0040,lab,S3MC,24,SS,What is the height of the poker tower in cm? ,length of the credit card = 85.6mm,"t=1.5s, distance_ball_camera = 0.7045m
t=2.0s, distance_ball_camera = 0.6270m
distance_credit_card_camera = 0.6900m
distance_poker_tower_camera = 0.9100m
distance_tape_camera = 0.9730m
distance_white_cup_camera = 8420m",9.2
2742,captured_0040,lab,S3MC,24,SD,What is the velocity of the white ball at 1.5s in cm/s? ,length of the credit card = 85.6mm,"t=1.5s, distance_ball_camera = 0.7045m
t=2.0s, distance_ball_camera = 0.6270m
distance_credit_card_camera = 0.6900m
distance_poker_tower_camera = 0.9100m
distance_tape_camera = 0.9730m
distance_white_cup_camera = 8420m",92.0
2743,captured_0040,lab,S3MC,24,SS,What is the diameter of the rim of the white cup in cm? ,length of the credit card = 85.6mm,"t=1.5s, distance_ball_camera = 0.7045m
t=2.0s, distance_ball_camera = 0.6270m
distance_credit_card_camera = 0.6900m
distance_poker_tower_camera = 0.9100m
distance_tape_camera = 0.9730m
distance_white_cup_camera = 8420m",7.9
2744,captured_0040,lab,S3MC,24,SS,What is the diameter of the white ball in cm?,length of the credit card = 85.6mm,"t=1.5s, distance_ball_camera = 0.7045m
t=2.0s, distance_ball_camera = 0.6270m
distance_credit_card_camera = 0.6900m
distance_poker_tower_camera = 0.9100m
distance_tape_camera = 0.9730m
distance_white_cup_camera = 8420m",3.5
2745,captured_0040,lab,S3MC,24,SS,What is the distance travelled by the white ball between 1.5s and 1.9s in cm?,length of the credit card = 85.6mm,"t=1.5s, distance_ball_camera = 0.7045m
t=2.0s, distance_ball_camera = 0.6270m
distance_credit_card_camera = 0.6900m
distance_poker_tower_camera = 0.9100m
distance_tape_camera = 0.9730m
distance_white_cup_camera = 8420m",30.0
2746,captured_0040,lab,S3MC,24,SS,What is the diameter of the tape in cm? ,length of the credit card = 85.6mm,"t=1.5s, distance_ball_camera = 0.7045m
t=2.0s, distance_ball_camera = 0.6270m
distance_credit_card_camera = 0.6900m
distance_poker_tower_camera = 0.9100m
distance_tape_camera = 0.9730m
distance_white_cup_camera = 8420m",9.1
2747,captured_0040,lab,S3MC,24,SS,What is the height of the white cup in cm? ,length of the credit card = 85.6mm,"t=1.5s, distance_ball_camera = 0.7045m
t=2.0s, distance_ball_camera = 0.6270m
distance_credit_card_camera = 0.6900m
distance_poker_tower_camera = 0.9100m
distance_tape_camera = 0.9730m
distance_white_cup_camera = 8420m",13.0
2748,captured_0040,lab,S3MC,24,SD,What is the velocity of the white ball at 1.4s in cm/s? ,length of the credit card = 85.6mm,"t=1.5s, distance_ball_camera = 0.7045m
t=2.0s, distance_ball_camera = 0.6270m
distance_credit_card_camera = 0.6900m
distance_poker_tower_camera = 0.9100m
distance_tape_camera = 0.9730m
distance_white_cup_camera = 8420m",92.0
2749,captured_0040s,lab,S3MS,24,SS,What is the height of the poker tower in cm? ,length of the credit card = 85.6mm,"t=1.5s, distance_ball_camera = 0.7045m
t=2.0s, distance_ball_camera = 0.6270m
distance_credit_card_camera = 0.6900m
distance_poker_tower_camera = 0.9100m
distance_tape_camera = 0.9730m
distance_white_cup_camera = 8420m",8.9
2750,captured_0040s,lab,S3MS,24,SD,What is the velocity of the white ball at 1.5s in cm/s? ,length of the credit card = 85.6mm,"t=1.5s, distance_ball_camera = 0.7045m
t=2.0s, distance_ball_camera = 0.6270m
distance_credit_card_camera = 0.6900m
distance_poker_tower_camera = 0.9100m
distance_tape_camera = 0.9730m
distance_white_cup_camera = 8420m",87.0
2751,captured_0040s,lab,S3MS,24,SS,What is the diameter of the rim of the white cup in cm? ,length of the credit card = 85.6mm,"t=1.5s, distance_ball_camera = 0.7045m
t=2.0s, distance_ball_camera = 0.6270m
distance_credit_card_camera = 0.6900m
distance_poker_tower_camera = 0.9100m
distance_tape_camera = 0.9730m
distance_white_cup_camera = 8420m",7.3
2752,captured_0040s,lab,S3MS,24,SS,What is the diameter of the white ball in cm?,length of the credit card = 85.6mm,"t=1.5s, distance_ball_camera = 0.7045m
t=2.0s, distance_ball_camera = 0.6270m
distance_credit_card_camera = 0.6900m
distance_poker_tower_camera = 0.9100m
distance_tape_camera = 0.9730m
distance_white_cup_camera = 8420m",4.5
2753,captured_0040s,lab,S3MS,24,SS,What is the distance travelled by the white ball between 1.5s and 1.9s in cm?,length of the credit card = 85.6mm,"t=1.5s, distance_ball_camera = 0.7045m
t=2.0s, distance_ball_camera = 0.6270m
distance_credit_card_camera = 0.6900m
distance_poker_tower_camera = 0.9100m
distance_tape_camera = 0.9730m
distance_white_cup_camera = 8420m",30.0
2754,captured_0040s,lab,S3MS,24,SS,What is the diameter of the tape in cm? ,length of the credit card = 85.6mm,"t=1.5s, distance_ball_camera = 0.7045m
t=2.0s, distance_ball_camera = 0.6270m
distance_credit_card_camera = 0.6900m
distance_poker_tower_camera = 0.9100m
distance_tape_camera = 0.9730m
distance_white_cup_camera = 8420m",9.0
2755,captured_0040s,lab,S3MS,24,SS,What is the height of the white cup in cm? ,length of the credit card = 85.6mm,"t=1.5s, distance_ball_camera = 0.7045m
t=2.0s, distance_ball_camera = 0.6270m
distance_credit_card_camera = 0.6900m
distance_poker_tower_camera = 0.9100m
distance_tape_camera = 0.9730m
distance_white_cup_camera = 8420m",12.7
2756,captured_0040s,lab,S3MS,24,SD,What is the velocity of the white ball at 1.4s in cm/s? ,length of the credit card = 85.6mm,"t=1.5s, distance_ball_camera = 0.7045m
t=2.0s, distance_ball_camera = 0.6270m
distance_credit_card_camera = 0.6900m
distance_poker_tower_camera = 0.9100m
distance_tape_camera = 0.9730m
distance_white_cup_camera = 8420m",95.0
2757,captured_0040x,lab,S3MX,24,SS,What is the height of the poker tower in cm? ,length of the credit card = 85.6mm,"t=1.5s, distance_ball_camera = 0.7045m
t=2.0s, distance_ball_camera = 0.6270m
distance_credit_card_camera = 0.6900m
distance_poker_tower_camera = 0.9100m
distance_tape_camera = 0.9730m
distance_white_cup_camera = 8420m",8.8
2758,captured_0040x,lab,S3MX,24,SD,What is the velocity of the white ball at 1.5s in cm/s? ,length of the credit card = 85.6mm,"t=1.5s, distance_ball_camera = 0.7045m
t=2.0s, distance_ball_camera = 0.6270m
distance_credit_card_camera = 0.6900m
distance_poker_tower_camera = 0.9100m
distance_tape_camera = 0.9730m
distance_white_cup_camera = 8420m",90.0
2759,captured_0040x,lab,S3MX,24,SS,What is the diameter of the rim of the white cup in cm? ,length of the credit card = 85.6mm,"t=1.5s, distance_ball_camera = 0.7045m
t=2.0s, distance_ball_camera = 0.6270m
distance_credit_card_camera = 0.6900m
distance_poker_tower_camera = 0.9100m
distance_tape_camera = 0.9730m
distance_white_cup_camera = 8420m",7.4
2760,captured_0040x,lab,S3MX,24,SS,What is the diameter of the white ball in cm?,length of the credit card = 85.6mm,"t=1.5s, distance_ball_camera = 0.7045m
t=2.0s, distance_ball_camera = 0.6270m
distance_credit_card_camera = 0.6900m
distance_poker_tower_camera = 0.9100m
distance_tape_camera = 0.9730m
distance_white_cup_camera = 8420m",3.6
2761,captured_0040x,lab,S3MX,24,SS,What is the distance travelled by the white ball between 1.5s and 1.9s in cm?,length of the credit card = 85.6mm,"t=1.5s, distance_ball_camera = 0.7045m
t=2.0s, distance_ball_camera = 0.6270m
distance_credit_card_camera = 0.6900m
distance_poker_tower_camera = 0.9100m
distance_tape_camera = 0.9730m
distance_white_cup_camera = 8420m",30.0
2762,captured_0040x,lab,S3MX,24,SS,What is the diameter of the tape in cm? ,length of the credit card = 85.6mm,"t=1.5s, distance_ball_camera = 0.7045m
t=2.0s, distance_ball_camera = 0.6270m
distance_credit_card_camera = 0.6900m
distance_poker_tower_camera = 0.9100m
distance_tape_camera = 0.9730m
distance_white_cup_camera = 8420m",9.1
2763,captured_0040x,lab,S3MX,24,SS,What is the height of the white cup in cm? ,length of the credit card = 85.6mm,"t=1.5s, distance_ball_camera = 0.7045m
t=2.0s, distance_ball_camera = 0.6270m
distance_credit_card_camera = 0.6900m
distance_poker_tower_camera = 0.9100m
distance_tape_camera = 0.9730m
distance_white_cup_camera = 8420m",12.9
2764,captured_0040x,lab,S3MX,24,SD,What is the velocity of the white ball at 1.4s in cm/s? ,length of the credit card = 85.6mm,"t=1.5s, distance_ball_camera = 0.7045m
t=2.0s, distance_ball_camera = 0.6270m
distance_credit_card_camera = 0.6900m
distance_poker_tower_camera = 0.9100m
distance_tape_camera = 0.9730m
distance_white_cup_camera = 8420m",93.0
2765,captured_0041,lab,V3SC,24,DS,What is the soccer ball's diameter in cm? ,velocity of the soccer ball at 1.5s = 5.21m/s,"t=1.5s, distance_soccer_ball_camera = 2.5440m
t=1.6s, distance_soccer_ball_camera = 2.0740m",17.56239055032
2766,captured_0041,lab,V3SC,24,DS,What is the soccer ball's displacement between 1.5s and 1.6s in meters? ,velocity of the soccer ball at 1.5s = 5.21m/s,"t=1.5s, distance_soccer_ball_camera = 2.5440m
t=1.6s, distance_soccer_ball_camera = 2.0740m",0.4933219996492902
2767,captured_0041,lab,V3SC,24,DS,What is the distance from the soccer ball to the person at 1.5s in meters? ,velocity of the soccer ball at 1.5s = 5.21m/s,"t=1.5s, distance_soccer_ball_camera = 2.5440m
t=1.6s, distance_soccer_ball_camera = 2.0740m",1.2
2768,captured_0041s,lab,V3SS,24,DS,What is the soccer ball's diameter in cm? ,velocity of the soccer ball at 1.5s = 5.21m/s,"t=1.5s, distance_soccer_ball_camera = 2.5440m
t=1.6s, distance_soccer_ball_camera = 2.0740m",18.016381572461075
2769,captured_0041s,lab,V3SS,24,DS,What is the soccer ball's displacement between 1.5s and 1.6s in meters? ,velocity of the soccer ball at 1.5s = 5.21m/s,"t=1.5s, distance_soccer_ball_camera = 2.5440m
t=1.6s, distance_soccer_ball_camera = 2.0740m",0.5328404447810124
2770,captured_0041s,lab,V3SS,24,DS,What is the distance from the soccer ball to the person at 1.5s in meters? ,velocity of the soccer ball at 1.5s = 5.21m/s,"t=1.5s, distance_soccer_ball_camera = 2.5440m
t=1.6s, distance_soccer_ball_camera = 2.0740m",0.6
2771,captured_0041x,lab,V3SX,24,DS,What is the soccer ball's diameter in cm? ,velocity of the soccer ball at 1.5s = 5.21m/s,"t=1.5s, distance_soccer_ball_camera = 2.5440m
t=1.6s, distance_soccer_ball_camera = 2.0740m",17.753952017624353
2772,captured_0041x,lab,V3SX,24,DS,What is the soccer ball's displacement between 1.5s and 1.6s in meters? ,velocity of the soccer ball at 1.5s = 5.21m/s,"t=1.5s, distance_soccer_ball_camera = 2.5440m
t=1.6s, distance_soccer_ball_camera = 2.0740m",0.5079132883876107
2773,captured_0041x,lab,V3SX,24,DS,What is the distance from the soccer ball to the person at 1.5s in meters? ,velocity of the soccer ball at 1.5s = 5.21m/s,"t=1.5s, distance_soccer_ball_camera = 2.5440m
t=1.6s, distance_soccer_ball_camera = 2.0740m",1.2
2774,captured_0047,lab,V3SC,24,DS,What is the yoga ball's diameter in cm? ,velocity of the yoga ball at 1.0s = 2.1464m/s,"t=1.0s, distance_yoga_ball_camera = 2.4985m
t=1.5s, distance_soccer_ball_camera = 1.4972m
distance_person_camera = 3.8300m",47.85670779583053
2775,captured_0047,lab,V3SC,24,DS,What is the yoga ball's displacement between 1.0s and 1.5s in meters? ,velocity of the yoga ball at 1.0s = 2.1464m/s,"t=1.0s, distance_yoga_ball_camera = 2.4985m
t=1.5s, distance_soccer_ball_camera = 1.4972m
distance_person_camera = 3.8300m",0.7675223655059886
2776,captured_0047,lab,V3SC,24,DS,What is the distance from the yoga ball to the person at 1.5s in meters? ,velocity of the yoga ball at 1.0s = 2.1464m/s,"t=1.0s, distance_yoga_ball_camera = 2.4985m
t=1.5s, distance_soccer_ball_camera = 1.4972m
distance_person_camera = 3.8300m",2.2095236981022883
2777,captured_0047s,lab,V3SS,24,DS,What is the yoga ball's diameter in cm? ,velocity of the yoga ball at 1.0s = 2.1464m/s,"t=1.0s, distance_yoga_ball_camera = 2.4985m
t=1.5s, distance_soccer_ball_camera = 1.4972m
distance_person_camera = 3.8300m",48.58755788673085
2778,captured_0047s,lab,V3SS,24,DS,What is the yoga ball's displacement between 1.0s and 1.5s in meters? ,velocity of the yoga ball at 1.0s = 2.1464m/s,"t=1.0s, distance_yoga_ball_camera = 2.4985m
t=1.5s, distance_soccer_ball_camera = 1.4972m
distance_person_camera = 3.8300m",0.813588519019529
2779,captured_0047s,lab,V3SS,24,DS,What is the distance from the yoga ball to the person at 1.5s in meters? ,velocity of the yoga ball at 1.0s = 2.1464m/s,"t=1.0s, distance_yoga_ball_camera = 2.4985m
t=1.5s, distance_soccer_ball_camera = 1.4972m
distance_person_camera = 3.8300m",2.261001265727961
2780,captured_0047x,lab,V3SX,24,DS,What is the yoga ball's diameter in cm? ,velocity of the yoga ball at 1.0s = 2.1464m/s,"t=1.0s, distance_yoga_ball_camera = 2.4985m
t=1.5s, distance_soccer_ball_camera = 1.4972m
distance_person_camera = 3.8300m",49.30668390125421
2781,captured_0047x,lab,V3SX,24,DS,What is the yoga ball's displacement between 1.0s and 1.5s in meters? ,velocity of the yoga ball at 1.0s = 2.1464m/s,"t=1.0s, distance_yoga_ball_camera = 2.4985m
t=1.5s, distance_soccer_ball_camera = 1.4972m
distance_person_camera = 3.8300m",0.7980023707999593
2782,captured_0047x,lab,V3SX,24,DS,What is the distance from the yoga ball to the person at 1.5s in meters? ,velocity of the yoga ball at 1.0s = 2.1464m/s,"t=1.0s, distance_yoga_ball_camera = 2.4985m
t=1.5s, distance_soccer_ball_camera = 1.4972m
distance_person_camera = 3.8300m",2.24632972704166
2783,captured_0052,lab,V3MC,24,DS,What is the initial distance between the yoga ball and the shoe in meters? ,velocity of the yoga ball at 1.0s = 2.19m/s,"t=1.0s, distance_yoga_ball_camera = 2.6120m
distance_shoe_camera = 2.2310m
distance_trashbin_camera = 2.9770m
distance_basketball_camera = 1.9365m",1.3083330295126696
2784,captured_0052,lab,V3MC,24,DS,What is the height of the trashbin in cm?,velocity of the yoga ball at 1.0s = 2.19m/s,"t=1.0s, distance_yoga_ball_camera = 2.6120m
distance_shoe_camera = 2.2310m
distance_trashbin_camera = 2.9770m
distance_basketball_camera = 1.9365m",43.25824112376122
2785,captured_0052,lab,V3MC,24,DS,What is the length of the shoe in cm?,velocity of the yoga ball at 1.0s = 2.19m/s,"t=1.0s, distance_yoga_ball_camera = 2.6120m
distance_shoe_camera = 2.2310m
distance_trashbin_camera = 2.9770m
distance_basketball_camera = 1.9365m",21.38727535519613
2786,captured_0052,lab,V3MC,24,DS,What is the diameter of the yoga ball in cm?,velocity of the yoga ball at 1.0s = 2.19m/s,"t=1.0s, distance_yoga_ball_camera = 2.6120m
distance_shoe_camera = 2.2310m
distance_trashbin_camera = 2.9770m
distance_basketball_camera = 1.9365m",52.607670702268514
2787,captured_0052,lab,V3MC,24,DS,What is the diameter of the basketball in cm?,velocity of the yoga ball at 1.0s = 2.19m/s,"t=1.0s, distance_yoga_ball_camera = 2.6120m
distance_shoe_camera = 2.2310m
distance_trashbin_camera = 2.9770m
distance_basketball_camera = 1.9365m",22.3516119070322
2788,captured_0052,lab,V3MC,24,DS,What is the distance between the basketball and the shoe in meters? ,velocity of the yoga ball at 1.0s = 2.19m/s,"t=1.0s, distance_yoga_ball_camera = 2.6120m
distance_shoe_camera = 2.2310m
distance_trashbin_camera = 2.9770m
distance_basketball_camera = 1.9365m",1.3389399682299952
2789,captured_0052,lab,V3MC,24,DS,What is the distance between the trashbin and the shoe in meters? ,velocity of the yoga ball at 1.0s = 2.19m/s,"t=1.0s, distance_yoga_ball_camera = 2.6120m
distance_shoe_camera = 2.2310m
distance_trashbin_camera = 2.9770m
distance_basketball_camera = 1.9365m",1.6340689296561093
2790,captured_0052,lab,V3MC,24,DS,What is the distance between the trashbin and the basketball in meters? ,velocity of the yoga ball at 1.0s = 2.19m/s,"t=1.0s, distance_yoga_ball_camera = 2.6120m
distance_shoe_camera = 2.2310m
distance_trashbin_camera = 2.9770m
distance_basketball_camera = 1.9365m",1.1327211723525106
2791,captured_0052s,lab,V3MS,24,DS,What is the initial distance between the yoga ball and the shoe in meters? ,velocity of the yoga ball at 1.0s = 2.19m/s,"t=1.0s, distance_yoga_ball_camera = 2.6120m
distance_shoe_camera = 2.2310m
distance_trashbin_camera = 2.9770m
distance_basketball_camera = 1.9365m",1.1144440368591624
2792,captured_0052s,lab,V3MS,24,DS,What is the height of the trashbin in cm?,velocity of the yoga ball at 1.0s = 2.19m/s,"t=1.0s, distance_yoga_ball_camera = 2.6120m
distance_shoe_camera = 2.2310m
distance_trashbin_camera = 2.9770m
distance_basketball_camera = 1.9365m",42.899984925237774
2793,captured_0052s,lab,V3MS,24,DS,What is the length of the shoe in cm?,velocity of the yoga ball at 1.0s = 2.19m/s,"t=1.0s, distance_yoga_ball_camera = 2.6120m
distance_shoe_camera = 2.2310m
distance_trashbin_camera = 2.9770m
distance_basketball_camera = 1.9365m",22.32963360313482
2794,captured_0052s,lab,V3MS,24,DS,What is the diameter of the yoga ball in cm?,velocity of the yoga ball at 1.0s = 2.19m/s,"t=1.0s, distance_yoga_ball_camera = 2.6120m
distance_shoe_camera = 2.2310m
distance_trashbin_camera = 2.9770m
distance_basketball_camera = 1.9365m",53.07142872183012
2795,captured_0052s,lab,V3MS,24,DS,What is the diameter of the basketball in cm?,velocity of the yoga ball at 1.0s = 2.19m/s,"t=1.0s, distance_yoga_ball_camera = 2.6120m
distance_shoe_camera = 2.2310m
distance_trashbin_camera = 2.9770m
distance_basketball_camera = 1.9365m",22.33314085622316
2796,captured_0052s,lab,V3MS,24,DS,What is the distance between the basketball and the shoe in meters? ,velocity of the yoga ball at 1.0s = 2.19m/s,"t=1.0s, distance_yoga_ball_camera = 2.6120m
distance_shoe_camera = 2.2310m
distance_trashbin_camera = 2.9770m
distance_basketball_camera = 1.9365m",1.339041320128259
2797,captured_0052s,lab,V3MS,24,DS,What is the distance between the trashbin and the shoe in meters? ,velocity of the yoga ball at 1.0s = 2.19m/s,"t=1.0s, distance_yoga_ball_camera = 2.6120m
distance_shoe_camera = 2.2310m
distance_trashbin_camera = 2.9770m
distance_basketball_camera = 1.9365m",1.6362018590506897
2798,captured_0052s,lab,V3MS,24,DS,What is the distance between the trashbin and the basketball in meters? ,velocity of the yoga ball at 1.0s = 2.19m/s,"t=1.0s, distance_yoga_ball_camera = 2.6120m
distance_shoe_camera = 2.2310m
distance_trashbin_camera = 2.9770m
distance_basketball_camera = 1.9365m",1.132164157305331
2799,captured_0052x,lab,V3MX,24,DS,What is the initial distance between the yoga ball and the shoe in meters? ,velocity of the yoga ball at 1.0s = 2.19m/s,"t=1.0s, distance_yoga_ball_camera = 2.6120m
distance_shoe_camera = 2.2310m
distance_trashbin_camera = 2.9770m
distance_basketball_camera = 1.9365m",1.39114670733161
2800,captured_0052x,lab,V3MX,24,DS,What is the height of the trashbin in cm?,velocity of the yoga ball at 1.0s = 2.19m/s,"t=1.0s, distance_yoga_ball_camera = 2.6120m
distance_shoe_camera = 2.2310m
distance_trashbin_camera = 2.9770m
distance_basketball_camera = 1.9365m",42.891357094652186
2801,captured_0052x,lab,V3MX,24,DS,What is the length of the shoe in cm?,velocity of the yoga ball at 1.0s = 2.19m/s,"t=1.0s, distance_yoga_ball_camera = 2.6120m
distance_shoe_camera = 2.2310m
distance_trashbin_camera = 2.9770m
distance_basketball_camera = 1.9365m",21.43821752354044
2802,captured_0052x,lab,V3MX,24,DS,What is the diameter of the yoga ball in cm?,velocity of the yoga ball at 1.0s = 2.19m/s,"t=1.0s, distance_yoga_ball_camera = 2.6120m
distance_shoe_camera = 2.2310m
distance_trashbin_camera = 2.9770m
distance_basketball_camera = 1.9365m",51.47376952213378
2803,captured_0052x,lab,V3MX,24,DS,What is the diameter of the basketball in cm?,velocity of the yoga ball at 1.0s = 2.19m/s,"t=1.0s, distance_yoga_ball_camera = 2.6120m
distance_shoe_camera = 2.2310m
distance_trashbin_camera = 2.9770m
distance_basketball_camera = 1.9365m",21.963190270226008
2804,captured_0052x,lab,V3MX,24,DS,What is the distance between the basketball and the shoe in meters? ,velocity of the yoga ball at 1.0s = 2.19m/s,"t=1.0s, distance_yoga_ball_camera = 2.6120m
distance_shoe_camera = 2.2310m
distance_trashbin_camera = 2.9770m
distance_basketball_camera = 1.9365m",1.3388357487530385
2805,captured_0052x,lab,V3MX,24,DS,What is the distance between the trashbin and the shoe in meters? ,velocity of the yoga ball at 1.0s = 2.19m/s,"t=1.0s, distance_yoga_ball_camera = 2.6120m
distance_shoe_camera = 2.2310m
distance_trashbin_camera = 2.9770m
distance_basketball_camera = 1.9365m",1.6359868873448349
2806,captured_0052x,lab,V3MX,24,DS,What is the distance between the trashbin and the basketball in meters? ,velocity of the yoga ball at 1.0s = 2.19m/s,"t=1.0s, distance_yoga_ball_camera = 2.6120m
distance_shoe_camera = 2.2310m
distance_trashbin_camera = 2.9770m
distance_basketball_camera = 1.9365m",1.1321359511077858
2807,captured_0053,lab,V3MC,24,DS,What is the width of the book in cm?,velocity of the trashbin at 0.4s = 0.9962m/s,"t=0.4s, distance_trashbin_camera = 2.7300m
distance_white_cup_camera = 2.5160m
distance_book_camera = 2.0820m
distance_basketball_camera = 2.9250m",11.581000147828467
2808,captured_0053,lab,V3MC,24,DS,What is the length of the book in cm?,velocity of the trashbin at 0.4s = 0.9962m/s,"t=0.4s, distance_trashbin_camera = 2.7300m
distance_white_cup_camera = 2.5160m
distance_book_camera = 2.0820m
distance_basketball_camera = 2.9250m",19.964178301964
2809,captured_0053,lab,V3MC,24,DS,What is the diameter of the rim of the white cup in cm? ,velocity of the trashbin at 0.4s = 0.9962m/s,"t=0.4s, distance_trashbin_camera = 2.7300m
distance_white_cup_camera = 2.5160m
distance_book_camera = 2.0820m
distance_basketball_camera = 2.9250m",8.409992630541883
2810,captured_0053,lab,V3MC,24,DS,What is the diameter of the basketball in cm?,velocity of the trashbin at 0.4s = 0.9962m/s,"t=0.4s, distance_trashbin_camera = 2.7300m
distance_white_cup_camera = 2.5160m
distance_book_camera = 2.0820m
distance_basketball_camera = 2.9250m",24.08579139301053
2811,captured_0053,lab,V3MC,24,DS,What is the height of the trashbin in cm?,velocity of the trashbin at 0.4s = 0.9962m/s,"t=0.4s, distance_trashbin_camera = 2.7300m
distance_white_cup_camera = 2.5160m
distance_book_camera = 2.0820m
distance_basketball_camera = 2.9250m",37.67051602356955
2812,captured_0053,lab,V3MC,24,DS,What is the diatance between the white cup and the basketball in meters?,velocity of the trashbin at 0.4s = 0.9962m/s,"t=0.4s, distance_trashbin_camera = 2.7300m
distance_white_cup_camera = 2.5160m
distance_book_camera = 2.0820m
distance_basketball_camera = 2.9250m",1.5649195956414752
2813,captured_0053,lab,V3MC,24,DS,What is the diatance between the white cup and the book in meters?,velocity of the trashbin at 0.4s = 0.9962m/s,"t=0.4s, distance_trashbin_camera = 2.7300m
distance_white_cup_camera = 2.5160m
distance_book_camera = 2.0820m
distance_basketball_camera = 2.9250m",0.7879388927154483
2814,captured_0053,lab,V3MC,24,DS,What is the displacement of the trashbin between 0.4s and 1.4s in meters?,velocity of the trashbin at 0.4s = 0.9962m/s,"t=0.4s, distance_trashbin_camera = 2.7300m
distance_white_cup_camera = 2.5160m
distance_book_camera = 2.0820m
distance_basketball_camera = 2.9250m",0.8279520825897407
2815,captured_0053s,lab,V3MS,24,DS,What is the width of the book in cm?,velocity of the trashbin at 0.4s = 0.9962m/s,"t=0.4s, distance_trashbin_camera = 2.7300m
distance_white_cup_camera = 2.5160m
distance_book_camera = 2.0820m
distance_basketball_camera = 2.9250m",11.682834319102
2816,captured_0053s,lab,V3MS,24,DS,What is the length of the book in cm?,velocity of the trashbin at 0.4s = 0.9962m/s,"t=0.4s, distance_trashbin_camera = 2.7300m
distance_white_cup_camera = 2.5160m
distance_book_camera = 2.0820m
distance_basketball_camera = 2.9250m",19.80828816789188
2817,captured_0053s,lab,V3MS,24,DS,What is the diameter of the rim of the white cup in cm? ,velocity of the trashbin at 0.4s = 0.9962m/s,"t=0.4s, distance_trashbin_camera = 2.7300m
distance_white_cup_camera = 2.5160m
distance_book_camera = 2.0820m
distance_basketball_camera = 2.9250m",7.889477217698838
2818,captured_0053s,lab,V3MS,24,DS,What is the diameter of the basketball in cm?,velocity of the trashbin at 0.4s = 0.9962m/s,"t=0.4s, distance_trashbin_camera = 2.7300m
distance_white_cup_camera = 2.5160m
distance_book_camera = 2.0820m
distance_basketball_camera = 2.9250m",24.39196230944212
2819,captured_0053s,lab,V3MS,24,DS,What is the height of the trashbin in cm?,velocity of the trashbin at 0.4s = 0.9962m/s,"t=0.4s, distance_trashbin_camera = 2.7300m
distance_white_cup_camera = 2.5160m
distance_book_camera = 2.0820m
distance_basketball_camera = 2.9250m",44.25682881400017
2820,captured_0053s,lab,V3MS,24,DS,What is the diatance between the white cup and the basketball in meters?,velocity of the trashbin at 0.4s = 0.9962m/s,"t=0.4s, distance_trashbin_camera = 2.7300m
distance_white_cup_camera = 2.5160m
distance_book_camera = 2.0820m
distance_basketball_camera = 2.9250m",1.5564129926330168
2821,captured_0053s,lab,V3MS,24,DS,What is the diatance between the white cup and the book in meters?,velocity of the trashbin at 0.4s = 0.9962m/s,"t=0.4s, distance_trashbin_camera = 2.7300m
distance_white_cup_camera = 2.5160m
distance_book_camera = 2.0820m
distance_basketball_camera = 2.9250m",0.7833734279934633
2822,captured_0053s,lab,V3MS,24,DS,What is the displacement of the trashbin between 0.4s and 1.4s in meters?,velocity of the trashbin at 0.4s = 0.9962m/s,"t=0.4s, distance_trashbin_camera = 2.7300m
distance_white_cup_camera = 2.5160m
distance_book_camera = 2.0820m
distance_basketball_camera = 2.9250m",0.8260318841831897
2823,captured_0053x,lab,V3MX,24,DS,What is the width of the book in cm?,velocity of the trashbin at 0.4s = 0.9962m/s,"t=0.4s, distance_trashbin_camera = 2.7300m
distance_white_cup_camera = 2.5160m
distance_book_camera = 2.0820m
distance_basketball_camera = 2.9250m",13.710648802710717
2824,captured_0053x,lab,V3MX,24,DS,What is the length of the book in cm?,velocity of the trashbin at 0.4s = 0.9962m/s,"t=0.4s, distance_trashbin_camera = 2.7300m
distance_white_cup_camera = 2.5160m
distance_book_camera = 2.0820m
distance_basketball_camera = 2.9250m",18.50737935833303
2825,captured_0053x,lab,V3MX,24,DS,What is the diameter of the rim of the white cup in cm? ,velocity of the trashbin at 0.4s = 0.9962m/s,"t=0.4s, distance_trashbin_camera = 2.7300m
distance_white_cup_camera = 2.5160m
distance_book_camera = 2.0820m
distance_basketball_camera = 2.9250m",7.88944507194623
2826,captured_0053x,lab,V3MX,24,DS,What is the diameter of the basketball in cm?,velocity of the trashbin at 0.4s = 0.9962m/s,"t=0.4s, distance_trashbin_camera = 2.7300m
distance_white_cup_camera = 2.5160m
distance_book_camera = 2.0820m
distance_basketball_camera = 2.9250m",24.38119675799781
2827,captured_0053x,lab,V3MX,24,DS,What is the height of the trashbin in cm?,velocity of the trashbin at 0.4s = 0.9962m/s,"t=0.4s, distance_trashbin_camera = 2.7300m
distance_white_cup_camera = 2.5160m
distance_book_camera = 2.0820m
distance_basketball_camera = 2.9250m",43.979282724850535
2828,captured_0053x,lab,V3MX,24,DS,What is the diatance between the white cup and the basketball in meters?,velocity of the trashbin at 0.4s = 0.9962m/s,"t=0.4s, distance_trashbin_camera = 2.7300m
distance_white_cup_camera = 2.5160m
distance_book_camera = 2.0820m
distance_basketball_camera = 2.9250m",1.5599410014600006
2829,captured_0053x,lab,V3MX,24,DS,What is the diatance between the white cup and the book in meters?,velocity of the trashbin at 0.4s = 0.9962m/s,"t=0.4s, distance_trashbin_camera = 2.7300m
distance_white_cup_camera = 2.5160m
distance_book_camera = 2.0820m
distance_basketball_camera = 2.9250m",0.788240523607242
2830,captured_0053x,lab,V3MX,24,DS,What is the displacement of the trashbin between 0.4s and 1.4s in meters?,velocity of the trashbin at 0.4s = 0.9962m/s,"t=0.4s, distance_trashbin_camera = 2.7300m
distance_white_cup_camera = 2.5160m
distance_book_camera = 2.0820m
distance_basketball_camera = 2.9250m",0.8202953113231167
2831,captured_0054a,lab,V3MC,24,DS,What is the orange ball's displacement between 0.5s and 1.0s in meters? ,velocity of the orange ball at 0.5s = 2.21m/s,"t=0.5s, distance_orange_ball_camera = 2.3557m
t=1.0s, distance_orange_ball_camera = 1.8100m
t=1.0s, distance_white_ball_camera = 3.0735m
t=1.0s, distance_green_ball_camera = 3.0390m",0.8612415352828718
2832,captured_0054a,lab,V3MC,24,DS,What is the soccer ball's displacement between 1.0s and 1.4s in meters? ,velocity of the orange ball at 0.5s = 2.21m/s,"t=0.5s, distance_orange_ball_camera = 2.3557m
t=1.0s, distance_orange_ball_camera = 1.8100m
t=1.0s, distance_white_ball_camera = 3.0735m
t=1.0s, distance_green_ball_camera = 3.0390m",0.52
2833,captured_0054a,lab,V3MC,24,DS,What is the soccer ball's diameter in cm? ,velocity of the orange ball at 0.5s = 2.21m/s,"t=0.5s, distance_orange_ball_camera = 2.3557m
t=1.0s, distance_orange_ball_camera = 1.8100m
t=1.0s, distance_white_ball_camera = 3.0735m
t=1.0s, distance_green_ball_camera = 3.0390m",24.0
2834,captured_0054a,lab,V3MC,24,DS,What is the orange ball's diameter in cm? ,velocity of the orange ball at 0.5s = 2.21m/s,"t=0.5s, distance_orange_ball_camera = 2.3557m
t=1.0s, distance_orange_ball_camera = 1.8100m
t=1.0s, distance_white_ball_camera = 3.0735m
t=1.0s, distance_green_ball_camera = 3.0390m",21.29949652957504
2835,captured_0054a,lab,V3MC,24,DS,What is the white ball's diameter in cm? ,velocity of the orange ball at 0.5s = 2.21m/s,"t=0.5s, distance_orange_ball_camera = 2.3557m
t=1.0s, distance_orange_ball_camera = 1.8100m
t=1.0s, distance_white_ball_camera = 3.0735m
t=1.0s, distance_green_ball_camera = 3.0390m",6.40647569524066
2836,captured_0054a,lab,V3MC,24,DD,What is the soccer ball's velocity at 0.5s in m/s? ,velocity of the orange ball at 0.5s = 2.21m/s,"t=0.5s, distance_orange_ball_camera = 2.3557m
t=1.0s, distance_orange_ball_camera = 1.8100m
t=1.0s, distance_white_ball_camera = 3.0735m
t=1.0s, distance_green_ball_camera = 3.0390m",0.02
2837,captured_0054a,lab,V3MC,24,DD,What is the velocity of the green ball at 1.0s in m/s? ,velocity of the orange ball at 0.5s = 2.21m/s,"t=0.5s, distance_orange_ball_camera = 2.3557m
t=1.0s, distance_orange_ball_camera = 1.8100m
t=1.0s, distance_white_ball_camera = 3.0735m
t=1.0s, distance_green_ball_camera = 3.0390m",1.4195800530922809
2838,captured_0054a,lab,V3MC,24,DD,What is the velocity of the white ball at 1.0s in m/s? ,velocity of the orange ball at 0.5s = 2.21m/s,"t=0.5s, distance_orange_ball_camera = 2.3557m
t=1.0s, distance_orange_ball_camera = 1.8100m
t=1.0s, distance_white_ball_camera = 3.0735m
t=1.0s, distance_green_ball_camera = 3.0390m",1.3207701376842766
2839,captured_0054a,lab,V3MC,24,DD,What is the velocity of the green ball at 1.5s in m/s? ,velocity of the orange ball at 0.5s = 2.21m/s,"t=0.5s, distance_orange_ball_camera = 2.3557m
t=1.0s, distance_orange_ball_camera = 1.8100m
t=1.0s, distance_white_ball_camera = 3.0735m
t=1.0s, distance_green_ball_camera = 3.0390m",4.719588016156137
2840,captured_0054a,lab,V3MC,24,DD,What is the velocity of the pink ball at 1.5s in m/s? ,velocity of the orange ball at 0.5s = 2.21m/s,"t=0.5s, distance_orange_ball_camera = 2.3557m
t=1.0s, distance_orange_ball_camera = 1.8100m
t=1.0s, distance_white_ball_camera = 3.0735m
t=1.0s, distance_green_ball_camera = 3.0390m",6.696050091850821
2841,captured_0054a,lab,V3MC,24,DS,What is the distance between the orange ball and the soccer ball at 1.0s in meters? ,velocity of the orange ball at 0.5s = 2.21m/s,"t=0.5s, distance_orange_ball_camera = 2.3557m
t=1.0s, distance_orange_ball_camera = 1.8100m
t=1.0s, distance_white_ball_camera = 3.0735m
t=1.0s, distance_green_ball_camera = 3.0390m",1.7
2842,captured_0054a,lab,V3MC,24,DS,What is the distance between the green ball and the pink ball at 1.0s in meters? ,velocity of the orange ball at 0.5s = 2.21m/s,"t=0.5s, distance_orange_ball_camera = 2.3557m
t=1.0s, distance_orange_ball_camera = 1.8100m
t=1.0s, distance_white_ball_camera = 3.0735m
t=1.0s, distance_green_ball_camera = 3.0390m",0.1558834105034129
2843,captured_0054as,lab,V3MS,24,DS,What is the orange ball's displacement between 0.5s and 1.0s in meters? ,velocity of the orange ball at 0.5s = 2.21m/s,"t=0.5s, distance_orange_ball_camera = 2.3557m
t=1.0s, distance_orange_ball_camera = 1.8100m
t=1.0s, distance_white_ball_camera = 3.0735m
t=1.0s, distance_green_ball_camera = 3.0390m",0.8627826528146739
2844,captured_0054as,lab,V3MS,24,DS,What is the soccer ball's displacement between 1.0s and 1.4s in meters? ,velocity of the orange ball at 0.5s = 2.21m/s,"t=0.5s, distance_orange_ball_camera = 2.3557m
t=1.0s, distance_orange_ball_camera = 1.8100m
t=1.0s, distance_white_ball_camera = 3.0735m
t=1.0s, distance_green_ball_camera = 3.0390m",0.46
2845,captured_0054as,lab,V3MS,24,DS,What is the soccer ball's diameter in cm? ,velocity of the orange ball at 0.5s = 2.21m/s,"t=0.5s, distance_orange_ball_camera = 2.3557m
t=1.0s, distance_orange_ball_camera = 1.8100m
t=1.0s, distance_white_ball_camera = 3.0735m
t=1.0s, distance_green_ball_camera = 3.0390m",27.0
2846,captured_0054as,lab,V3MS,24,DS,What is the orange ball's diameter in cm? ,velocity of the orange ball at 0.5s = 2.21m/s,"t=0.5s, distance_orange_ball_camera = 2.3557m
t=1.0s, distance_orange_ball_camera = 1.8100m
t=1.0s, distance_white_ball_camera = 3.0735m
t=1.0s, distance_green_ball_camera = 3.0390m",21.497347346369647
2847,captured_0054as,lab,V3MS,24,DS,What is the white ball's diameter in cm? ,velocity of the orange ball at 0.5s = 2.21m/s,"t=0.5s, distance_orange_ball_camera = 2.3557m
t=1.0s, distance_orange_ball_camera = 1.8100m
t=1.0s, distance_white_ball_camera = 3.0735m
t=1.0s, distance_green_ball_camera = 3.0390m",7.704360115965619
2848,captured_0054as,lab,V3MS,24,DD,What is the soccer ball's velocity at 0.5s in m/s? ,velocity of the orange ball at 0.5s = 2.21m/s,"t=0.5s, distance_orange_ball_camera = 2.3557m
t=1.0s, distance_orange_ball_camera = 1.8100m
t=1.0s, distance_white_ball_camera = 3.0735m
t=1.0s, distance_green_ball_camera = 3.0390m",0.01
2849,captured_0054as,lab,V3MS,24,DD,What is the velocity of the green ball at 1.0s in m/s? ,velocity of the orange ball at 0.5s = 2.21m/s,"t=0.5s, distance_orange_ball_camera = 2.3557m
t=1.0s, distance_orange_ball_camera = 1.8100m
t=1.0s, distance_white_ball_camera = 3.0735m
t=1.0s, distance_green_ball_camera = 3.0390m",2.0709555505298707
2850,captured_0054as,lab,V3MS,24,DD,What is the velocity of the white ball at 1.0s in m/s? ,velocity of the orange ball at 0.5s = 2.21m/s,"t=0.5s, distance_orange_ball_camera = 2.3557m
t=1.0s, distance_orange_ball_camera = 1.8100m
t=1.0s, distance_white_ball_camera = 3.0735m
t=1.0s, distance_green_ball_camera = 3.0390m",1.2877854126508652
2851,captured_0054as,lab,V3MS,24,DD,What is the velocity of the green ball at 1.5s in m/s? ,velocity of the orange ball at 0.5s = 2.21m/s,"t=0.5s, distance_orange_ball_camera = 2.3557m
t=1.0s, distance_orange_ball_camera = 1.8100m
t=1.0s, distance_white_ball_camera = 3.0735m
t=1.0s, distance_green_ball_camera = 3.0390m",2.54391483416602
2852,captured_0054as,lab,V3MS,24,DD,What is the velocity of the white ball at 1.5s in m/s? ,velocity of the orange ball at 0.5s = 2.21m/s,"t=0.5s, distance_orange_ball_camera = 2.3557m
t=1.0s, distance_orange_ball_camera = 1.8100m
t=1.0s, distance_white_ball_camera = 3.0735m
t=1.0s, distance_green_ball_camera = 3.0390m",4.044985278751938
2853,captured_0054as,lab,V3MS,24,DS,What is the distance between the orange ball and the soccer ball at 1.0s in meters? ,velocity of the orange ball at 0.5s = 2.21m/s,"t=0.5s, distance_orange_ball_camera = 2.3557m
t=1.0s, distance_orange_ball_camera = 1.8100m
t=1.0s, distance_white_ball_camera = 3.0735m
t=1.0s, distance_green_ball_camera = 3.0390m",1.8
2854,captured_0054as,lab,V3MS,24,DS,What is the distance between the green ball and the white ball at 1.0s in meters? ,velocity of the orange ball at 0.5s = 2.21m/s,"t=0.5s, distance_orange_ball_camera = 2.3557m
t=1.0s, distance_orange_ball_camera = 1.8100m
t=1.0s, distance_white_ball_camera = 3.0735m
t=1.0s, distance_green_ball_camera = 3.0390m",0.1472032664351243
2855,captured_0054ax,lab,V3MX,24,DS,What is the orange ball's displacement between 0.5s and 1.0s in meters? ,velocity of the orange ball at 0.5s = 2.21m/s,"t=0.5s, distance_orange_ball_camera = 2.3557m
t=1.0s, distance_orange_ball_camera = 1.8100m
t=1.0s, distance_white_ball_camera = 3.0735m
t=1.0s, distance_green_ball_camera = 3.0390m",0.8628857237629753
2856,captured_0054ax,lab,V3MX,24,DS,What is the soccer ball's displacement between 1.0s and 1.4s in meters? ,velocity of the orange ball at 0.5s = 2.21m/s,"t=0.5s, distance_orange_ball_camera = 2.3557m
t=1.0s, distance_orange_ball_camera = 1.8100m
t=1.0s, distance_white_ball_camera = 3.0735m
t=1.0s, distance_green_ball_camera = 3.0390m",0.36
2857,captured_0054ax,lab,V3MX,24,DS,What is the white ball's diameter in cm? ,velocity of the orange ball at 0.5s = 2.21m/s,"t=0.5s, distance_orange_ball_camera = 2.3557m
t=1.0s, distance_orange_ball_camera = 1.8100m
t=1.0s, distance_white_ball_camera = 3.0735m
t=1.0s, distance_green_ball_camera = 3.0390m",7.04454080885325
2858,captured_0054ax,lab,V3MX,24,DS,What is the orange ball's diameter in cm? ,velocity of the orange ball at 0.5s = 2.21m/s,"t=0.5s, distance_orange_ball_camera = 2.3557m
t=1.0s, distance_orange_ball_camera = 1.8100m
t=1.0s, distance_white_ball_camera = 3.0735m
t=1.0s, distance_green_ball_camera = 3.0390m",21.53021741949793
2859,captured_0054ax,lab,V3MX,24,DD,What is the soccer ball's velocity at 0.5s in m/s? ,velocity of the orange ball at 0.5s = 2.21m/s,"t=0.5s, distance_orange_ball_camera = 2.3557m
t=1.0s, distance_orange_ball_camera = 1.8100m
t=1.0s, distance_white_ball_camera = 3.0735m
t=1.0s, distance_green_ball_camera = 3.0390m",0.02
2860,captured_0054ax,lab,V3MX,24,DD,What is the velocity of the green ball at 1.0s in m/s? ,velocity of the orange ball at 0.5s = 2.21m/s,"t=0.5s, distance_orange_ball_camera = 2.3557m
t=1.0s, distance_orange_ball_camera = 1.8100m
t=1.0s, distance_white_ball_camera = 3.0735m
t=1.0s, distance_green_ball_camera = 3.0390m",1.832317016333059
2861,captured_0054ax,lab,V3MX,24,DD,What is the velocity of the white ball at 1.0s in m/s? ,velocity of the orange ball at 0.5s = 2.21m/s,"t=0.5s, distance_orange_ball_camera = 2.3557m
t=1.0s, distance_orange_ball_camera = 1.8100m
t=1.0s, distance_white_ball_camera = 3.0735m
t=1.0s, distance_green_ball_camera = 3.0390m",2.195433048453582
2862,captured_0054ax,lab,V3MX,24,DD,What is the velocity of the green ball at 1.5s in m/s? ,velocity of the orange ball at 0.5s = 2.21m/s,"t=0.5s, distance_orange_ball_camera = 2.3557m
t=1.0s, distance_orange_ball_camera = 1.8100m
t=1.0s, distance_white_ball_camera = 3.0735m
t=1.0s, distance_green_ball_camera = 3.0390m",5.5936239795689175
2863,captured_0054ax,lab,V3MX,24,DD,What is the velocity of the pink ball at 1.5s in m/s? ,velocity of the orange ball at 0.5s = 2.21m/s,"t=0.5s, distance_orange_ball_camera = 2.3557m
t=1.0s, distance_orange_ball_camera = 1.8100m
t=1.0s, distance_white_ball_camera = 3.0735m
t=1.0s, distance_green_ball_camera = 3.0390m",5.0
2864,captured_0054ax,lab,V3MX,24,DS,What is the distance between the orange ball and the soccer ball at 1.0s in meters? ,velocity of the orange ball at 0.5s = 2.21m/s,"t=0.5s, distance_orange_ball_camera = 2.3557m
t=1.0s, distance_orange_ball_camera = 1.8100m
t=1.0s, distance_white_ball_camera = 3.0735m
t=1.0s, distance_green_ball_camera = 3.0390m",1.72
2865,captured_0054ax,lab,V3MX,24,DS,What is the distance between the green ball and the white ball at 1.0s in meters? ,velocity of the orange ball at 0.5s = 2.21m/s,"t=0.5s, distance_orange_ball_camera = 2.3557m
t=1.0s, distance_orange_ball_camera = 1.8100m
t=1.0s, distance_white_ball_camera = 3.0735m
t=1.0s, distance_green_ball_camera = 3.0390m",0.1505421880869019
2866,captured_0054b,lab,V3MC,24,DS,What is the orange ball's displacement between 0.5s and 1.0s in meters? ,velocity of the orange ball at 0.5s = 2.21m/s,"t=0.5s, distance_orange_ball_camera = 2.2400m
t=1.0s, distance_orange_ball_camera = 1.8100m
t=1.0s, distance_white_ball_camera = 1.2350m
t=1.0s, distance_green_ball_camera = 1.3310m
t=2.0s, distance_soccer_ball_camera = 3.2540m",0.791363897199558
2867,captured_0054b,lab,V3MC,24,DS,What is the soccer ball's displacement between 1.0s and 1.4s in meters? ,velocity of the orange ball at 0.5s = 2.21m/s,"t=0.5s, distance_orange_ball_camera = 2.2400m
t=1.0s, distance_orange_ball_camera = 1.8100m
t=1.0s, distance_white_ball_camera = 1.2350m
t=1.0s, distance_green_ball_camera = 1.3310m
t=2.0s, distance_soccer_ball_camera = 3.2540m",0.4398878161461239
2868,captured_0054b,lab,V3MC,24,DS,What is the soccer ball's diameter in cm? ,velocity of the orange ball at 0.5s = 2.21m/s,"t=0.5s, distance_orange_ball_camera = 2.2400m
t=1.0s, distance_orange_ball_camera = 1.8100m
t=1.0s, distance_white_ball_camera = 1.2350m
t=1.0s, distance_green_ball_camera = 1.3310m
t=2.0s, distance_soccer_ball_camera = 3.2540m",17.748383959912502
2869,captured_0054b,lab,V3MC,24,DS,What is the orange ball's diameter in cm? ,velocity of the orange ball at 0.5s = 2.21m/s,"t=0.5s, distance_orange_ball_camera = 2.2400m
t=1.0s, distance_orange_ball_camera = 1.8100m
t=1.0s, distance_white_ball_camera = 1.2350m
t=1.0s, distance_green_ball_camera = 1.3310m
t=2.0s, distance_soccer_ball_camera = 3.2540m",18.880432124938963
2870,captured_0054b,lab,V3MC,24,DS,What is the white ball's diameter in cm? ,velocity of the orange ball at 0.5s = 2.21m/s,"t=0.5s, distance_orange_ball_camera = 2.2400m
t=1.0s, distance_orange_ball_camera = 1.8100m
t=1.0s, distance_white_ball_camera = 1.2350m
t=1.0s, distance_green_ball_camera = 1.3310m
t=2.0s, distance_soccer_ball_camera = 3.2540m",5.353232094926723
2871,captured_0054b,lab,V3MC,24,DD,What is the soccer ball's velocity at 0.5s in m/s? ,velocity of the orange ball at 0.5s = 2.21m/s,"t=0.5s, distance_orange_ball_camera = 2.2400m
t=1.0s, distance_orange_ball_camera = 1.8100m
t=1.0s, distance_white_ball_camera = 1.2350m
t=1.0s, distance_green_ball_camera = 1.3310m
t=2.0s, distance_soccer_ball_camera = 3.2540m",0.0319927627299744
2872,captured_0054b,lab,V3MC,24,DD,What is the velocity of the green ball at 1.0s in m/s? ,velocity of the orange ball at 0.5s = 2.21m/s,"t=0.5s, distance_orange_ball_camera = 2.2400m
t=1.0s, distance_orange_ball_camera = 1.8100m
t=1.0s, distance_white_ball_camera = 1.2350m
t=1.0s, distance_green_ball_camera = 1.3310m
t=2.0s, distance_soccer_ball_camera = 3.2540m",1.9673490674195384
2873,captured_0054b,lab,V3MC,24,DD,What is the velocity of the white ball at 1.0s in m/s? ,velocity of the orange ball at 0.5s = 2.21m/s,"t=0.5s, distance_orange_ball_camera = 2.2400m
t=1.0s, distance_orange_ball_camera = 1.8100m
t=1.0s, distance_white_ball_camera = 1.2350m
t=1.0s, distance_green_ball_camera = 1.3310m
t=2.0s, distance_soccer_ball_camera = 3.2540m",1.8439281692605152
2874,captured_0054b,lab,V3MC,24,DD,What is the velocity of the green ball at 1.5s in m/s? ,velocity of the orange ball at 0.5s = 2.21m/s,"t=0.5s, distance_orange_ball_camera = 2.2400m
t=1.0s, distance_orange_ball_camera = 1.8100m
t=1.0s, distance_white_ball_camera = 1.2350m
t=1.0s, distance_green_ball_camera = 1.3310m
t=2.0s, distance_soccer_ball_camera = 3.2540m",1.2381343264296338
2875,captured_0054b,lab,V3MC,24,DD,What is the velocity of the white ball at 1.5s in m/s? ,velocity of the orange ball at 0.5s = 2.21m/s,"t=0.5s, distance_orange_ball_camera = 2.2400m
t=1.0s, distance_orange_ball_camera = 1.8100m
t=1.0s, distance_white_ball_camera = 1.2350m
t=1.0s, distance_green_ball_camera = 1.3310m
t=2.0s, distance_soccer_ball_camera = 3.2540m",1.6490846953817653
2876,captured_0054b,lab,V3MC,24,DS,What is the distance between the orange ball and the soccer ball at 1.0s in meters? ,velocity of the orange ball at 0.5s = 2.21m/s,"t=0.5s, distance_orange_ball_camera = 2.2400m
t=1.0s, distance_orange_ball_camera = 1.8100m
t=1.0s, distance_white_ball_camera = 1.2350m
t=1.0s, distance_green_ball_camera = 1.3310m
t=2.0s, distance_soccer_ball_camera = 3.2540m",1.9948786936145304
2877,captured_0054b,lab,V3MC,24,DS,What is the distance between the green ball and the white ball at 1.0s in meters? ,velocity of the orange ball at 0.5s = 2.21m/s,"t=0.5s, distance_orange_ball_camera = 2.2400m
t=1.0s, distance_orange_ball_camera = 1.8100m
t=1.0s, distance_white_ball_camera = 1.2350m
t=1.0s, distance_green_ball_camera = 1.3310m
t=2.0s, distance_soccer_ball_camera = 3.2540m",0.1407358562226587
2878,captured_0054bs,lab,V3MS,24,DS,What is the orange ball's displacement between 0.5s and 1.0s in meters? ,velocity of the orange ball at 0.5s = 2.21m/s,"t=0.5s, distance_orange_ball_camera = 2.2400m
t=1.0s, distance_orange_ball_camera = 1.8100m
t=1.0s, distance_white_ball_camera = 1.2350m
t=1.0s, distance_green_ball_camera = 1.3310m
t=2.0s, distance_soccer_ball_camera = 3.2540m",0.7768535333209927
2879,captured_0054bs,lab,V3MS,24,DS,What is the soccer ball's displacement between 1.0s and 1.4s in meters? ,velocity of the orange ball at 0.5s = 2.21m/s,"t=0.5s, distance_orange_ball_camera = 2.2400m
t=1.0s, distance_orange_ball_camera = 1.8100m
t=1.0s, distance_white_ball_camera = 1.2350m
t=1.0s, distance_green_ball_camera = 1.3310m
t=2.0s, distance_soccer_ball_camera = 3.2540m",0.3919205459737638
2880,captured_0054bs,lab,V3MS,24,DS,What is the soccer ball's diameter in cm? ,velocity of the orange ball at 0.5s = 2.21m/s,"t=0.5s, distance_orange_ball_camera = 2.2400m
t=1.0s, distance_orange_ball_camera = 1.8100m
t=1.0s, distance_white_ball_camera = 1.2350m
t=1.0s, distance_green_ball_camera = 1.3310m
t=2.0s, distance_soccer_ball_camera = 3.2540m",21.72493920628296
2881,captured_0054bs,lab,V3MS,24,DS,What is the orange ball's diameter in cm? ,velocity of the orange ball at 0.5s = 2.21m/s,"t=0.5s, distance_orange_ball_camera = 2.2400m
t=1.0s, distance_orange_ball_camera = 1.8100m
t=1.0s, distance_white_ball_camera = 1.2350m
t=1.0s, distance_green_ball_camera = 1.3310m
t=2.0s, distance_soccer_ball_camera = 3.2540m",18.993792171043594
2882,captured_0054bs,lab,V3MS,24,DS,What is the white ball's diameter in cm? ,velocity of the orange ball at 0.5s = 2.21m/s,"t=0.5s, distance_orange_ball_camera = 2.2400m
t=1.0s, distance_orange_ball_camera = 1.8100m
t=1.0s, distance_white_ball_camera = 1.2350m
t=1.0s, distance_green_ball_camera = 1.3310m
t=2.0s, distance_soccer_ball_camera = 3.2540m",6.545500553408546
2883,captured_0054bs,lab,V3MS,24,DD,What is the soccer ball's velocity at 0.5s in m/s? ,velocity of the orange ball at 0.5s = 2.21m/s,"t=0.5s, distance_orange_ball_camera = 2.2400m
t=1.0s, distance_orange_ball_camera = 1.8100m
t=1.0s, distance_white_ball_camera = 1.2350m
t=1.0s, distance_green_ball_camera = 1.3310m
t=2.0s, distance_soccer_ball_camera = 3.2540m",0.1475508175759142
2884,captured_0054bs,lab,V3MS,24,DD,What is the velocity of the green ball at 1.0s in m/s? ,velocity of the orange ball at 0.5s = 2.21m/s,"t=0.5s, distance_orange_ball_camera = 2.2400m
t=1.0s, distance_orange_ball_camera = 1.8100m
t=1.0s, distance_white_ball_camera = 1.2350m
t=1.0s, distance_green_ball_camera = 1.3310m
t=2.0s, distance_soccer_ball_camera = 3.2540m",1.921945708314528
2885,captured_0054bs,lab,V3MS,24,DD,What is the velocity of the white ball at 1.0s in m/s? ,velocity of the orange ball at 0.5s = 2.21m/s,"t=0.5s, distance_orange_ball_camera = 2.2400m
t=1.0s, distance_orange_ball_camera = 1.8100m
t=1.0s, distance_white_ball_camera = 1.2350m
t=1.0s, distance_green_ball_camera = 1.3310m
t=2.0s, distance_soccer_ball_camera = 3.2540m",1.8967255768331792
2886,captured_0054bs,lab,V3MS,24,DD,What is the velocity of the green ball at 1.5s in m/s? ,velocity of the orange ball at 0.5s = 2.21m/s,"t=0.5s, distance_orange_ball_camera = 2.2400m
t=1.0s, distance_orange_ball_camera = 1.8100m
t=1.0s, distance_white_ball_camera = 1.2350m
t=1.0s, distance_green_ball_camera = 1.3310m
t=2.0s, distance_soccer_ball_camera = 3.2540m",1.0821318130535
2887,captured_0054bs,lab,V3MS,24,DD,What is the velocity of the white ball at 1.5s in m/s? ,velocity of the orange ball at 0.5s = 2.21m/s,"t=0.5s, distance_orange_ball_camera = 2.2400m
t=1.0s, distance_orange_ball_camera = 1.8100m
t=1.0s, distance_white_ball_camera = 1.2350m
t=1.0s, distance_green_ball_camera = 1.3310m
t=2.0s, distance_soccer_ball_camera = 3.2540m",1.817373958938604
2888,captured_0054bs,lab,V3MS,24,DS,What is the distance between the orange ball and the soccer ball at 1.0s in meters? ,velocity of the orange ball at 0.5s = 2.21m/s,"t=0.5s, distance_orange_ball_camera = 2.2400m
t=1.0s, distance_orange_ball_camera = 1.8100m
t=1.0s, distance_white_ball_camera = 1.2350m
t=1.0s, distance_green_ball_camera = 1.3310m
t=2.0s, distance_soccer_ball_camera = 3.2540m",1.9994699115447627
2889,captured_0054bs,lab,V3MS,24,DS,What is the distance between the green ball and the white ball at 1.0s in meters? ,velocity of the orange ball at 0.5s = 2.21m/s,"t=0.5s, distance_orange_ball_camera = 2.2400m
t=1.0s, distance_orange_ball_camera = 1.8100m
t=1.0s, distance_white_ball_camera = 1.2350m
t=1.0s, distance_green_ball_camera = 1.3310m
t=2.0s, distance_soccer_ball_camera = 3.2540m",0.1403787197366457
2890,captured_0054bx,lab,V3MX,24,DS,What is the orange ball's displacement between 0.5s and 1.0s in meters? ,velocity of the orange ball at 0.5s = 2.21m/s,"t=0.5s, distance_orange_ball_camera = 2.2400m
t=1.0s, distance_orange_ball_camera = 1.8100m
t=1.0s, distance_white_ball_camera = 1.2350m
t=1.0s, distance_green_ball_camera = 1.3310m
t=2.0s, distance_soccer_ball_camera = 3.2540m",0.7758041335900236
2891,captured_0054bx,lab,V3MX,24,DS,What is the soccer ball's displacement between 1.0s and 1.4s in meters? ,velocity of the orange ball at 0.5s = 2.21m/s,"t=0.5s, distance_orange_ball_camera = 2.2400m
t=1.0s, distance_orange_ball_camera = 1.8100m
t=1.0s, distance_white_ball_camera = 1.2350m
t=1.0s, distance_green_ball_camera = 1.3310m
t=2.0s, distance_soccer_ball_camera = 3.2540m",0.3797184598898292
2892,captured_0054bx,lab,V3MX,24,DS,What is the soccer ball's diameter in cm? ,velocity of the orange ball at 0.5s = 2.21m/s,"t=0.5s, distance_orange_ball_camera = 2.2400m
t=1.0s, distance_orange_ball_camera = 1.8100m
t=1.0s, distance_white_ball_camera = 1.2350m
t=1.0s, distance_green_ball_camera = 1.3310m
t=2.0s, distance_soccer_ball_camera = 3.2540m",21.19132742467672
2893,captured_0054bx,lab,V3MX,24,DS,What is the orange ball's diameter in cm? ,velocity of the orange ball at 0.5s = 2.21m/s,"t=0.5s, distance_orange_ball_camera = 2.2400m
t=1.0s, distance_orange_ball_camera = 1.8100m
t=1.0s, distance_white_ball_camera = 1.2350m
t=1.0s, distance_green_ball_camera = 1.3310m
t=2.0s, distance_soccer_ball_camera = 3.2540m",22.70993185507657
2894,captured_0054bx,lab,V3MX,24,DS,What is the white ball's diameter in cm? ,velocity of the orange ball at 0.5s = 2.21m/s,"t=0.5s, distance_orange_ball_camera = 2.2400m
t=1.0s, distance_orange_ball_camera = 1.8100m
t=1.0s, distance_white_ball_camera = 1.2350m
t=1.0s, distance_green_ball_camera = 1.3310m
t=2.0s, distance_soccer_ball_camera = 3.2540m",6.382360543001125
2895,captured_0054bx,lab,V3MX,24,DD,What is the soccer ball's velocity at 0.5s in m/s? ,velocity of the orange ball at 0.5s = 2.21m/s,"t=0.5s, distance_orange_ball_camera = 2.2400m
t=1.0s, distance_orange_ball_camera = 1.8100m
t=1.0s, distance_white_ball_camera = 1.2350m
t=1.0s, distance_green_ball_camera = 1.3310m
t=2.0s, distance_soccer_ball_camera = 3.2540m",0.0166073848162431
2896,captured_0054bx,lab,V3MX,24,DD,What is the velocity of the green ball at 1.0s in m/s? ,velocity of the orange ball at 0.5s = 2.21m/s,"t=0.5s, distance_orange_ball_camera = 2.2400m
t=1.0s, distance_orange_ball_camera = 1.8100m
t=1.0s, distance_white_ball_camera = 1.2350m
t=1.0s, distance_green_ball_camera = 1.3310m
t=2.0s, distance_soccer_ball_camera = 3.2540m",1.837813892338184
2897,captured_0054bx,lab,V3MX,24,DD,What is the velocity of the white ball at 1.0s in m/s? ,velocity of the orange ball at 0.5s = 2.21m/s,"t=0.5s, distance_orange_ball_camera = 2.2400m
t=1.0s, distance_orange_ball_camera = 1.8100m
t=1.0s, distance_white_ball_camera = 1.2350m
t=1.0s, distance_green_ball_camera = 1.3310m
t=2.0s, distance_soccer_ball_camera = 3.2540m",1.7701500560516203
2898,captured_0054bx,lab,V3MX,24,DD,What is the velocity of the green ball at 1.5s in m/s? ,velocity of the orange ball at 0.5s = 2.21m/s,"t=0.5s, distance_orange_ball_camera = 2.2400m
t=1.0s, distance_orange_ball_camera = 1.8100m
t=1.0s, distance_white_ball_camera = 1.2350m
t=1.0s, distance_green_ball_camera = 1.3310m
t=2.0s, distance_soccer_ball_camera = 3.2540m",0.9469333382954508
2899,captured_0054bx,lab,V3MX,24,DD,What is the velocity of the white ball at 1.5s in m/s? ,velocity of the orange ball at 0.5s = 2.21m/s,"t=0.5s, distance_orange_ball_camera = 2.2400m
t=1.0s, distance_orange_ball_camera = 1.8100m
t=1.0s, distance_white_ball_camera = 1.2350m
t=1.0s, distance_green_ball_camera = 1.3310m
t=2.0s, distance_soccer_ball_camera = 3.2540m",1.8138045037166213
2900,captured_0054bx,lab,V3MX,24,DS,What is the distance between the orange ball and the soccer ball at 1.0s in meters? ,velocity of the orange ball at 0.5s = 2.21m/s,"t=0.5s, distance_orange_ball_camera = 2.2400m
t=1.0s, distance_orange_ball_camera = 1.8100m
t=1.0s, distance_white_ball_camera = 1.2350m
t=1.0s, distance_green_ball_camera = 1.3310m
t=2.0s, distance_soccer_ball_camera = 3.2540m",1.3320795243549537
2901,captured_0054bx,lab,V3MX,24,DS,What is the distance between the green ball and the white ball at 1.0s in meters? ,velocity of the orange ball at 0.5s = 2.21m/s,"t=0.5s, distance_orange_ball_camera = 2.2400m
t=1.0s, distance_orange_ball_camera = 1.8100m
t=1.0s, distance_white_ball_camera = 1.2350m
t=1.0s, distance_green_ball_camera = 1.3310m
t=2.0s, distance_soccer_ball_camera = 3.2540m",0.1376298778533786
2902,captured_0061,lab,V3MC,24,DS,What is the diameter of the yoga ball in cm? ,velocity of the yoga ball at 0.6s = 2.5104m/s,"t=0.6s, distance_yoga_ball_camera = 2.1330m
t=1.1s, distance_basketball_camera = 2.4200m
t=1.6s, distance_basketball_camera = 1.9015m
t=0.6s, distance_soccer_ball_camera = 1.9370m
t=0.9s, distance_soccer_ball_camera = 1.5850m
",47.30394191994783
2903,captured_0061,lab,V3MC,24,DS,What is the diameter of the soccer ball in cm? ,velocity of the yoga ball at 0.6s = 2.5104m/s,"t=0.6s, distance_yoga_ball_camera = 2.1330m
t=1.1s, distance_basketball_camera = 2.4200m
t=1.6s, distance_basketball_camera = 1.9015m
t=0.6s, distance_soccer_ball_camera = 1.9370m
t=0.9s, distance_soccer_ball_camera = 1.5850m
",19.747163162485585
2904,captured_0061,lab,V3MC,24,DS,What is the distance between the basketball and the yoga ball at 2.0s in meters?,velocity of the yoga ball at 0.6s = 2.5104m/s,"t=0.6s, distance_yoga_ball_camera = 2.1330m
t=1.1s, distance_basketball_camera = 2.4200m
t=1.6s, distance_basketball_camera = 1.9015m
t=0.6s, distance_soccer_ball_camera = 1.9370m
t=0.9s, distance_soccer_ball_camera = 1.5850m
",1.2122867269409574
2905,captured_0061,lab,V3MC,24,DD,What is the velocity of the soccer ball at 0.6s in m/s?,velocity of the yoga ball at 0.6s = 2.5104m/s,"t=0.6s, distance_yoga_ball_camera = 2.1330m
t=1.1s, distance_basketball_camera = 2.4200m
t=1.6s, distance_basketball_camera = 1.9015m
t=0.6s, distance_soccer_ball_camera = 1.9370m
t=0.9s, distance_soccer_ball_camera = 1.5850m
",1.76254210444232
2906,captured_0061,lab,V3MC,24,DD,What is the velocity of the soccer ball at 0.9s in m/s?,velocity of the yoga ball at 0.6s = 2.5104m/s,"t=0.6s, distance_yoga_ball_camera = 2.1330m
t=1.1s, distance_basketball_camera = 2.4200m
t=1.6s, distance_basketball_camera = 1.9015m
t=0.6s, distance_soccer_ball_camera = 1.9370m
t=0.9s, distance_soccer_ball_camera = 1.5850m
",1.854559498243584
2907,captured_0061,lab,V3MC,24,DD,What is the velocity of the basketball at 1.1s in m/s?,velocity of the yoga ball at 0.6s = 2.5104m/s,"t=0.6s, distance_yoga_ball_camera = 2.1330m
t=1.1s, distance_basketball_camera = 2.4200m
t=1.6s, distance_basketball_camera = 1.9015m
t=0.6s, distance_soccer_ball_camera = 1.9370m
t=0.9s, distance_soccer_ball_camera = 1.5850m
",4.200012934652304
2908,captured_0061,lab,V3MC,24,DD,What is the velocity of the basketball at 1.6s in m/s?,velocity of the yoga ball at 0.6s = 2.5104m/s,"t=0.6s, distance_yoga_ball_camera = 2.1330m
t=1.1s, distance_basketball_camera = 2.4200m
t=1.6s, distance_basketball_camera = 1.9015m
t=0.6s, distance_soccer_ball_camera = 1.9370m
t=0.9s, distance_soccer_ball_camera = 1.5850m
",1.0941141565950108
2909,captured_0061s,lab,V3MS,24,DS,What is the diameter of the yoga ball in cm? ,velocity of the yoga ball at 0.6s = 2.5104m/s,"t=0.6s, distance_yoga_ball_camera = 2.1330m
t=1.1s, distance_basketball_camera = 2.4200m
t=1.6s, distance_basketball_camera = 1.9015m
t=0.6s, distance_soccer_ball_camera = 1.9370m
t=0.9s, distance_soccer_ball_camera = 1.5850m
",47.55925545116862
2910,captured_0061s,lab,V3MS,24,DS,What is the diameter of the soccer ball in cm? ,velocity of the yoga ball at 0.6s = 2.5104m/s,"t=0.6s, distance_yoga_ball_camera = 2.1330m
t=1.1s, distance_basketball_camera = 2.4200m
t=1.6s, distance_basketball_camera = 1.9015m
t=0.6s, distance_soccer_ball_camera = 1.9370m
t=0.9s, distance_soccer_ball_camera = 1.5850m
",20.403952720258573
2911,captured_0061s,lab,V3MS,24,DS,What is the distance between the basketball and the yoga ball at 2.0s in meters?,velocity of the yoga ball at 0.6s = 2.5104m/s,"t=0.6s, distance_yoga_ball_camera = 2.1330m
t=1.1s, distance_basketball_camera = 2.4200m
t=1.6s, distance_basketball_camera = 1.9015m
t=0.6s, distance_soccer_ball_camera = 1.9370m
t=0.9s, distance_soccer_ball_camera = 1.5850m
",1.1844551085678747
2912,captured_0061s,lab,V3MS,24,DD,What is the velocity of the soccer ball at 0.6s in m/s?,velocity of the yoga ball at 0.6s = 2.5104m/s,"t=0.6s, distance_yoga_ball_camera = 2.1330m
t=1.1s, distance_basketball_camera = 2.4200m
t=1.6s, distance_basketball_camera = 1.9015m
t=0.6s, distance_soccer_ball_camera = 1.9370m
t=0.9s, distance_soccer_ball_camera = 1.5850m
",1.7179061889573597
2913,captured_0061s,lab,V3MS,24,DD,What is the velocity of the soccer ball at 0.9s in m/s?,velocity of the yoga ball at 0.6s = 2.5104m/s,"t=0.6s, distance_yoga_ball_camera = 2.1330m
t=1.1s, distance_basketball_camera = 2.4200m
t=1.6s, distance_basketball_camera = 1.9015m
t=0.6s, distance_soccer_ball_camera = 1.9370m
t=0.9s, distance_soccer_ball_camera = 1.5850m
",1.9540992207967527
2914,captured_0061s,lab,V3MS,24,DD,What is the velocity of the basketball at 1.1s in m/s?,velocity of the yoga ball at 0.6s = 2.5104m/s,"t=0.6s, distance_yoga_ball_camera = 2.1330m
t=1.1s, distance_basketball_camera = 2.4200m
t=1.6s, distance_basketball_camera = 1.9015m
t=0.6s, distance_soccer_ball_camera = 1.9370m
t=0.9s, distance_soccer_ball_camera = 1.5850m
",4.299465063193675
2915,captured_0061s,lab,V3MS,24,DD,What is the velocity of the basketball at 1.6s in m/s?,velocity of the yoga ball at 0.6s = 2.5104m/s,"t=0.6s, distance_yoga_ball_camera = 2.1330m
t=1.1s, distance_basketball_camera = 2.4200m
t=1.6s, distance_basketball_camera = 1.9015m
t=0.6s, distance_soccer_ball_camera = 1.9370m
t=0.9s, distance_soccer_ball_camera = 1.5850m
",1.1100383833250989
2916,captured_0061x,lab,V3MX,24,DS,What is the diameter of the yoga ball in cm? ,velocity of the yoga ball at 0.6s = 2.5104m/s,"t=0.6s, distance_yoga_ball_camera = 2.1330m
t=1.1s, distance_basketball_camera = 2.4200m
t=1.6s, distance_basketball_camera = 1.9015m
t=0.6s, distance_soccer_ball_camera = 1.9370m
t=0.9s, distance_soccer_ball_camera = 1.5850m
",47.04896420181111
2917,captured_0061x,lab,V3MX,24,DS,What is the diameter of the soccer ball in cm? ,velocity of the yoga ball at 0.6s = 2.5104m/s,"t=0.6s, distance_yoga_ball_camera = 2.1330m
t=1.1s, distance_basketball_camera = 2.4200m
t=1.6s, distance_basketball_camera = 1.9015m
t=0.6s, distance_soccer_ball_camera = 1.9370m
t=0.9s, distance_soccer_ball_camera = 1.5850m
",20.092491246246546
2918,captured_0061x,lab,V3MX,24,DS,What is the distance between the basketball and the yoga ball at 2.0s in meters?,velocity of the yoga ball at 0.6s = 2.5104m/s,"t=0.6s, distance_yoga_ball_camera = 2.1330m
t=1.1s, distance_basketball_camera = 2.4200m
t=1.6s, distance_basketball_camera = 1.9015m
t=0.6s, distance_soccer_ball_camera = 1.9370m
t=0.9s, distance_soccer_ball_camera = 1.5850m
",1.0400056655742749
2919,captured_0061x,lab,V3MX,24,DD,What is the velocity of the soccer ball at 0.6s in m/s?,velocity of the yoga ball at 0.6s = 2.5104m/s,"t=0.6s, distance_yoga_ball_camera = 2.1330m
t=1.1s, distance_basketball_camera = 2.4200m
t=1.6s, distance_basketball_camera = 1.9015m
t=0.6s, distance_soccer_ball_camera = 1.9370m
t=0.9s, distance_soccer_ball_camera = 1.5850m
",1.7752603856568845
2920,captured_0061x,lab,V3MX,24,DD,What is the velocity of the soccer ball at 0.9s in m/s?,velocity of the yoga ball at 0.6s = 2.5104m/s,"t=0.6s, distance_yoga_ball_camera = 2.1330m
t=1.1s, distance_basketball_camera = 2.4200m
t=1.6s, distance_basketball_camera = 1.9015m
t=0.6s, distance_soccer_ball_camera = 1.9370m
t=0.9s, distance_soccer_ball_camera = 1.5850m
",1.85938679360417
2921,captured_0061x,lab,V3MX,24,DD,What is the velocity of the basketball at 1.1s in m/s?,velocity of the yoga ball at 0.6s = 2.5104m/s,"t=0.6s, distance_yoga_ball_camera = 2.1330m
t=1.1s, distance_basketball_camera = 2.4200m
t=1.6s, distance_basketball_camera = 1.9015m
t=0.6s, distance_soccer_ball_camera = 1.9370m
t=0.9s, distance_soccer_ball_camera = 1.5850m
",4.280024245187071
2922,captured_0061x,lab,V3MX,24,DD,What is the velocity of the basketball at 1.6s in m/s?,velocity of the yoga ball at 0.6s = 2.5104m/s,"t=0.6s, distance_yoga_ball_camera = 2.1330m
t=1.1s, distance_basketball_camera = 2.4200m
t=1.6s, distance_basketball_camera = 1.9015m
t=0.6s, distance_soccer_ball_camera = 1.9370m
t=0.9s, distance_soccer_ball_camera = 1.5850m
",1.0938855627173671
2923,captured_0062,lab,V3MC,24,DS,What is the length of the whiteboard in cm? ,velocity of the whiteboard at 1.4s = 1.9339m/s,"t=1.4s, distance_white_board_camera = 2.8150m
distance_blue_shopping_bag_camera = 3.3070m
distance_white_box_camera = 2.0820m
distance_trashbin_camera = 2.3030m
distance_mario_toy_camera = 2.0160m",83.57014660309828
2924,captured_0062,lab,V3MC,24,DS,What is the width of the whiteboard in cm? ,velocity of the whiteboard at 1.4s = 1.9339m/s,"t=1.4s, distance_white_board_camera = 2.8150m
distance_blue_shopping_bag_camera = 3.3070m
distance_white_box_camera = 2.0820m
distance_trashbin_camera = 2.3030m
distance_mario_toy_camera = 2.0160m",46.261476900789646
2925,captured_0062,lab,V3MC,24,DS,What is the length of the blue shoppingbag in cm? ,velocity of the whiteboard at 1.4s = 1.9339m/s,"t=1.4s, distance_white_board_camera = 2.8150m
distance_blue_shopping_bag_camera = 3.3070m
distance_white_box_camera = 2.0820m
distance_trashbin_camera = 2.3030m
distance_mario_toy_camera = 2.0160m",51.67169119867299
2926,captured_0062,lab,V3MC,24,DS,What is the width of the blue shoppingbag in cm? ,velocity of the whiteboard at 1.4s = 1.9339m/s,"t=1.4s, distance_white_board_camera = 2.8150m
distance_blue_shopping_bag_camera = 3.3070m
distance_white_box_camera = 2.0820m
distance_trashbin_camera = 2.3030m
distance_mario_toy_camera = 2.0160m",12.034611317639092
2927,captured_0062,lab,V3MC,24,DS,What is the length of the white box in cm? ,velocity of the whiteboard at 1.4s = 1.9339m/s,"t=1.4s, distance_white_board_camera = 2.8150m
distance_blue_shopping_bag_camera = 3.3070m
distance_white_box_camera = 2.0820m
distance_trashbin_camera = 2.3030m
distance_mario_toy_camera = 2.0160m",18.672619348758808
2928,captured_0062,lab,V3MC,24,DS,What is the width of the white box in cm? ,velocity of the whiteboard at 1.4s = 1.9339m/s,"t=1.4s, distance_white_board_camera = 2.8150m
distance_blue_shopping_bag_camera = 3.3070m
distance_white_box_camera = 2.0820m
distance_trashbin_camera = 2.3030m
distance_mario_toy_camera = 2.0160m",6.647379580045326
2929,captured_0062,lab,V3MC,24,DS,What is the height of the mario toy in cm? ,velocity of the whiteboard at 1.4s = 1.9339m/s,"t=1.4s, distance_white_board_camera = 2.8150m
distance_blue_shopping_bag_camera = 3.3070m
distance_white_box_camera = 2.0820m
distance_trashbin_camera = 2.3030m
distance_mario_toy_camera = 2.0160m",28.590857863547907
2930,captured_0062,lab,V3MC,24,DS,What is the height of the trashbin in cm? ,velocity of the whiteboard at 1.4s = 1.9339m/s,"t=1.4s, distance_white_board_camera = 2.8150m
distance_blue_shopping_bag_camera = 3.3070m
distance_white_box_camera = 2.0820m
distance_trashbin_camera = 2.3030m
distance_mario_toy_camera = 2.0160m",27.15050959352529
2931,captured_0062s,lab,V3MS,24,DS,What is the length of the whiteboard in cm? ,velocity of the whiteboard at 1.4s = 1.9339m/s,"t=1.4s, distance_white_board_camera = 2.8150m
distance_blue_shopping_bag_camera = 3.3070m
distance_white_box_camera = 2.0820m
distance_trashbin_camera = 2.3030m
distance_mario_toy_camera = 2.0160m",97.09569819179944
2932,captured_0062s,lab,V3MS,24,DS,What is the width of the whiteboard in cm? ,velocity of the whiteboard at 1.4s = 1.9339m/s,"t=1.4s, distance_white_board_camera = 2.8150m
distance_blue_shopping_bag_camera = 3.3070m
distance_white_box_camera = 2.0820m
distance_trashbin_camera = 2.3030m
distance_mario_toy_camera = 2.0160m",48.01315585976788
2933,captured_0062s,lab,V3MS,24,DS,What is the length of the blue shoppingbag in cm? ,velocity of the whiteboard at 1.4s = 1.9339m/s,"t=1.4s, distance_white_board_camera = 2.8150m
distance_blue_shopping_bag_camera = 3.3070m
distance_white_box_camera = 2.0820m
distance_trashbin_camera = 2.3030m
distance_mario_toy_camera = 2.0160m",56.79187379292516
2934,captured_0062s,lab,V3MS,24,DS,What is the width of the blue shoppingbag in cm? ,velocity of the whiteboard at 1.4s = 1.9339m/s,"t=1.4s, distance_white_board_camera = 2.8150m
distance_blue_shopping_bag_camera = 3.3070m
distance_white_box_camera = 2.0820m
distance_trashbin_camera = 2.3030m
distance_mario_toy_camera = 2.0160m",30.02727642199627
2935,captured_0062s,lab,V3MS,24,DS,What is the length of the white box in cm? ,velocity of the whiteboard at 1.4s = 1.9339m/s,"t=1.4s, distance_white_board_camera = 2.8150m
distance_blue_shopping_bag_camera = 3.3070m
distance_white_box_camera = 2.0820m
distance_trashbin_camera = 2.3030m
distance_mario_toy_camera = 2.0160m",18.30366660159948
2936,captured_0062s,lab,V3MS,24,DS,What is the width of the white box in cm? ,velocity of the whiteboard at 1.4s = 1.9339m/s,"t=1.4s, distance_white_board_camera = 2.8150m
distance_blue_shopping_bag_camera = 3.3070m
distance_white_box_camera = 2.0820m
distance_trashbin_camera = 2.3030m
distance_mario_toy_camera = 2.0160m",7.929106031018476
2937,captured_0062s,lab,V3MS,24,DS,What is the height of the mario toy in cm? ,velocity of the whiteboard at 1.4s = 1.9339m/s,"t=1.4s, distance_white_board_camera = 2.8150m
distance_blue_shopping_bag_camera = 3.3070m
distance_white_box_camera = 2.0820m
distance_trashbin_camera = 2.3030m
distance_mario_toy_camera = 2.0160m",32.112345838323954
2938,captured_0062s,lab,V3MS,24,DS,What is the height of the trashbin in cm? ,velocity of the whiteboard at 1.4s = 1.9339m/s,"t=1.4s, distance_white_board_camera = 2.8150m
distance_blue_shopping_bag_camera = 3.3070m
distance_white_box_camera = 2.0820m
distance_trashbin_camera = 2.3030m
distance_mario_toy_camera = 2.0160m",28.52109082061329
2939,captured_0062x,lab,V3MX,24,DS,What is the length of the whiteboard in cm? ,velocity of the whiteboard at 1.4s = 1.9339m/s,"t=1.4s, distance_white_board_camera = 2.8150m
distance_blue_shopping_bag_camera = 3.3070m
distance_white_box_camera = 2.0820m
distance_trashbin_camera = 2.3030m
distance_mario_toy_camera = 2.0160m",95.98225016643757
2940,captured_0062x,lab,V3MX,24,DS,What is the width of the whiteboard in cm? ,velocity of the whiteboard at 1.4s = 1.9339m/s,"t=1.4s, distance_white_board_camera = 2.8150m
distance_blue_shopping_bag_camera = 3.3070m
distance_white_box_camera = 2.0820m
distance_trashbin_camera = 2.3030m
distance_mario_toy_camera = 2.0160m",48.03603352254811
2941,captured_0062x,lab,V3MX,24,DS,What is the length of the blue shoppingbag in cm? ,velocity of the whiteboard at 1.4s = 1.9339m/s,"t=1.4s, distance_white_board_camera = 2.8150m
distance_blue_shopping_bag_camera = 3.3070m
distance_white_box_camera = 2.0820m
distance_trashbin_camera = 2.3030m
distance_mario_toy_camera = 2.0160m",59.23252079378706
2942,captured_0062x,lab,V3MX,24,DS,What is the width of the blue shoppingbag in cm? ,velocity of the whiteboard at 1.4s = 1.9339m/s,"t=1.4s, distance_white_board_camera = 2.8150m
distance_blue_shopping_bag_camera = 3.3070m
distance_white_box_camera = 2.0820m
distance_trashbin_camera = 2.3030m
distance_mario_toy_camera = 2.0160m",21.16254889896787
2943,captured_0062x,lab,V3MX,24,DS,What is the length of the white box in cm? ,velocity of the whiteboard at 1.4s = 1.9339m/s,"t=1.4s, distance_white_board_camera = 2.8150m
distance_blue_shopping_bag_camera = 3.3070m
distance_white_box_camera = 2.0820m
distance_trashbin_camera = 2.3030m
distance_mario_toy_camera = 2.0160m",18.41863948440769
2944,captured_0062x,lab,V3MX,24,DS,What is the width of the white box in cm? ,velocity of the whiteboard at 1.4s = 1.9339m/s,"t=1.4s, distance_white_board_camera = 2.8150m
distance_blue_shopping_bag_camera = 3.3070m
distance_white_box_camera = 2.0820m
distance_trashbin_camera = 2.3030m
distance_mario_toy_camera = 2.0160m",8.350751765692833
2945,captured_0062x,lab,V3MX,24,DS,What is the height of the mario toy in cm? ,velocity of the whiteboard at 1.4s = 1.9339m/s,"t=1.4s, distance_white_board_camera = 2.8150m
distance_blue_shopping_bag_camera = 3.3070m
distance_white_box_camera = 2.0820m
distance_trashbin_camera = 2.3030m
distance_mario_toy_camera = 2.0160m",31.88914210183351
2946,captured_0062x,lab,V3MX,24,DS,What is the height of the trashbin in cm? ,velocity of the whiteboard at 1.4s = 1.9339m/s,"t=1.4s, distance_white_board_camera = 2.8150m
distance_blue_shopping_bag_camera = 3.3070m
distance_white_box_camera = 2.0820m
distance_trashbin_camera = 2.3030m
distance_mario_toy_camera = 2.0160m",28.54239482558044
2947,internet_0001_segmented,segmentation,S2SC,30,SS,What is the length of the black car in meters? ,lane width = 3.66m,,5.696197183098592
2948,internet_0001_segmented,segmentation,S2SC,30,SS,What is the width of the black car in meters? ,lane width = 3.66m,,2.268169014084505
2949,internet_0001_segmented,segmentation,S2SC,30,SD,What is the speed of the black car in m/s? ,lane width = 3.66m,,35.73688426255921
2950,internet_0002_segmented,segmentation,S2SC,30,SS,What is the length of the red car in meters? ,lane width = 3.66m,,6.116138501444806
2951,internet_0002_segmented,segmentation,S2SC,30,SS,What is the width of the red car in meters? ,lane width = 3.66m,,2.356217291540213
2952,internet_0002_segmented,segmentation,S2SC,30,SD,What is the speed of the red car in m/s? ,lane width = 3.66m,,29.13278102606176
2953,internet_0003_segmented,segmentation,S2MC,30,SS,What is the diameter of the pizza in cm? ,money width = 7.5cm,,21.93542082186533
2954,internet_0003_segmented,segmentation,S2MC,30,SS,What is the diameter of the wine glass in cm? ,money width = 7.5cm,,7.1482841016941325
2955,internet_0003_segmented,segmentation,S2MC,30,SD,What is the velocity of the pizza cutter in cm/s at 0.2s? ,money width = 7.5cm,,20.022775402457672
2956,internet_0003_segmented,segmentation,S2MC,30,SS,What is the diameter of a pepperoni on the pizza in cm? ,money width = 7.5cm,,2.6630862339644787
2957,internet_0005_segmented,segmentation,V2MC,30,DS,What is the distance between the two black road signs in meters? ,walking velocity = 1.4m/s,,4.278085490101685
2958,internet_0005_segmented,segmentation,V2MC,30,DS,What is the height of the woman in yellow in meters? ,walking velocity = 1.4m/s,,1.5278876750363155
2959,internet_0005_segmented,segmentation,V2MC,30,DS,What is the length of the light right above the woman's head in meters? ,walking velocity = 1.4m/s,,1.0797072903589973
2960,internet_0005_segmented,segmentation,V2MC,30,DS,What is the side length of the floor tiles in meters? ,walking velocity = 1.4m/s,,1.0797072903589973
2961,internet_0008_segmented,segmentation,S2MC,30,SD,What is the average speed of the sailboat in m/s? ,sailboat length = 12m,,5.209311955096742
2962,internet_0008_segmented,segmentation,S2MC,30,SD,What is the average speed of the speedboat in m/s? ,sailboat length = 12m,,33.38606703031982
2963,internet_0008_segmented,segmentation,S2MC,30,SS,What is the length of the speedboat in meters? ,sailboat length = 12m,,5.034482758620686
2964,internet_0010_segmented,segmentation,S2MC,30,SS,How tall is the shooter in cm? ,basketball size = 24cm,,180.5750813373752
2965,internet_0010_segmented,segmentation,S2MC,30,SD,What is the velocity of the ball at 2.00s in cm/s? ,basketball size = 24cm,,496.2414923442373
2966,internet_0017_segmented,segmentation,S2MS,30,SS,What is the diameter of the round container in cm? ,credit card width = 5.4cm,,10.68555503444748
2967,internet_0017_segmented,segmentation,S2MS,30,SS,What is the length of the keyboard in cm? ,credit card width = 5.4cm,,28.92827743550264
2968,internet_0017_segmented,segmentation,S2MS,30,SS,What is the width of the keyboard in cm? ,credit card width = 5.4cm,,12.208949080967855
2969,internet_0017_segmented,segmentation,S2MS,30,SS,What is the length of the pen in cm? ,credit card width = 5.4cm,,14.87166622425229
2970,internet_0017_segmented,segmentation,S2MS,30,SD,What is moving speed of the user's (middle) fingertip at 0.4s in cm/s? ,credit card width = 5.4cm,,32.97700719854864
2971,internet_0019_segmented,segmentation,A2MC,30,DS,What is the size of the ball in cm? ,gravity acc = 9.8m/s,,21.194643173154752
2972,internet_0019_segmented,segmentation,A2MC,30,DS,What is the height of the person standing in the middle in cm? ,gravity acc = 9.8m/s,,171.35977869272517
2973,internet_0019_segmented,segmentation,A2MC,30,DS,What is the height of the person on the left (the passer) in cm? ,gravity acc = 9.8m/s,,146.76642131371798
2974,internet_0019_segmented,segmentation,A2MC,30,DS,What is the height of the person on the right (the receiver) in cm? ,gravity acc = 9.8m/s,,171.3233656496679
2975,internet_0019_segmented,segmentation,A2MC,30,DS,What is the initial distance between the passer and the receiver in meters?,gravity acc = 9.8m/s,,4.3978884584296205
2976,internet_0019_segmented,segmentation,A2MC,30,DD,What is the velocity of the ball at 1.00s in m/s? ,gravity acc = 9.8m/s,,3.538444029490118
2977,internet_0019_segmented,segmentation,A2MC,30,DD,What is the (average) horizontal velocity of the ball in m/s? ,gravity acc = 9.8m/s,,1.9601423810601888
2978,internet_0021_segmented,segmentation,S2SS,30,SD,What is the average speed of the airplane in m/s? ,length of the airplane = 40m,,70.79472537776314
2979,internet_0021_segmented,segmentation,S2SS,30,SS,What is the distance between the airplane and the roof top at 0s in meters?,length of the airplane = 40m,,63.33520697724257
2980,internet_0021_segmented,segmentation,S2SS,30,SS,What is the the displacement of the airplane from 0s to 2.00s in meters? ,length of the airplane = 40m,,134.29294393568995
2981,internet_0025_segmented,segmentation,S2SC,30,SS,What is the length of the canoe in meters? ,height of the boatman = 1.75m,,10.942412896614726
2982,internet_0025_segmented,segmentation,S2SC,30,SD,What is the average speed of the canoe in m/s?,height of the boatman = 1.75m,,0.7266824232964936
2983,internet_0025_segmented,segmentation,S2SC,30,SS,What is the displacement of the canoe in the first 5 seconds in meters?,height of the boatman = 1.75m,,3.4334109865534264
2984,internet_0026_segmented,segmentation,S2MC,30,SS,What is the sitting height of the baby in cm?,total height of the sofa = 90 cm,,38.0
2985,internet_0026_segmented,segmentation,S2MC,30,SS,What is the distance between the baby and the man in meters? ,total height of the sofa = 90 cm,,1.42
2986,internet_0026_segmented,segmentation,S2MC,30,SS,What is the length of the toy truck in cm?,total height of the sofa = 90 cm,,41.0
2987,internet_0026_segmented,segmentation,S2MC,30,SS,What is the height of the toy truck in cm?,total height of the sofa = 90 cm,,34.0
2988,internet_0026_segmented,segmentation,S2MC,30,SD,What is the speed of the toy truck at 0.50s in cm/s? ,total height of the sofa = 90 cm,,45.0
2989,internet_0026_segmented,segmentation,S2MC,30,SD,What is the average speed of the toy truck in cm/s? ,total height of the sofa = 90 cm,,42.0
2990,internet_0027_segmented,segmentation,S2MS,30,SS,What is the initial distance between the black ball and the purple ball in cm? ,diameter of billiard balls = 57.2 mm,,14.631654041836834
2991,internet_0027_segmented,segmentation,S2MS,30,SD,What is the white ball's average velocity in 1.00s to 2.00s in cm/s? ,diameter of billiard balls = 57.2 mm,,26.722328139468853
2992,internet_0027_segmented,segmentation,S2MS,30,SD,What is the velocity of the orange ball at 1.00s in cm/s? ,diameter of billiard balls = 57.2 mm,,24.841464085671667
2993,internet_0027_segmented,segmentation,S2MS,30,SS,What is the final distance between the purple ball and the black ball in cm? ,diameter of billiard balls = 57.2 mm,,17.81049129024801
2994,internet_0027_segmented,segmentation,S2MS,30,SD,What is the acceleration of the yellow balloon the left at 2.00s in cm/s^2? ,diameter of billiard balls = 57.2 mm,,5.235313477735217
2995,internet_0028,internet,V2MC,24,DS,What is the length of the blue and grey bag in meters?,velocity of the conveyer belt = 0.5 m/s,,0.7259894352498423
2996,internet_0028,internet,V2MC,24,DS,What is the length of the orange suitcase in meters?,velocity of the conveyer belt = 0.5 m/s,,0.6043460260681183
2997,internet_0029,internet,A2SS,50,DS,What is the diameter of the ball in cm? ,gravity acceleration = 9.8 m/s^2,,6.979085499066399
2998,internet_0029,internet,A2SS,50,DD,What is the velocity of the ball at 0.20s in m/s? ,gravity acceleration = 9.8 m/s^2,,1.3316325051146078
2999,internet_0029,internet,A2SS,50,DD,What is the velocity of the ball at 0.40s in m/s? ,gravity acceleration = 9.8 m/s^2,,3.290302660182989
3000,internet_0029,internet,A2SS,50,DS,What is the distance of the ball from the desk at 0.40s in meters? ,gravity acceleration = 9.8 m/s^2,,0.3152621380612753
3001,internet_0029,internet,A2SS,50,DS,What is the distance of the ball from the desk at 0.30s in meters? ,gravity acceleration = 9.8 m/s^2,,0.5787827801811962
3002,internet_0029,internet,A2SS,50,DS,What is the displacement of the ball from 0.30s to 0.40s in meters? ,gravity acceleration = 9.8 m/s^2,,0.2680324806880133
3003,internet_0030,internet,S2SC,30,SS,What is the boat's moving distance between 0.5s to 1.0s in meters? ,length of the speedboat = 3.2 m,,3.2209667491013287
3004,internet_0030,internet,S2SC,30,SS,What is the boat's moving distance between 0.5s to 1.37s in meters? ,length of the speedboat = 3.2 m,,5.554447861794472
3005,internet_0030,internet,S2SC,30,SD,What is the speed of the boat between 0.5s to 1s in m/s? ,length of the speedboat = 3.2 m,,6.4419334982026575
3006,internet_0030,internet,S2SC,30,SD,What is the speed of the boat between 0.5s to 1.37s in m/s? ,length of the speedboat = 3.2 m,,6.38456619237678
3007,internet_0030,internet,S2SC,30,SD,What is the average acceleration of the boat over 0.5 s to 1.37 s in m/s^2?,length of the speedboat = 3.2 m,,0.6423624374863625
3008,internet_0031,internet,S2MS,30,SS,What is the distance traveled by the player in white shirt from 0.5 to 5.53 in meters?,length of the goal frame = 7.32m,,11.384866587349649
3009,internet_0031,internet,S2MS,30,SS,What is the distance traveled by the player in black shirt from 0.5s to 5.53s in meters?,length of the goal frame = 7.32m,,2.887787231739876
3010,internet_0031,internet,S2MS,30,SD,What is the speed of the player in white shirt from 0.5 to 5.53 in m/s?,length of the goal frame = 7.32m,,2.206541488178246
3011,internet_0031,internet,S2MS,30,SD,What is the speed of the player in black shirt from 0.5 to 5.53 in m/s?,length of the goal frame = 7.32m,,0.5063903617705301
3012,internet_0031,internet,S2MS,30,SD,What is the width of football pitch in meters?,length of the goal frame = 7.32m,,61.19329193800432
3013,internet_0032,internet,S2SC,30,SS,What is the distance traveled by the boat from 0s to 2s in meters?,length of the boat = 3.5 m,,1.1708612530032805
3014,internet_0032,internet,S2SC,30,SS,What is the distance traveled by the boat from 2s to 4.5s in meters?,length of the boat = 3.5 m,,1.620286562174901
3015,internet_0032,internet,S2SC,30,SS,What is the distance traveled by the boat from 4.5s to 7s in meters?,length of the boat = 3.5 m,,1.7272112780393254
3016,internet_0032,internet,S2SC,30,SD,What is the average speed of the boat from 0s to 2s in m/s?,length of the boat = 3.5 m,,0.5854306265016402
3017,internet_0032,internet,S2SC,30,SD,What is the average speed of the boat from 2s to 4.5s in m/s?,length of the boat = 3.5 m,,0.6481146248699603
3018,internet_0032,internet,S2SC,30,SD,What is the average speed of the boat from 4.5s to 7s in m/s?,length of the boat = 3.5 m,,0.6908845112157301
3019,internet_0032,internet,S2SC,30,SD,What is the acceleration of the boat from 0s-2s to 2s-4.5s in m/s^2?,length of the boat = 3.5 m,,0.0232251612467495
3020,internet_0032,internet,S2SC,30,SD,What is the acceleration of the boat from 2s-4.5s to 4.5s-7s in m/s^2?,length of the boat = 3.5 m,,0.0139141761819623
3021,internet_0032,internet,S2SC,30,SD,What is the acceleration of the boat over 0-7s in m/s^2?,length of the boat = 3.5 m,,0.0178790920082089
3022,internet_0033,internet,S2MC,25,SD,What is the speed of the plate of tomatoes from 0s to 0.52s in m/s?,size of the fork = 20.3 cm,,0.6747496413999587
3023,internet_0033,internet,S2MC,25,SD,What is the speed of the plate of tomatoes from 1s to 1.6s in m/s?,size of the fork = 20.3 cm,,0.2853980086166402
3024,internet_0033,internet,S2MC,25,SS,What is the size of avocado in cm?,size of the fork = 20.3 cm,,10.707858940884696
3025,internet_0033,internet,S2MC,25,SS,What is the size of baguette in cm?,size of the fork = 20.3 cm,,45.41170626187607
3026,internet_0034,internet,S2SC,30,SS,What is the displacement of toilet paper roll from 0.5s to 1.73s in cm? ,size of toilet paper roll = 100 mm,,12.622092432379636
3027,internet_0034,internet,S2SC,30,SD,What is the speed of toilet paper roll over 0.5s to 1.73s in cm/s?,size of toilet paper roll = 100 mm,,10.261863766162303
3028,internet_0034,internet,S2SC,30,SS,What is the width of thumbnail in cm?,size of toilet paper roll = 100 mm,,0.909090909090908
3029,internet_0035,internet,S2SC,30,SD,What is the speed of the toilet paper core from 0s to 0.83s in cm/s?,size of toilet paper core = 100 mm,,12.077687737669276
3030,internet_0035,internet,S2SC,30,SS,What is the width of thumbnail in cm?,size of toilet paper core = 100 mm,,1.3309983746835488
3031,internet_0035,internet,S2SC,30,SS,What is the displacement of toilet paper core from rom start to 0.83s in cm?,size of toilet paper core = 100 mm,,10.0244808222655
3032,internet_0036,internet,S2SS,25,SS,What is the length of the US one-dollar bill in mm?,width of US one-dollar bill = 66.3 mm,,154.6285992115726
3033,internet_0036,internet,S2SS,25,SD,What is the speed of the bottom hand moves between 0s to 1.4s in m/s?,width of US one-dollar bill = 66.3 mm,,0.2049414830087559
3034,internet_0036,internet,S2SS,25,SD,What is the speed of the bottom hand moves between 1.72s to 2.6s in m/s?,width of US one-dollar bill = 66.3 mm,,0.3174921157908517
3035,internet_0036,internet,S2SS,25,SD,What is the speed of the top hand moves between 1.4s to 2.2s in m/s?,width of US one-dollar bill = 66.3 mm,,0.2743254031020178
3036,internet_0037,internet,S2SC,24,SD,What is the speed of the swimming woman between 0s to 2.07s in m/s?,height of the swimming woman = 1.63 m,,0.4647550232511518
3037,internet_0037,internet,S2SC,24,SD,What is the speed of the swimming woman between 2.07s to 5.20s in m/s?,height of the swimming woman = 1.63 m,,0.4038945618472917
3038,internet_0037,internet,S2SC,24,SD,What is the speed of the swimming woman between 0s to 5.20s in m/s?,height of the swimming woman = 1.63 m,,0.4280485303056082
3039,internet_0037,internet,S2SC,24,SD,What is the acceleration of the swimming woman between 0s to 5.20s in m/s^2?,height of the swimming woman = 1.63 m,,0.020864100971863
3040,internet_0037,internet,S2SC,24,SS,What is the width of the swimming pool in meters?,height of the swimming woman = 1.63 m,,4.057486604649247
3041,internet_0038,internet,S2MS,26,SS,What is the length of the Apple Magic Mouse in cm? ,width of the Apple Magic Mouse = 5.71 cm,,10.92347826086956
3042,internet_0038,internet,S2MS,26,SS,What is the length of the MacBook in cm? ,width of the Apple Magic Mouse = 5.71 cm,,35.50130434782607
3043,internet_0038,internet,S2MS,26,SS,What is the width of the MacBook in cm? ,width of the Apple Magic Mouse = 5.71 cm,,24.70195652173912
3044,internet_0038,internet,S2MS,26,SS,What is the length of the spacebar in cm? ,width of the Apple Magic Mouse = 5.71 cm,,9.061521739130434
3045,internet_0038,internet,S2MS,26,SD,What is the speed of the right hand moves between 0s to 0.54s in m/s?,width of the Apple Magic Mouse = 5.71 cm,,0.4507439820472284
3046,internet_0039,internet,S2SC,25,SD,What is the speed of the swimming man between 0s to 1s in m/s?,height of the swimming man = 1.68 m,,0.7556138328911031
3047,internet_0039,internet,S2SC,25,SD,What is the speed of the swimming man between 1 to 2.33s in m/s?,height of the swimming man = 1.68 m,,0.7416099662278629
3048,internet_0039,internet,S2SC,25,SD,What is the speed of the swimming man between 0s to 2.33s in m/s?,height of the swimming man = 1.68 m,,0.7453096658915426
3049,internet_0039,internet,S2SC,25,SD,What is the acceleration of the swimming man between 0s to 2.33s in m/s^2?,height of the swimming man = 1.68 m,,0.0788224093071574
3050,internet_0039,internet,S2SC,25,SS,What is the distance between the two lane ropes in meters?,height of the swimming man = 1.68 m,,2.1513158048921825
3051,internet_0040,internet,S2SS,30,SS,What's the length of the credit card in cm?,width of credit card = 83.98 mm,,5.6576
3052,internet_0040,internet,S2SS,30,SS,What is the displacement of credit card from rom start to 0.73s in cm?,width of credit card = 83.98 mm,,12.779719344266486
3053,internet_0040,internet,S2SS,30,SD,What is the speed of credit card from rom start to 0.73s in cm/s?,width of credit card = 83.98 mm,,17.50646485515957
3054,internet_0041,internet,S2MC,24,SS,What is the displacement of the middle duck in cm?,size of the middle duck = 66 cm,,86.27974340739014
3055,internet_0041,internet,S2MC,24,SD,What is the average speed of the middle duck in cm/s?,size of the middle duck = 66 cm,,40.67407683627828
3056,internet_0041,internet,S2MC,24,SS,What is the distance between the pillars of the arches on the ground in cm?,size of the middle duck = 66 cm,,203.6896551724141
3057,internet_0041,internet,S2MC,24,SS,What is the height of the arches on the ground in cm?,size of the middle duck = 66 cm,,284.4827586206902
3058,internet_0041,internet,S2MC,24,SS,What is the distance between the pillars of the arches on the second floor in cm?,size of the middle duck = 66 cm,,104.689655172414
3059,internet_0041,internet,S2MC,24,SS,What is the height of the arches on the second floor in cm?,size of the middle duck = 66 cm,,238.96551724137976
3060,internet_0042,internet,S2MS,30,SS,What is the width of the white car in meters?,length of the white car = 4.572 m,,1.765425742574256
3061,internet_0042,internet,S2MS,30,SS,What is the width of the black car in meters?,length of the white car = 4.572 m,,1.674891089108911
3062,internet_0042,internet,S2MS,30,SS,What is the length of the black car in meters?,length of the white car = 4.572 m,,4.526732673267325
3063,internet_0042,internet,S2MS,30,SS,What is the width of the road in meters?,length of the white car = 4.572 m,,13.625465346534654
3064,internet_0042,internet,S2MS,30,SS,What is the width of the bridge in meters?,length of the white car = 4.572 m,,15.7530297029703
3065,internet_0042,internet,S2MS,30,SD,What is the average speed of the white car in m/s?,length of the white car = 4.572 m,,9.47479401540939
3066,internet_0043,internet,V2MS,30,DS,What is the diameter of the white ball in cm? ,velocity of the white ball at 1.0s = 33.38 cm/s,,2.0907017395974847
3067,internet_0043,internet,V2MS,30,DS,What is the height of the kettle in cm? ,velocity of the white ball at 1.0s = 33.38 cm/s,,6.932326820770607
3068,internet_0043,internet,V2MS,30,DS,What is the height of the white cylinder in cm? ,velocity of the white ball at 1.0s = 33.38 cm/s,,4.841625081173121
3069,internet_0043,internet,V2MS,30,DS,What is the height of the green bottle in cm? ,velocity of the white ball at 1.0s = 33.38 cm/s,,12.59922890441642
3070,internet_0043,internet,V2MS,30,DS,What is the height of the plastic bottle in cm? ,velocity of the white ball at 1.0s = 33.38 cm/s,,9.518194761851706
3071,internet_0043,internet,V2MS,30,DS,What is the height of the plate in cm? ,velocity of the white ball at 1.0s = 33.38 cm/s,,4.236421946026481
3072,internet_0043,internet,V2MS,30,DS,What is the distance between the kettle and the plate in cm? ,velocity of the white ball at 1.0s = 33.38 cm/s,,25.08775726646444
3073,internet_0043,internet,V2MS,30,DS,What is the distance between the cylinder and the plastic bottle in cm? ,velocity of the white ball at 1.0s = 33.38 cm/s,,10.207371397941545
3074,internet_0044,internet,V2MS,30,DS,What is the diameter of the white ball in cm? ,gravity acceleration = 9.8 m/s^2,,4.230447158301452
3075,internet_0044,internet,V2MS,30,DS,What is the height of the kettle in cm? ,gravity acceleration = 9.8 m/s^2,,16.280811791038932
3076,internet_0044,internet,V2MS,30,DS,What is the height of the white cylinder in cm? ,gravity acceleration = 9.8 m/s^2,,11.281192422137218
3077,internet_0044,internet,V2MS,30,DS,What is the height of the green bottle in cm? ,gravity acceleration = 9.8 m/s^2,,29.356739371243435
3078,internet_0044,internet,V2MS,30,DS,What is the height of the plastic bottle in cm? ,gravity acceleration = 9.8 m/s^2,,22.177798738974293
3079,internet_0044,internet,V2MS,30,DS,What is the height of the plate in cm? ,gravity acceleration = 9.8 m/s^2,,9.358261895636554
3080,internet_0044,internet,V2MS,30,DS,What is the distance between the kettle and the plate in cm? ,gravity acceleration = 9.8 m/s^2,,58.16086966137562
3081,internet_0044,internet,V2MS,30,DS,What is the distance between the cylinder and the plastic bottle in cm? ,gravity acceleration = 9.8 m/s^2,,23.331557054874693
3082,internet_0044,internet,V2MS,30,DS,What is the velocity of the white ball at 1.50s in m/s? ,gravity acceleration = 9.8 m/s^2,,0.9912053095702592
3083,internet_0044,internet,V2MS,30,DS,What is the velocity of the white ball at 2.50s in m/s? ,gravity acceleration = 9.8 m/s^2,,0.3497239274360779
3084,internet_0045,internet,V2MS,30,DS,What is the diameter of the rolling cylinder in cm? ,velocity of the rolling cylinder = 107.3 cm/s,,12.783845187721818
3085,internet_0045,internet,V2MS,30,DS,What is the height of the green bottle in cm? ,velocity of the rolling cylinder = 107.3 cm/s,,34.61158085399151
3086,internet_0045,internet,V2MS,30,DS,What is the height of the plastic bottle in cm? ,velocity of the rolling cylinder = 107.3 cm/s,,25.839687081565376
3087,internet_0045,internet,V2MS,30,DS,What is the height of the plate in cm? ,velocity of the rolling cylinder = 107.3 cm/s,,11.083865774460936
3088,internet_0045,internet,V2MS,30,DS,What is the distance between the two bottles in cm? ,velocity of the rolling cylinder = 107.3 cm/s,,14.551823777513135
3089,internet_0045,internet,V2MS,30,DS,What is the distance between the kettle and the plate in cm? ,velocity of the rolling cylinder = 107.3 cm/s,,59.83927534678298
3090,internet_0046,internet,S2SS,30,SD,What is the velocity of the cup at 1.00s in m/s?,height of the cup = 10.5 cm,,0.570256001665694
3091,internet_0046,internet,S2SS,30,SD,What is the velocity of the cup at 1.10s in m/s?,height of the cup = 10.5 cm,,0.6327477509158426
3092,internet_0046,internet,S2SS,30,SD,What is the velocity of the cup at 1.20s in m/s?,height of the cup = 10.5 cm,,0.6775307346445398
3093,internet_0046,internet,S2SS,30,SS,What is the displacement of the cup between 1.00s and 1.10s in cm? ,height of the cup = 10.5 cm,,6.0297321136388105
3094,internet_0046,internet,S2SS,30,SS,What is the displacement of the cup between 1.10s and 1.30s in cm? ,height of the cup = 10.5 cm,,13.491541121860983
3095,internet_0046,internet,S2SS,30,SD,What is the acceleration of the cup at 1.10s in m/s^2?,height of the cup = 10.5 cm,,0.5368787495241594
3096,internet_0047,internet,V2SS,30,DS,What is the diameter of the rolling ball in cm? ,velocity of the rolling ball at 0.5s = 2.94m/s,,27.788823155947096
3097,internet_0047,internet,V2SS,30,DS,What is distance between the two vertical red lines in meters? ,velocity of the rolling ball at 0.5s = 2.94m/s,,1.882692768815416
3098,internet_0047,internet,V2SS,30,DS,What is distance between the ball and the white line in meters? ,velocity of the rolling ball at 0.5s = 2.94m/s,,1.3644312169570023
3099,internet_0047,internet,V2SS,30,DS,What is displacement of the ball between 0.10s and 0.30s in meters? ,velocity of the rolling ball at 0.5s = 2.94m/s,,0.5824617675717196
3100,internet_0047,internet,V2SS,30,DS,What is distance between the red vertical line on the left and the white line in meters? ,velocity of the rolling ball at 0.5s = 2.94m/s,,1.1893616310745356
3101,internet_0047,internet,V2SS,30,DS,What is width of the lines on the floor in cm? ,velocity of the rolling ball at 0.5s = 2.94m/s,,3.890435241832594
3102,internet_0048,internet,A2SS,30,DS,What is the diameter of the ball in cm? ,gravity acceleration = 9.8 m/s^2,,22.70111965396575
3103,internet_0048,internet,A2SS,30,DS,What is the width of a single piece wall pad in cm? ,gravity acceleration = 9.8 m/s^2,,56.3105695312657
3104,internet_0048,internet,A2SS,30,DS,What is the height of the height of the wall pads in cm? ,gravity acceleration = 9.8 m/s^2,,165.68869150037344
3105,internet_0048,internet,A2SS,30,DS,What is the distance between the ball and the floor at 1.50s in meters?,gravity acceleration = 9.8 m/s^2,,1.3916535275948023
3106,internet_0048,internet,A2SS,30,DS,What is the displacement of the ball between 1.20s and 1.80s in meters? ,gravity acceleration = 9.8 m/s^2,,3.0698472241892683
3107,internet_0048,internet,A2SS,30,DD,What is the velocity of the ball at 1.50s in m/s?,gravity acceleration = 9.8 m/s^2,,5.044757213796145
3108,internet_0048,internet,A2SS,30,DS,What is the height of the walking person in meters?,gravity acceleration = 9.8 m/s^2,,1.8455715458938389
3109,internet_0048,internet,A2SS,30,DD,What is the average walking speed of the walking person between 2.50s and 3.50s in m/s?,gravity acceleration = 9.8 m/s^2,,1.4161970034018274
3110,internet_0049,internet,V2MC,30,DS,What is the height of the person riding scooter in meters?,average speed of the person riding scooter = 3.8 m/s,,1.582793502209293
3111,internet_0049,internet,V2MC,30,DS,What is the height of the gray table in meters?,average speed of the person riding scooter = 3.8 m/s,,0.9247782260099248
3112,internet_0049,internet,V2MC,30,DS,What is the height of the gray chairs in meters?,average speed of the person riding scooter = 3.8 m/s,,0.5868784895832215
3113,internet_0049,internet,V2MC,30,DS,What is the height of the brown table in meters?,average speed of the person riding scooter = 3.8 m/s,,0.88920983270185
3114,internet_0049,internet,V2MC,30,DS,What is the length of the brown table in meters?,average speed of the person riding scooter = 3.8 m/s,,2.774334678029772
3115,internet_0049,internet,V2MC,30,DS,What is the height of the canopy in meters?,average speed of the person riding scooter = 3.8 m/s,,4.197070410352733
3116,internet_0049,internet,V2MC,30,DS,What is the distance between the middle brown table and the gray table in meters?,average speed of the person riding scooter = 3.8 m/s,,6.189130399392623
3117,internet_0050,internet,V2MC,30,DS,What is the height of the person riding scooter in meters?,average speed of the person riding scooter = 2.9 m/s,,1.6623800074786836
3118,internet_0050,internet,V2MC,30,DS,What is the height of the right basketball stand in meters?,average speed of the person riding scooter = 2.9 m/s,,4.17723622597365
3119,internet_0050,internet,V2MC,30,DS,What is the height of the left basketball stand in meters?,average speed of the person riding scooter = 2.9 m/s,,4.022171914659813
3120,internet_0050,internet,V2MC,30,DS,What is the distance of the bird to ground in meters?,average speed of the person riding scooter = 2.9 m/s,,3.9722359399208895
3121,internet_0050,internet,V2MC,30,DS,What is the distance between the two basketball stands in meters?,average speed of the person riding scooter = 2.9 m/s,,17.184850520225126
3122,internet_0050,internet,V2MC,30,DS,What is the width of the left basketball backboard in meters?,average speed of the person riding scooter = 2.9 m/s,,1.605797507627594
3123,internet_0050,internet,V2MC,30,DS,What is the height of the left basketball backboard in meters?,average speed of the person riding scooter = 2.9 m/s,,1.155047330047919
3124,internet_0051,internet,V2MC,30,DS,What is the height of the person riding scooter in meters?,average speed of the person riding scooter = 2.07 m/s,,1.1410438853276492
3125,internet_0051,internet,V2MC,30,DS,What is the width of the green car in meters?,average speed of the person riding scooter = 2.07 m/s,,1.042985426432304
3126,internet_0051,internet,V2MC,30,DS,What is the height of the green car in meters?,average speed of the person riding scooter = 2.07 m/s,,0.7844676711627585
3127,internet_0051,internet,V2MC,30,DS,What is the height of the tree in the middle of the video in meters?,average speed of the person riding scooter = 2.07 m/s,,2.756987934776607
3128,internet_0051,internet,V2MC,30,DS,What is the distance between the brown and green car in meters?,average speed of the person riding scooter = 2.07 m/s,,2.407483665951803
3129,internet_0052,internet,V2MC,30,DS,What is the height of the person riding scooter in meters?,average speed of the person riding scooter = 2.91 m/s,,1.6357977249119109
3130,internet_0052,internet,V2MC,30,DS,What is the distance between the two closest tall trees in meters? ,average speed of the person riding scooter = 2.91 m/s,,5.452659083039702
3131,internet_0052,internet,V2MC,30,DS,What is the height of the no-parking sign in meters?,average speed of the person riding scooter = 2.91 m/s,,0.3793154144723269
3132,internet_0052,internet,V2MC,30,DS,What is the width of the no-parking sign in meters?,average speed of the person riding scooter = 2.91 m/s,,0.2607793474497253
3133,internet_0052,internet,V2MC,30,DS,What is the height of the scooter in meters?,average speed of the person riding scooter = 2.91 m/s,,1.06682460320342
3134,internet_0052,internet,V2MC,30,DS,What is the wheel-to-wheel width of the scooter in meters?,average speed of the person riding scooter = 2.91 m/s,,1.0668246032034194
3135,internet_0053,internet,V2MC,30,DS,What is the height of the person riding scooter in meters?,average speed of the person riding scooter = 4.46 m/s,,2.448276155635518
3136,internet_0053,internet,V2MC,30,DS,What is the height of the lamp in meters?,average speed of the person riding scooter = 4.46 m/s,,4.512867242104276
3137,internet_0053,internet,V2MC,30,DS,What is the wheel-to-wheel width of the scooter in meters?,average speed of the person riding scooter = 4.46 m/s,,1.644364582143258
3138,internet_0053,internet,V2MC,30,DS,What is the height of the scooter in meters?,average speed of the person riding scooter = 4.46 m/s,,1.644364582143259
3139,internet_0053,internet,V2MC,30,DS,What is the height of the sign on the ground in meters?,average speed of the person riding scooter = 4.46 m/s,,0.8587237262303684
3140,internet_0053,internet,V2MC,30,DS,What is the width of the sign on the ground in meters?,average speed of the person riding scooter = 4.46 m/s,,0.5298508098017156
3141,internet_0053,internet,V2MC,30,DS,What is the height of the fire hydrant in meters?,average speed of the person riding scooter = 4.46 m/s,,0.9866187492859554
3142,internet_0053,internet,V2MC,30,DS,What is the width of the bench in meters?,average speed of the person riding scooter = 4.46 m/s,,2.576171178691106
3143,internet_0053,internet,V2MC,30,DS,What is the height of the bench in meters?,average speed of the person riding scooter = 4.46 m/s,,1.18759664265902
3144,internet_0053,internet,V2MC,30,DS,What is the height of the trash bin in meters?,average speed of the person riding scooter = 4.46 m/s,,1.0414309020240635
3145,internet_0054,internet,V2MC,30,DS,What is the height of the person riding scooter in meters?,average speed of the person riding scooter = 4.9 m/s,,2.827462707871928
3146,internet_0054,internet,V2MC,30,DS,What is the length of the brown chairs in meters?,average speed of the person riding scooter = 4.9 m/s,,2.9739049995146964
3147,internet_0054,internet,V2MC,30,DS,What is the height of the canopy in meters?,average speed of the person riding scooter = 4.9 m/s,,5.857691665710766
3148,internet_0054,internet,V2MC,30,DS,What is the width of the canopy in meters?,average speed of the person riding scooter = 4.9 m/s,,18.29402166368132
3149,internet_0054,internet,V2MC,30,DS,What is the height of the scooter in meters?,average speed of the person riding scooter = 4.9 m/s,,1.8924849996911688
3150,internet_0054,internet,V2MC,30,DS,What is the wheel-to-wheel width of the scooter in meters?,average speed of the person riding scooter = 4.9 m/s,,1.7122483330539182
3151,internet_0055,internet,V2MC,30,DS,What is the height of the walking person in meters?,average speed of the person riding scooter = 1.95 m/s,,2.317395623146335
3152,internet_0055,internet,V2MC,30,DS,What is the height of the DO NOT ENTER sign in meters?,average speed of the person riding scooter = 1.95 m/s,,1.213873897838556
3153,internet_0055,internet,V2MC,30,DS,What is the width of the DO NOT ENTER sign in meters?,average speed of the person riding scooter = 1.95 m/s,,1.25985396972638
3154,internet_0055,internet,V2MC,30,DS,What is the distance of the DO NOT ENTER sign to the ground in meters?,average speed of the person riding scooter = 1.95 m/s,,2.354179680656594
3155,internet_0055,internet,V2MC,30,DS,What is the height of the Bicycle sign in meters?,average speed of the person riding scooter = 1.95 m/s,,1.3518141135020287
3156,internet_0055,internet,V2MC,30,DS,What is the width of the Bicycle sign in meters?,average speed of the person riding scooter = 1.95 m/s,,1.3242260703693334
3157,internet_0055,internet,V2MC,30,DS,What is the distance of the Bicycle sign to the ground in meters?,average speed of the person riding scooter = 1.95 m/s,,3.145036917127168
3158,internet_0055,internet,V2MC,30,DS,What is the width of the YIELD sign in meters?,average speed of the person riding scooter = 1.95 m/s,,0.9747775240218712
3159,internet_0056,internet,V2MC,30,DS,What is the height of the person riding scooter in meters?,average speed of the person riding scooter = 2.64 m/s,,1.6119777519917775
3160,internet_0056,internet,V2MC,30,DS,What is the distance between the two closest tall trees in meters? ,average speed of the person riding scooter = 2.64 m/s,,8.093631459747346
3161,internet_0056,internet,V2MC,30,DS,What is the height of the left most tree in meters?,average speed of the person riding scooter = 2.64 m/s,,5.4930635657768665
3162,internet_0057,internet,A2MS,30,DS,What is the height of the person in meters? ,gravity acceleration = 9.8 m/s^2,,1.7106081770482369
3163,internet_0057,internet,A2MS,30,DS,What is the distance between the basket and the floor in meters? ,gravity acceleration = 9.8 m/s^2,,3.037202273534624
3164,internet_0057,internet,A2MS,30,DD,What is the velocity of the ball at 2.00s in m/s?,gravity acceleration = 9.8 m/s^2,,4.455227984730734
3165,internet_0057,internet,A2MS,30,DD,What is the velocity of the ball at 3.00s in m/s?,gravity acceleration = 9.8 m/s^2,,6.407430613219091
3166,internet_0057,internet,A2MS,30,DS,What is the distance between the basket and the ball at 3.00s in meters?,gravity acceleration = 9.8 m/s^2,,1.8972675038225049
3167,internet_0057,internet,A2MS,30,DS,What is the distance between the person and the ball at 3.00s in meters?,gravity acceleration = 9.8 m/s^2,,3.1411869098505987
3168,internet_0057,internet,A2MS,30,DS,What is the distance between the ball and the floor at 4.00s in meters? ,gravity acceleration = 9.8 m/s^2,,1.5535268460127554
3169,internet_0057,internet,A2MS,30,DD,What is the person's average walking speed from 3.50s to 5.00s in m/s? ,gravity acceleration = 9.8 m/s^2,,1.3789609289419584
3170,internet_0057,internet,A2MS,30,DS,What is the displacement of the ball between 2.00s and 4.00s in meters? ,gravity acceleration = 9.8 m/s^2,,3.74210991975624
3171,internet_0058,internet,A2MS,30,DS,What is the height of the person in meters? ,gravity acceleration = 9.8 m/s^2,,1.6838973040676408
3172,internet_0058,internet,A2MS,30,DS,What is the distance between the basket and the floor in meters? ,gravity acceleration = 9.8 m/s^2,,2.9189304860600327
3173,internet_0058,internet,A2MS,30,DD,What is the velocity of the ball at 1.00s in m/s?,gravity acceleration = 9.8 m/s^2,,4.085183370662094
3174,internet_0058,internet,A2MS,30,DS,What is the distance between the ball and the floor at 1.00s in meters? ,gravity acceleration = 9.8 m/s^2,,3.339124451630973
3175,internet_0058,internet,A2MS,30,DS,What is the distance between the ball and the basket at 1.00s in meters? ,gravity acceleration = 9.8 m/s^2,,1.0562677774181377
3176,internet_0058,internet,A2MS,30,DD,What is the velocity of the ball at 2.00s in m/s?,gravity acceleration = 9.8 m/s^2,,5.514367025852687
3177,internet_0058,internet,A2MS,30,DS,What is the distance between the ball and the floor at 2.00s in meters? ,gravity acceleration = 9.8 m/s^2,,2.5130571721331223
3178,internet_0058,internet,A2MS,30,DS,What is the distance between the ball and the floor at 1.40s in meters? ,gravity acceleration = 9.8 m/s^2,,4.164733693723477
3179,internet_0058,internet,A2MS,30,DD, What is the average speed of the ball between 1.40s and 2.00s in m/s?,gravity acceleration = 9.8 m/s^2,,2.7401180589623286
3180,internet_0059,internet,A2SS,30,DS,What is the diameter of the ball in cm? ,gravity acceleration = 9.8 m/s^2,,24.725213479448424
3181,internet_0059,internet,A2SS,30,DS,What is the length of the billboard in the middle in cm?,gravity acceleration = 9.8 m/s^2,,76.0071377331192
3182,internet_0059,internet,A2SS,30,DS,What is the height of the billboard on the left in cm?,gravity acceleration = 9.8 m/s^2,,78.29650935158664
3183,internet_0059,internet,A2SS,30,DS,What is the height of the billboard on the right in cm?,gravity acceleration = 9.8 m/s^2,,33.424825629624706
3184,internet_0059,internet,A2SS,30,DS,What is distance between the left edge of the left billboard and the right edge of the right bill board in cm? ,gravity acceleration = 9.8 m/s^2,,197.5727706737405
3185,internet_0059,internet,A2SS,30,DD,What is velocity of the ball at 2.50s in m/s?,gravity acceleration = 9.8 m/s^2,,3.227629782455953
3186,internet_0059,internet,A2SS,30,DD,What is velocity of the ball at 3.00s in m/s? ,gravity acceleration = 9.8 m/s^2,,4.538011663620466
3187,internet_0059,internet,A2SS,30,DD,What is the average velocity of the ball between 2.50s and 3.20s in m/s? ,gravity acceleration = 9.8 m/s^2,,3.5250905192914352
3188,internet_0059,internet,A2SS,30,DS,What is the displacement of the ball between 2.50s and 3.00s in meters?,gravity acceleration = 9.8 m/s^2,,1.5249807512259002
3189,internet_0060,internet,A2SS,30,DS,What is the length of the pink box in cm?,gravity acceleration = 9.8 m/s^2,,10.9
3190,internet_0060,internet,A2SS,30,DS,What is the width of the pink box in cm?,gravity acceleration = 9.8 m/s^2,,10.4
3191,internet_0060,internet,A2SS,30,DS,What is the distance between the pink box and the floor at 0.00s in meters?,gravity acceleration = 9.8 m/s^2,,1.33
3192,internet_0060,internet,A2SS,30,DD,What is the velocity of the box at 2.00s in m/s?,gravity acceleration = 9.8 m/s^2,,3.6
3193,internet_0060,internet,A2SS,30,DS,What is the displacement of the box between 0.00s and 2.00s in meters?,gravity acceleration = 9.8 m/s^2,,0.57
3194,internet_0060,internet,A2SS,30,DS,What is displacement of the box between 2.20s and 3.00s in meters?,gravity acceleration = 9.8 m/s^2,,0.34
3195,internet_0061,internet,A2SS,30,DS,What is the width of the acorn in cm? ,gravity acceleration = 9.8 m/s^2,,7.4
3196,internet_0061,internet,A2SS,30,DS,What is the height of the acorn in cm? ,gravity acceleration = 9.8 m/s^2,,8.6
3197,internet_0061,internet,A2SS,30,DD,What is the velocity of the acorn at 1.40s in m/s? ,gravity acceleration = 9.8 m/s^2,,1.55
3198,internet_0061,internet,A2SS,30,DS,What is the distance between the bottom of the acorn and the chair surface at 1.40s in cm?,gravity acceleration = 9.8 m/s^2,,13.5
3199,internet_0061,internet,A2SS,30,DS,What is the distance between the bottom of the acorn and the chair surface at 1.80s in cm? ,gravity acceleration = 9.8 m/s^2,,11.4
3200,internet_0061,internet,A2SS,30,DS,What is the displacement of the acorn between 1.30s and 1.40s in cm? ,gravity acceleration = 9.8 m/s^2,,10.6
3201,internet_0062,internet,A2SS,30,DS,What is the length of the longer side of the wallet in cm? ,gravity acceleration = 9.8 m/s^2,,21.0
3202,internet_0062,internet,A2SS,30,DS,What is the length of the shorter side of the wallet in cm? ,gravity acceleration = 9.8 m/s^2,,13.5
3203,internet_0062,internet,A2SS,30,DD,What is the velocity of the wallet at 2.50s in m/s? ,gravity acceleration = 9.8 m/s^2,,2.93
3204,internet_0062,internet,A2SS,30,DS,What is the distance between the bottom corner of the wallet and the floor at 2.50s in meters? ,gravity acceleration = 9.8 m/s^2,,0.77
3205,internet_0062,internet,A2SS,30,DS,What is the displacement of the wallet between 2.20s and 2.50s in meters?,gravity acceleration = 9.8 m/s^2,,0.43
3206,internet_0062,internet,A2SS,30,DD,What is the velocity of the wallet at 2.60s in m/s? ,gravity acceleration = 9.8 m/s^2,,3.86
3207,internet_0063,internet,A2SS,30,DS,What is the height of the water bottle in cm?,gravity acceleration = 9.8 m/s^2,,24.7
3208,internet_0063,internet,A2SS,30,DS,What is the diameter of the water bottle in cm? ,gravity acceleration = 9.8 m/s^2,,6.7
3209,internet_0063,internet,A2SS,30,DD,What is the velocity of the water bottle at 1.50s in m/s?,gravity acceleration = 9.8 m/s^2,,1.9
3210,internet_0063,internet,A2SS,30,DD,What is the velocity of the water bottle at 1.70s in m/s?,gravity acceleration = 9.8 m/s^2,,3.85
3211,internet_0063,internet,A2SS,30,DS,What is the displacement of the water bottle between 1.50s and 1.70s in meters?,gravity acceleration = 9.8 m/s^2,,0.575
3212,internet_0063,internet,A2SS,30,DS,What is the distance between the bottom of the water bottle and the floor at 1.50s in meters?,gravity acceleration = 9.8 m/s^2,,0.84
3213,internet_0064,internet,A2MS,30,DS,What is the height of the person in meters? ,gravity acceleration = 9.8 m/s^2,,1.7905573574254772
3214,internet_0064,internet,A2MS,30,DD,What is the velocity of the ball at 3.0s in m/s? ,gravity acceleration = 9.8 m/s^2,,2.7980515877364613
3215,internet_0064,internet,A2MS,30,DD,What is the velocity of the ball at 3.6s in m/s? ,gravity acceleration = 9.8 m/s^2,,5.282378148669913
3216,internet_0064,internet,A2MS,30,DD,What is the velocity of the person at 4.4s in m/s? ,gravity acceleration = 9.8 m/s^2,,0.911089092888254
3217,internet_0064,internet,A2MS,30,DS,What is the distance between the bottom of the ball and the floor at 3.5s in meters?,gravity acceleration = 9.8 m/s^2,,1.5817644500225063
3218,internet_0064,internet,A2MS,30,DS,What is the displacement of the ball between 3.50s and 3.70s in meters? ,gravity acceleration = 9.8 m/s^2,,1.0557863916383758
3219,internet_0064,internet,A2MS,30,DS,What is the displacement of the person between 4.00s and 5.00s in meters? ,gravity acceleration = 9.8 m/s^2,,0.8559982164652625
3220,internet_0064,internet,A2MS,30,DS,What is the diameter of the ball in cm? ,gravity acceleration = 9.8 m/s^2,,25.308231200360108
3221,internet_0065,internet,A2SS,30,DD,What is the velocity of the ball at 0.20s in m/s? ,gravity acceleration = 9.8 m/s^2,,2.6
3222,internet_0065,internet,A2SS,30,DD,What is the velocity of the ball at 0.30s in m/s? ,gravity acceleration = 9.8 m/s^2,,2.67
3223,internet_0065,internet,A2SS,30,DD,What is the velocity of the ball at 0.40s in m/s? ,gravity acceleration = 9.8 m/s^2,,2.73
3224,internet_0065,internet,A2SS,30,DD,What is the velocity of the ball at 0.50s in m/s? ,gravity acceleration = 9.8 m/s^2,,2.73
3225,internet_0065,internet,A2SS,30,DS,What is the displacement of the ball between 0.20s and 0.30 in meters?,gravity acceleration = 9.8 m/s^2,,0.275
3226,internet_0065,internet,A2SS,30,DS,What is the displacement of the ball between 0.30s and 0.40s in meters?,gravity acceleration = 9.8 m/s^2,,0.274
3227,internet_0065,internet,A2SS,30,DS,What is the displacement of the ball between 0.40s and 0.50s in meters?,gravity acceleration = 9.8 m/s^2,,0.272
3228,internet_0065,internet,A2SS,30,DS,What is the diameter of the ball in cm? ,gravity acceleration = 9.8 m/s^2,,24.0
3229,internet_0066,internet,A2SS,30,DS,What is the diameter of the ball in cm? ,gravity acceleration = 9.8 m/s^2,,24.0
3230,internet_0066,internet,A2SS,30,DD,What is the velocity of the ball at 1.80s in m/s?,gravity acceleration = 9.8 m/s^2,,2.45
3231,internet_0066,internet,A2SS,30,DD,What is the velocity of the ball at 1.90s in m/s?,gravity acceleration = 9.8 m/s^2,,2.5
3232,internet_0066,internet,A2SS,30,DD,What is the velocity of the ball at 2.00s in m/s?,gravity acceleration = 9.8 m/s^2,,2.55
3233,internet_0066,internet,A2SS,30,DD,What is the velocity of the ball at 2.10s in m/s?,gravity acceleration = 9.8 m/s^2,,2.55
3234,internet_0066,internet,A2SS,30,DD,What is the velocity of the ball at 2.20s in m/s?,gravity acceleration = 9.8 m/s^2,,2.4
3235,internet_0066,internet,A2SS,30,DS,What is the displacement of the ball between 1.70s and 1.80s in meters?,gravity acceleration = 9.8 m/s^2,,0.24
3236,internet_0066,internet,A2SS,30,DS,What is the displacement of the ball between 1.80s and 1.90s in meters?,gravity acceleration = 9.8 m/s^2,,0.25
3237,internet_0066,internet,A2SS,30,DS,What is the displacement of the ball between 1.90s and 2.00s in meters?,gravity acceleration = 9.8 m/s^2,,0.25
3238,internet_0066,internet,A2SS,30,DS,What is the displacement of the ball between 2.00s and 2.10s in meters?,gravity acceleration = 9.8 m/s^2,,0.26
3239,internet_0067,internet,S2SS,30,DD,What is the acceleration of the acorn at 0.17s in m/s^2? ,height of the acorn = 8 cm,,13.118051466159333
3240,internet_0067,internet,S2SS,30,DD,What is the velocity of the acorn at 0.17s in m/s? ,height of the acorn = 8 cm,,2.8403882038856896
3241,internet_0067,internet,S2SS,30,DD,What is the velocity of the acorn at 0.20s in m/s? ,height of the acorn = 8 cm,,3.2339067785964835
3242,internet_0067,internet,S2SS,30,DS,What is the width of the acorn in cm? ,height of the acorn = 8 cm,,5.950877192982455
3243,internet_0068,internet,A2SS,30,DS,What is the height of the acorn in cm? ,acceleration of the acorn from 2.00s to 2.30s = 0.77m/s^2,,7.819114390888906
3244,internet_0068,internet,A2SS,30,DD,What is the velocity of the acorn at 2.00s in m/s? ,acceleration of the acorn from 2.00s to 2.30s = 0.77m/s^2,,0.4775185992038342
3245,internet_0068,internet,A2SS,30,DD,What is the velocity of the acorn at 2.10s in m/s? ,acceleration of the acorn from 2.00s to 2.30s = 0.77m/s^2,,0.5492009868105726
3246,internet_0068,internet,A2SS,30,DD,What is the velocity of the acorn at 2.30s in m/s? ,acceleration of the acorn from 2.00s to 2.30s = 0.77m/s^2,,0.7107865094683982
3247,internet_0068,internet,A2SS,30,DS,What is the displacement of the acorn between 2.00s and 2.10s in cm?,acceleration of the acorn from 2.00s to 2.30s = 0.77m/s^2,,5.128534566460123
3248,internet_0068,internet,A2SS,30,DS,What is the displacement of the acorn between 2.10s and 2.20s in cm?,acceleration of the acorn from 2.00s to 2.30s = 0.77m/s^2,,5.875730463009647
3249,internet_0068,internet,A2SS,30,DS,What is the displacement of the acorn between 2.20s and 2.30s in cm?,acceleration of the acorn from 2.00s to 2.30s = 0.77m/s^2,,6.683658046425745
3250,internet_0068,internet,A2SS,30,DS,What is the displacement of the acorn between 2.30s and 2.40s in cm?,acceleration of the acorn from 2.00s to 2.30s = 0.77m/s^2,,7.552316896923378
3251,internet_0069,internet,A2SS,30,DS,What is the height of the cup in cm? ,acceleration of the cup from 2.00s to 2.30s = 0.32m/s^2,,14.888029442122184
3252,internet_0069,internet,A2SS,30,DD,What is the velocity of the cup at 2.00s in m/s?,acceleration of the cup from 2.00s to 2.30s = 0.32m/s^2,,0.526319977034643
3253,internet_0069,internet,A2SS,30,DD,What is the velocity of the cup at 2.10s in m/s?,acceleration of the cup from 2.00s to 2.30s = 0.32m/s^2,,0.5501094762896264
3254,internet_0069,internet,A2SS,30,DD,What is the velocity of the cup at 2.20s in m/s?,acceleration of the cup from 2.00s to 2.30s = 0.32m/s^2,,0.5830543880255736
3255,internet_0069,internet,A2SS,30,DD,What is the velocity of the cup at 2.30s in m/s?,acceleration of the cup from 2.00s to 2.30s = 0.32m/s^2,,0.6249885172528257
3256,internet_0069,internet,A2SS,30,DS,What is the displacement of the cup between 2.00s and 2.10s in cm? ,acceleration of the cup from 2.00s to 2.30s = 0.32m/s^2,,5.3742032667391175
3257,internet_0069,internet,A2SS,30,DS,What is the displacement of the cup between 2.10s and 2.30s in cm? ,acceleration of the cup from 2.00s to 2.30s = 0.32m/s^2,,11.690970392369056
3258,internet_0069,internet,A2SS,30,DS,What is the displacement of the cup between 2.30s and 2.50s in cm? ,acceleration of the cup from 2.00s to 2.30s = 0.32m/s^2,,13.55343964085152
3259,internet_0070,internet,V2SC,30,DS,What is the length of the speedboat in meters?,velocity of the speedboat at 1.00s = 11 m/s,,5.063241410045467
3260,internet_0070,internet,V2SC,30,DS,What is the height of the speedboat in meters?,velocity of the speedboat at 1.00s = 11 m/s,,1.6677900598999251
3261,internet_0070,internet,V2SC,30,DS,What is the displacement of the speedboat between 1.00s and 4.00s in meters?,velocity of the speedboat at 1.00s = 11 m/s,,29.86871399956048
3262,internet_0070,internet,V2SC,30,DS,What is the displacement of the speedboat between 2.00s and 3.00s in meters?,velocity of the speedboat at 1.00s = 11 m/s,,9.817860764332684
3263,internet_0070,internet,V2SC,30,DD,What is the velocity of the speed boat at 2.00s in m/s?,velocity of the speedboat at 1.00s = 11 m/s,,9.565258203634764
3264,internet_0071,internet,S2SS,30,SS,What is the diameter of the toilet paper roll in cm?,width of the toilet paper = 10 cm,,11.6793893129771
3265,internet_0071,internet,S2SS,30,SS,What is the length of the toilet paper holder in cm?,width of the toilet paper = 10 cm,,13.969465648854955
3266,internet_0071,internet,S2SS,30,SS,What is the length of a wall tile in cm?,width of the toilet paper = 10 cm,,27.32824427480916
3267,internet_0071,internet,S2SS,30,SS,What is the height of a wall tile in cm? ,width of the toilet paper = 10 cm,,17.938931297709924
3268,internet_0071,internet,S2SS,30,SD,What is the moving velocity of the toilet paper at 0.50s in cm/s? ,width of the toilet paper = 10 cm,,17.383626436442466
3269,internet_0071,internet,S2SS,30,SD,What is the moving velocity of the toilet paper at 1.00s in cm/s? ,width of the toilet paper = 10 cm,,9.85748399616098
3270,internet_0071,internet,S2SS,30,SD,What is the average moving velocity of the toilet paper from 0.50s to 1.50s in cm/s? ,width of the toilet paper = 10 cm,,10.758858084937556
3271,internet_0072,internet,S2SS,30,SS,What is the width of the credit card in cm? ,lenth of the credit card = 8.56 cm,,5.856842105263158
3272,internet_0072,internet,S2SS,30,SD,What is the moving velocity of the credit card at 0.50s in cm/s?,lenth of the credit card = 8.56 cm,,30.47465645407899
3273,internet_0072,internet,S2SS,30,SD,What is the moving velocity of the credit card at 1.00s in cm/s?,lenth of the credit card = 8.56 cm,,6.106770905835899
3274,internet_0072,internet,S2SS,30,SD,What is the acceleration of the credit card at 0.50s in cm/s^2? ,lenth of the credit card = 8.56 cm,,73.66437344426218
3275,internet_0073,internet,S2MC,30,SS,What is the distance between the blue bag and the yellow bag in meters? ,velocity of the conveyor belt = 0.3m/s,,1.1927332945344122
3276,internet_0073,internet,S2MC,30,SS,What is the width of the red package in meters?,velocity of the conveyor belt = 0.3m/s,,0.4924130626003257
3277,internet_0073,internet,S2MC,30,SS,What is the height of the red package in meters?,velocity of the conveyor belt = 0.3m/s,,0.2462065313001628
3278,internet_0073,internet,S2MC,30,SS,What is the width of the package in the middle of the read package and the blue bag in meters?,velocity of the conveyor belt = 0.3m/s,,0.5580681376137026
3279,internet_0073,internet,S2MC,30,SS,What is the height of the package in the middle of the read package and the blue bag in meters?,velocity of the conveyor belt = 0.3m/s,,0.1969652250401305
3280,internet_0073,internet,S2MC,30,SS,What is the distance between the red package and the blue bag in meters?,velocity of the conveyor belt = 0.3m/s,,2.051728756864047
3281,internet_0073,internet,S2MC,30,SS,What is the displacement of the blue bag between 2.00s and 3.50s in meters? ,velocity of the conveyor belt = 0.3m/s,,0.4449535344302481
3282,internet_0074,internet,S2MS,30,SS,What is the total length of the pickle ball court in meters? ,width of the pickleball court = 6.1 m,,13.407920792079205
3283,internet_0074,internet,S2MS,30,SS,What is the distance between the two players at 0.00s in meters? ,width of the pickleball court = 6.1 m,,14.386616101381255
3284,internet_0074,internet,S2MS,30,SD,What is the velocity of the ball at 1.00s in m/s? ,width of the pickleball court = 6.1 m,,10.113650511590269
3285,internet_0074,internet,S2MS,30,SS,What is the distance between the ball and the net at 1.00s in meters? ,width of the pickleball court = 6.1 m,,1.307493801571764
3286,internet_0074,internet,S2MS,30,SS,What is the distance between the ball and the nearest player at 2.00s in meters? ,width of the pickleball court = 6.1 m,,1.6018872248072806
3287,internet_0074,internet,S2MS,30,SD,What is the velocity of the ball at 3.00s in m/s? ,width of the pickleball court = 6.1 m,,4.728142023237891
3288,internet_0074,internet,S2MS,30,SS,What is the length of the net in meters?,width of the pickleball court = 6.1 m,,6.925412541254123
3289,internet_0074,internet,S2MS,30,SS,What is the distance between the two players at 4.50s in meters?,width of the pickleball court = 6.1 m,,9.818253013391232
